row_key,article_text,summary,headline,sentiment,dominant_emotion,generated
cc3f460791f701e1,"सेंट्रल डेस्क: बैंकॉक से साउथ कोरिया आ रहल जेजू एयर के एगो फ्लाइट अतवार के मुआन इंटरनेशनल एयरपोर्ट पs क्रैश हो गइल। कोरिया टाइम्स के रिपोर्ट के अनुसार, प्लेन में सवार 181 लोगन में से 85 लोगन के शव बरामद भइल बा। खाली दु लोगन के जिंदा बचावल जा सकल बा, आशंका बा कि प्लेन के बाकी यात्रियो काल के गाल में जा चुकल बा। न्यूज एजेंसी योनहाप के अनुसार, प्लेन के लैंडिग गियर में एयरपोर्ट पs लैंड करत घरी खराबी आ गइल रहे। एह कारण प्लेन के बिना लैंडिंग गियरे के उतरे के पड़ल। लैंड कइला के बाद प्लेन रनवे पs फिसलत एयरपोर्ट के फेंस (बाउंड्री) से टकराके क्रैश हो गइल। एजेंसी के मोताबिक, विमान में छव गो क्रू मेंबर आ 175 यात्री सवार रहे लो। हादसा भारतीय समय के मोताबिक, सबेरे 5:37 बजे भइल। एयरपोर्ट पs सब लोकल आ इंटरनेशनल फ्लाइट्स के रद्द कs दिहल गइल बा। जवन प्लेन क्रैश भइल बा, ऊ अमेरिकी कंपनी बोइंग के 737-800 प्लेन रहे। प्लेन एयरपोर्ट पs लैंडिंग खातिर दू बेर कोसिस कइलस। पहिला बेर में लैंडिग गियर ना खुलला के वजह से प्लेन लैंड ना हो सकल रहे। एकरा बाद प्लेन एयरपोर्ट के एगो चक्कर लगवले रहे। पायलट दूसरका बेर प्लेन के बिना लैंडिग गियरे के लैंड करा देलस। कइयन गो मीडिया रिपोर्ट्स में प्लेन के विंग से पक्षी के टकरइला के दावा कइल जा रहल बा। एकरा वजह से लैंडिग गियर खराब भइल आ लैंड करत घरी खुल ना सकल। न्यूज एजेंसी रॉयटर्स से बात करत मुआन एयरपोर्ट के दमकल अधिकारी बतवलें कि प्लेन में लागल आग पs काबू पा लिहल गइल बा। हालांकि, आग के बुझावे में 43 मिनट के समय लागल। फिलहाल क्रैश साइट पs बचाव कार्य जारी बा। जादेतर लोग प्लेन के पिछला हिस्सा में रहे, ओह लोगन के उहां से बाहर निकाले के कोसिस कइल जा रहल बा। प्लेन में सवार यात्रियन में 173 साउथ कोरियाई आ दुगो थाईलैंड के नागरिक रहे लो। मीडिया रिपोर्ट्स के मोताबिक, जिंदा बचल दुनो लोग क्रू मेंबर्स से बा लो। थाईलैंड के प्रधानमंत्री पैतोंगतार्न शिनावात्रा सोशल प्लेटफॉर्म एक्स पs एगो पोस्ट के माध्यम से दुर्घटना से प्रभावित लोगन के परिवारन के प्रति गहिराह संवेदना व्यक्त कइले बा लो। ई दक्षिण कोरिया के विमानन इतिहास के सबसे घातक आपदा में से एगो बा। 25 दिसंबर के अजरबैजान से रूस जा रहल एगो प्लेन कजाकिस्तान के अक्ताउ एयरपोर्ट के लगे क्रैश हो गइल रहस। प्लेन में पांच क्रू मेंबर सहित 67 लोग सवार रहे। एमे से 38 लोगन के मौत हो गइल। प्लेन के अजरबैजान के राजधानी बाकू से ग्रोज्नी पहुंचे के रहे।","बैंकॉक से साउथ कोरिया आ रहल जेजू एयर के एगो फ्लाइट मुआन इंटरनेशनल एयरपोर्ट पs क्रैश हो गइल। प्लेन में सवार 181 लोगन में से 85 लोगन के शव बरामद भइल बा आ खाली दु लोगन के जिंदा बचावल जा सकल बा। लैंडिंग गियर में खराबी के चलते प्लेन बिना लैंडिंग गियरे के उतरे के पड़ल आ रनवे पs फिसल के एयरपोर्ट के बाउंड्री से टकरा गइल। हादसा भारतीय समय के अनुसार, सबेरे 5:37 बजे भइल। थाईलैंड के प्रधानमंत्री दुर्घटना से प्रभावित लोगन के परिवारन के प्रति संवेदना व्यक्त कइले बा।","South Korea: प्लेन क्रैश में 85 से जादे यत्रियन के मौत: 181 लोग सवार रहे, बाकियो के मारल गइला के आशंका",Negative,sadness,"के, ""हादसा के बाद एह क्षेत्र में धुआं उठल आ आग लगी रहे।"" **सारंश:** बैंकॉक सभ से सउथ केरिया के मुअन अंतर्राष्ट्रीय हवाई अड्डे पर एक जेजु एयर की उड़ान दुर्घटनाग्रस्त हो गयी। दुर्गटना 5 बज कर 37 मिनट पर हुई। उड़ान में सवारी कर रहे १८१ लोगों में से केवल दो लोगों को जीवित बचाया जा सका है। बाकी सभी यात्रियों की मृत्यु हो चुकी है। उडान में छह क्रू सदस्य और १७५ यात्रियाँ सवार थीं। हादसे का कारण प्लांट के लैन्डिंग गियर की खराब स्थिति बताई जा रही है। प्लेन को ल"
8d569cb9f2e1d76b,"Champions Trophy: अगिला साल होखे वाला चैंपियंस ट्रॉफी टूर्नामेंट खातिर अभी ले वेन्यू तय नइखे भइल। पाकिस्तान क्रिकेट बोर्ड एकर आधिकारिक मेजबान बा, बाकिर बीसीसीआई के ओर से टीम इंडिया के पाकिस्तान ना भेजे के फैसला पीसीबी के परेसानी में डाल देले बा। हालांकि, बीसीसीआई आधिकारिक तौर पs कवनो बयान तs नइखे देले, बाकिर ई जरूर कहले बा कि भारत सरकार जवन फैसला करी, उहे मानल जाई। दूसरका ओर पाकिस्तान चैंपियंस ट्रॉफी खातिर अपना स्टेडियम के मरम्मत में जुटल बा। आईसीसी के पीसीबी जवन ड्राफ्ट शेड्यूल भेजले बा, ओमे भारत के सब मैचन के मेजबानी लाहौर के दिहल गइल बा। अब एगो नया खुलासा भइल बा कि टीम इंडिया जदि फाइनल में पहुंचत बिया तs खिताबी मुकाबला पाकिस्तान में ना खेलल जाई। एसे पाकिस्तान के एगो आउर झटका लाग सकत बा। भारत आ पाकिस्तान राजनीतिक तनाव के कारण एक दशक से जादे समय से द्विपक्षीय सीरीज नइखे खेलले आ दुनो टीम खाली आईसीसी भा एसीसी टूर्नामेंट्स के दौरान आमने-सामने होला। पाकिस्तान 2023 वनडे विश्व कप खातिर भारत के दौरा कइले रहे, बाकिर भारत चैंपियंस ट्रॉफी के लेले अभी तक आपन योजना नइखे बतवलें। टूर्नामेंट के फाइनल के स्थल के रूप में लाहौर के पुष्टि कइल गइल बा। टेलीग्राफ के एगो रिपोर्ट में दावा कइल गइल बा कि जदि भारतीय क्रिकेट टीम चैंपियंस ट्रॉफी 2025 के फाइनल खातिर क्वालिफाई करत बिया तs फाइनल दुबई में स्थानांतरित कइल जा सकत बा। रिपोर्ट में आगे दावा कइल गइल बा कि भारत जदि पाकिस्तान के जतरा ना करे के फैसला करत बा तs ऊ आपन सब मैच संयुक्त अरब अमीरात (यूएई) में खेल सकत बा। हालांकि, पिछला कुछ हफ्तन में पाकिस्तान क्रिकेट बोर्ड (पीसीबी) विश्वास देखवले बा कि टूर्नामेंट पूरा तरे से पाकिस्तान में होई। एकरा पहिले पीसीबी अध्यक्ष मोहसिन नकवी विश्वास जतवले रहस कि 2025 आईसीसी चैंपियंस ट्रॉफी पाकिस्तान में सफलतापूर्वक आयोजित कइल जाई, जेमे भारत समेत सब भाग लेवे वाली टीम पाकिस्तान अइहें सs। चैंपियंस ट्रॉफी टूर्नामेंट 19 फरवरी से नौ मार्च तक लाहौर, कराची आ रावलपिंडी में खेलल जा सकत बा। नकवी कहलें कि एह आयोजन के तइयारी निर्धारित समय पs चल रहल बा, स्टेडियमन में आउर सुधार पहिलही से जारी बा। लाहौर में नकवी भारत के भागीदारी के लेके जारी अनिश्चितता के लेके बयानो देलें। दुनो देसन के बीच राजनीतिक तनाव के कारण भारत जुलाई 2008 से पाकिस्तान के दौरा नइखे कइले बा। हालांकि, नकवी टूर्नामेंट में भारत के सामिल होखे के लेके आशान्वित बा। ऊ कहलें, ‘भारतीय टीम के आवे के चाहीं। हम ओह ओह लोगन के इहां आवे के रद्द भा स्थगित करत नइखी देखत आ हमनी के विश्वास बा कि हमनी पाकिस्तान में चैंपियंस ट्रॉफी में सब टीमन के मेजबानी करेम सs। ऊ आश्वस्त कइलस कि स्टेडियम समय पs तइयार हो जाई आ आगे के कवनो नवीनीकरण टूर्नामेंट से पहिले पूरा हो जाई। नकवी कहलें, ‘एक तरे से रउआ कह सकत बानी कि हमनी के लगे एगो नया स्टेडियम होखे जा रहल बा।’","अगिला साल होखे वाला चैंपियंस ट्रॉफी खातिर अभी ले वेन्यू तय नइखे भइल। पाकिस्तान क्रिकेट बोर्ड आधिकारिक मेजबान बा, बाकिर बीसीसीआई के टीम इंडिया के पाकिस्तान ना भेजे के फैसला पीसीबी के परेसानी में डाल देले बा। रिपोर्ट में कहल गइल बा कि जदि भारतीय टीम फाइनल में पहुंचत बिया तs मुकाबला दुबई में हो सकेला। चैंपियंस ट्रॉफी 19 फरवरी से नौ मार्च तक लाहौर, कराची आ रावलपिंडी में खेलल जा सकत बा। पीसीबी अध्यक्ष मोहसिन नकवी भारत के भागीदारी के लेके आशान्वित बाड़ें।","Champions Trophy: भारत के फाइनल में पहुंचला पs पाकिस्तान में ना होई खिताबी मुकाबला, रिपोर्ट में बड़ खुलासा",Negative,neutral,"भारत सरकार के आदेश के आधार पर ही भारत के टीम के भविष्य के निर्णय लइले जाईगे। ## अगला साल होला वाला चैम्पियन्स ट्राफी टूरनमेंट के लिए अब तक वेन्यु तय ना भया है। पाकिस्तान क्रिकट बोर्ड एगो मेजबन बा, पर भारत सरकार की वजह से भारतीय टीम पाकिस्‍तान ना जा सके के बात चर्चा में है। आईसीसी ने पाक‍िस्तान को सब भारत के मैच लाहोर में खेलने के लिए कहा है, पर अब खबर आई है कि अगर भारत फाइनल्स में पहुँचता है तो फाइनल मैच भारत में ना खेला जाएगा। भारत और पाकि‍स्तान दस साल से ज़्यादा समय से राजन‍ितिक तनाव की वज़ह"
a5354aed93aed158,"भारतीय महिला हॉकी टीम के दिग्गज वंदना कटारिया मंगल के दिने अंतर्राष्ट्रीय हॉकी से संन्यास लेबे के एलान कइली. 15 साल तक भारतीय हॉकी में योगदान देवे वाली कटारिया कहली कि उs अपना करियर के चरम पs एs खेल के अलविदा कहतारी। 32 बरीस के स्ट्राइकर वंदना कटारिया भारत खातिर 320 गो अंतर्राष्ट्रीय मैच खेल चुकल बाड़ी जवन कवनो भारतीय महिला हॉकी खिलाड़ी के सबले बेसी मैच खेले के रिकार्ड बा. रिटायरमेंट के एलान करत उs कहली कि आज उs अंतरराष्ट्रीय हॉकी से भारी दिल से बाकिर कृतज्ञता के संगे रिटायर हो रहल बाड़ी। कटारिया साफ कईली कि उनुकर फैसला थकान चाहे जज्बा के कमी के चलते ना भईल बालुक उs अपना करियर के चरम पs रहला के दौरान एs खेल से संन्यास लेवे के चाहत रहली। उs आगे कहले कि sइ प्रस्थान थकान के चलते नईखे बालुक उनुका शर्त पs अंतरराष्ट्रीय हॉकी छोड़े के फैसला बा। उs गर्व से इs कदम उठावत बाड़ी। भीड़ के दहाड़, हर गोल के रोमांच आ भारत के जर्सी पहिरे के गौरव हमेशा उनुका संगे बनल रही। रिटायरमेंट के बाद भी उs हॉकी से जुड़ल रहीहे रिटायरमेंट के मतलब इs नईखे कि वंदना हॉकी से पूरा तरीका से दूर हो जईहे। उs कहले कि उनुकर कहानी इहाँ खतम नईखे होखत। ईs एगो नया शुरुआत बा. ऊ हॉकी खेलत रहीहें, हॉकी इंडिया लीग में भाग लीहें आ दोसरा स्तर पs भी खेलत रहीहें. उनकर कदम अबहियों टर्फ पs महसूस कइल जाई आ खेल के प्रति उनकर जुनून कबो खतम ना होखी. उs कहली कि उs इंटरनेशनल हॉकी से रिटायर हो रहल बाड़ी, लेकिन एs खेल से जुड़ल हर याद अवुरी हर सबक उनुका संगे रही।","भारतीय महिला हॉकी टीम के दिग्गज वंदना कटारिया मंगल के दिने अंतर्राष्ट्रीय हॉकी से संन्यास लेबे के एलान कइली। उs 15 साल तक भारतीय हॉकी में योगदान देले बाड़ी आ 320 गो अंतर्राष्ट्रीय मैच खेल चुकल बाड़ी। कटारिया कहली कि उs थकान के चलते ना, बलुक अपना करियर के चरम पs एs खेल से अलविदा कहतारी। रिटायरमेंट के बाद भी उs हॉकी से जुड़ल रहीहे आ उनकर कहानी इहाँ खतम नईखे होखत।",भारतीय स्ट्राइकर वंदना कटारिया इंटरनेशनल हॉकी के कहली अलविदा,Positive,joy,"शुद्ध भाषा): वंदना कातारिया, भारत की बड़ी खिलाड़ी, हॉकी से रिटायर्ड हो गइली। उनहें 5 साल से ज़्यादा समय से भारतीय टीम में खेला। 32 साल की उम्र में, उन्होंने 300 से ज़्यादा मैच भारत के लिए खेले, जो कि किसी भी भारतीय महिला खिलाड़ी का रिकॉर्ड बा। वन्दना कहलें की उनका ये फ़ैसला थकान या जज़्बा की कमी से नहीं, बल्कि वो अपनी करियर की ऊँचाइयों पर ही खेल से विदाई देना चाहती थीं।"
795a662066c43590,यशस्वी जायसवाल शानदार फॉर्म में बाड़े अवुरी उनुका बल्लेबाजी से रन भी आईल बा। आंकड़ा एकर गवाही दे रहल बा। आईपीएल के पिछला 5 मैच में से चार मैच में उs आधा शतक बनवले बाड़े। अब ऊ आरसीबी के खिलाफ आजु के मैच में भी बढ़िया प्रदर्शन कइल चाहत बाड़न. जायसवाल आईपीएल के 2000 रन पूरा करे के बहुत करीब बाड़े अवुरी उs एs मैच में अयीसन कs सकतारे। यशस्वी जायसवाल अबे ले आईपीएल के 61 मैच के 60 पारी में 1914 रन बनवले बाड़े। उनुका आईपीएल के 2000 रन पूरा करे में महज 86 रन बाचल बा. अब आजु के आरसीबी के खिलाफ होखे वाला मैच में भा राजस्थान रॉयल्स के अगिला मैच में अगर ऊ 86 रन बनवसु तs ऊ सचिन तेंदुलकर के पीछे छोड़ दीहें. सचिन 63 पारी में आईपीएल के 2000 रन पूरा कइलन. अब जायसवाल के अगिला दू पारी में 86 रन बनावे के मौका बा आ आईपीएल के 62 पारी में 2000 रन पूरा कs के सचिन के पीछे छोड़ दिहले। यशस्वी जायसवाल 2020 से आईपीएल में खेलत बाड़न आ अबहीं ले आईपीएल के 61 गो मैच में कुल 1914 रन बनवले बाड़न जवना में अपना बल्लेबाजी से दू गो शतक आ 13 गो हाफ शतक शामिल बा. आईपीएल में ऊ कुल 223 चौका आ 81 गो छक्का मार चुकल बाड़न.,यशस्वी जायसवाल शानदार फॉर्म में बाड़े आ आईपीएल के पिछला 5 मैच में से चार मैच में आधा शतक बनवले बाड़े। ऊ आरसीबी के खिलाफ आजु के मैच में बढ़िया प्रदर्शन कइल चाहत बाड़न आ आईपीएल में 2000 रन पूरा करे के बहुत करीब बाड़े। उनुका महज 86 रन बाचल बा आ अगर ऊ आजु के मैच में ई रन बनवसु तs सचिन तेंदुलकर के पीछे छोड़ दीहें। जायसवाल 2020 से आईपीएल में खेलत बाड़न आ अब तक 61 मैच में 1914 रन बनवले बाड़े।,"यशस्वी जायसवाल के लगे सचिन तेंदुलकर के पीछे करे के सुनहरा मउका, बस बनावे के होई खाली एतना रन",Positive,joy,यसव्वी जायस्वाल अबुरी शाँदार फार्म में बाड़े। ओहुंने पिछले पाँच मैचों में चार में हाफ सेंचुरी बनाई बा। अब ओहूं आर.सी.बी. के खिलाफ़ मैच मे भी अच्छा प्रदर्शन करत बाड़न। ओहूँ आईपी.एल. में २००० रन पूरे करे के क़रीब पहुँच गेले बा। ओहुँने अब तक ६१ मैचो में ६० पारियो में १९१४ रन बने बा। ८६ रन और बने तो ओह सचिं तेंडुलकर के रिकॉर्ड को पीछे छोड़ देहें।
5dff35870bfb04cc,प्रधानमंत्री नरेंद्र मोदी डिजिटल कंटेंट क्रिएटर्स के बाद बियफे के देश के कुछ शीर्ष गेमर्स सन से मुलाकात कइले आ बातचीत कइले। एही दौरान उऽ वर्चुअल रियलिटी गेम्सो में हाथ आजमवले। पीएम मोदी खिलाड़ियन के साथे गेमिंग उद्योग में कुछ मौजूदा मुद्दन पऽ चर्चा कइले। अपना सरकार के कार्यकाल के दौरान हमेशा डिजिटल इंडिया के विज्ञापन करे वाला पीएम मोदी कहले कि उऽ भारत में गेमिंग उद्योग के बढ़ावा देवे आ ए रचनाकारन के रचनात्मकता के अपनावे के दिशा में काम करिहें। गेमर्स के साथे प्रधानमंत्री के बातचीत के एगो छोट वीडियो एक्स पर साझा करत भाजपा आईटी सेल प्रमुख अमित मालवीय कहले कि उऽ गेमिंग उद्योग में नया विकास पऽ चर्चा कइले आ कइसे मोदी सरकार भारत में गेमिंग उद्योग के बढ़ावा देवे वाला गेमर्स सन के रचनात्मकता के पहचनले।,प्रधानमंत्री नरेंद्र मोदी डिजिटल कंटेंट क्रिएटर्स के बाद बियफे के कुछ शीर्ष गेमर्स सन मुलाकात कइले आ बातचीत कइले। उऽ वर्चुअल रियलिटी गेम्सो में हाथ आजमवले आ गेमिंग उद्योग के मौजूदा मुद्दन पऽ चर्चा कइले। पीएम मोदी कहले कि उऽ भारत में गेमिंग उद्योग के बढ़ावा देवे आ रचनाकारन के रचनात्मकता के अपनावे के दिशा में काम करिहें। भाजपा आईटी सेल प्रमुख अमित मालवीय गेमर्स के साथे बातचीत के एगो छोट वीडियो साझा कइले।,पीएम मोदी देश के टॉप ऑनलाइन गेमर्स से मिल के खेलले गेम…,Positive,joy,प्रीम मिनिस्टर नरेन्द्र मोदी ने बियफा में कुछ प्रसिद्ध गेमर्स से मिलन किया आ उनके साथ बातचीत की। उन्होंने वर्चुअली रीयलिटी गेम्स भी खेले। पीएम मोदी गेमिग उद्योग के मौजूदा मुद्दों पर खिलाड़ियों के साथ चर्चा करे। उन्होने अपनी सरकार की पहल के बारे में बताया कि वो भारत में गेमिंग इंडस्ट्री को बढ़ावा देना चाहते हैं। भाजपा आईटी सेल
bb4964e1f4ca9f6f,"टेक डेस्क: एपल सोमार के आपन वार्षिक वर्ल्ड वाइड डेवेलपर कॉन्फ्रेंस (WWDC) 2025 के दौरान अपना सब ऑपरेटिंग सिस्टम्स के अपग्रेड्स के घोषणा कइलस, जेमे सबसे बड़ घोषणा iOS 26 के रहल। चउकावे वाला बात ई रहल कि जहां अबकी बेर के वर्जन iOS 19 होखे के चाहत रहे, ओहिजा कंपनी एकरा के सीधे iOS 26 नाम देलस। एपल कहले बा कि अब से ऊ अपना ऑपरेटिंग सिस्टम्स के नाम साल के आधार पs रखी, ठीक ओइसही जइसे कार कंपनी अपना मॉडल्स के नाम रखेली सs। चूंकि ई iOS अपडेट 2026 में उपयोग खातिर आ रहल बा, एहिसे एकर नाम iOS 26 रखल गइल बा। एपल के सीनियर वाइस प्रेसिडेंट क्रेग फेडेरिघी कहलें, “हमनी के फॉल सीजन के रिलीज जवन पूरा साल 2026 तक हमनी के ताकत दी, ऊ सब वर्जन 26 होई।” एह बदलाव के तहत अब iOS ना बलुक सब प्लेटफॉर्म्स पs एकसमान नंबरिंग होई जइसे iOS 26, iPadOS 26, macOS 26, watchOS 26, tvOS 26, visionOS 26। एपल अपना सब ऑपरेटिंग सिस्टम्स में एगो नया “Liquid Glass” डिजाइन पेश कइले बा, जेमे यूजर इंटरफेस के बटन, स्लाइडर्स, टूलबार आ साइडबार जइसन एलिमेंट्स अब ट्रांसलूसेंट ग्लास जइसन चमक के संगे लउकी।","एपल सोमार के अपना वार्षिक वर्ल्ड वाइड डेवेलपर कॉन्फ्रेंस (WWDC) 2025 में iOS 26 के घोषणा कइलस। कंपनी अब से अपना ऑपरेटिंग सिस्टम्स के नाम साल के आधार पs रखी, जइसे कार कंपनी करेले। ई अपडेट 2026 में आ रहल बा आ एकरा के iOS 26 नाम देल गइल बा। एपल नया “Liquid Glass” डिजाइन पेश कइले बा, जेमे यूजर इंटरफेस के एलिमेंट्स अब ट्रांसलूसेंट ग्लास जइसन चमक के संगे लउकी।","WWDC 2025: एपल iOS 18 के बाद सीधे iOS 26 काहे लॉन्च कइलस, हैरान करे वाला बा वजह",Positive,neutral,"एप्पल ने अपना सालाना डेवलपर सम्मेलन WWDC में सभे ऑपरटिंग सिस्टम के नवनवीन अपडिट्स के बारे में जानकारी दी। सबसे बड़ी खबर एह रही की iOS का नया वर्जन ना 16 रहेगा बल्कि सीधे 26 होगा। कंपनी अब साल के हिसाब से ऑपरेटिंग सिस्टम का नाम रखने का फैसला करेली बा, जइस तरह कार कंपनियां अपना मोडल नाम रखती हैं। iOS 2.6 साल २०२६ में इस्तेमाल के लिए आइएगा। एपल के वरिष्ठ उपाध्यक्ष ने बताया की इस साल के पतझड़ में आने वाला सारा सॉफ्टवेयर वर्जन २६ ही रहेगा। इसके साथ ही, iOS ना सिर्फ़ बलुक iPadOS, macOS, watchOS"
af38794c00a7dc87,"Lenovo IdeaPad Slim 3 के 34,990 रुपया के कीमत पर खरीदल जा सकsता। लैपटॉप में 15.6 इंच के फुलएचडी प्लस डिस्प्ले अउर Windows 10 के सपोर्ट मिलsता। Lenovo IdeaPad Slim 3 में 8 जीबी रैम के साथ 1 टीबी HDD स्टोरेज मिलsता। लैपटॉप के साथ 10th Gen Intel Core i3 प्रोसेसर के पावर मिलsता। लैपटॉप के वजन 1.7 किलोग्राम बा।","Lenovo IdeaPad Slim 3 के कीमत 34,990 रुपया बा। ई लैपटॉप में 15.6 इंच के फुलएचडी प्लस डिस्प्ले अउर Windows 10 के सपोर्ट बा। 8 जीबी रैम के साथ 1 टीबी HDD स्टोरेज मिलsता, आ 10th Gen Intel Core i3 प्रोसेसर के पावर बा। लैपटॉप के वजन 1.7 किलोग्राम बा।","40,000 से कम रेट के लेपटॉप: ई हवें सब फास्ट प्रोसेसर अउर SSD स्टोरेज वाले बेस्ट पांच लैपटॉप",Neutral,neutral,लिनोवो आइडियापैड स्लिम 3 34 हजार 9 सौ 90 रूपया के दाम पर खरिदल जा सकेला। एह लॅपटाप में १५.६ इंच फुल एचडी प्लेस अउर विंडोज १० सपोर्ट मिलेला। इसमें ८ जीबी रैम आणि १ टीबी एचडीडी स्टोरिज हैं। १०वीं जनरेशन इंटेल कोर i३ प्रोसेसोर से पावर मिलता है। लॅप्टॉप का वजन १.७ किलो ग्राम बा।
0beb28e22f172aff,"दुनिया के सबसे बड़ सर्च इंजन गूगल महाकुंभ के खास तैयारी कईले बा। गूगल पs महाकुंभ टाइप करत ही स्क्रीन पs फूल के बरसात शुरू हो जाई। साथ ही महाकुंभ से जुड़ल जानकारी आ ताजा लेख भी मिल जाई। ई पहिला बेर नइखे कि गूगल कवनो खास मौका खातिर अइसन कइले बा. एकरा से पहिले भी गूगल अलग-अलग मौका पs नया डूडल आदि बनावेला, जवना में यूजर के ओ इवेंट से जुड़ल सभ जानकारी मिलेला। गूगल के इs फीचर कंप्यूटर अवुरी मोबाइल दुनो खातीर जोड़ल गईल बा। गूगल सर्च में महाकुंभ टाइप करत ही स्क्रीन पs फूल बरसत देखाई दिही। एनीमेशन के माध्यम से फूल के बौछार काफी आकर्षक देखाई दिही। यूपी के प्रयागराज में 13 जनवरी से 26 फरवरी 2025 ले महाकुंभ के आयोजन हो रहल बा जवना में 40 करोड़ से अधिका भक्तन के संगम में डुबकी लगावे के संभावना बा. एकरा के अब ले के सबसे बड़ धार्मिक आयोजन मानल जाला।","दुनिया के सबसे बड़ सर्च इंजन गूगल महाकुंभ के खास तैयारी कईले बा। गूगल पs महाकुंभ टाइप करत ही स्क्रीन पs फूल के बरसात शुरू हो जाई आ महाकुंभ से जुड़ल जानकारी आ ताजा लेख भी मिल जाई। यूपी के प्रयागराज में 13 जनवरी से 26 फरवरी 2025 ले महाकुंभ के आयोजन हो रहल बा, जवना में 40 करोड़ से अधिका भक्तन के संगम में डुबकी लगावे के संभावना बा। ई आयोजन के अब ले के सबसे बड़ धार्मिक आयोजन मानल जाला।","महाकुंभ खातीर Google के खास तैयारी, Mahakumbh टाइप कइले पs होई ‘फूल के बरखा’",Positive,joy,"सबसे बड़े सर्च इन्जिन गगल, महाकुम्ह के मौके पर खास तयारी करत बा। गगल में ""महाकुंभ"" टाइप करे तो स्क्रीन पर फूलों की बारिश शुरू हो जाएगी। साथ ही महकुंभ से जुड़ी जानकारी और ताज़ा खबरें भी मिल जाएंगी। यह पहिली बार नईखे कि गgoogle कोई खास अवसर के लिए ऐसा करत है। इससे पहले भी गgoogle ने अलग अलग मौकों पर नए डुडल बनाए हैं, जहाँ यूजर को उस इव्हेंट से जुड़ी सारी जानकारी मिलती है। गgoogle का यह फीचर्स कंप्यूटर्स और मोबाइल दोनों के लिए जोड़ा गया है। यूपी के प्रयाग्रज में"
23df0928f502114d,"ढाका : बांग्लादेश राष्ट्रवादी पार्टी (बीएनपी) के महासचिव मिर्जा इस्लाम आलमगीर के कहनाम बा कि हमनी के संविधान में एगो प्रावधान बा कि उनुका (अंतिम सरकार) के 90 दिन के समय दिहल जाए। बाकिर खास परिस्थिति में अगर ओह लोग के एकर जरूरत बा तs ओकरा के बढ़ावल जा सकेला. हमनी के हमेशा साफ-साफ कहले बानी जा कि हमनी के विजन का बा। हमनी के कहले बानी जा कि हमनी के एकरा के 2030 के विजन देले बानी जा। हम कहले बानी कि देश में सुधार जरूर होई। मुख्य रूप से न्यायिक सुधार, संवैधानिक सुधार अवुरी प्रशासनिक सुधार होई। मिर्जा इस्लाम आलमगीर कहले कि हमनी के भ्रष्टाचार के खतम करे के कोशिश करब जा, जवना के एगो मुख्य कारन बा। हमनी के लोकतंत्र आ लोकतांत्रिक मूल्यन के सही मायने में आ शुद्ध रूप से बहाल करब जा. अभिव्यक्ति के आजादी रही आ जनता के कवनो राजनीतिक दल भा राजनीतिक रैली में शामिल होखे के आजादी मिली आ ओकर लोकतांत्रिक अधिकार स्थापित हो जाई. हमनी के उदार लोकतांत्रिक बांग्लादेश आ समृद्ध बांग्लादेश देखल चाहत बानी जा.","ढाका: बांग्लादेश राष्ट्रवादी पार्टी (बीएनपी) के महासचिव मिर्जा इस्लाम आलमगीर कहले बाड़न कि संविधान में अंतिम सरकार के 90 दिन के समय दिहल जाला, लेकिन खास परिस्थिति में एकरा के बढ़ावल जा सकेला। ऊ कहले बाड़न कि 2030 के विजन के तहत देश में न्यायिक, संवैधानिक आ प्रशासनिक सुधार होई। मिर्जा इस्लाम आलमगीर भ्रष्टाचार के खतम करे के कोशिश के बात कइलन आ लोकतंत्र आ अभिव्यक्ति के आजादी के महत्व बतवलन। ऊ उदार आ समृद्ध बांग्लादेश के सपना देखत बाड़न।","बांग्लादेश में अंतरिम सरकार के कार्यकाल बढ़ावल जा सकेला, BNP नेता दिहले संकेत",Positive,neutral,"मिर्ज़ा इस्‍लाम अलमगेर, बांग्‍लदेश राष्ट्रीय पार्टी के महामंत्री, ने कहा कि उनका पार्टी का लक्ष्‍य देश में बदलाव लाना बा। उनका कहना बा कि न्यायालय, संसद, और प्रशासन में सुधारी होनी चाहे। वो भ्रष्‍टाचार खत्‍म करना चाहत बा और लोकतन्त्र के मूल्यों को मजबूत बनाना चाहेत। वो कहत बा कि लोगों के राजनीति में भाग लेने का अधिकार होना चाहे और उनका भाषण की आजादी रहे। उनका सपना बा उदार और समृध्‍ बांगलादेश का।"
a4a7914fde98336f,"स्पोर्ट्स डेस्क। पूर्व भारतीय क्रिकेटर शिखर धवन के एगो कथित अवैध बेटिंग एप से जुड़ल धन शोधन ममिला में प्रवर्तन निदेशालय (ED) पूछताछ खातिर तलब कइले बा। ई ममिला जवना ऑनलाइन प्लेटफॉर्म से जुड़ल बा, ओकरा के अवैध सट्टेबाजी गतिविधियन में सामिल बतावल जा रहल बा। अधिकारी एह ममिला में उनकर संभावित प्रचार भा साझेदारी वाला संबंधन के जांच सुरू कs दिहल गइल बा। ईडी ई जांच कर रहल बिया कि का शिखर धवन एह बेटिंग एप के प्रचार में आपन छवि के इस्तेमाल कइलें आ एकरा बदले कवनो भुगतान लेने कि ना। पूछताछ धन शोधन निवारण अधिनियम (PMLA) के तहत कइल जा रहल बा ताकि एह अवैध नेटवर्क में उनकर कवनो वित्तीय भा गैर-वित्तीय साझेदारी के पता लगावल जा सके। एकरा पहिले ईडी कइयन गो बड़ नामन के पूछताछ खातिर बोलवले रहे। हाले में पूर्व क्रिकेटर सुरेश रैना से एही ममिला में दिल्ली में सवाल-जवाब कइल गइल रहे। एकरा अलावे, कुछ आउर कंपनी आ डिजिटल प्लेटफॉर्म जांच के दायरा में आ चुकल बा। ईडी के माने बा कि एह तरे के बेटिंग एप्स ना खाली अवैध बा बलुक एकनी के माध्यम से बड़ पैमाना पs धन शोधन के गतिविधियो होला। एह एप्स पs कइयन लोग आ निवेशकन से करोड़न रुपिया के ठगी करे भा भारी मात्रा में कर चोरी करे के आरोप बा। एह ममिला में ईडी कार्रवाई तेज कइले बिया, खास कs के ओह विज्ञापनन पs जेमे फिल्मी सितारा आ क्रिकेटर सामिल बा लो। एही कड़ी में अब क्रिकेटरन आ फिल्मी हस्तियन के भूमिका के लेके जांच आगे बढ़ावल जा रहल बा। शिखर धवन पs अभी ले कवनो ठोस आरोप के पुष्टि नइखे भइल, बाकिर ईडी के पूछताछ से साफ बा कि एजेंसी एह ममिला में गहराई से जांच कइल चाहत बिया। आवे वाला समय में एह ममिला से जुड़ल आ बड़ नामन के साेझा आवे के संभावना बा।","पूर्व भारतीय क्रिकेटर शिखर धवन के एगो कथित अवैध बेटिंग एप से जुड़ल धन शोधन ममिला में प्रवर्तन निदेशालय (ED) पूछताछ खातिर तलब कइले बा। ईडी जांच कर रहल बिया कि का धवन एह बेटिंग एप के प्रचार में आपन छवि के इस्तेमाल कइलें आ एकरा बदले कवनो भुगतान लेने कि ना। एह ममिला में पहिले सुरेश रैना से भी सवाल-जवाब कइल गइल रहे। ईडी के माने बा कि एह बेटिंग एप्स ना खाली अवैध बा बलुक एकनी के माध्यम से धन शोधन के गतिविधियो होला। शिखर धवन पs अभी ले कवनो ठोस आरोप के पुष्टि नइखे भइल, बाकिर ईडी के पूछताछ से साफ बा कि एजेंसी गहराई से जांच कइल चाहत बिया।","ED Summoned Shikhar Dhawan : शिखर धवन के ईडी कइलस तलब, गैरकानूनी बेटिंग एप ममिला में पूछताछ खातिर बोलवलस",Negative,disgust,"कि उनकर एह मामला में संलग्नता के संदेह बा। ईडी ने पूर्व भारतीय क्रीकेटर शिक्हर धवन को एक कथित गैरकानूनी बट्टिंग ऐप से जुड़े धनशोधन मामले में पूछ्ताछ के लिए बुलाया है। यह मामला उन ऑनलाईन प्लैटफार्म से जुड़ा है, जिन्हें अवैधानिक जुआ गतिविधि में शामिल बताया जा रहा है। अधिकारियों के अनुसार, ईडी जाँच कर रही है कि क्या शिखार धवन ने इस बटिंग ऐप का प्रचार अपने नाम से किया और बदले में पैसे कमाए। यह जाँच PMLA (Prevention of Money Laundering Act) के तहत की जा रही है ताकि यह पता चल सके कि धवन इस अवैधी नेट"
dd4078fe6ae74001,"WhatsApp के ओर से एगो नया फीचर के ऐलान कइल गइल गइल बा, जवन वॉट्सऐप से होखे वाला फ्रॉड पs लगाम लगावे में मदद करी। एह फीचर के इंतजार बहुते लमहर समय से यूजर्स करत रहे लो। अइसन में वॉट्सऐप के राहत के उम्मेद बा। दरअसल पिछिला कुछ बरिसन में वॉट्सऐप फ्रॉड के घटना बढ़ल बा, जवना से बचाव खातिर वॉट्सऐप एगो नया फीचर Context Card लेके आ रहल बा। एह फीचर में यूजर्स के अनजान ग्रुप चैट के बारे में सूचना दिहल जाई। ई फीचर वॉट्सऐप यूजर्स के अनजान ग्रुप में सामिल होखे में मदद करी कि ओह ग्रुप चैट में सामिल होखे के चाहीं कि ना। नया कॉनटेक्स्ट कार्ड फीचर ओह घरी लउकी, जब यूजर के कवनो अनजान व्यक्ति एगो नया ग्रुप चैट में सामिल कइल करी, जवन ओकरा कॉन्टैक्ट लिस्ट में सामिल नइखे। ओह घरी ई कार्ड लउकी आ ओह ग्रुप के बारे में सारा जानकारी दिही। संगही ई जानकारी दी कि ओह ग्रुप में कवन आदमी जोड़ले बा। ई ग्रुप कब बनल रहे आ एकरा के, के बनवले रहे। एकरा अलावे कॉन्टेक्स्ट फीचर ग्रुप डिस्क्रिप्शन के देखाई। ई फीचर यूजर के कवनो अनजान ग्रुप में सामिल होखे के लेके अलर्ट करी। WhatsApp के नया कॉन्टेक्स्ट कार्ड फीचर के पहिलही से रोलआउट कइल सुरू कs दिहल गइल बा। संगही उम्मेद बा कि आवे वाला हफ्तन में ई दुनियाभर के सब Whatsapp यूजर्स के लिए उपलब्ध हो जाएगा। ई सुविधा WhatsApp के मवजूदा सेफ्टी पs बेस्ड बा। बता दीं कि वॉट्सऐप लगातार यूजर्स के सेफ्टी पs काम कs रहल बा। वॉट्सऐप के सारा मैसेज एन्क्रिप्टेड होला। एही कड़ी में वॉट्सऐप एगो नया सेफ्टी फीचर रोलआउट करे के ऐलान कइले बा।","WhatsApp के ओर से एगो नया फीचर Context Card के ऐलान कइल गइल बा, जवन फ्रॉड पs लगाम लगावे में मदद करी। ई फीचर यूजर्स के अनजान ग्रुप चैट के बारे में जानकारी दी, ताकि ऊ जान सको कि ओह ग्रुप में सामिल होखे के चाहीं कि ना। जब कवनो अनजान व्यक्ति नया ग्रुप में सामिल करी, त ई कार्ड ओह ग्रुप के बारे में सारा जानकारी दिही। ई सुविधा जल्दिये दुनियाभर के सब WhatsApp यूजर्स के लिए उपलब्ध हो जाई।",खुशखबरी! WhatsApp से होखे वाला फ्रॉड पs लागी लगाम! आ रहल बा नया फीचर,Positive,joy,"ष: ** वॉट्सएप के नई सुविधा आगामी हफ्ता में दुनिया भर के सब यूजरके लेके उपलब्ध हो जाएगी। एह सुविधा से यूजर अज्ञात ग्रुप्स में शामिल होने से पहले उनका बारे में पूरी जानकारी प्राप्त कर सकलें। अज्ञात व्यक्ति कब ग्रुप बनाए, उसमे कौन-कौन शामिल हैं, ग्रुप का डिस्‍क्‍रिप्‍शन आदि सब जानकारी मिलेगी। वॉट्‍सएप फ्राड के बढ़ते मामलों को रोकने के लिए यह सुविधा शुरू की जा रही है। यह सुविधा पहले से ही रोल आउट शुरू हो चुकी है और उम्मीद है कि जल्द ही सभी यूजर इसे इस्तेमाल कर सकेंगे।"
832b9ba2b912e01c,"अपना लाखों यूजर खातिर नया फीचर लेके आवत रहेला। मेटा के इंस्टेंट मैसेजिंग ऐप में जल्दिए एगो अवुरी नाया फीचर आवे वाला बा, जवना से यूजर के बहुत तनाव खतम हो जाई। एह फीचर से खास तौर पs ओ यूजर के फायदा होई, जेकरा दिन भर भारी संख्या में मैसेज मिलेला। इs फीचर एंड्रॉयड बीटा वर्जन में देखल गईल बा, यानी कि फिलहाल इs फीचर डेवलपमेंट के चरण में बा। WABetaInfo के रिपोर्ट के मुताबिक, एs फीचर के माध्यम से यूजर आवे वाला संदेश के आसानी से प्रबंधित कs सकेले। व्हाट्सएप के एंड्रॉयड बीटा वर्जन 2.24.11.13 में यूजर के इs फीचर मिले लागल बा। हालांकि एकरा के खाली कुछ यूजर खातीर लागू कईल गईल बा। रिपोर्ट के मुताबिक व्हाट्सएप के इs फीचर नोटिफिकेशन सेटिंग में देखल जा सकता। रिपोर्ट में दिहल स्क्रीनशॉट के मुताबिक, उपयोगकर्ता के सेटिंग में नोटिफिकेशन के मैनेज करे के नाया विकल्प मिली। एकरा में हाई प्राइओरिटी नोटिफिकेशन अवुरी रिएक्शन नोटिफिकेशन के संगे यूजर के ऐप खोलला के बाद बिना पढ़ल संदेश के साफ करे के विकल्प भी मिली, मतलब कि एकरा के इनेबल कईला के बाद आप ऐप से बिना पढ़ल संदेश के हटा सकतानी। हालांकि, इs फीचर खास तौर पs ओ उपयोगकर्ता खातीर फायदेमंद होई, जेकरा दिन भर बहुत संख्या में मैसेज आवेला। ओह प्रयोगकर्ता लोग खातिर सगरी मैसेज पढ़ल आ प्रबंधित कइल बहुते मुश्किल बा. जइसहीं यूजर व्हाट्सएप खोल के चैट्स सेक्शन में जाइले, एह सब Unread मैसेज के कतार देखे के मिलेला। एह फीचर के इनेबल कइला के बाद यूजर्स के मिलल सगरी Unread संदेश गायब हो जाई. एकरा अलावे मेटा के इंस्टेंट मैसेजिंग ऐप में अवुरी बहुत नाया फीचर जोड़ल जाता, जवना से यूजर के अनुभव में सुधार होई। ई फीचर फिलहाल बीटा संस्करण में बाड़ें आ जल्दिये स्थिर संस्करण में भी आ सके लें। एतने ना, व्हाट्सएप के यूजर इंटरफेस में भी बहुत बड़ बदलाव देखल जा सकता।","मेटा के इंस्टेंट मैसेजिंग ऐप व्हाट्सएप में नया फीचर आवे वाला बा, जेकरा से यूजर के तनाव कम होई। ई फीचर खासकर ओह यूजर खातिर फायदेमंद होई, जेकरा दिन भर भारी संख्या में मैसेज मिलेला। रिपोर्ट के मुताबिक, ई फीचर एंड्रॉयड बीटा वर्जन 2.24.11.13 में देखल गईल बा आ एकरा के इनेबल कइला पर यूजर बिना पढ़ल संदेश के हटा सकीले। ई फीचर जल्दिये स्थिर संस्करण में भी आ सकेला आ यूजर इंटरफेस में भी बदलाव होई।","WhatsApp के इs नया फीचर यूजर्स के टेंशन करीं खतम, एके क्लिक में छिप जाई बिना पढ़ल मैसेज",Positive,joy,"उपयोगकर्ताओं के संदेशों के प्रबंधन में और भी आसानी होई. ** ## मेटा के व्हॉट्सऐप ऐप में एक नया फ़ीचर आइल बा जे से यूज़र के बहुत सारा संदेश पढ़ल-प्रबंधित करे के काम आसान हो जाइए। एह नया फीचर एंड्रायड बीटा वर्जन में देखल गइल बा, जो अभी ही विकास के चरण मे बा। एह फ़ीचर से उपयोगकर्ता अपने ऐप खोलल बाद बिना पढ़ल सभी संदेश हटा सकत हैं। इसके साथ ही, उनके नोटि"
2d65e424b1cbadfa,"Apple आपन सबसे एडवांस iPhone 16 सीरीज के ग्लोबली लॉन्च करे के बाद कई गो नया प्रोडक्ट पऽ काम कइल शुरू कऽ देले बा। एमें से एगो iPhone SE 4 बा। जवना पऽ कंपनी कथित रूप से काम कर रहल बिया। एकरा से दूसर आईफोन के तुलना में अफोर्डेबल प्राइस रेंज में लॉन्च कइल जाए के उम्मीद बा। लॉन्च से पहिले एकरा बारे में तमाम तरह के जानकारी सामने आ चुकल बा। बता दी कि एपल iPhone SE के पिछला वेरिएंट 2022 में पेश कइले रहे। हाल की रिपोर्ट्स से संकेत मिलत बा कि iPhone SE 4 के डिजाइन iPhone 14 से काफी मिलत-जुलत हो सकऽता। एकरा बारे में अब तक जवन डिटेल सामने आइल बा।ओकरा बारे में इहाँ बताव तानी। बहुत रिपोर्ट में कहल गइल बा कि एप्पल ए साल के अंत में आईफोन एसई 4 के बड़ पैमाना पऽ उत्पादन शुरू कऽ सकऽता। दिसंबर के आसपास ई काम होखे के उमेद बा। कहल जाता कि आईफोन SE4 अप्रैल 2025 में आधिकारिक तौर पऽ आ सकऽता। याद राखीं कि एप्पल एह बारे में आधिकारिक तौर पऽ कुछ नइखे कहले। बाकिर एह बारे में बहुते खबर सामने आइल बा। बतावल जाता कि ए डिवाइस के एप्पल के डेटाबेस में कोड नाम V59 के तहत सूचीबद्ध कइल गइल बा। हाल ही में एगो टिपस्टर कथित आईफोन एसई (2025) केस के तस्वीर सोशल मीडिया प शेयर कउऽले, जवना में एकर बैक पैनल देखावल गइल बा। जवन कि आईफोन 7 प्लस के डिजाइन से मिलत जुलत बा। एकरा में डबल रियर कैमरा सेटअप दिहल गईल बा। स्पेसिफिकेशन के मामला में आईफोन एसई 4 में 6.6 इंच के डिस्प्ले होखे के उम्मेद बा आ संभव बा कि इ ए सीरीज के पहिला मॉडल होई, जवना में 48MP के कैमरा दिहल जाई। ओएलईडी डिस्प्ले 60Hz रिफ्रेश रेट के सपोर्ट करी। नयका आईफोन एसई4 के परफॉर्मेंस खातिर लेटेस्ट ए18 बायोनिक चिपसेट मिल सकऽता। इ 8GB LPDDR5 रैम के सपोर्ट करी। स्टोरेज विकल्प में 128GB, 256GB, अवरू 512GB के वेरिएंट शामिल होखे के उम्मेद बा। पिछला पीढ़ी के आइफोन के मुक़ाबला में इ आईफोन के बहुत अपग्रेड फीचर के संगे ले आवल जाता। कंपनी सस्ती सेगमेंट में एआई फीचर दे सकेले।","Apple आपन नया iPhone SE 4 पर काम कऽ रहल बा, जेकरा के अफोर्डेबल प्राइस रेंज में लॉन्च करे के उम्मीद बा। रिपोर्ट्स के अनुसार, ई डिवाइस iPhone 14 के डिजाइन से मिलत-जुलत हो सकेला आ एकरा में 6.6 इंच के डिस्प्ले आ 48MP के कैमरा होखे के संभावना बा। एप्पल के डेटाबेस में एकरा के कोड नाम V59 के तहत सूचीबद्ध कइल गइल बा। iPhone SE 4 के उत्पादन दिसंबर 2023 में शुरू हो सकेला आ ई अप्रैल 2025 में लॉन्च हो सकेला।","सस्ता iPhone लॉन्च करे के तइयारी में Apple, 48MP प्राइमरी कैमरा आ A18 चिप से होई लैस",Positive,neutral,"ईडी बैकलाइट के साथ एगो नया चिपसेट भी शामिल हो सके। **भोजपुरि भाषा में समाचार के ८० से १०० शब्दन का संक्षेप:** एप्प्ल ने अपना नवीनतम iPhone १६ श्रृंखला लांच के बाद, अनेक नए उत्पादों पर काम शुरू कर दिये बा। इनमे से एक iPhone SE ४ बा, जो कथित तौर पर कंपनी द्वारा विकसित हो रहा बा। यह अन्य iPhone के मुकाबले अधिक किफायती मूल्य सीमा में उपलब्ध कराया जाएगा। iPhone SE की पिछली वेरियन्ट २०२२ में जारी की गई थी। हालाँकि, अब तक आईफ़ोन SE ४ के बारे में बहुत सी जानकारी उपलब्ध हो चुकी बा। अनुमान लगाया जा रहा बा कि Apple इस साल के आखिर में ही iPhone SE"
7ce66284dfe3ee86,"स्पोर्ट्स डेस्क : रोहित शर्मा के कप्तानी वाली टीम इंडिया हाले में ICC चैंपियंस ट्रॉफी 2025 के खिताब जीतले बिया। ICC चैंपियंस ट्रॉफी जीतला के बाद रोहित शर्मा खातिर एगो आउर बड़ खुसखबरी सामने आ रहल बा। दरअसल, रोहित शर्मा के इंग्लैंड के खिलाफ जून-अगस्त में होखे वाला पांच टेस्ट मैचन के सीरीज खातिर टेस्ट कप्तान के तौर पs बरकरार रखल जा सकत बा। अइसन अटकल रहे कि सेलेक्टर्स टेस्ट क्रिकेट में रोहित शर्मा के भविष्य पs फैसला ले सकत बा लो। हालांकि, दुबई में ICC चैंपियंस ट्रॉफी 2025 के खिताब जीतला के बाद हालात बदलत नजर आ रहल बा। इंडियन एक्सप्रेस के एगो रिपोर्ट के मोताबिक रोहित शर्मा के एगो आउर बड़ दौरा पs टीम इंडिया के कप्तानी करे खातिर भारतीय क्रिकेट कंट्रोल बोर्ड (BCCI) आ ओकर सेलेक्शन पैनल के समर्थन मिलल बा। एगो सूत्र कहलस, ‘ऊ (रोहित शर्मा) देखवले कि ऊ का कर सकत बाड़ें। हर हितधारक के लागत बा कि ऊ इंग्लैंड दौरा खातिर भारतीय टीम के नेतृत्व करे खातिर सही उम्मीदवार बा। रोहित शर्मा लाल गेना से क्रिकेट खेलल जारी रखे के आपन उत्सुकता व्यक्त कइले बाड़ें। रोहित शर्मा दुबई में चैंपियंस ट्रॉफी 2025 के खिताब जीतला के बाद खुद के संन्यास के अफवाहन के खारिज कs देले रहस। रोहित शर्मा कहलें रहस, ‘अभी, हम वास्तव में अच्छा खेल रहल बानी, आ हम एह टीम के संगे जे कुछ कs रहल बानी, आकर आनंद ले रहल बानी। टीम हमार कंपनी के आनंद ले रहल बानी, जवन अच्छा बा। हम वास्तव में 2027 वर्ल्ड कप नइखी कह सकत, काहेकि ई बहुत दूर बानी, बाकिर हम आपन सब विकल्प खुला रख रहल बानी।’ रोहित शर्मा कहलें, ‘ई कुछ अइसन बा जवन हमरा के वाकई बहुते खुस करेला। एमे बहुत सारा चीज सामिल बा, बहुत गरब बा आ जवना तरे ई टीम खेल रहल बिया, हम एह टीम के नइखी छोड़ल चाहत। जवना तरे से हमनी के एह समय खेल रहल बानी, ओह सभे के संगे खेले में बहुत खुसी आ मजा बा।’ जनवरी में सिडनी टेस्ट से हटला के बाद रोहित शर्मा कहले रहस कि उनकर खराब दौर हमेसा जारी ना रही। ऑस्ट्रेलिया में खेलल गइल तीन टेस्ट मैचन में उनकर उच्चतम स्कोर 10 रन रहे आ उनकर आखिरी टेस्ट अर्धशतक अक्टूबर 2024 में न्यूजीलैंड के खिलाफ घरेलू सीरीज के दौरान रहे। रोहित शर्मा तब स्टार स्पोर्ट्स से कहले रहस, ‘एह बात के कवनो गारंटी नइखे कि पांच भा दु महीना बाद रन ना बनी।हम बहुत क्रिकेट देखले बानी। जीवन हर सेकंड, हर मिनट, हर दिन बदलेला। हमरा खुद पs भरोसा बा कि चीज बदल सकत बा, बाकिर संगही हमरा यथार्थवादियो होखे के चाहीं।’","रोहित शर्मा के कप्तानी में टीम इंडिया ICC चैंपियंस ट्रॉफी 2025 के खिताब जीतले बिया। अब रोहित शर्मा के इंग्लैंड के खिलाफ टेस्ट सीरीज खातिर कप्तान बनावे के संभावना बा। रिपोर्ट के अनुसार, BCCI आ सेलेक्शन पैनल रोहित के समर्थन कर रहल बा। ऊ खुद के संन्यास के अफवाहन के खारिज कइले बाड़ें आ कहले बाड़ें कि ऊ टीम के संगे खेलल जारी रखे के चाहत बाड़ें। रोहित शर्मा के खराब दौर के बावजूद उनकर भरोसा बा कि चीज बदल सकत बा।",इंग्लैंड के खिलाफ टेस्ट सीरीज खातिर कप्तान बनल रहिहें रोहित शर्मा! रिपोर्ट्स में भइल खुलासा,Positive,joy,"चानक नई बा, ई हमारी योजना बा, हमारी रणनीति बा।’ रोहित सरमा के अगुवाई में भारतीय टीम ने हाल ही में आईसीसी चैम्पियंस ट्रोफी २०२५ जीती बा। इस जीत के बाद सेलेक्टर रोहित सरमे को इंगलैंड में जून - अगस्त में होने वाली पाँच टेस्ट सीरीज़ के लिए टेस्ट कैप्टन के रूप में बनाए रखने की तैयारी कर रहे बाड़ें। बतावल जा रहा बा कि बीसीसी आ सेलेक्सन पैनल रोहित के साथ है। एक सूत्र ने बताया कि हर कोई देख रहा है कि रोहित क्या कर सकता है। हर कोई मानता है कि वह इंग्लेण्ड दौरे के लिए भारतीय टीम का सही नेता है। रोहत सरमा ने लम्बे समय"
48a087f6e099350b,"स्पोर्ट्स डेस्क: राजस्थान रॉयल्स के नवहा सलामी बल्लेबाज वैभव सूर्यवंशी महेंद्र सिंह धोनी के गोड़ छुअलें आ आसिरबाद के संगे आईपीएल 2025 सीजन के समापन कइलें। राजस्थान आ चेन्नई सुपर किंग्स (सीएसके) के बीच मंगर के नई दिल्ली के अरुण जेटली स्टेडियम में मुकाबला भइल। राजस्थान के ई सीजन के ई आखिरी मुकाबला रहे आ 14 साल के वैभव एह मैच में आपन प्रभाव छाेड़े में सफल रहलें। मैच के बाद जब दोनों टीमों के खिलाड़ी एक दूसरे से मिल रहे थे, तब धोनी और वैभव का सामना हुआ और इस युवा बल्लेबाज ने माही के पैर छुए। धोनी हालांकि उन्हें रोकते नजर आए। वैभव आईपीएल में खेलने वाले सबसे युवा खिलाड़ी हैं और उन्होंने अपने पहले ही सीजन में काफी सुर्खियां बटोरी। वैभव को इस सीजन सात मैचों में खेलने का मौका मिला और उन्होंने 206.56 के स्ट्राइक रेट और 36 के औसत से 252 रन बनाए। राजस्थान ने मेगा नीलामी में वैभव को खरीदा था और यह बल्लेबाज टीम की उम्मीदों पर खरा उतरा। हालांकि, राजस्थान की टीम प्लेऑफ में जगह नहीं बना सकी और उसका सफर ग्रुप चरण में ही थम गया। वैभव सूर्यवंशी आ संजू सैमसन के 90+ रनन के साझेदारी के दम पs राजस्थान रॉयल्स चेन्नई सुपर किंग्स के छव विकेट से हरा देलस। एह मुकाबला में टॉस हारके पहिले बल्लेबाजी करे उतरल चेन्नई सुपर किंग्स 20 ओवर में आठ विकेट खोके 187 रन बनवलें। जवाब में राजस्थान 17.1 ओवर में चार विकेट गंवाकर 188 रन बनाए आ टूर्नामेंट के चउथा जीत दर्ज कइलस। लक्ष्य के पीछा करे उतरल राजस्थान के सुरुआत अच्छा भइल रहे। वैभव सूर्यवंशी आ यशस्वी जायसवाल के बीच पहिला विकेट खातिर 37 रन के साझेदारी भइल, जवना के अंशुल कंबोज तुड़लें। ऊ जायसवाल के बोल्ड कइलें। ऊ 19 गेना में 36 रन बनाके आउट भइलें। एकरा बाद सूर्यवंशी के कप्तान संजू सैमसन के साथ मिलल। दुनो दूसरा विकेट खातिर 98 रन जोड़ल लोग। सैमसन 41 आ सूर्यवंशी 57 रन बनाके आउट भइलें। एह मैच में रियान पराग कुछ खास प्रदर्शन ना कs पवले आ तीन रन बनाके आउट हो गइलें। ध्रुव जुरेल 31 आ शिमरन हेटमायर 12 रन बनाके नाबाद रहल लाेग। चेन्नई खातिर अश्विन दु विकेट लेलें जबकि अंशुल कंबोज आ नूर अहमद के एक-एक सफलता मिलल। UP: गाजीपुर में दर्दनाक हादसा, काशीदास के पूजा में टेंट में उतरल करंट, सिपाही समेत चार के मौत; कइयन गो लोग झुलसल","राजस्थान रॉयल्स के नवहा सलामी बल्लेबाज वैभव सूर्यवंशी महेंद्र सिंह धोनी के गोड़ छुअलें आ आईपीएल 2025 सीजन के समापन कइलें। राजस्थान आ चेन्नई सुपर किंग्स के बीच मुकाबला नई दिल्ली के अरुण जेटली स्टेडियम में भइल। वैभव आईपीएल में सबसे युवा खिलाड़ी बाड़ें आ उनकर प्रदर्शन बेहतरीन रहल, जहाँ ऊ 252 रन बनवले। राजस्थान के टीम प्लेऑफ में ना जा सकल, लेकिन ई मैच में ऊ चेन्नई के छव विकेट से हरा देलस। वैभव आ संजू सैमसन के बीच 98 रन के साझेदारी भइल।","CSK vs RR: सानदार पारी के बाद वैभव सूर्यवंशी छुअलें धोनी के गोड़, आसिरबाद के संगे आईपीएल 2025 के कइलें अंत",Positive,joy,के बाद वैभव ने 50 रन बनाने के बाद आउट हो गेलें। राजस्थान रोयल्स आ चेन्‍नई सुप‍र किंग्‍स के बीच आईप‍ीएल २०२५ के अंतिम मैच मंगलवार के दिन नई दिल्‍ली के अरूण जेत्‍ली स्‍टेडियम में खेला गया। १४ साल के युवा बैटस्‍मैन व्‍यव्‍ह सूर्यावंशी ने इस मैच में अपना प्रभाव छोड़ा। वैभव ने मैच में ५० रन स्‍कोर किए। राजस्‍थान ने टॉस्‍स हारे और चेन्न‍ई ने २० ओवर में ८ विकेट के नुकसान पर १८७ रन बना
703f6759711c88a1,"(जेकर नाम चू, चे, चो, ला, ली, लू,ले,लो,अ से सुरू होला) (जेकर नाम से इ,उ,ए, ओ,वा ,वी ,वू ,वे,वो से सुरू होला) आज आर्थिक इस्थिति मजबूत हो सकेला। कहीं से रुकल पईसा मिल सकी। परिवार के संगे समय बितावे के मवका मिली। प्रेम संबंध में मिठास बनल रही। खानपान पs ध्यान दीं, पेट से जुड़ल दिक्कत हो सकेला। (जेकर नाम का,की,कु,घ,ड़,छ, के, को,हा से सुरू होला) आज सोच-समझ के फैसला लेवे के दिन बा। काम में जल्दबाजी नुकसान दे सकेला। नौकरी में बदलाव के जोग बन रहल बा। संघतिया से मदद मिली। सेहत सामान्य रही, बाकिर नींद पूरा करीं। आज मन तनिका भावुक रही। परिवार के बात दिल से लाग सकेला। कामकाज में सहजोग मिली। विद्यार्थी लोगन के पढ़ाई में मन लागी। जतरा के जोग बा, बाकिर सावधानी जरूरी बा। (जेकर नाम मा,मी,मू,मे,मो,टा,टी, टू,टे से सुरू होला) आज मान-सम्मान बढ़े वाला दिन बा। नौकरी आ बेवसाय में तरक्की के संकेत बा। अधिकारी से तारीफ मिल सकेला। परिवार में खुसी के माहौल रही। सेहत बढ़िया रही, बस थकान से बचीं। आज खरचा जादे हो सकेला, बजट संभार के चलीं। काम में मेहनत जादे करीं, फल जरूर मिली। दांपत्य जिनगी में समझदारी जरूरी बा। सेहत में कमर भा जोड़न के दरद परेसान कs सकेला। (जेकर नाम रा,री,रु,रे,रो,ता,ती,तू,ते से सुरू होला) आज दिन संतुलन से भरल रही। कामकाज में सफलता मिली। प्रेम जिनगी में नयापन आई। नौकरीपेशा लोग खातिर दिन अच्छा बा। सेहत ठीक रही, बाकिर तनाव से दूर रहीं। (जेकर नाम तो,ना, नी,नू,ने,नो,या,यी,यूं से सुरू होला) आज साहस बढ़ल रही। मुश्किल काम आसानी से हो जाई। बेयपार में लाभ के जोग बा। परिवार में बुजुर्ग के सलाह काम आई। सेहत ठीक रही, बस तेज वाहन से बचीं। आज भाग्य साथ दी। रुकल काम पूरा हो सकेला। नौकरी में तरक्की के जोग बा। धार्मिक काम में मन लागी। जतरा से फायदा हो सकेला। सेहत सामान्य रही। (जेकर नाम भो,जा, जी,खी,खू,खे,खो,गा,गी से सुरू होला) आज जिम्मेदारी बढ़े वाला बा। काम में दबाव रही, बाकिर परिणाम अच्छा आई। परिवार के संगे समय कम मिली। सेहत में सिरदर्द भा थकान हो सकेला, आराम जरूरी बा। (जेकर नाम गू, गे,गो,सा,सी,सू, से,सो,दा से सुरू होला) आज नया योजना बने के दिन बा। संघतिया के संगे मिल के काम करीं, फायदा मिली। प्रेम संबंध मजबूत होई। आर्थिक इस्थिति ठीक रही। सेहत बढ़िया रही। आज मन शांत रही। कामकाज में इस्थिरता आई। परिवार के संगे सुखद समय बीती। कला आ रचनात्मक काम से जुड़े लोगन के लाभ मिली। सेहत ठीक रही, बस ठंड से बचीं।","आज आर्थिक स्थिति मजबूत हो सकेला आ परिवार के संगे समय बितावे के मौका मिली। प्रेम संबंध में मिठास बनी रही, जबकि खानपान पर ध्यान देवे के जरूरत बा। काम में जल्दबाजी नुकसान पहुँचा सकेला, एह से सोच-समझ के फैसला लेवे के दिन बा। नौकरी आ व्यवसाय में तरक्की के संकेत बा, आ परिवार में खुसी के माहौल रही। सेहत सामान्य रही, लेकिन थकान से बचल जरूरी बा।",09 फरवरी 2026 के राशिफल,Positive,joy,िक कार्यो में भागीदारी के मौका मिलल। नई चीजें सीखी। मनोरंजन के लिए समय निकालल।
f0eb3830b0dec84a,"छपरा। बहुचर्चित अशोक सिंह हत्याकांड में आजीवन कारावास सजाप्राप्त आ हजारीबाग जेल में बंद बिहार के महराजगंज के पूर्व सांसद प्रभुनाथ सिंह के 11 साल बाद एगो आउर ममिला में बड़ राहत मिलल बा। छपरा व्यवहार न्यायालय के विशेष MP-MLA कोर्ट 2014 के आदर्श आचार संहिता उल्लंघन वाला ममिला में साक्ष्य के अभाव में उनका के बरी कs देलस। कोर्ट के एह फैसला के बाद प्रभुनाथ सिंह के समर्थकन उत्साह बा। छपरा इस्थित MP-MLA कोर्ट सह ACJM प्रथम संजय कुमार के अदालत, नगर थाना कांड संख्या 121/14 आ विचारण संख्या 05/25 में मशरख थाना क्षेत्र निवासी आ पूर्व सांसद प्रभुनाथ सिंह के संगे उनकर निजी सचिव जितेंद्र कुमार सिंह के आरोपमुक्त कs देलस। अदालत कहलस कि अभियोजन पक्ष लगावल आरोप के साबित करे में नाकाम रहल, एह चलते दुनो अभियुक्तन के संदेह के लाभ देत बरी कइल जा रहल बा। असल में ई ममिला साल 2014 के लोकसभा चुनाव से जुड़ल बा। 15 अप्रिल 2014 के महाराजगंज लोकसभा सीट से राजद उम्मीदवार रहल प्रभुनाथ सिंह अपना समर्थकन के संगे नामांकन करे खातिर सारण जिला मुख्यालय के समाहरणालय परिसर पहुंचल रहस। ओह समय नगर पालिका चौक इस्थित संग्रहालय के लगे प्रशासन बांस आ बल्ला से सड़क पs बैरिकेडिंग कइले रहे। आरोप रहे कि प्रभुनाथ सिंह आ उनकर समर्थक बैरिकेडिंग तुड़ के संग्रहालय परिसर में घुस गइल लोग, जवना के आदर्श आचार संहिता के उल्लंघन मानल गइल। एह घटना के बाद तत्कालीन सारण के उपसमाहर्ता शैलेंद्र कुमार के बयान पs नगर थाना में FIR दर्ज भइल रहे। हालांकि, ई ममिला कइयन साल से कोर्ट में लंबित चलत रहे, जवना में अब जाके फैसला आइल बा। सुनवाई के दौरान अभियोजन पक्ष आपन दलील रखलस, जबकि बचाव पक्ष के ओर से वरिष्ठ अधिवक्ता पुंडरीक बिहारी सहाय आ दीपक कुमार सिन्हा मजबूती से बहस कइल लोग। एह दौरान पूर्व सांसद प्रभुनाथ सिंह हजारीबाग केंद्रीय कारागार से वीडियो कॉन्फ्रेंसिंग के माध्यम से कोर्ट में पेश भइलें। कोर्ट उपलब्ध साक्ष्य आ गवाहन के बयान के गहराई से अध्ययन कइला के बाद अभियोजन के आरोप के असिद्ध मनलस आ फैसला सुनावत दुनो अभियुक्तन के बरी कs देलस। एह फैसला के बाद प्रभुनाथ सिंह के समर्थक लोग एकरा के “न्याय के जीत” बतावत जश्न मनावल। एकरा संगही राजनीतिक गलियारा में एह निर्णय के लेके तरे-तरे के चरचा तेज हो गइल बा। हालांकि, हत्या के ममिला में पहिलही से सजा मिलला के कारण प्रभुनाथ सिंह के अभी जेल से रिहाई ना होई।","छपरा। बहुचर्चित अशोक सिंह हत्याकांड में सजाप्राप्त पूर्व सांसद प्रभुनाथ सिंह के 11 साल बाद एगो आउर ममिला में राहत मिलल बा। छपरा व्यवहार न्यायालय के विशेष MP-MLA कोर्ट 2014 के आदर्श आचार संहिता उल्लंघन वाला ममिला में साक्ष्य के अभाव में उनकर बरी कइलस। कोर्ट कहलस कि अभियोजन पक्ष आरोप साबित करे में नाकाम रहल। एह फैसला के बाद प्रभुनाथ सिंह के समर्थक लोग जश्न मनावत बा, लेकिन हत्या के ममिला में सजाप्राप्त होखला के कारण ऊ अभी जेल में बाड़ें।","Prabhunath Singh : जेल में बंद महराजगंज के पूर्व सांसद प्रभुनाथ सिंह आदर्श आचार संहिता उल्लंघन ममिला में बरी, जानीं एकरा बादो जेल से काहे ना आ सकिहें बाहर",Positive,joy,सल आल। **भोजपुरि समाचार के ८०-१०० शब्दन का सारंश:** छपरे के एक्स्ट्रै MP- MLA कोर्ट ने साल २०१४ के एक मकसद में पूर्व साँसद प्रभुनारथ सिंह को बरी कर दिले बा। प्रभुनार्थ सिंह के ऊपर आदर्श अचार संहिते के उललंगन का आकस था। उनके साथ उनका निजी सेक्रेटरी जितेन्द्र कुमार सिंघ भी बरी हो गइले। कोर्ट के फैसले के बाद उनका समर्थकों में खुशी बा। २०१४ के लोकसभ चुनाव के समय प्रभु नाथ सिंह अपने समर्थन के साथ सारण जिले के मुख्‍यालय पर नामांंकन
29f3e620eb6b5926,"हरियाणा विधानसभा बुध के दिने एगो महत्वपूर्ण विधेयक पारित कइलस. जवना के मकसद राज्य में ट्रैवल एजेंटन के अवैध गतिविधि पs लगाम लगावल बा. एह विधेयक के तहत अब बिना रजिस्ट्रेशन के ट्रैवल एजेंसियन के संचालन दंडनीय अपराध मानल जाई. मुख्यमंत्री नायब सिंह सैनी कहले कि राज्य सरकार के इs साफ मंशा बा कि युवा के भविष्य के संगे खेलेवाला कवनो ट्रैवल एजेंट के कानूनी कार्रवाई के सामना करे के पड़ी। मुख्यमंत्री 18 मार्च के विधानसभा में “हरियाना ट्रैवल एजेंट रजिस्ट्रेशन एंड रेगुलेशन बिल, 2025” नाम के एs विधेयक के पेश कईले रहले। बिना रजिस्ट्रेशन के ट्रैवल एजेंसी चलावल दंडनीय अपराध होई। एह विधेयक के पारित होखे से पहिले सदन में लमहर चरचा भइल रहे जवना में विपक्षी कांग्रेस के कहल बा कि एकरा के चुनिंदा समिति में भेज के कई गो सुझाव शामिल कइल जाव. हालांकि अंत में इs विधेयक बहुमत से पारित हो गईल। ई घटना अमेरिका के ओर से अवैध भारतीय आप्रवासी के देश निकाला के बीच भईल बा। एहमें से बहुते लोग पंजाब आ हरियाणा के रहे जवन ‘डंकी रूट’ से अमेरिका में घुसल रहे. ‘डंकी रूट’ कवनो देश में घुसे के गैरकानूनी आ जोखिम भरल तरीका हs जवना के इस्तेमाल ट्रैवल एजेंट लोग के विदेश भेजे खातिर करेला. एह विधेयक के माध्यम से हरियाणा सरकार इs सुनिश्चित करे के कोशिश कईले बिया कि राज्य के नागरिक के अयीसन धोखाधड़ी अवुरी गैरकानूनी काम से बचावल जा सके। अवैध गतिविधि रोके के प्रावधान एह विधेयक के पहिले हरियाणा ट्रैवल एजेंट रजिस्ट्रेशन एंड रेगुलेशन बिल, 2024 के रूप में प्रस्तावित कइल गइल रहे, लेकिन केंद्र सरकार के कुछ आपत्ति जतावे के बाद एकरा के वापस ले लिहल गईल। सरकार कहले रहे कि नया बनावल आपराधिक कानून के ध्यान में राखत नया विधेयक पेश करी। बुध के दिने सदन में पारित एह विधेयक में ट्रैवल एजेंटन के पारदर्शिता आ जवाबदेही सुनिश्चित करे के साथे साथ ओह लोग के गैरकानूनी आ धोखाधड़ी वाला गतिविधियन के रोके के प्रावधान शामिल बा.","हरियाणा विधानसभा बुध के दिने एगो महत्वपूर्ण विधेयक पारित कइलस, जवना के मकसद ट्रैवल एजेंटन के अवैध गतिविधि पs लगाम लगावल बा। मुख्यमंत्री नायब सिंह सैनी कहलन कि बिना रजिस्ट्रेशन के ट्रैवल एजेंसी चलावल अब दंडनीय अपराध होई। ई विधेयक पारित होखे से पहिले सदन में लमहर चरचा भइल, लेकिन अंत में बहुमत से पारित हो गईल। हरियाणा सरकार इs सुनिश्चित करे के कोशिश कईले बिया कि नागरिक के धोखाधड़ी आ गैरकानूनी काम से बचावल जा सके।","‘डंकी रूट’ पs सख्त भइल हरियाणा सरकार, पकड़ल जइले पs एजेंट के खैर नाहीं",Positive,neutral,ने फिर से एह बिल को संशोधित करके पेश करील। **भोजपुर भाषामे सारंश:** हरियाणामे बुधवार के दिन एगो अहम् विधायेक पारित भया। एह विधायक के उद्देश्य राज्य में चलल रहे ट्रावल एजंटन के अनधिकृत कामकाज पर रोक लगावना बा। अब बिना पंजीकरण के ट्रावेल एजंसी चलावना दंडनिय अपराद मानल जाएल। मुख्यमंत्री मनोहर लाल खट्टर कहलें की सरकार के मंसूबा बा की युवाओं के भविस्य के साथ खिलवाड़ करेवाले कुनै भी ट्रावल एजेन्ट को कानून के हिसाब से सज़ा मिले। विधायक
b6a615e6d1148f09,"प्रयागराज। मौनी अमावस्या के स्नान परब पs माघ मेला क्षेत्र में नियम तुड़े के ममिला थमत नजर नइखे आ रहल। प्रयागराज मेला प्राधिकरण श्री शंकराचार्य आश्रम आ बद्रीनाथ हिमालय सेवा शिविर के संचालकन के कारण बताओ नोटिस जारी कइले बा। ई दुनो शिविर स्वामी अविमुक्तेश्वरानंद से जुड़ल बतावल जा रहल बा। प्राधिकरण के आरोप बा कि साफ-साफ प्रतिबंध होखला के बावजूद स्वामी अविमुक्तेश्वरानंद आ उनकर शिष्य पालकी रथ यात्रा के संगे संगम स्नान खातिर निकलल रहे लोग। 18 जनवरी के आरक्षित श्रेणी पीपा नंबर-दु पs लागल बैरियर तुड़ के बिना अनुमति वाहन सहित संगम अपर मार्ग से प्रवेश कइल गइल। मेला प्रशासन नोटिस में कहले बा कि मौनी अमावस्या के दिन स्नान करे वाला श्रद्धालुन के बहुते भीड़ रहे। एह दिन खाली पैदल आवागमन के इजाजत रहे। अइसन संवेदनशील समय में वाहन घुसावे से अफरा-तफरी मचल आ भगदड़ जइसन हालात बन सकेला। एकरा से लाखन श्रद्धालुन के जान-माल के सुरक्षा पs खतरा पैदा भइल। प्राधिकरण के कहनाम बा कि एह हरकत से माघ मेला के पूरा बेवस्था बिगड़ गइल आ भीड़ प्रबंधन में गंभीर परेसानी आइल। एकरा अलावे, सुप्रीम कोर्ट के रोक लगला के बादो खुद के शंकराचार्य बतावत मेला क्षेत्र में बोर्ड, होर्डिंग आ साइनबोर्ड लगावल गइल। नोटिस में एह कदम के सर्वोच्च न्यायालय के आदेस के खुला उल्लंघन बतावल गइल बा। मेला प्राधिकरण 24 घंटा के भीतर स्पष्टीकरण मंगले बा। साफ चेतावनी दिहल गइल बा कि जदि तय समय में जवाब ना मिलल, तs संस्था के मिल रहल सुविधा आ भूमि आवंटन रद्द कइल जा सकेला आ स्थायी रूप से मेला क्षेत्र में प्रवेश पs प्रतिबंध लगा दिहल जाई। ओने, स्वामी अविमुक्तेश्वरानंद के मीडिया प्रभारी शैलेंद्र सरकार के कहनाम बा कि सरकार बदला के भावना से कार्रवाई कs रहल बिया। ओह लोगन के आरोप बा कि बिना जानकारी देले शिविर के पीछे देवाल पs बैक डेट में नोटिस चस्पा कइल गइल। कर्मचारियन से जानकारी मिलला के बाद जवाब तइयार कइल जा रहल बा, जवन जल्दिये प्राधिकरण के भेज दिहल जाई।",प्रयागराज में मौनी अमावस्या के स्नान परब पर माघ मेला क्षेत्र में नियम तुड़ला के मामला सामने आइल बा। मेला प्राधिकरण श्री शंकराचार्य आश्रम आ बद्रीनाथ हिमालय सेवा शिविर के कारण बताओ नोटिस जारी कइले बा। आरोप बा कि स्वामी अविमुक्तेश्वरानंद आ उनकर शिष्य बिना अनुमति के संगम स्नान खातिर निकलल रहलें। मेला प्रशासन के कहना बा कि ई हरकत से श्रद्धालुन के जान-माल के सुरक्षा पर खतरा पैदा भइल आ मेला के व्यवस्था बिगड़ गइल। स्वामी अविमुक्तेश्वरानंद के मीडिया प्रभारी कहले बाड़न कि सरकार बदला के भावना से कार्रवाई क रहल बिया।,"Magh Mela Prayagraj : स्वामी अविमुक्तेश्वरानंद के बढ़ल मुश्किल, माघ मेला प्राधिकरण एगो आउर नोटिस थमवलस, स्थायी प्रतिबंध के चेतावनी",Negative,anger,"ल। **भोजपुरि भाषा में सारंश:** मौनी अमवस्या पर प्रयाग्रज मेले में नियम तोड़ के मामला में मेला प्रधिकरण ने श्री शंकर आचार्य और बद्रीनारायण हिलाल सेवा शिवर के प्रमुख स्वामी अविमुक्तेश्‍वरानंद के खिलाफ कार्रवाई की है। प्राधिकरण का कहना है कि शंकाचार्य के शिष्यों ने प्रतिबंध के बाद भी पालकी यात्रा निकालकर संगम में स्‍नान करवाया। उनके साथ अनुमति के बिना वाहनों का प्रवेश भी किया गया। मेला प्रधानिकरण ने कहा है कि इस तरह की गतिविधियों से भीड़भाड़ बढ़ी और लोगों की सुरक्षा खतरे में पड़ गई। इसके साथ ही, सुप्रिम को"
03d470ffde306d87,"लेबनान के कई शहरन में सीरियल पेजर धमाका से सनसनी पैदा हो गइल बा। आतंकी संगठन हिजबुल्लाह के हजारन सदस्यन के पेजर में भइल धमाका में 20 लोग के मौत हो गइल। हिजबुल्लाह के आरोप बा कि एह हमला में इजरायल के हाथ रहे। संगही अब एकर केरल कनेक्शनो सोझा आ गइल बा। असल में हिजबुल्लाह के लड़ाकू संदेश के माध्यम से संवाद करे खातिर पेजर के इस्तेमाल करेले, जवना में विस्फोट के बाद इजरायल के शामिल होखे के जिम्मेदार ठहरावल गइल। आरोप बा कि इजरायल पेजर बनावे वाली कंपनी के सहयोग से एकरा में कुछ विस्फोटक सामग्री डलले रहे। एह हमला में कई गो शेल कंपनी के नांव सामने आ रहल बा, ओमें से एगो के संस्थापक केरल में जनमल भारतीय आदमी हउवें। हंगरी के एगो मीडिया के मुताबिक, पेजर सौदा में बुल्गारिया के एगो कंपनी नोर्टा ग्लोबल लिमिटेड भी शामिल रहे। एह कंपनी के संस्थापक नार्वे के नागरिक रिनसन जोस हउवें जिनकर शामिल होखे के जाँच कइल जा रहल बा। रिनसन जोस मूल रूप से केरल के वायनाड के मनंतावाडी के रहे वाला हउवें। इंडिया टुडे के रिपोर्ट के मुताबिक रिनसन जोस के जनम वायनाड में भइल रहे आ उ एमबीए पूरा कइला के बाद नार्वे चल गइले। बहुत खबर के मुताबिक इजरायल ए हमला में हिजबुल्लाह के संगे खेल खेलले बा। इजरायल एह हमला में कई गो गोलाबारी कंपनी के इस्तेमाल कइलस, जवना से हिजबुल्लाह एह जाँच में अझुरा सके। शुरू में इहे भइल रहे आ हिजबुल्लाह एकरा खातिर ताइवान के कंपनी गोल्ड अपोलो के जिम्मेदार ठहरवले रहे। हालांकि बाद में कंपनी साफ कइलस कि जवन पेजर ब्लास्ट भईल बा उऽ ओकर ना ह।","लेबनान में सीरियल पेजर धमाका से हंगामा मच गइल बा, जवना में हिजबुल्लाह के हजारन सदस्यन के पेजर में 20 लोग के मौत हो गइल। हिजबुल्लाह इजरायल पर आरोप लगावत बा कि उ एह हमला में शामिल रहल। पेजर के इस्तेमाल के चलते इजरायल के कुछ गोलाबारी कंपनी के नाम सामने आ रहल बा, जिनमें से एगो के संस्थापक केरल के हउवें। रिपोर्ट के मुताबिक, इजरायल एह हमला में हिजबुल्लाह के संगे खेल खेलले बा।",Pager Blast: लेबनान में पेजर ब्लास्ट के मिलल केरल कनेक्शन,Negative,sadness,रा भाषामध्ये लेख के ८०-१०० शब्दांच्या संक्षेपात लिहा. **उदाहरण:** हिज्बुल्लह के सदस्यों के लिए बनाए गए पेजर्स में हुए धमाके से कई लोग मारे गए हैं। इस हमले के लिए इज़राइल को दोषी ठहराया जा रहा है। **नोट:** कृपया ध्यान रखें कि यह सिर्फ एक उदाहरण है। आपको लेख के आधार पर ही संक्षिप्त करना होगा।
fc46e18fc2d2e56f,"स्पोर्ट्स डेस्क: भारतीय टीम इंग्लैंड पहुंचला के संगही टेस्ट सीरीज के तइयारी सुरू कs देले बिया। कप्तान शुभमन गिल आ मुख्य कोच गौतम गंभीर के अगुआई में भारतीय टीम सनीचर के इंग्लैंड पहुंचल रहे। भारत आ इंग्लैंड के बीच 20 जून से पांच मैचन के टेस्ट सीरीज होखे के बा। रोहित शर्मा आ विराट कोहली के लाल गेना के प्रारूप से संन्यास लेला के बाद टीम इंडिया के ई पहिला द्विपक्षीय सीरीज बा। एह सीरीज के संगही भारतीय टीम विश्व टेस्ट चैंपियनशिप (डब्ल्यूटीसी) के नया चक्र के सुरुआत करी। भारतीय टीम इंग्लैंड के खिलाफ शुभमन गिल के कप्तानी में खेले उतरी। गिल के रोहित शर्मा के जगह टेस्ट टीम के कप्तान बनावल गइल बा। ऋषभ पंत एह सीरीज में उपकप्तान के भूमिका में होइहें। भारत आ इंग्लैंड के बीच पांच मैचन के सीरीज के पहिला टेस्ट 20 जून से लीड्स में खेलल जाई। एह सीरीज के संगही भारत के नया विश्व टेस्ट चैंपियनशिप चक्र (2025-27) के सुरुआत हो जाई। भारतीय क्रिकेट कंट्रोल बोर्ड (बीसीसीआई) एक्स पs एगो वीडियो शेयर कइले बा जेमे भारतीय टीम कोच गंभीर के देखरेख में अभ्यास करत नजर आ रहल बा। एह दौरान गिल अभ्यास करत लउकत दिख रहल बाड़ें। वीडियो में दिख रहल बा कि भारतीय खिलाड़ी वॉर्म-अप कइल लोग आ फेर फील्डिंग अभ्यासो करत लउकल लो। एह दौरान टीम के खिलाड़ी फुटबॉल खेले के आनंद लिहल लोग। गंभीर पूरा सत्र के दौरान खिलाड़ियन पs नजर रख रहल बा लोग आ ऊ कुछ खिलाड़ियन से बातो कइलें। राहत के बात ई बा कि अभ्यास में तेज गेंदबाज जसप्रीत बुमराह ने हिस्सा लेलें। बुमराह के कार्यभार प्रबंध चिंता के विषय रहेला। भारत के टेस्ट सीरीज से पहिले 13 से 16 जून तक बेकेनहैम के केंट काउंटी क्रिकेट ग्राउंड में इंट्रा स्क्वाड मैच खेले के बा। गिल नया जिम्मेदारियन खातिर तइयार बाड़ें, बाकिर उनका सामने चुनौती बड़ बा। गिल आ मुख्य कोच गौतम गंभीर के नेतृत्व में भारतीय टेस्ट टीम बदलाव के दौर से गुजरल बिया आ अब ओकरा नतीजा देवे के होई। दरअसल, भारत 2007 के बाद से इंग्लैंड में कवनो टेस्ट सीरीज नइखे जीतले, अइसन में सभे के मन में इहे सवाल उठ रहल बा कि का गिल-गंभीर के ई जोड़ी 18 साल के सूखा समाप्त कs पाई? भारत आखिरी बेर 2007 में राहुल द्रविड़ के कप्तानी में इंग्लैंड के खिलाफ ओकरा घर में टेस्ट सीरीज जीतले रहे। ओह वक्त तीन मैचन के सीरीज में भारत 1-0 से जीत दर्ज करे में सफल रहल रहे। 2007 के बाद से भारतीय टीम चार बेर इंग्लैंड दौरा पs गइल, बाकिर जीत के स्वाद ना चख सकल। शुभमन गिल (कप्तान), ऋषभ पंत (उपकप्तान), यशस्वी जायसवाल, केएल राहुल, साई सुदर्शन, अभिमन्यु ईश्वरन, करुण नायर, नीतीश रेड्डी, रवींद्र जडेजा, ध्रुव जुरेल, वॉशिंगटन सुंदर, शार्दुल ठाकुर, जसप्रीत बुमराह, मोहम्मद सिराज, प्रसिद्ध कृष्णा, आकाश दीप, अर्शदीप सिंह, कुलदीप यादव।",भारतीय टीम इंग्लैंड पहुंच के टेस्ट सीरीज के तइयारी शुरू कइले बिया। कप्तान शुभमन गिल आ मुख्य कोच गौतम गंभीर के अगुआई में टीम 20 जून से पांच मैचन के टेस्ट सीरीज खेले जाई। ई सीरीज भारत के नया विश्व टेस्ट चैंपियनशिप चक्र के सुरुआत करी। गिल आ गंभीर के नेतृत्व में भारतीय टीम बदलाव के दौर से गुजर रहल बा आ 2007 के बाद से इंग्लैंड में कवनो टेस्ट सीरीज ना जीतल बा। अभ्यास में तेज गेंदबाज जसप्रीत बुमराह भी शामिल रहलें।,"IND vs ENG: इंग्लैंड पहुंचतही तइयारियन में जुटल भारतीय टीम, फील्डिंग अभ्यास कइलस",Positive,joy,"ंटी ग्राउंड में एक प्रैक्टिस मैच खेले जाईल। ## भारतीय टीम 19 जून को इंगलैंड पहुँचल रहे बा। भारत और इंग्‍लैंड के बिच पांचा मैचों की टेस्‍ट सीरिज 2o जून से शुरू होई। रोहित शर्मो और विरात कोह्‍ली के बाद शुभमण गिल पहिला बार टेस्ट कप्‍तान के रूप में खेलत रहे। उनके साथ ऋष्‍भ पंत्‍त उप-कप्‍तानी करत रहें। पहिला मैच लीड्‍स में खेला जाई, जहाँ से नया डब्लूटीसी चक्र भी शुरू हो जायेगा। टीम इंग्रैंड में अभ्‍यास करत रहे बा,"
4b3bf5c6d543fc76,"भारत में जियो आ Confluent कंपनी डेटा स्ट्रीमिंग के क्षेत्र में साझेदारी कs रहल बिया। एह साझेदारी के उद्देश्य जियो क्लाउड सर्विस पs Confluent Cloud के उपलब्ध करावल बा, जवना से बिजनेस के रियल-टाइम डेटा स्ट्रीमिंग में मदद मिली। एकरा अलावे, अमेरिकन एआई चैटबॉट DeepSeek AI के अमेरिका में प्रतिबंधित कइल जा सकत बा।डेटा स्ट्रीमिंग डेटा के निरंतर फ्लो बा काहेकि ई उत्पन्न होला। पार्टनरशिप के संगे, Confluent Cloud बहुते जल्दी जियो क्लाउड सर्विस पs उपलब्ध होई। एकरा मदद से कवनो बिजनेस खातिर डेटा स्ट्रीमिंग के इस्तेमाल कs सकत बा। Confluent Cloud पहिले से Amazon Web Services (AWS), Google Cloud आ Microsoft Azure पs उपलब्ध बा। देस के कंज्यूमर्स खातिर Confluent Platform एगो मैनेज सर्विस के तरे उपलब्ध होई। एमे कंज्यूमर, एंटरप्राइज सहित पब्लिक सेक्टर के सामिल कइल जाई। किरण थॉमस, प्रेसिडेंट आ CEO, Jio Platforms Limited कहलस, ‘हमनी के भारत तेजी से बदलाव के दौर में बा आ कंज्यूमर इंटरेस्ट में आगे रहला खातिर डेटा स्ट्रीमिंग अब व्यवसायन खातिर जरूरी हो गइल बा, जेमे AI में हो रहल प्रगतियो सामिल बा, “हमनी के Confluent के संगे साझेदारी कs के उत्साहित बानी सs, जवन एह क्षेत्र में अग्रणी बा, ताकि हमनी के ग्राहक रियल-टाइम आ इंटेलिजेंट क्षमता के सक्षम कs सके, जवना के सभे के उम्मीद होत बा। चाइनीज एआई चैटबॉट DeepSeek AI के अमेरिका में बैन करे के योजना बा। संगही बैन के बावजूद अगर DeepSeek के इस्तेमाल कइल जाला, तs अइसन करे वालन पs जुर्माना लगावे के संगे जेल भेजल जा सकत बा। जबकि अमेरिका के तरफ से खुद OpenAI के बढ़ावा दिहल जा रहल बा। अमेरिका के टॉप कंपनियो एह लड़ाई में आमने-सामने नजर आ रहल बा। Google, Microsoft के एमे लड़ाई हो रहल बा।","भारत में जियो आ Confluent कंपनी डेटा स्ट्रीमिंग के क्षेत्र में साझेदारी कs रहल बिया। एह साझेदारी के तहत जियो क्लाउड सर्विस पs Confluent Cloud के उपलब्ध करावल जाई, जवना से बिजनेस के रियल-टाइम डेटा स्ट्रीमिंग में मदद मिली। किरण थॉमस, Jio Platforms Limited के प्रेसिडेंट आ CEO कहलस कि डेटा स्ट्रीमिंग अब व्यवसायन खातिर जरूरी हो गइल बा। अमेरिका में चाइनीज एआई चैटबॉट DeepSeek AI के बैन करे के योजना बा, आ अगर इस्तेमाल कइल जाला त जुर्माना आ जेल के सजा हो सकेला।","Jio के संगे आई अमेरिकी कंपनी Confluent, AI में मिली मदद, डेटा स्ट्रीमिंगो पs काम सुरू",Positive,joy,"रा भाषां में समाचार राउआ: जियो आ कनफ्लुएंट कम्पनी के बिच में डाटा स्ट्रिमिंग के ख्याल से एगो साझा करार हो गेल बा। एहिसे जियोक्लाउड सेवा में कनफलुएंट क्लाऊड उपलब्ध हो जायेगा, जे बिज़नेसन के रीयल टाइम में डेटा का प्रवाह में मदद करेगा। कनफ़्लुएँट क्लावुड पहले से ही अमेज़न, गूगल आ माइक्रोसॉफ्ट के सेवा में मौजूद बा, अब जियो के साथ मिल के भारत में भी उपलब्ध होत रहेगा। अमेरिका मे चीन के एक एआइ चेटबॉट, डीपसीक आआइ के इस्तेमाल पर बैन लगाने की योजना बा, अगर कोई इस"
81842c112de5290a,अमेरिका के नेवता पs वाशिंगटन पहुंचलन पाकिस्तान के सेना प्रमुख असीम मुनीर के एगो बड़ अपमान के सामना करे के पड़ल। वाशिंगटन में दर्जनों पाकिस्तानी-अमेरिकी जनरल असीम मुनीर के खिलाफ कड़ा विरोध प्रदर्शन कईले। अमेरिकी सेना के परेड के दौरान पाकिस्तानी मुनीर के खिलाफ विरोध कईले अवुरी मुनीर के खिलाफ नारा लगवले।,अमेरिका के नेवता पs वाशिंगटन पहुंचलन पाकिस्तान के सेना प्रमुख असीम मुनीर के एगो बड़ अपमान के सामना करे के पड़ल। वाशिंगटन में दर्जनों पाकिस्तानी-अमेरिकी जनरल असीम मुनीर के खिलाफ कड़ा विरोध प्रदर्शन कईले। अमेरिकी सेना के परेड के दौरान मुनीर के खिलाफ नारा लगवले।,"अमेरिका में असीम मुनीर के भइल भारी बेइज्जती, पाकिस्तानी ही कइलस आर्मी चीफ के खिलाफ विरोध प्रदर्शन",Negative,anger,"वाशिंग्टन में अमेरिका की सेना में एक परेड चल रही रहे। उस परेड में भाग लेलन पड़ल बाकिस्तानाच्या सेनाच्या प्रमुख असिम मुनिअर। परिणामस्वरूप, अमेरिकन जनरल्स आणि अमेरिकेच्या लोकांनी त्यांच्या विरोधात मोठा विरोध केला. त्यांनी नारे लावले आणि त्यांना अपमानित केले."
4d7d35ce59e4814c,"FIFA World Cup 2022 में आज 8 गो टीम अपना अभियान लेट आगाज करी। भारतीय समय के मोताबिक 10 घंटा के भीतरी 4 मैच खेलल जाई, जेमे ई सब टीम अपना दांव पेंच के आजमावत लउकिहे सs। फुटबॉल के दिवानन खातिर सबसे अच्छा खबर ई बा कि फीफा वर्ल्ड कप 2022 में अपना फेवरेट रोनाल्डो आ नेमार के देखे के ओह लो के इंतजार आज ओरा जाई। अइसन एहसे काहेकि आज से फुटबॉल के महाकुंभ में पुर्तगाल आ ब्राजील के उतर रहल बाड़ी सs। पुर्तगाल आ ब्राजील के मैदान पs उतरला के मतलब बा क्रिस्टियानो रोनाल्डो आ नेमार के खेलल। बहरहाल, एह दु देसन के अलावे स्विट्जरलैंड, कैमरून, साउथ कोरिया, उरुग्वे, घाना आ सर्बिया बाकी ऊ 6 देस बा, जवन आज मैदान में होई। एमे पुर्तगाल अपना अभियान के आगाज घाना के खिलाफ करी। जबकि ब्राजील के सर्बियाई चुनौती से पार पावे के होई। फीफा वर्ल्ड कप में बियफे के 4 गो मुकाबला खेलल जाई। दिन के पहिला मुकाबला स्विट्जरलैंड आ कैमरून के बीच, दूसरका मुकाबला उरुग्वे आ साउथ कोरिया, तीसरा मुकाबला पुर्तगाल आ घाना के बीच जबकि अन्तिम मैच में देर रात ब्राजील आ सर्बिया आमने सामने होई। स्विट्जरलैंड आ कैमरून के बीच फीफा वर्ल्ड कप के मुकाबला 24 नवंबर के खेलल जाई। एही दिन उरुग्वे VS साउथ कोरिया आ पुर्तगाल VS घाना के बीचे मुकाबला खेलल जाई। एकरा अलावे चौथा मैच भारतीय समय से 25 नवंबर के तारीख में ब्राजील आ सर्बिया के बीच खेलल जाई। भारतीय समय के मोताबिक स्विट्जरलैंड आ कैमरून के बीचे मुकाबला दोपहर के 3:30 बजे से सुरू होई। एकरा अलावे उरुग्वे VS साउथ कोरिया के मैच सांझ के साढ़े 6 बजे से, रात के साढ़े 9 बजे से पुर्तगाल VS घाना के मैच खेलल जाई। जबकि ब्राजील आ सर्बिया के टक्कर देर रात साढ़े 12 बजे से होई। फीफा वर्ल्ड कप में बियफे के खेलल जाये वाला चारों मुकाबलन के लाइव टेलीकास्ट Sports18 आ Sports18 HD पs होई। फीफा वर्ल्ड कप के मुकाबलन के लाइव स्ट्रीमिंग जियो सिनेमा ऐप पs कइल जाई।","FIFA World Cup 2022 में आज 8 गो टीम अपना अभियान शुरू करी। भारतीय समय के अनुसार 10 घंटा के भीतरी 4 मैच खेलल जाई, जेमे पुर्तगाल आ ब्राजील के खेलल देखे के इंतजार बा। पुर्तगाल घाना के खिलाफ आ ब्राजील सर्बिया के खिलाफ मैदान पs उतरी। आज के मुकाबला में स्विट्जरलैंड आ कैमरून, उरुग्वे आ साउथ कोरिया, पुर्तगाल आ घाना, आ ब्राजील आ सर्बिया के बीच होई। चारों मुकाबलन के लाइव टेलीकास्ट Sports18 आ Sports18 HD पs होई।","रोनाल्डो, नेमार के आज लउकी जलवा, 10 घंटा में होई 4 मैच, जानीं कहां देखल जा सकी?",Positive,joy,"शुरू होई, जबकि पुर्तागल VS घना के मुक़ाबला रात के 9 बजे के बाद से सुरु होई. ब्राज़ील VS सर्बीया के बीच का मैच रात को 12 बजे बाद से खेला जाई. ** फीफा विश्व कप २०२२ आज से शुरू भइल बा। भारतीय समय के हिसाब से आज १० घंटे के भीतर ४ मैच खेले जाइहे। पुर्तगल आणि ब्राझील यांचे खेळाडू आज मैदानावर उतरत आहेत, त्यामुळे रोनाल्दो आणि नेमारचे चाहत्यांना आनंद होत आहे. स्वित्झर्लंड, कॅमेरून, दक्षिण कोरीया, उरूगुए, गॅना आणि सर्ब"
72288b0731d59ad8,"स्पोर्ट्स डेस्क : टी20 विश्व कप 2026 के सुपर-8 चरण में भारत के मुकाबला बियफे के चेन्नई इस्थित एमए चिदंबरम स्टेडियम में जिम्बाब्वे से होखे वाला बा। ई मैच दुनो टीम खातिर बहुते अहम मानल जा रहल बा। सेमीफाइनल के रेस में बनल रहे खातिर भारत के ई मुकाबला हर हाल में बड़ अंतर से जीतल जरूरी बा, ताकि नेट रन रेट में सुधार हो सके। ओहिजा, जिम्बाब्वे के लगे खोवे खातिर कुछ खास नइखे, एकरा से ऊ पूरा दम लगा के खेले वाली बिया। सूर्यकुमार यादव के कप्तानी में भारतीय टीम के सुपर-8 के पहिला मैच में दक्षिण अफ्रीका से 76 रन से करारी हार झेले के पड़ल रहे। जसप्रीत बुमराह के छोड़ दीं तs बाकी खिलाड़ी खास असर ना छोड़ पावल लोग। अब जिम्बाब्वे के खिलाफ भारत के हर हाल में जीत हासिल कs के टूर्नामेंट में आपन उम्मीद जिंदा रखे के होई। बल्लेबाजी कोच सितांशु कोटक के प्रेस कॉन्फ्रेंस से इशारा मिल चुकल बा कि प्लेइंग इलेवन में बदलाव हो सकेला। तिलक वर्मा के जगह संजू सैमसन के मवका मिल सकेला, जबकि अक्षर पटेल के वाशिंगटन सुंदर के जगह खेलावे पs विचार हो रहल बा। सिकंदर रजा के अगुआई में जिम्बाब्वे टीम वेस्टइंडीज से हार के बाद दमदार वापसी चाही। टूर्नामेंट में टीम के प्रदर्शन के ब तारीफ भइल बा। ब्रायन बेनेट बढ़िया फॉर्म में बाड़ें, उहें तेज गेंदबाज ब्रैड इवांस, मुजरबानी आ नगारावा भारतीय बल्लेबाजन खातिर खतरा बन सकेला लोग। चेन्नई के पिच बल्लेबाजन खातिर मददगार रहल बा। औसत रन रेट 9 से ऊपर बा, मतलब हाई-स्कोरिंग मैच के पूरा आसार बा। सुरुआती ओवर में तेज गेंदबाजन के हलुका स्विंग मिल सकेला, बाद में स्पिनर असर डाली लोग। मौसम साफ रहला के संभावना बा, बरखा के कवनो खतरा नइखे।","टी20 विश्व कप 2026 के सुपर-8 चरण में भारत के मुकाबला जिम्बाब्वे से चेन्नई के एमए चिदंबरम स्टेडियम में होखे वाला बा। ई मैच भारत खातिर बहुते जरूरी बा, काहे कि सेमीफाइनल के रेस में बने रहे खातिर जीतल जरूरी बा। भारतीय टीम के कप्तान सूर्यकुमार यादव के अगुवाई में पहिले मैच में हार भइल रहे, आ अब जिम्बाब्वे के खिलाफ जीत हासिल कs के उम्मीद जिंदा रखे के होई। जिम्बाब्वे के टीम भी दमदार वापसी के कोशिश में बा, आ चेन्नई के पिच बल्लेबाजन खातिर मददगार साबित हो सकेला।","IND vs ZIM : सुपर-8 में भारत खातिर करs भा मरs के मुकाबला, जिम्बाब्वे से चेन्नई में भिड़ंत",Neutral,neutral,"िनरन के रोल बड़ महत्व रखेला। भारत आणि जिम्‍बाब्‍वे के बीच टी२० वर्ल्‍ड कप २०२६ सुपर ८ चरण का मैच चेन्‍नई के एम.ए. चिदम्‍बरम स्‍टेडियम में खेला जात बा। भारत के लिये यह मैच बहुत अहम बा, क्‍योंकि ओहें सेमीफाइनल्‍स में पहुँचने के लिए ज़रूरी है। भारत ने अपना पहिला सुपर - ८ मैच दक्‍कन अफ्रिका से ७६ रनों से हारा। अब भारत को जिम्बावे से ज़रूर जीतनी पड़ेगी। जिम्‍बावे ने वेस्‍ट इन्‍डिज्‍स को हरा के द"
845c513dfaed15d9,"संयुक्त अरब अमीरात (UAE) के राष्ट्रपति शेख मोहम्मद बिन जायद अल नाहयान फरवरी के आखिर में एगो बड़हन एलान कइले रहले. राष्ट्रपति रमजान से पहिले बड़ पैमाना पs कैदियन के माफ करे के बात कईले रहले। अब रमजान के अंत में 1295 कैदी के रिहा करे के आदेश दिहल गईल बा। खबर के मुताबिक प्रधानमंत्री शेख मोहम्मद बिन राशिद अल मकतूम 1518 कैदी के माफी देवे के घोषणा कईले बाड़े। रिहा भइल लोग में 500 से अधिका भारतीय नागरिकन के भी शामिल कइल गइल बा। एहमें 500 से अधिका भारतीय शामिल बाड़े कैदियन खातिर माफी के एलान फरवरी के आखिर में भइल रहे. प्रधानमंत्री शेख मोहम्मद बिन रशीद अल मकतूम कुल 1518 कैदियन के माफी देबे के एलान कइले बाड़न. जेल से रिहा करे के आदेश दिहल गईल लोग में 500 से जादा भारतीय नागरिक शामिल बाड़े। यूएई के राष्ट्रपति से माफी मिलला के बाद रिहा होखे वाला लोग अपना परिवार के साथे ईद मना सकेलें. यूएई में भारतीयन के संख्या का बा आईं बता दीं कि संयुक्त अरब अमीरात के कुल आबादी के 37.96 प्रतिशत भारतीय लोग बा। दिसंबर 2024 में संयुक्त अरब अमीरात (UAE) में भारतीय लोग के जनसंख्या 35,68,848 (36 लाख) रहल। ई दुनिया के दुसरा सभसे ढेर भारतीय लोग के आबादी वाला देस हवे। यूएई में रहे वाला भारतीयन के देश के हर क्षेत्र के विकास में बेहद योगदान बा।","संयुक्त अरब अमीरात (UAE) के राष्ट्रपति शेख मोहम्मद बिन जायद अल नाहयान फरवरी के आखिर में कैदियन के माफी के एलान कइले रहले। रमजान के अंत में 1295 कैदी के रिहा करे के आदेश दिहल गईल बा, जवना में 500 से अधिका भारतीय नागरिक शामिल बाड़े। प्रधानमंत्री शेख मोहम्मद बिन राशिद अल मकतूम 1518 कैदी के माफी देवे के घोषणा कइले बाड़े। रिहा भइल लोग अपना परिवार के साथे ईद मना सकेलें। यूएई में भारतीय लोग के संख्या कुल आबादी के 37.96 प्रतिशत बा।","UAE के राष्ट्रपति दिहले ईद के तोहफा, 500 भारतीय सहित 1500 से अधिक कैदियन के कइलस रिहा",Positive,joy,"एगो बड़हन खुशखबरी आईल बा! संयुक्त आर्ब अमिरत (यूएई) के नेताओन ने रमज़ान के अंदर 1,29५ कैदीओ के माफ़ी देके रिहा कर दियल बा. राष्ट्रपतिय शेख़ मोहम्‍मद बिन्‍ ज़ायद अ‍ल नहयान के एह आदेश के बाद, प्रधान मन्त्री शेख्‍ मोह्‍मद् बिन् राशिद् अल मुक्तूम ने भी १,५१८ कैदियो के माफ़ी देवे की घोषाना कइली बा. एह माफी में ५०० से ज़्यादा भारतीय भी शामिल बाड़े. एह खबर से भारतीय समुदाय में खुशी की लहर दौड़ गई बा, कयों"
3012656d1dd1593a,"स्पाेर्ट्स डेस्क। महिला प्रीमियर लीग (WPL) में अतवार के दिन दिल्ली कैपिटल्स के तेज गेंदबाज नंदिनी शर्मा इतिहास रच देली। नंदिनी एह टी20 लीग में हैट्रिक लेवे वाली चउथा गेंदबाज बन गइलीं आ रिकॉर्ड बुक में आपन नाम दर्ज करा लेली। नंदिनी से पहिले WPL के हर सीजन में एक-एक हैट्रिक देखे के मिलल रहे। नंदिनी के हैट्रिक WPL 2026 के पहिला हैट्रिक हs। हालांकि, नंदिनी के घातक गेंदबाजी के बादो दिल्ली कैपिटल्स के टीम मुकाबला जीत ना सकल। आईं जानल जावs कि महिला प्रीमियर लीग में कब-कब आ कवन-कवन गेंदबाज हैट्रिक लेले बा लोग। मुंबई इंडियंस के तेज गेंदबाज इस्सी वोंग 2023 में महिला प्रीमियर लीग के इतिहास में पहिला हैट्रिक लेली। ई उपलब्धि ऊ यूपी वॉरियर्स के खिलाफ डीवाई पाटिल स्टेडियम में हासिल कइली। इस्सी वोंग के शिकार बनलीं किरण नवगीर, सिमरन शेख आ सोफी एक्लेस्टोन। एह हैट्रिक से प्लेऑफ मुकाबला के रुख पलट गइल आ मुंबई इंडियंस के अहम जीत मिलल। साल 2024 में दीप्ति शर्मा दिल्ली में खेलल गइल यूपी वॉरियर्स बनाम दिल्ली कैपिटल्स मैच में हैट्रिक लेली। ऊ मेग लेनिंग, अनाबेल सदरलैंड आ अरुंधति रेड्डी के लगातार आउट कइली। दीप्ति के ई हैट्रिक उनका सानदार लाइन-लेंथ, कंट्रोल आ वैरिएशन के बेहतरीन उदाहरण रहे। ऑस्ट्रेलिया के स्टार ऑलराउंडर ग्रेस हैरिस 2025 में बल्ला के संगे-संगे गेना से कमाल कइली। यूपी वॉरियर्स से खेलत बंगलूरू में दिल्ली कैपिटल्स के खिलाफ मुकाबला में निकी प्रसाद, अरुंधति रेड्डी आ मिन्नु मणि के पवेलियन भेज देली। ई हैट्रिक ई साबित कइलस कि टी20 क्रिकेट में ऑलराउंड स्किल केतना बड़ हथियार होला। सबसे ताजा हैट्रिक नंदिनी शर्मा के नावे दर्ज भइल बा। 2026 में डीवाई पाटिल स्टेडियम में दिल्ली कैपिटल्स खातिर खेलत गुजरात जाएंट्स के खिलाफ ऊ ई कारनामा कइलें। नंदिनी लगातार कनिका आहूजा, राजेश्वरी गायकवाड़ आ रेणुका सिंह के आउट कइली। ऊ चार ओवर में 33 रन देके 5 विकेट झटकली। हालांकि, एतना सानदार प्रदर्शन के बादाे दिल्ली के टीम मुकाबला हार गइल। एह मुकाबला में गुजरात जाएंट्स 209 रन पs ऑलआउट भइल। टीम खातिर सोफी डिवाइन 42 गेना में 95 रन के धमाकेदार पारी खेलली। कप्तान एश्ले गार्डनर 26 गेना में 49 रन ठोकली। जवाब में दिल्ली कैपिटल्स 205/5 तक पहुंचल, बाकिर आखिरी ओवर में 7 रन पूरा ना कs सकली। दिल्ली खातिर लिजेल ली 54 गेना में 86 रन आ एल वोल्वार्ट 38 गेना में 77 रन बनवली।","महिला प्रीमियर लीग (WPL) में नंदिनी शर्मा इतिहास रच देलीं आ हैट्रिक लेवे वाली चउथा गेंदबाज बन गइलीं। ऊ 2026 में गुजरात जाएंट्स के खिलाफ ई कारनामा कइलें, जबकि दिल्ली कैपिटल्स के टीम मुकाबला हार गइल। नंदिनी के हैट्रिक से पहिले, इस्सी वोंग, दीप्ति शर्मा आ ग्रेस हैरिस भी WPL में हैट्रिक ले चुकल बाड़ी। दिल्ली खातिर लिजेल ली आ एल वोल्वार्ट के शानदार पारी के बावजूद टीम 7 रन से हार गइल।","Nandani Sharma : WPL में हैट्रिक लेवे वाली दुनिया के चउथा गेंदबाज, जानीं केकरा-केकरा के बनवली शिकार; देखीं पूरा लिस्ट",Positive,joy,"तरीक से ग्रेस हारिस ने अपनी बहुमुखी प्रतिभा का परिचय दिलाया। **सारंश:** महिला प्रीमिअर लीग (WPL ) में नंदीनी शर्मा ने इतिहास रच दिया। वो WPL में चौथा गेंदबाज़ बन गइली जिन्होंने हैटरिक लेली। उनके पहले तीन बल्लेबाजों को आउट करके उन्होंने रिकॉर्ड बुक में अपना नाम दर्ज करा लिया। हालांकि, दिल्ली कैपिटल ने यह मैच हार गइल। इस से पहिले"
907ed7a03c1d87a8,"दिल्ली में होखे वाला विधानसभा चुनाव के लेके उत्साह बढ़ गईल बा। आजु आम आदमी पार्टी के पीएसी के एगो महत्वपूर्ण बइठक भइल जवना बाद पार्टी पहिला उम्मीदवारन के सूची जारी कइले बिया. आप के पहिला सूची में कुल 11 उम्मीदवार के नाम शामिल बा। आम आदमी पार्टी दोसरा पार्टी के कई गो नेता लोग के भी टिकट देले बिया। हाल ही में भाजपा छोड़ के आप में शामिल भइल अनिल झा के नाम भी बा। आम आदमी पार्टी जवना नेता के टिकट देले बिया, ओमे ब्रह्म सिंह तंवर अवुरी अनिल झा हाल ही में भाजपा छोड़ के आम आदमी पार्टी में शामिल भईल रहले। बीबी त्यागी भाजपा छोड़ के 5 नवंबर के आम आदमी पार्टी में शामिल हो गईली। जुबेर चौधरी कुछ समय पहिले कांग्रेस छोड़ के आम आदमी पार्टी में शामिल हो गईल रहले। वीर सिंह धिंगान भी कांग्रेस छोड़ के एक हफ्ता पहिले आम आदमी पार्टी में शामिल हो गईल रहले। सोमेश शौकीन भी हाल ही में कांग्रेस छोड़ के आम आदमी पार्टी में शामिल भईल रहले।","दिल्ली में विधानसभा चुनाव के लेके आम आदमी पार्टी के उत्साह बढ़ गइल बा। आजु पार्टी के पीएसी के बइठक के बाद पहिला उम्मीदवारन के सूची जारी कइल गइल बा, जवना में कुल 11 नाम शामिल बा। अनिल झा, ब्रह्म सिंह तंवर, बीबी त्यागी, जुबेर चौधरी, वीर सिंह धिंगान आ सोमेश शौकीन जइसन कई गो नेता लोग भाजपा आ कांग्रेस छोड़ के आम आदमी पार्टी में शामिल भइल बाड़ें।","AAP जारी कइलस उम्मीदवारन के पहिलका लिस्ट, देखी केकरा कहां से मिलल टिकट",Positive,joy,"दिल्‍ली में होलें वाला विध्‍हासभा चनाव के लिए उत्‍साह बढ़ गया बा। आम आदमी पार्‍टी के नेताओं के बीच एगो अहम बैठक भया, जवन के बाद पहिली उम्‍मीदवारा सूची सार्वजनिक कइली गई। सूची में एक्‍कल ११ नाम बा। पार्टी ने दोसर पक्ष के कई नेताओं को टिक्‍ट भी दिलाया। हालाँकि, भाज्‍पा छोड़ के आम्‍आदमी पक्ष में शामिल हुए अनिल ज्‍हा, ब्रह्‍म सिंह तनवर, बी.बी. त्यागी (जो ५ नवंबर को शामिल भया), जुबेरी चौध्धरी, वीर सिंघ धींगान, और सोमेष्‍ शौ"
dc54253d7afeddaa,"स्पाेर्ट्स डेस्क : भारतीय महिला अंडर-19 क्रिकेट टीम लगातार दूसरका बेर टी20 विश्व कप के खिताब जीत लेले बिया। एह टूर्नामेंट के सुरुआत 2023 में भइल रहे आ पहिला संस्करण में भारतीय टीम जीत हासिल कइले रहे। तब टीम इंडिया के कप्तान शेफाली वर्मा रहल रहली। अब दु साल बाद टूर्नामेंट के दूसरका संस्करण में निकी प्रसाद के कप्तानी में भारतीय टीम लगातार दूसरका बेर चैंपियन बनल बिया। टॉस जीतके पहिले बल्लेबाजी करत दक्षिण अफ्रीका के पारी 20 ओवर में 82 रन पs सिमट गइल रहे। जवाब में टीम इंडिया 11.2 ओवर में एक विकेट गंवाके लक्ष्य हासिल कs लिहल। भारत के सीनियर आ जूनियर महिला टीमन के मिलाके 2023 के बाद ई दूसरका बेर बा जब कवनो आईसीसी ट्रॉफी अपना घर आइल होखे। गोंगाड़ी त्रिसा फाइनल में ऑलराउंड प्रदर्शन कइली। ऊ तीन विकेट लेला के अलावे नाबाद 44 रन बनवली। फाइनल में भारतीय गेंदबाज कहर बरपल लो। भारतीय गेंदबाज दक्षिण अफ्रीका के टीम के 20 ओवर में 82 रन पs समेट देलस लो। कुआलालंपुर के बेयुमास ओवल स्टेडियम में खेलल गइल मुकाबला में दक्षिण अफ्रीका के कप्तान रेनेके टॉस जीतके पहिले बल्लेबाजी के फैसला कइले रहली। हालांकि, उनकर ई फैसला गलत साबित भइल। टीम के सुरुआत खराब रहल रहे। दक्षिण अफ्रीकी टीम के दूसरका ओवर में सिमोन लॉरेन्स के रूप में पहिला झटका लागल रहे। ऊ पारुनिका सिसौदिया क्लीन बोल्ड कइलें। सिमोन खाता ना खोल सकली। एकरा बाद चउथा ओवर में शबनम शकील जेम्मा बोथा के कमालिनी के हाथन कैच करवली। जेम्मा 14 गेना में तीन चौका के मदद से 16 रन बनवली। पांचवां ओवर में 20 के स्कोर पs दक्षिण अफ्रीका के तीसरका झटका लागल। आयुषी शुक्ला डायरा रामलकान के बोल्ड कइली। ऊ तीन रन बना सकली। एकरा बाद कायला रेनेके आ कराबो मेसो चउथा विकेट खातिर 20 रन के साझेदारी निभावल लो। एह साझेदारी के गोंगाड़ी त्रिसा तुड़ली। ऊ रेनेके के पारुनिका के हाथन कैच करवली। रेनेके 21 गेना में सात रन बना सकली। एकरा बाद आयुषी शुक्ला मेसो के बोल्ड कइली। ऊ 26 गेना में 10 रन बना सकली। गोंगाड़ी त्रिसा एकरा बाद मिएक वान वूर्स्ट आ सेशनी नायडू के आउट कइली। मिएक 18 गेना में 23 रन बना सकली, जबकि सेशनी खाता ना खोल पवली। वैष्णवी शर्मा फे क्राउलिंग (15) आ मोनालिसा लेगोडी (0) के पवेलियन भेजली। पारुनिका एश्ले वान विक के पारी के आखिरी गेना पs आउट कइलें। एश्ले खाता ना खोल सकली। भारतीय गेंदबाजन के दबदबा के बारे में रउआ एही बात से अंदाजा लगा सकत बानी कि दक्षिण अफ्रीका के टीम के चार खिलाड़ी खाता ना खोल सकल लो। भारत के ओर से गोंगाड़ी सबसे जादे तीन विकेट लेली। ओहिजा, पारुनिका सिसौदिया, आयुषी शुक्ला आ वैष्णवी शर्मा के दु-दु विकेट मिलल। शबनम शकील के एक विकेट मिलल। एकरा बाद गोंगाड़ी त्रिसा आ कमालिनी टीम इंडिया के सधल सुरुआत दिलावल लो। दुनो पहिला विकेट खातिर 30 गेना में 36 रन जोड़लें। एह साझेदारी के दक्षिण अफ्रीका के कप्तान रेनेके तुड़ली। ऊ कमालिनी के सिमोन के हाथन कैच करवली। कमालिनी आठ रन बना सकली। एकरा बाद गोंगाड़ी सानिका चलके के संगे मिलके टीम इंडिया के नव विकेट से सानदार जीत दिलवलें गोंगाड़ी 33 गेना में आठ चौका के मदद से 44 रन आ सानिका 22 गेना में चार चौका के मदद से 26 रन बनाके नाबाद रहली। Real Also: IND vs ENG: दुबे के कन्कशन के तौर पs हर्षित राणा के खेलला पs मचल बवाल, वॉन आ बटलर उठावल लो सवाल","भारतीय महिला अंडर-19 क्रिकेट टीम लगातार दूसरका बेर टी20 विश्व कप के खिताब जीत लेले बिया। टूर्नामेंट के दूसरका संस्करण में निकी प्रसाद के कप्तानी में टीम इंडिया फाइनल में दक्षिण अफ्रीका के 11.2 ओवर में एक विकेट गंवाके हरावलस। दक्षिण अफ्रीका के पारी 20 ओवर में 82 रन पर सिमट गइल रहे, जबकि भारत के ओर से गोंगाड़ी त्रिसा तीन विकेट लेके आ नाबाद 44 रन बनवली। टीम इंडिया के ई जीत 2023 के बाद कवनो आईसीसी ट्रॉफी के घर लावे के दुसरका मौका बा।","Women U19 T20 WC: भारतीय महिला अंडर-19 टीम लगातार दूसरका बेर चैंपियन, फाइनल में द. अफ्रीका के नौ विकेट से हरवलस",Positive,joy,ऋचा घोष के गेंद पर जूलिया रॉबर्टसन आउट हो गेलें। भारतीय टीम के सफलता के पीछे मुख्य कारक गेंदबाज़ी रहल। ## भारतीय महिला उन्नीस साल से कम उम्र की क्रिकट टीम ने दुसरा बेर ट्वेंटी-20 वर्ल्ड कप जीतल बा। 20 जनवरी को कुआला लुंपुर में खेले गये फाइनल्स में भारत ने दक्षिन अफ्रिका टीम के सामने ८२ रन बनाए। भारतीय टीम ने ११.२ ओवर में १ विकेट के नुकसान पर लक्ष्‍य पूरा कर ली। गोंगाड़ी त्रिषा ने तीन विकट लेके साथ ही नाबात ४४ रन भी बनवले। दक्षि
7a2ebc4ef0e6921e,"अगर आप अपना स्मार्टफोन में एयरटेल सिम के इस्तेमाल करतानी तs आपके खातीर एगो निमन खबर बा। एयरटेल अपना ग्राहकन खातिर सस्ता आ सस्ती योजना लॉन्च करत रहेला . कंपनी के रिचार्ज पोर्टफोलियो में पहिलही से बहुत ताकतवर प्लान बा, बाकिर अब एs सूची में एगो नाया प्लान जोड़ल गईल बा। अब टी-20 विश्व कप के देखत कंपनी अपना करोड़ों यूजर खातिर कुछ दमदार योजना पेश कईले बिया। एयरटेल देश के दूसरका सबसे बड़ दूरसंचार कंपनी हs। एयरटेल के फिलहाल 38 करोड़ से जादे यूजर बेस बा। एही से कंपनी अपना ग्राहकन के जरूरत आ खास मौका के खास ध्यान राखेले. फिलहाल टी-20 क्रिकेट वर्ल्ड कप चल रहल बा अवुरी लोग के क्रिकेट के प्रति जुनून देख के कंपनी 3 विस्फोटक योजना पेश कईले बिया। क्रिकेट मैच देखत घरी ग्राहक के कवनो समस्या के सामना ना करे खातीर कंपनी एयरटेल के प्रीपेड यूजर खातीर 3 नाया रिचार्ज विकल्प देले बिया। आईं हमनी के एह योजना के बारे में विस्तृत जानकारी देत ​​बानी जा। एयरटेल के ओर से 499 रुपिया के नाया प्लान पेश कईल गईल बा। एहमें ग्राहकन के 28 दिन के वैधता मिल जाला. एह प्लान में रउआ हर दिन 3GB डेटा के इस्तेमाल कs सकेनी। एकरा में अनलिमिटेड कॉलिंग के सुविधा भी उपलब्ध बा। एह योजना में कंपनी अपना ग्राहकन के 3 महीना खातिर डिज्नी प्लस हॉटस्टार के मुफ्त सदस्यता देले बिया। एह योजना में रउरा एयरटेल स्ट्रीम प्ले के संगे 20 से जादा ओटीटी ऐप के एक्सेस कs सकेनी। एयरटेल के दूसरका प्लान 869 रुपिया के बा। एह योजना में कंपनी ग्राहकन के 84 दिन के वैधता देत बिया. अगर हमनी के एह प्लान के डेटा के फायदा के बात करीं जा तs रउआ रोज 2GB डेटा के इस्तेमाल कs सकेनी। एह योजना में भी कवनो नेटवर्क में असीमित कॉलिंग के सुविधा उपलब्ध बा। कंपनी : एह प्लान में भी 499 रुपिया के प्लान के तरह डिज्नी प्लस हॉटस्टार के सब्सक्रिप्शन 3 महीना खातिर उपलब्ध बा। एयरटेल अपना ग्राहकन के वार्षिक योजना के एगो नया विकल्प भी देले बिया। अगर रउआ आपन एयरटेल नंबर 3359 रुपिया से रिचार्ज करीं तs 365 दिन के लंबा वैधता मिल जाई। एयरटेल के एd रिचार्ज प्लान में आप रोज 2.5GB डेटा के इस्तेमाल कs सकतानी। अगर रउरा ओटीटी स्ट्रीमिंग पसंद बा तs कंपनी रउरा के एक साल खातिर डिज्नी प्लस हॉटस्टार के मुफ्त सदस्यता देले बिया.","एयरटेल अपने ग्राहकन खातिर नया सस्ता योजना लॉन्च कइले बिया। टी-20 विश्व कप के देखत कंपनी 3 नया रिचार्ज विकल्प पेश कईले बिया। 499 रुपिया के प्लान में 28 दिन के वैधता, हर दिन 3GB डेटा आ अनलिमिटेड कॉलिंग के सुविधा बा, संगही 3 महीना खातिर डिज्नी प्लस हॉटस्टार के मुफ्त सदस्यता भी मिलत बा। दोसरा प्लान 869 रुपिया के बा, जवन में 84 दिन के वैधता आ रोज 2GB डेटा के इस्तेमाल के सुविधा बा। वार्षिक योजना में 3359 रुपिया से रिचार्ज पर 365 दिन के वैधता आ रोज 2.5GB डेटा के इस्तेमाल के सुविधा मिलत बा।","Airtel के करोड़न यूजर्स के भइल मौज, T20 World Cup खातीर लॉन्च भइल 3 गो नया रिचार्ज प्लान",Positive,joy,"सीमित बातचीत के साथ-साथ 1 साल के लिए प्रीमियम सब्सक्रिप्शन भी शामिल बा। एअरटेल ने टी-२० विश्व कप देखत लोगन के लिए तीन नई योजनाएं पेश की हैं। पहिली योजना ४९९ रुपये में 2८ दिन के लिए 3 जीबी डेटा, अनलमिटेड कालिंग और 3 महिने के लिए डिजनी प्‍Lus हॉटस्‍टार मुफ्त सब्स्‍क्रीप्‍शन देती है। दूसरी योजना ८६९ रुपयों में ८४ दिनों के लिए रोजाना 2 जीबी डेटा और एक साल के प्रीमियम सदस्‍यता शामिल है।"
4de3c47415b087b6,"पूरा दुनिया में ग्रीनहाउस गैस के चलते बरखा के मात्रा में कमी के खतरा बा। ई जैव विविधता खातिर भी एगो अलार्म घंटी हs। शोधकर्ता लोग के दावा बा कि गैस के असर के चलते पृथ्वी के तापमान तेजी से बढ़ रहल बा। तापमान में एक डिग्री के बढ़ोतरी के चलते बिजली गिरला के घटना में 12 प्रतिशत तक के बढ़ोतरी भइल बा। ग्रीनहाउस गैस सब में बहुत बढ़ती से भूमध्यरेखीय इलाका सब में बरखा में कमी आ सके ला जेकरा चलते वनस्पति में भी बदलाव हो सके ला। भारत के जैव बिबिधता वाला हिस्सा सब में पच्छिमी घाट, पूर्वोत्तर भारत आ अंडमान के सदाबहार जंगल सब के जगह पतझड़ वाला जंगल सब के जगह ले लिहल जा रहल बा। पतझड़ वाला जंगल एगो प्रकार के जंगल हs जेह में चौड़ा पत्ता वाला पेड़ होलें जे जाड़ा के मौसम में आपन पत्ता बहावे लें। जियोसाइंस फ्रंटियर्स जर्नल में प्रकाशित एगो अध्ययन के मुताबिक ग्रीनहाउस गैस पृथ्वी के गरम करेले। पिछला 150 बरिस में दुनिया भर में वायुमंडल में ग्रीनहाउस गैस सब के बढ़ती के लगभग सगरी हिस्सा मानवजनित गतिविधि सब के जिम्मेदार रहल बा। एकर सबसे बड़ स्रोत तापीय बिजली आ परिवहन खातिर जीवाश्म ईंधन के जरावल बा। नासा वायुमंडल में कार्बन डाइऑक्साइड आ कुछ अउरी ग्रीनहाउस गैस सब के मात्रा में भी बढ़ती देखले बा। एह ग्रीनहाउस गैस सभ के बहुतायत के कारण पृथ्वी के वायुमंडल में जेतना ताप हो सके ला ओकरा से ढेर ताप के बरकरार रखे ला। एकरा चलते धरती गरम हो जाले। ग्रीनहाउस प्राकृतिक चक्र आ घटना के समय के बाधित कs के जैव बिबिधता के भी प्रभावित कर रहल बा। मौसम के पैटर्न में बार-बार बदलाव, जइसे कि बसंत के सुरुआत भा जाड़ा के गरम, जीवन के प्राकृतिक लय के बिघटन क सके ला। मौसम के पैटर्न में कवनो बड़हन बदलाव अलग-अलग समय पर हो सके ला। उदाहरण खातिर, चिरई सब प्रजनन स्थल पर तब पहुँचे लीं जब भोजन के स्रोत के कमी होखे। एहसे उनकर अस्तित्व के संगे-संगे उनकर प्रजनन प्रयास भी खतरा में पड़ सकता। शोषण रोके खातिर पूरा दुनिया के एकजुट होखे के चाहीं शोधकर्ता लोग के कहनाम बा कि ग्लोबल वार्मिंग आ ग्रीनहाउस इफेक्ट में मुख्य अंतर एकर उत्पत्ति में बा। ग्रीनहाउस इफेक्ट एगो प्राकृतिक घटना हवे आ पृथ्वी पर जीवन खातिर फायदेमंद होला। हालाँकि, ग्लोबल वार्मिंग उद्योग, पशुधन, वाहन आ अउरी स्थलीय तत्व सभ से निकले वाली जीवाश्म गैस सभ के दहन के परिणाम हवे जेवना से ग्लोबल तापमान बढ़ जाला। दोसरा तरफ दुनु शब्दन के सीधा संबंध के ध्यान में राखे के पड़ी। ग्लोबल वार्मिंग ग्रीनहाउस गैस सब के ढेर दोहन के परिणाम हवे आ बदले में जलवायु परिवर्तन के कारण होला। एहसे ग्रीनहाउस गैस के बेसी दोहन रोके खातिर पूरा दुनिया के एकजुट होखे के पड़ी। तापमान में एक डिग्री के बढ़ोतरी के चलते बिजली के घटना में 12 प्रतिशत के बढ़ोतरी होखेला। एगो अवुरी महत्वपूर्ण घटनाक्रम में वैज्ञानिक चेतावनी देले बाड़े कि जलवायु परिवर्तन के चलते बिजली के घटना बढ़त रही। पृथ्वी के तापमान लगातार बढ़ रहल बा आ तापमान में एक डिग्री सेल्सियस के बढ़ती से बिजली गिरला के घटना 12 प्रतिशत तक बढ़ जाला। केंद्रीय पृथ्वी विज्ञान मंत्रालय के पूर्व सचिव माधवन नायर राजीवन शनिवार के कहले कि जलवायु परिवर्तन के चलते गरज के संगे बरखा के बादल के निर्माण बढ़ल जाता। भारत समेत हर जगह गरज के बढ़ोतरी के दस्तावेजीकरण भइल बा बाकिर दुर्भाग्य से हमनी का लगे बिजली के घटना में बढ़ोतरी के पुष्टि करे खातिर लंबा समय तक चले वाला आंकड़ा नइखे। राजीवन कहले कि अबहियों हमनी के निष्कर्ष निकाल सकेनी जा कि ग्लोबल वार्मिंग के चलते गरज के चलते बरखा बढ़ जाला आ बिजली जादे होखेला।","पूरा दुनिया में ग्रीनहाउस गैस के चलते बरखा के मात्रा में कमी के खतरा बा, जे जैव विविधता खातिर अलार्म घंटी हs। शोधकर्ता लोग के अनुसार, तापमान में एक डिग्री के बढ़ोतरी से बिजली गिरला के घटना में 12 प्रतिशत के बढ़ोतरी भइल बा। ग्रीनहाउस गैस के बढ़ती से भूमध्यरेखीय इलाका में बरखा में कमी आ वनस्पति में बदलाव हो सके ला। जलवायु परिवर्तन के चलते गरज के संगे बरखा के बादल के निर्माण बढ़ल जाता आ भारत में गरज के बढ़ोतरी के दस्तावेजीकरण भइल बा। वैज्ञानिक लोग चेतावनी देले बाड़े कि ग्लोबल वार्मिंग के चलते बिजली के घटना बढ़त रही।",चिंताजनक: ग्रीनहाउस गैस के चलते बरखा में कमी आई… तापमान में एक डिग्री के बढ़ोतरी के चलते बिजली के घटना में 12 प्रतिशत के बढ़ोतरी भइल,Negative,sadness,"कर रहे बा। रहल बा की पूरे संसार में हरितगृह गैस बढ़ल के कारण बारिश कम हो रही बा। एह से जिव विविधीता के लिए खतरनाक स्थिति बन रही बा. शोधकर्ताओं के कहना बा की हरितघर गैस से पृथ्‍वी का तापक्रम तेज़ी से बढ़ रहा बा। एक डिग्री ताप बढ़ने से विद्युत गिरने की घटना में १२ प्रतिशत तक की वृद्धि हो गई बा। भूमध्य रेखा के इलाके में बारिश की कमी हो सकती बा, जिससे पौधों पर भी असर पड़ेगा। भारत में पश्चिमी गढ़वाल, पूर्वी भारत और अंदमान के सदैव हरे-भरे जंगलों के स्थान पर गिरने वाले पत्ते वाले जंगले आने लगे बा"
5013fce93cf85e42,"फ्रांस: हूगो लोरिस (गोलकीपर, कप्तान), जूल्स कुंडे, राफेल वरान, डायोट उपामेकानो, थियो हर्नांडेज, एंटोनी ग्रीजमैन, ऑरेलियन टचौमेनी, एड्रियन राबियो, ओस्मान डेम्बेले, ओलिवर जिरूड, किलियन एम्बाप्पे। अर्जेंटीना: एमिलियानो मार्टिनेज (गोलकीपर), नाहुएल मोलिना, क्रिस्टियन रोमेरो, निकोलस ओटामेंडी, निकोलस टैगेलियाफिको, रोड्रिगो डी पॉल, एंजो फर्नांडीज, एलेक्सिस मैक एलिस्टर, एंजेल डि मारिया, लियोनेल मेस्सी (कप्तान), जूलियन अल्वारेज।","फ्रांस के टीम में हूगो लोरिस (गोलकीपर, कप्तान), जूल्स कुंडे, राफेल वरान, डायोट उपामेकानो, थियो हर्नांडेज, एंटोनी ग्रीजमैन, ऑरेलियन टचौमेनी, एड्रियन राबियो, ओस्मान डेम्बेले, ओलिवर जिरूड, आ किलियन एम्बाप्पे शामिल बाड़ें। अर्जेंटीना के टीम में एमिलियानो मार्टिनेज (गोलकीपर), नाहुएल मोलिना, क्रिस्टियन रोमेरो, निकोलस ओटामेंडी, निकोलस टैगेलियाफिको, रोड्रिगो डी पॉल, एंजो फर्नांडीज, एलेक्सिस मैक एलिस्टर, एंजेल डि मारिया, आ लियोनेल मेस्सी (कप्तान), जूलियन अल्वारेज शामिल बाड़ें।","Argentina vs France Final: अर्जेंटीना-फ्रांस के बीचे तनिका देर में फाइनल मैच, देखीं सुरुआती इलेवन",Neutral,neutral,"फीफा वर्ल्ड कप फाइनल मैच में फ्रांस आर्जेन्टिना के बिच भिड़ल। फ्रांसीसी टिम में हूगो लोरीस, जूल कुंडा, राफल वरन, थियो हर्नेंडेज, किलियन एंबाप्प जैसी दिग्गज खिलाड़ी रहल। अर्जेंटिना टीम में एमिलेनियो मार्तिनेज, नाहेल मोलीना, क्रिस्टियान रोमरो, निकोलस ओटामेन्डी, एंगेल डि मैरिया, आणि लीओनेल मस्सी जैसे खिलाड़ी रहल।"
60b0d984aafec4fb,"राहुल गांधी के सुप्रीम कोर्ट से बड़ राहत मिलल बा। दरअसल, केंद्रीय गृहमंत्री अमित शाह के खिलाफ कथित अपमानजनक टिप्पणी के चलते कांग्रेस नेता राहुल गांधी के खिलाफ दायर आपराधिक मानहानि के मामला में सुप्रीम कोर्ट निचला अदालत के कार्यवाही पs रोक लगा देले बिया। भारतीय जनता पार्टी के कार्यकर्ता नवीन झा 2019 में राहुल गांधी के खिलाफ अमित शाह के खिलाफ कथित टिप्पणी के मामला में मुकदमा दर्ज करवले रहले। झारखंड में केस चलत रहेबता दीं कि झारखंड में चलत मानहानि के मामला के रद्द करे के मांग करे वाली याचिका पs आज सुप्रीम कोर्ट में सुनवाई भईल। एह मामिला में सुप्रीम कोर्ट नेता प्रतिपक्ष राहुल गांधी के राहत दे दिहले बा. सुप्रीम कोर्ट रांची के निचला अदालत में चलत मानहानि के मामला पs रोक लगा देलस। राहुल गांधी के याचिका पs सुप्रीम कोर्ट झारखंड सरकार शिकायतकर्ता नवीन झा के नोटिस जारी कs देले बिया। पूरा बात का बादरअसल, 2019 के लोकसभा चुनाव से पहिले चाईबासा में दिहल एगो भाषण के दौरान राहुल गांधी अमित शाह खातीर ‘हत्यारा’ शब्द के इस्तेमाल कईले रहले। न्यायमूर्ति विक्रम नाथ अवुरी न्यायमूर्ति संदीप मेहता के पीठ राहुल गांधी के अपील पs झारखंड सरकार अवुरी भाजपा नेता के नोटिस जारी कs के जवाब मंगले बिया. राहुल गांधी झारखंड हाईकोर्ट के आदेश के चुनौती देले बाड़े। हाईकोर्ट राहुल गांधी के याचिका के खारिज कs देले रहे जवना में उनुका खिलाफ निचला अदालत में उनुका खिलाफ चलत मुकदमा रद्द करे के निहोरा कईल गईल रहे।","राहुल गांधी के सुप्रीम कोर्ट से बड़ राहत मिलल बा। कोर्ट निचला अदालत के कार्यवाही पs रोक लगा देले बिया, जेकरा चलते अमित शाह के खिलाफ मानहानि के मामला में राहुल गांधी के खिलाफ चलत मुकदमा रद्द हो सकेला। 2019 में चाईबासा में दिहल भाषण में राहुल गांधी अमित शाह के 'हत्यारा' कहल रहले। सुप्रीम कोर्ट झारखंड सरकार आ भाजपा नेता के नोटिस जारी कs के जवाब मंगले बिया। राहुल गांधी हाईकोर्ट के आदेश के चुनौती देले बाड़े।","राहुल गांधी के सुप्रीम कोर्ट से बड़ राहत, मानहानि के मुकदमा पs लगल रोक; अमित शाह से जुड़ल बा मामला",Positive,joy,"सुप्रिम कोर्ट ने राहु गांधी के खिलाफ झाड़खंड में चलत मानहानी के केस पर रोक लगायी है। केंद्रीय गृह मंत्री अमित शाह के खिलाफ कथित अप्रिय टिप्पीणी के लिए भाजपा कार्यकर्ता नवीन झा द्वारा दायर किया गया मुकदमा पर सुप्रीम कोर्ट में सुनवाई हुई। राहु गांधी ने झारखण्ड हाईकोर्ट के आदेश को चुनौती दी थी, जहाँ उनकी याचिका खारिज करी गई थी। सूप्री"
9dbe770667ef001d,"नई दिल्ली। एशिया कप 2025 में आज भारत आ पाकिस्तान के बीच महामुकाबला खेलल जाये के बा। दुबई में खेलल जा रहल एह मैच पs भारते ना पूरा दुनिया के नजर टिकल बा। कश्मीर के पहलगाम में भइल आतंकी हमला के बाद ई पहिला मौका बा, जब दूनो देसन के बीच कवनो मुकाबला खेलल जा रहल बा। एह मुकाबला के लेके राजनीतिक बयानबाजी तेज हो गइल बा। दरअसल, एआईएमआईएम अध्यक्ष असदुद्दीन ओवैसी भारत आ पाकिस्तान के बीच हो रहल मैच के लेके केंद्र के मोदी सरकार पs निशान सधलें। ओवैसी पूछलें कि का एह मैच से होखे वाला आर्थिक लाभ पहलगाम में मारल गइल 26 लोगन के जान से जादे महत्वपूर्ण बा। ओवैसी कहलें कि असम के सीएम हिमंत बिस्वा सरमा, यूपी के सीएम योगी आदित्यनाथ आ ओह सभे से हमाार सवाल बा कि का रउआ लोगन के लगे पाकिस्तान के खिलाफ क्रिकेट मैच खेले से इनकार करे के शक्ति नइखे। ओवैसी सवाल खड़ा करत कहलें कि का मैच से कमाइल गइल पईसा जम्मू-कश्मीर में आतंकवादी हमला में मारल गइल 26 नागरिकन के जान से जादे कीमती बा। ओवैसी कहलें कि हम प्रधानमंत्री से पूछत बानी कि जब रउआ कहले रहीं कि खून आ पानी साथ-साथ नइखे बह सकत, बातचीत आ आतंकवाद साथ-साथ नइखे हो सकत, तs बीसीसीआई के एगो क्रिकेट मैच से केतना पईसा मिली, 2000 करोड़ रुपिया, 3000 करोड़ रुपिया? का पईसा के कीमत हमनी के 26 नागरिकन के जान से जादे बा? AIMIM प्रमुख ओवैसी कहलें कि हमनी के काल्हो ओह 26 नागरिकन के संगे खड़ा रहनी सs, आजो ओह लोगन के संगे खड़ा बानी सs आ काल्हो ओह लोगन के संगे खड़ा रहेम सs। कई गो विपक्षी नेता आज के मैच के बहिष्कार करे के वकालत कइले बा लोग। मुख्य विपक्षी दल कांग्रेस के नेता अभिषेक दत्त मैच में भारत के भागीदारी के आलोचना करत मैच रद्द करे के मांग कइलें। उनकर कहनाम बा कि मैच खेले के ई फैसला सरकार के “आतंकवाद से बातचीत ना” के रुख के विपरीत बा। समाचार एजेंसी एएनआई से बात कर ऊ कहलें कि एगो ओरी रउआ ऑपरेशन सिंदूर के बात कर रहल बानी। दूसरका ओर रउआ पाकिस्तान के संगे मैच खेलके का संदेश दिहल चाहत बानी।","नई दिल्ली। एशिया कप 2025 में आज भारत आ पाकिस्तान के बीच महामुकाबला खेलल जा रहल बा। ई पहिला मौका बा जब कश्मीर के पहलगाम में भइल आतंकी हमला के बाद दूनो देसन के बीच मुकाबला हो रहल बा। एआईएमआईएम अध्यक्ष असदुद्दीन ओवैसी मोदी सरकार पर निशाना साधत पूछलें कि का मैच से होखे वाला आर्थिक लाभ 26 जान के जान से जादे महत्वपूर्ण बा। कई गो विपक्षी नेता आज के मैच के बहिष्कार के वकालत कइले बा लोग, जबकि कांग्रेस के नेता अभिषेक दत्त मैच रद्द करे के मांग कइलें।",’26 लोगन के जान से जादे कीमती बा पईसा?’ भारत-पाक मैच पs छिड़ल सियासी घमासान; ओवैसी दगलें सवाल,Negative,sadness,मैच को लेकर चिंतित बा। **सारंश:** नई दिल्‍ली में एशियन कप २०२५ में भारत और पाकिस्‍तान के बीच आज मैच हो रहा बा। दुबई मे खेले जा रहे इस मैच पर दुनिया भर की नजरें टिकी हुई हैं। कश्‍मीर मे भयानक हमले के बाद यह पहला मौका है जब दोनों देशों के बीच कोई मैच खेल रहा है। इस मैच की वजह से राजनीति गरमा गरम हो गई है। AIMIM के अध्यक्ष अस्‍दुददिन ओव्‍वेसी ने केंद्र सरकार पर निशाना साधा है और पूछा है कि यह मैच आयोजित करने से क्या लाभ हो रहा है जबकि कश्‍मिर में हुए हमले में २६ लोगों की जान चली गई। ओ
d1089a92b4b1423d,"इजरायल ईरान पs बड़ हमला बोलले बा। ईरान के राजधानी तेहरान आ अगल-बगल इस्थित सैन्य ठिकानन पs भीषण धमाकन के आवाज आइल बा। एक अक्टूबर के ईरान इजरायल पs लगभग 200 बैलेस्टिक मिसाइलन से हमला कइले रहे। इजरायल एह हमला के बदला लेवे के बात कहले रहे। पिछला छव महीना में ईरान इजरायल पs दु बेर हमला कs चुकल बा। ओने, सीरिया, इराक आ ईरान अगिला सूचना तक सब उड़ानन के स्थगित कs दिहल गइल बा। इजरायल के सेना कहलें कि इजरायल के खिलाफ महीनन से लगातार जारी ईरानी हमलन के जवाब में अब इजरायल रक्षा बल तेहरान में सैन्य ठिकानन पs सटीक हमला कs रहल बा। सेना कहलस कि इजरायल के तेहरान आ ओकरा प्रॉक्सी के हमलन के जवाब देवे के अधिकार बा। इजरायली मीडिया के मोताबिक दर्जनन लड़ाकू विमानन से इजरायल ईरान पs हमला कइले बा। एनबीसी न्यूज आ एबीसी न्यूज एगो इजरायली अधिकारी के हवाला देत बतवलें कि ऊर्जा अवसंरचना आ परमाणु संयंत्रन के निशाना नइखे बनावल गइल। ईरानी फार्स समाचार एजेंसी कहलस कि तेहरान के पश्चिम आ दक्षिण-पश्चिम में कइयन सैन्य ठिकानन के इजरायल निशाना बनावल गइल बा। ईरानी सरकारी मीडिया बतवलस कि तेहरान आ आसपास जोरदार धमाकन के आवाज सुनल गइल। हालांकि ईरानी मीडिया हमलन के कमतर बतवले बा। ईरान के तस्नीम समाचार एजेंसी सूत्रन के हवाले से बतवलस कि ईरान इजरायल पs बदला के कार्रवाई करी। ईरान के सेना पूरा तरे से तइयार बा। तस्नीम समाचार एजेंसी कहलस कि इस्लामिक रिवोल्यूशनरी गार्ड कॉर्प्स के ठिकानन पs हमला कइल गइल। हालांकि कवनो नुकसान ना भइल। सरकारी टीवी तेहरान के इमाम खुमैनी अंतरराष्ट्रीय हवाई अड्डा के फुटेज जारी कइलस। एमे यात्री अपना फ्लाइट्स से उतरत दिख रहल बा लो। सीरियाई सरकारी समाचार एजेंसी सना के रिपोर्ट के मोताबिक सनीचर के सबेरे इजरायल सीरिया के मध्य आ दक्षिणी हिस्सन में कुछ सैन्य ठिकानन पs एयर स्ट्राइक कइलस। हालांकि, इजरायल सीरिया पs हमला करे के पुष्टि नइखे कइलें। इजराइल के प्रधानमंत्री प्रधानमंत्री बेंजामिन नेतन्याहू आ रक्षा मंत्री योआव गैलेंट तेल अवीव में सेना के कमांड आउर नियंत्रण केंद्र में ऑपरेशन पs बारीकी से नजर रख रहल बा। एगो अमेरिकी अधिकारी रॉयटर्स के बतवलस कि ईरान पs हमलन से पहिले इजराइल अमेरिका के सूचित कइले बा। बाकी ऑपरेशन में अमेरिका सामिल नइखे। हमनी के समझत बानी सs कि इजराइल आत्मरक्षा आ एक अक्टूबर के इजराइल पs ईरान के बैलिस्टिक मिसाइलन से हमला के जवाब में तेहरान के सैन्य ठिकानन पs हमला कs रहल बा। – सीन सेवेट, प्रवक्ता, व्हाइट हाउस नेशनल सिक्योरिटी काउंसिल।","इजरायल ईरान पs बड़ हमला कइले बा, जवन में तेहरान आ ओकरा आसपास के सैन्य ठिकानन पs धमाकन के आवाज सुनल गइल। एक अक्टूबर के ईरान इजरायल पs लगभग 200 बैलेस्टिक मिसाइलन से हमला कइले रहे। इजरायल के सेना कहलस कि ईरान के लगातार हमलन के जवाब में उ सटीक हमला कs रहल बा। ईरानी मीडिया बतवले बा कि इजरायल के हमला में कवनो नुकसान ना भइल। इजरायल के प्रधानमंत्री आ रक्षा मंत्री ऑपरेशन पs बारीकी से नजर रख रहल बाड़ें।","ईरान पs इजरायल के बड़ हमला, तीन देसन में सब उड़ान रद, अब बदला के तइयारी में जुटल तेहरान",Negative,anger,"ड्स (IRGC) के सैनिकन ने इज़राइल के हमले के बाद तुरंत प्रतिक्रिया कइली। **सारंश:** एक अक्टुबर को इजरेल ने ईरन पर बड़ा हमला किया। इज़राइली सेना के मुताबिक, ई हमला पिछले छह महीने से जारी इराकी हमलों का जवाबी था। इज़रेल के दर्जनों लड़ाकु विमानों ने तेहेरान और उसके आस-पास के सैन्‍य ठिकाणों पर हमला कराया। ईरान ने इस हमले को कमतर बताया है, लेकिन कहा है कि वह इज़रेल पर बदला लेंगी।"
0ddddbdca33a617c,"छपरा। गरमी के प्रकोप से सब केहू परेसान बा। एक ओर जहां सुरुज भगवान के तेज रोज नया रिकॉर्ड बना रहल बा, ओहिजा एकर खासा असर बिजली बेवस्था पs पड़ रहल बा। ओवर हिंटिंग के समस्या के वजह से बार – बार हो रहल पावर ट्रिप लोगन खातिर परेसानी बन गइल बा। एही के देखत बिजली विभाग के ओर से लगातार मरम्मती के काम कइल जा रहल बा। एही क्रम में छपरा के शहरी क्षेत्र में बुध के दु घंटा के पावर कट कइल जाई। बढ़त गरमी के बीच ट्रांसफॉर्मर के ओवर हिट होखे से पावर ट्रिप के समस्या आ रहल बा। एकरा के लेके बिजली विभाग के ओर से पावर कट कs के कूलिंग आ मरम्मती कइल जाई। एकरा कारण शहरी क्षेत्र के एसडीएस फीडर आ धर्मनाथ फीडर में बिजली बाधित रही। राजेंद्र सरोवर पॉवर सब स्टेशन से संचालित होखे वाला दुनो फीडर में पावर कट कइल जाई। एकरा से शहर के दक्षिणी हिस्सा में आवे वाले किनरवाहि में पावर कट रही।","छपरा में गरमी के प्रकोप से सब केहू परेसान बा। सुरुज भगवान के तेज के चलते बिजली बेवस्था पर असर पड़ रहल बा, जेकरा चलते पावर ट्रिप के समस्या बढ़ गइल बा। बिजली विभाग लगातार मरम्मती के काम क रहल बा आ बुध के दु घंटा के पावर कट कइल जाई। ट्रांसफॉर्मर के ओवर हिट होखे से पावर कट के समस्या आ रहल बा, जेकरा से एसडीएस फीडर आ धर्मनाथ फीडर में बिजली बाधित रही।",छपरा शहर के दक्षिणी हिस्सा में सबेरे 10 से दुपहरिया 12 बजे तक बिजली रही बाधित,Negative,sadness,"चपरा में गरमी से सब परेशान बाने। सूरज तेज चमकत रहत बा आ एकर चलते बिज्ली व्यवस्था पर असर पड़त बा। ओवर लोडिंग के चलते बार-बार बिजल्टी ट्रिप होत बा, जवन लोगों के लिए परेशानी का कारण बन गेल बा। बिजली विभागा ने मरम्मत के काम चलत बा. बुधवार को शहर के कुछ हिस्सों में दो घंटे के लिए बिजला कट कराया गेल। एह काम के पीछे ट्रांसफार्मर के ओवरहीट होने का कारण बताया जा रहा बा। एसडीएस एवम् धर्मनथ फीडर में बिजल्टी कट गेल, जवन् राजेंद्र सरस्वर पॉवर्स सबस्टेशन से"
3cc2e2cd7b332710,", स्पोर्ट्स डेस्क। बिहार के नवनिर्मित राजगीर हॉकी स्टेडियम में 11 से 20 नवंबर तक होखे वाली एशियाई चैंपियंस ट्रॉफी खातिर सलीमा टेटे के अगुवाई में सोमार के 18 सदस्यीय भारतीय महिला हॉकी टीम के घोषणा कइल गइल। नवनीत कौर के टीम के उपकप्तान नियुक्त कइल गइल बा। भारत पिछला साल रांची में भइल आयोजन में खिताब जीतले रहे बाकिर ओकरा बाद से टीम के प्रदर्शन में गिरावट आइल बा। मेसी, रोनाल्डो, एम्बाप्पे ना 28 साल के ई खिलाड़ी जीतल बेलन डी ऑर, रियल मेड्रिड अवॉर्ड शो के कइलस बहिष्कार एह महाद्वीपीय प्रतियोगिता में टीम के मवजूदा ओलंपिक रजत पदक विजेता चीन, जापान, कोरिया, मलयेशिया आ थाईलैंड सहित पांच आउर देसन से कड़ा प्रतिस्पर्धा के सामना करे के पड़ी। भारत अपना अभियान के सुरुआत 11 नवंबर के मलयेशिया के खिलाफ करी। टीम के चयन आ टूर्नामेंट खातिर ओकरा तइयारी पs मध्य पंक्ति के खिलाड़ी सलीमा कहली, ‘एगो आउर बड़ टूर्नामेंट में टीम के नेतृत्व कइल एगो सानदार अहसास बा। हमनी के गत चैंपियन के रूप में टूर्नामेंट में हिस्सा लेहेम सs। ई एकरा के आउर खास बनावत बा। ऊ कहली, ‘हमनी ले कड़ा ट्रेनिंग कइले बानी सs। हमनी के लगे अनुभवी खिलाड़ियन आ नवहा प्रतिभा के संगे एगो मजबूत टीम बिया। हमनी के लक्ष्य अपना खिताब के रक्षा करे आ ओही जुनून आ दृढ़ संकल्प के संगे खेलल बा जवन हमनी के पिछला साल देखवले रहनी सs। गोलकीपर: सविता, बिचू देवी खारीबाम। डिफेंडर्स : उदिता, ज्योति, वैष्णवी विट्ठल फाल्के, सुशीला चानू पुखरामबम, इशिका चौधरी। मिडफील्डर्स : नेहा, सलीमा टेटे, शर्मिला देवी, मनीषा चौहान, सुनेलिता टोप्पो, लालरेम्सियामी। फॉरवर्ड : नवनीत कौर, प्रीति दुबे, संगीता कुमारी, दीपिका, ब्यूटी डुंगडुंग।","बिहार के राजगीर हॉकी स्टेडियम में 11 से 20 नवंबर तक होखे वाली एशियाई चैंपियंस ट्रॉफी खातिर सलीमा टेटे के अगुवाई में 18 सदस्यीय भारतीय महिला हॉकी टीम के घोषणा कइल गइल बा। नवनीत कौर के उपकप्तान बनावल गइल बा। भारत पिछला साल खिताब जीतले रहल, लेकिन टीम के प्रदर्शन में गिरावट आइल बा। टीम के लक्ष्य खिताब के रक्षा करे के बा आ ऊ कड़ा ट्रेनिंग कइले बाड़ी स। भारत अपना अभियान के सुरुआत 11 नवंबर के मलयेशिया के खिलाफ करी।","Hockey: सलीमा टेटे के महिला एशियाई चैंपियंस ट्रॉफी खातिर भारत के कमान, गत विजेता के एह देसन से मिली चुनौती",Positive,joy,"तेटे, रानी रामपल, नवीन कौर। फॉरवर्ड्स : संगीता कुमारी, मुमताज खान, गरिमा वर्मा, रेणुका यादव। ** सलीमा तेते अगुआई में १८ सदस्यी भारतीय महिला होकी टीम ने नवम्बर ११ से २० तक राजगिरी में आयोजित एशियन चैम्पियंस ट्रोफी के लिए तैयार हो गइले बा। नवीनतम कौर टीम की उपकैप्टन बनाई गइली बा। भारत पिछले साल राउंची में होइल टूर्नमेंट में जीत हासिल करे रहल बा, परंतु तब से टीम का प्रदर्शन कमजोर हो गेल बा। एगो टूर्णमेंट में भारत को ओलम्पिक सिल्वर मेडलिस्ट"
c5936956677a8fd5,"वर्चुअल असिस्टेंट Alexa के बारे में रउआ जानते होखेम। एगो दौर रहे जब बात-बात पs Alexa के बात होत रहे, बाकिर अब ई क्रेज बहुत हद तक कम हो गइल बा। Alexa, अमेजन के एगो वर्चुअल असिस्टेंट हs जवन वॉयस कमांड के माध्यम से लोगन के सवालन के जवाब देला। एलेक्सा सपोर्ट वाला कइयन गो स्पीकर बाजार में बा। जवना में अमेजन के स्पीकर सामिल बा। अइसन स्पीकर के स्मार्ट स्पीकर नाम दिहल गइल बा। आमतौर पs Alexa के इस्तेमाल करे खातिर पईसा ना देवे के होला, बाकिर कंपनी अब एकरा खातिर पईसा लेवे के प्लानिंग कs रहल बिया। एगो रिपोर्ट के मोताबिक अमेजन Alexa के इस्तेमाल करे खातिर रउआ हर महीना 10 डॉलर माने करीब 820 रुपिया देवे के होई। दरअसल, अमेजन अपना क्लासिक एलेक्सा (मवजूदा वर्जन) के खत्म करे के तइयारी में बा। कंपनी के प्लानिंग क्लासिक एलेक्सा के जगह एआई सपोर्ट वाला Alexa के लॉन्च करे के बा। नया वर्जन के रिमार्केबल एलेक्सा कहल जा रहल बा। रिपोर्ट में इहो कहल जा रहल बा कि एलेक्सा के पेड वर्जन के अमेजन प्राइम में सामिल करे के फिलहाल कवनो योजना नइखे। एह नया प्रोजेक्ट के कंपनी प्रोजेक्ट Banyan नाम दिहल गइल बा। नया वर्जन के लॉन्च करे खातिर अगस्त महीना तक के लक्ष्य निर्धारित कइल गइल बा।","अलेक्सा, अमेजन के वर्चुअल असिस्टेंट, के बारे में जानकारी मिलल बा कि अब ई क्रेज कम हो गइल बा। अमेजन एलेक्सा के इस्तेमाल खातिर हर महीना 10 डॉलर लेवे के योजना बना रहल बा। कंपनी क्लासिक एलेक्सा के जगह एआई सपोर्ट वाला नया वर्जन, जवन रिमार्केबल एलेक्सा कहल जाई, लॉन्च करे के तइयारी में बा। नया प्रोजेक्ट के नाम प्रोजेक्ट बैनियन रखल गइल बा आ अगस्त महीना तक के लक्ष्य निर्धारित कइल गइल बा।","Alexa: एलेक्सा इस्तेमाल करे खातिर देवे के होई पईसा, अमेजन के बा लमहर प्लानिंग",Neutral,neutral,"अमेजन की वॉइस असिस्टेन्ट Alexa के चलन धीरे-धीरे कम हो गया बा। अब अमेजन एगो नया Alexa लाए के तैयारी करत बा, जे एआई से लैस होला। एह नई Alexa के ""Remarkable Alexa"" के नाम से जानल जात बा। अब तक Alexa का इस्तेमाल मुफ्त में होत रहा, पर अमेजन अब एह के लिए मासिक शुल्क लेने की योजना बना रही बा। रिपोर्ट्स के अनुसार, हर महीने लगभग ८२० रुपया देना पड़ेगा। अमेजन क्लासिक Alexa को बंद कर के नई एआई-सपोर्ट वाली Alexa लाने वाला बा।"
20661b94823b42a1,"महाशिवरात्रि के शुभ अवसर पs भोजपुरी फिल्म के सुपरस्टार खेसारी लाल बुध के दिने समाजवादी पार्टी के मुखिया अखिलेश यादव से भेंट कइलन. सपा प्रमुख अपना एक्स हैंडल पs खेसारी लाल से मुलाकात के तस्वीर शेयर कईले बाड़े। तस्वीर में दुनु जने हाथ मिलावत लउकत बाड़े. फोटो में खेसारी मुस्कान देखाई देतारे। अखिलेश इs बात खेसारी लाल से मिलला के बाद कहलेअखिलेश यादव एs तस्वीर के इंस्टाग्राम पs पोस्ट करत लिखले कि, “कलाकार में अपना अभिनय के माध्यम से समाज के सही दिशा देखावे के क्षमता होखेला।सत्ता में बईठल लोग के कर्तव्य बा कि उs अभिव्यक्ति के आजादी सुनिश्चित करस।” सपा प्रमुख के ट्वीट के जवाब देत खेसाली लाल अपना एक्स हैंडल पs लिखले कि, ‘अखिलेश भईया, आपके इs सोच हर कलाकार खातीर प्रेरणा से भरल बा।’ रउरा विचार से हम पूरा तरह से सहमत बानी. हमनी के सब केहू के कलाकार आ समाज के हित में मिलजुल के काम करे के बा। एह मुलाकात से बहुते राजनीतिक अटकलबाजी पैदा हो गइल बा. राजनीतिक हलकन में अटकलबाजी शुरू हो गइल बा कि यूपी विधानसभा चुनाव से पहिले भोजपुरी अभिनेता खेसारी लाल समाजवादी पार्टी में शामिल हो जइहें? हालांकि ई खाली अटकलबाजी हs. एह बारे में अबे ले सपा अवुरी खेसारी के ओर से आधिकारिक तौर पs कुछूओ नईखे कहल गईल।","महाशिवरात्रि के अवसर पs खेसारी लाल बुध के दिने समाजवादी पार्टी के मुखिया अखिलेश यादव से भेंट कइलन। अखिलेश यादव अपना एक्स हैंडल पs खेसारी के संग तस्वीर शेयर कइले बाड़े, जहाँ दुनु जने हाथ मिलावत लउकत बाड़े। खेसारी लाल अखिलेश के सोच के सराहना करत कहले कि ई हर कलाकार खातिर प्रेरणा से भरल बा। एह मुलाकात से राजनीतिक अटकलबाजी शुरू हो गइल बा कि खेसारी लाल यूपी विधानसभा चुनाव से पहिले समाजवादी पार्टी में शामिल हो जइहें, लेकिन ई खाली अटकलबाजी हs।",खेसारी लाल यादव का सपा में होंहिहें शामिल? अखिलेश यादव से मुलाकात के बाद लागे लागल अटकल,Positive,joy,खेसारीलाल ने बुधवार के दिन समाजवाद पार्टी के मुखी अखिलेश यादव से भेंट किया। एह मिलन की तस्वीरे अखीलेश ने अपने सोशल मीडिया अकाउंट पर शेयर की। उन्होंने लिखल की कलाकार समाज को सही राह दिखा सकत हैं। सत्ता में बैठे लोगों का कर्तव्य है कि उनकी कलात्मक स्वतंत्रता को सुनिश्चित करावे। खेसरीलाल ने भी अखेलेश के विचारों से सहमति जताई और कहा की सभी कलाकारों को समाज के हित में काम करना चाहिए।
7b5aed2e0417d9c7,"(जेकर नाम चू, चे, चो, ला, ली, लू,ले,लो,अ से सुरू होला) (जेकर नाम से इ,उ,ए, ओ,वा ,वी ,वू ,वे,वो से सुरू होला) रिश्तन में मजबूती आई। बेवसायिक कोसिस फलीभूत होई। वाणी पs लगाम राखीं। अपनन से तनाव मिल सकत बा। (जेकर नाम का,की,कु,घ,ड़,छ, के, को,हा से सुरू होला) रचनात्मक कामन में सफलता मिली। बेवसायिक कोसिस फलीभूत होई। शासन सत्ता के सहजोग मिली। उपहार भा सम्मान में बढ़न्ती होई। बेवसायिक योजना फलीभूत होई। रचनात्मक काम आगा बढ़ी। रिश्तन में निकटता आई। (जेकर नाम मा,मी,मू,मे,मो,टा,टी, टू,टे से सुरू होला) स्वास्थ के लेके सचेत रहला के आवश्यकता बा। उपहार भा सम्मान में बढ़न्ती होई। जीविका के क्षेत्र में प्रगति होई। सामाजिक प्रतिष्ठा बढ़ी। जीवनसाथी के सहजोग आ सानिध्य मिली। उपहार भा सम्मान में बढ़न्ती होई। रिश्तन में मजबूती आई। पारिवारिक प्रतिष्ठा बढ़ी। (जेकर नाम रा,री,रु,रे,रो,ता,ती,तू,ते से सुरू होला) रचनात्मक काम आगा बढ़ी। बेकार के उलझन रही। स्वास्थ के प्रति सचेत रहला के आवश्यकता बा। (जेकर नाम तो,ना, नी,नू,ने,नो,या,यी,यूं से सुरू होला) उपहार भा सम्मान में बढ़न्ती होई। जीविका के क्षेत्र में प्रगति होई। बेवसायिक कोसिस फलीभूत होई। शासन सत्ता के सहजोग रही। घर के उपयोगी वस्तुअन में बढ़न्ती होई। संतान के दायित्व के पूर्ति होई। भाग-दउर रही। आर्थिक ममिलन में जोखिम मत उठाई। (जेकर नाम भो,जा, जी,खी,खू,खे,खो,गा,गी से सुरू होला) उपहार भा सम्मान में बढ़न्ती होई। कवनो काम के पूरा होखला से आत्मविश्वास में बढ़न्ती होई। बेवसायिक प्रतिष्ठा बढ़ी। (जेकर नाम गू, गे,गो,सा,सी,सू, से,सो,दा से सुरू होला) आर्थिक ममिलन में सुधार होई। मांगलिक भा सांस्कृतिक उत्सव में हिस्सेदारी रही। सामाजिक प्रतिष्ठा बढ़ी। रचनात्मक कामन में प्रगति होई। बहुते उमेद के काम पूरा होखला से आत्मविश्वास बढ़ी। पारिवारिक दायित्व के पूर्ति होई।",रिश्तन में मजबूती आई आ बेवसायिक कोसिस फलीभूत होई। रचनात्मक कामन में सफलता मिली आ शासन सत्ता के सहजोग मिली। स्वास्थ के लेके सचेत रहला के आवश्यकता बा आ सामाजिक प्रतिष्ठा बढ़ी। उपहार भा सम्मान में बढ़न्ती होई आ जीवनसाथी के सहजोग आ सानिध्य मिली। आर्थिक ममिलन में सुधार होई आ पारिवारिक दायित्व के पूर्ति होई।,29 जनवरी 2026 के राशिफल,Positive,joy,"। रचनाकम आगा बढ़ी। रूआ लेख में अलग-अलग नाम के लोगन के लिए भविष्य के बारे में बताइल बा। जिनके नाम जेकर से सुरु होला, उनका रूआ में रिस्ते मजबूत होखल, बेवसाया काम सफल होइल आ वाणी पर लगाम रहल। जिनके नाम इ, उ, ए, ओ ,वा, वी, वू, वे, वो से शुरू होला उनका रिश्ते में नजदीकियां बढ़ेगी, उनके काम में कामयाबी मिलेगी, शासक लोगो से सहयोग मिलेगा, उपहार आ सम्मान मिलेगा। मा, मी, मू, मे, मो, टा, टी, टू, टे से शुरू वाले लोगो के स्वास्थ्य का ध्यान रख"
9ed9d06d3e41e7de,"सेंट्रल डेस्क। नेपाल में अतीत में कई गो विद्रोह (Nepal Clash) भइल बा, जेमे नवहन के भूमिका अहम रहल बा। पिछिला बरिस प्रदर्शनकारि फेर से राजशाही के मांग कइले रहे लोग काहेकि इहां के राजनीतिक अस्थिरता के चलत 16 साल में 13 बेर सरकार बदल चुकल बा, बाकिर वर्तमान विरोध प्रदर्शन श्रीलंका आ बांग्लादेश में भ्रष्टाचार आ भाई-भतीजावाद के खिलाफ नवहन के आंदोलन जइसन लागत बा। नेपाल के तरे श्रीलंका (2022) आ बांग्लादेश (2024) के आंदोलन में ‘जेन-जी’ सबसे आगे रहल बा लोग। जेनरेशन-जी के मतलब 1997 आ 2012 के बीच पैदा भइल पीढ़ी हियs। एकरा के इंटरनेट आ इंटरनेट मीडिया सहित आधुनिक तकनीक के इस्तेमाल करत बड़ भइल पहिला पीढ़ी मानल जाला। श्रीलंका आ बांग्लादेश में इहे पीढ़ी विद्रोह के अगुआई कइले रहे। नेपाल के जइसने एह दूनो देस में विरोध प्रदर्शन तत्कालीन सरकार के विरुद्ध रहे। दूनो ममिला में विरोध प्रदर्शन सुरू में राजनीतिक ना रहे आ नेपालो में अइसने बा। श्रीलंका में हिंसा – श्रीलंका में ईंधन आ खाद्य पदार्थ के बढ़त कमी जेन-जी के प्रदर्शन खातिर प्रेरित कइलस। प्रदर्शन सुरू में शांतिपूर्ण रहे, बाकिर बाद में राष्ट्रपति भवन पऽ कब्जा में बदल गइल, जवना के बाद राष्ट्रपति गोटबाया राजपक्षे इस्तीफा दे देले रहस। प्रदर्शनकारी बाद में राष्ट्रपति भवन आ प्रधानमंत्री कार्यालय पऽ हमला कs दिहलें, जवना से अंतरराष्ट्रीय समुदाय के धेयान आंदोलन पऽ गइल। कई गो रिपोर्ट में कहल गइल कि प्रदर्शनकारियन के पीछे राजनीतिक ताकत रहे, जवना के आपन स्वार्थ रहे। 2024 में नयका सरकार के सत्ता में अइला के बाद नीति आ शासन में कुछ बड़ बदलाव भइल बा। बांग्लादेश में हिंसा- बांग्लादेश में छात्र तत्कालीन सरकार के नौकरी में कोटा नीति के विरुद्ध बड़हन पैमाना पऽ विरोध प्रदर्शन कइल लो। प्रदर्शनकारियन के तर्क रहे कि आरक्षण से योग्य लोगन के बजाय राजनीतिक निष्ठावान के फायदा होला। प्रदर्शन बढ़ला पs सुरक्षा बल बल प्रयोग कइल लोग। अंत में प्रदर्शनकारी प्रधानमंत्री आवास घेर लिहल लो, जवना से शेख हसीना के 5 अगस्त 2024 के देस छोड़ के भागे के पड़ल आ उनका 16 साल के सत्ता के अंत हो गइल। एकरा बाद छात्र नेता भविष्य में चुनाव लड़े खातिर नेशनल सिटीजन पार्टी बनावल लोग आ नोबेल पुरस्कार विजेता डा. मुहम्मद यूनुस के देखरेख वाला अंतरिम सरकार में सामिल हो गइल लोग। नेपाल के जइसने बांग्लादेश में ई आंदोलन डिजिटल रूप से जानकार युवा कार्यकर्ता चलावल लोग, जे विरोध प्रदर्शन खातिर पारंपरिक पार्टी संरचना के दरकिनार कs के वायरल वीडियो आ इंक्रिप्टेड चैट के इस्तेमाल कइल। श्रीलंका के तरे बांग्लादेश के छात्र लगातार प्रदर्शन आ जन आंदोलन के माध्यम से सरकार गिरा देले रहे लोग। नेपाल के संचार आ सूचना प्रौद्योगिकी मंत्री पृथ्वी सुब्बा गुरुंग बतवलें, देशव्यापी जेन-जी आंदोलन में अराजक आ प्रतिक्रियावादी तत्व शामिल हो गइल रहलें। जेन-जी आंदोलन के मांग भ्रष्टाचार के जांच आ प्रतिबंधित इंटरनेट मीडिया के बहाली रहे, बाकिर सरकारी कार्यालय के निशाना बना के तोड़फोड़ कइल गइल, एकरा बाद कई गो दुखद घटना भइल। जेन-जी आंदोलन के नेता कहलें कि बाहरी तत्व के घुसपैठ के कारण हिंसा भइल। उ (बाहरी तत्व) तोड़-फोड़ कइल लोग आ जबरन संसद भवन में घुसे के कोसिस कइल, जवना से हिंसा भड़क गइल। पूर्व डीआइजी हेमंत मल्ला कहलें, “सरकार के खुफिया एजेंसी स्थिति के सही आकलन ना कइल, जवना के कारण जानमाल के नुकसान भइल। जदि उ प्रदर्शन के पैमाना के सही आकलन कइले रहित आ तइयारी कइल गइल रहित, तs इस्थिति के बेहतर ढंग से संभारल जा सकत रहे।”","नेपाल में विद्रोह के इतिहास में नवहन के भूमिका महत्वपूर्ण बा। हाल के विरोध प्रदर्शन श्रीलंका आ बांग्लादेश के आंदोलन जइसन लागत बा, जहाँ जेनरेशन-जी के युवा लोग भ्रष्टाचार आ भाई-भतीजावाद के खिलाफ आवाज उठवले बाड़ें। बांग्लादेश में छात्र लोग नौकरी में कोटा नीति के खिलाफ बड़हन विरोध कइलें, जवना से प्रधानमंत्री शेख हसीना के सत्ता समाप्त भइल। नेपाल में जेन-जी आंदोलन के दौरान अराजक तत्व शामिल हो गइल रहलें, जेकरा चलते हिंसा भइल आ कई दुखद घटना घटल। पूर्व डीआइजी हेमंत मल्ला के अनुसार, सरकार के खुफिया एजेंसी स्थिति के सही आकलन ना कइले, जवना से जानमाल के नुकसान भइल।","Nepal Clash : श्रीलंका आ बांग्लादेश में सत्ता परिवर्तन करवा चुकल बाऽ Gen-Z, नेपाल में का संकट में बाऽ सरकार?",Negative,anger,"लादेश में भी प्रदर्शन शुरुआत में शांत रहे, परंतु बाद में हिंसक हो गइले। ## नेपाल में हालाँकि अतीता में कई विरोध हुए बा, परन्तु अब के विरोध जेन जी, यानी १९९७ से २०१२ के बीच जन्म लेल लोग के नेतृत्व में हो रहा बा। जेन जी ने २०२२ में श्रीलँका आ २०२४ में बाँग्लादेश के भ्रस्टाचार और भाई भतीजावादी सरकार के खिलाफ़ विरोध में अहम भूमिका निभाई। श्रीलंके में ई प्रदर्शन इंधन और खाना की कमी के कारण शुरू हुए, जहाँ प्रदर्शन शुरू में शान्तिपूर्ण रहे पर बाद मे हिंसात्मक हो गए और राष्ट्र्पति को इस्तीफ़"
f3ef41d51ae09bd2,"पटना: बिहार विधानसभा चुनाव में मजबूती से उतरे खातिर कांग्रेस अपना तइयारियन में कवनो कमी नइखे रखे के चाहत। 18 मार्च के कांग्रेस अपना प्रदेश अध्यक्ष के बदल देले रहे। अब नया प्रदेश अध्यक्ष राजेश कुमार राम के तैनाती के 14 दिन के भीतर कइयन जिलन के जिलाध्यक्ष बदल दिहल गइल। जवना जिलाध्यक्षन पs काम ना करे के आरोप लागल रहे, ओकरा के हटा दिहल गइल रहे। एह तरे कुल 20 नया जिलाध्यक्षन के नियुक्ति कइल गइल बा। खास बात ई बा कि कांग्रेस गया आ कटिहार में दु-दुगो कार्यकारी अध्यक्ष बनवले बिया। एने, पटना शहर इकाई के जिलाध्यक्ष शशिरंजन चुनल गइल बा लो। ओहिजा, रंजीत कुमार के कार्यकारी जिलाध्यक्ष चुनल गइल बा। एही तरे पटना ग्रामीण एक के जिलाध्यक्ष सुमित कुमार सन्नी के बनावल गइल बा। ओहिजा, उदय चंद्रवंशी के कार्यकारी अध्यक्ष के जिम्मेवारी सउपल गइल बा। पटना ग्रामीण दु के जिलाध्यक्ष गुरुजीत सिंह होइहें। ओहिजा, नीतू निशाद के कार्यकारी जिलाध्यक्ष बनावल गइल बा। एह फेरबदल के घोषणा अखिल भारतीय कांग्रेस कमेटी के ओर से कइल गइल बा। अखिल भारतीय कांग्रेस कमेटी के महासचिव केसी वेणुगोपाल एगो प्रेस विज्ञप्ति में ई जानकारी देलें। विज्ञप्ति में जिला कांग्रेस कमेटियन के अध्यक्षन के सूची जारी कइल गइल बा। कांग्रेस बिहार में जातीय समीकरण ध्यान में रखत ई फेरबदल कइल गइल बा। पार्टी के दावा बा कि ई नियुक्ति बिहार में कांग्रेस पार्टी के मजबूत करे के दिशा में एगो महत्वपूर्ण डेग बा। पार्टी के उम्मीद बा कि नया अध्यक्ष अपना-अपना जिलन में पार्टी के नया ऊंचाइयन पs ले जइहें।",पटना: बिहार विधानसभा चुनाव में मजबूती से उतरे खातिर कांग्रेस अपना तइयारियन में कवनो कमी नइखे रखे के चाहत। 18 मार्च के नया प्रदेश अध्यक्ष राजेश कुमार राम के तैनाती के 14 दिन के भीतर 20 नया जिलाध्यक्षन के नियुक्ति कइल गइल बा। खास बात ई बा कि कांग्रेस गया आ कटिहार में दु-दुगो कार्यकारी अध्यक्ष बनवले बिया। एह फेरबदल के घोषणा अखिल भारतीय कांग्रेस कमेटी के महासचिव केसी वेणुगोपाल कइलें। पार्टी के दावा बा कि ई नियुक्ति बिहार में कांग्रेस पार्टी के मजबूत करे के दिशा में एगो महत्वपूर्ण डेग बा।,"Bihar News: कांग्रेस बिहार में कइलस बड़ फेरबदल, 20 जिलाध्यक्षन के बदललस; देखीं पूरा लिस्ट",Positive,neutral,"बिहार में आगामी विधान सभाम चुनाव के तैयारी में काँग्रेस ने अपना संगठन में बड़ा बदलाव किया है। १८ मार्च से नए प्रदेशाध्यक्ष के बाद, १४ दिन के अंदर ही कई जिलों के ज़िले अध्यक्ष बदल दिए गए हैं। उन जिला अध्यक्षों को हटा दिया गया है जिन्होंने काम नहीं किया था। कुल मिलाकर २० नए जिलाअध्यक्ष नियुक्त किए गए हैं, जिसमें गया और कटीहार में दो-दो कार्यकारिणी अध्यक्ष भी शामिल हैं। पार्टी का दावा है कि ये बदलावे बिहार की जातीय परिस्थितियों को ध्यान रखते हुए किए गए है और पार्टी को मजबूर करने में मददगार साबित होंगे।"
77407b6261cc84ed,"पाकिस्तानी क्रिकेटर शोएब मलिक पाकिस्तानी एक्ट्रेस सना जावेद (Sana Javed) के साथे शादी क‌s लेले बाड़े। शोएब सोशल मीडिया पs पोस्ट शेयर कs ई बात के जानकारी देहले ओहीं, सानिया मिर्जा आ उनकर परिवार सोशल मीडिया पs पोस्ट शेयर क‌ई के मलिक के शादी पs रिएक्शन दिहले (Sania Mirza reaction)। सानिया के टीम आ उनकर परिवार एगो बयान में लिखले , “सानिया आपन निजी जिंदगी के हमेसा लोगन के नजरन से दूर रखली हालांकि, आजु उनके खातिर इs बतावल जरूरी हो ग‌इल बा के शोएब आ उनकर कुछ महीना पहिले ही तलाक हो चुकल रहे। शोएब के उनकरे न‌उका यात्रा खातिर शुभकामना” . बयान में आगे लिखल ग‌इल बा ‘”उनकरी जीवन के एs संवेदनशील दौर में, हम सजो प्रशंसकन आ शुभचिंतकन से अनुरोध करल चाहब कि उs कवनो अटकलबाजी में सामिल होखले से बचीं। उनकरी गोपनीयता के स‌‌म्मान करीं”। बता देंई की शोएब सोशल मीडिया ‘एक्स’ पs अपने न‌उका पत्नी के साथे तस्वीर डलले आ सानिया के संबंधन में दरार के खबर 2022 से आवत रहे आ पिछिला दु साल में दुनों के साथे नाहीं देखल ग‌इल। कुछ समय पहिले शोएब इंस्टाग्राम पs सानिया के अनफॉलो क‍इले रहले शोएब आ सानिया के पांच साल के एगो बेटा बा जवन सानिया के साथे रहेला। ओहीं, सानिया के पारिवारिक सूत्र बतावल के सानिया तलाक के प्रक्रिया शुरू क‌इले रहली। उ कहले‘ मुस्लिम महिला अपना पति से एकतरफा तलाक ले सकेली , हम एकरे आगे कोनो टिप्पणी नाहीं करल चाहेब” सानिया आ शोएब हैदराबाद में अप्रील 2010 में निकाह क‌इले रहले आ दुनों दुबई में रहत रहले 37 वर्षीय सानिया के सोशल मीडिया पोस्ट से संकेत मिलल रहे कि उs तनाव में रहली। करीब एक हफ्ता पहिले उs इंस्टाग्राम पs पोस्ट क‌इली, “जब कवनो चीज आपके शांति के भंग करे तs ओके जाए देवे के चाहि।”",पाकिस्तानी क्रिकेटर शोएब मलिक सना जावेद से शादी क‌इले बाड़े। शोएब सोशल मीडिया पs ई जानकारी साझा कइले आ सानिया मिर्जा आ उनकर परिवार शादी पर रिएक्शन दिहले। सानिया के परिवार बयान में कहलस कि शोएब आ सानिया के कुछ महीना पहिले तलाक हो चुकल रहे आ उनकर गोपनीयता के सम्मान करे के अनुरोध कइलस। शोएब आ सानिया के एक बेटा बा जवन सानिया के साथे रहेला। सानिया तलाक के प्रक्रिया शुरू कइले रहली आ तनाव में रहला के संकेत सोशल मीडिया पर मिलल रहे।,"कुछ महीना पहिले …”, शोएब मलिक एक्ट्रेस सना जावेद से शादी क‌इले पs सानिया मिर्जा अ‌इसे क‌इली रिएक्ट",Negative,sadness,"ब 15 साल के रिलेशनशिप के बाद, शाओएब एगो नई लड़की से शादी कर लेल बाड़े। शोआएब मालिक आ सनिया मिर्ज़ा के बीच तलाक़ हो चूकल बा। शोअएब ने सोशल मिडिया पर अपनी नई वाइफ सना जवेद के साथ फोटो शेयर की। सान्या मिर्ज़ा आ उनका परिवार ने एक स्टेटमेंट जारी कर के बतावल बा कि शोऐब आ उन्हीं के कुछ महिने पहले ही अलग हो गेल रहल। सान्या के परिवार ने कहा की सज्जन आ प्रशंसकों से उनका निजी जीवन के बारे में कोई अफवाह फैलाने से बचना चाहे। बतावल जा रहा बा की सन्या के साथ रहने वाला"
463337f1b66e7a02,राष्ट्रवादी कांग्रेस पार्टी के संस्थापक शरद पवार के आज 84वां जन्मदिन हs। अजीत पवार उनुका के एह मौका पs बधाई देले बाड़े। अजीत पवार सोशल मीडिया पs लिखले बाड़न फिलहाल दुनो नेता दिल्ली में बाड़े। अजीत पवार काल्हु देर रात महाराष्ट्र मंत्रिमंडल के गठन कe बारे में अमित शाह से भेंट कइले रहले. बता दी कि अजीत पवार हमेशा से शरद पवार से उनुका जन्मदिन के मौका पs भा उनुका के फोन कs के उनुका के शुभकामना देत आईल बाड़े। आजु दुनु नेता दिल्ली में बाड़े तs का अजीत पवार एह साल शरद पवार से भेंट करीहें आ उनुका जन्मदिन पs शुभकामना दीहें कि ना? अब lr एनसीपी (अजीत पवार) के ओर से एs बात पs कुछूओ साफ नईखे भईल।,"राष्ट्रवादी कांग्रेस पार्टी के संस्थापक शरद पवार के आज 84वां जन्मदिन हs। अजीत पवार उनुका के बधाई देले बाड़े आ सोशल मीडिया पs लिखले बाड़न। दुनो नेता दिल्ली में बाड़े आ अजीत पवार अमित शाह से महाराष्ट्र मंत्रिमंडल के गठन कe बारे में भेंट कइले रहले। अजीत पवार हमेशा से शरद पवार के जन्मदिन पर शुभकामना देत आईल बाड़े, लेकिन एह साल उनुका से भेंट करीहें कि ना, ई अबहियों साफ नईखे।","शरद पवार के आजु 84वां जन्मदिन, अजित पवार दिहले शुभकामना, जानी का कहले",Positive,joy,"नौकरशाह पवारके ८४वाँ जन्मदिवस ह। एह दिन के मौके पर उनका बेटे अजित पवार ने उनको बधाइयां देईहें। अजित पवार दिल्ली में रहल बा, जहाँ उनहें राष्ट्रीय स्वयंसेवक संघ (आरएसएस) के अध्यक्ष अमित शाह से भी मुलाकात भइल। अमित शाह से उन्होंने महाराष्‍ट्र मंत्रिमंडलीय गठन बारे में बात कइली। अजिट पवार हमेशा से अपने पिता शरद पवार के जन्‍मदिन पर उनको फोन करके बधाई देत आइल बा। एह बार"
b8876e3b7b0b3214,मध्य पूर्व धीरे-धीरे एगो बड़ युद्ध के ओर बढ़ रहल बा। सातवाँ दिन इजरायल आ ईरान के बीच युद्ध जारी बा. ईरान से चलावल मिसाइलन के इजरायली वायु रक्षा प्रणाली नाकाम कs दिहले बा. एकरा साथे ही इजरायल ईरान में यूरेनियम सेंट्रीफ्यूज अउरी मिसाइल बनावे वाली यूनिट पs भी हमला कईलस| इजरायली हमला के चलते ईरान में अबले 639 लोग के मौत हो चुकल बा. अमेरिका भी एह युद्ध में कूद सकेला| राष्ट्रपति डोनाल्ड ट्रंप के अंतिम आदेश के इंतजार बा। समाचार एजेंसी एपी सूत्रन के हवाला से खबर दिहले बिया कि अमेरिका इजरायल में दूतावास से अपना कुछ कूटनीतिक कर्मचारियन के निकालल शुरू कs दिहले बा. कई गो राजनयिक आ ओह लोग के परिवार के लोग के सरकारी विमान में ले जाइल गइल बा. हालांकि अबहीं ले खाली करावे वाला लोग के सही संख्या साफ नइखे भइल. रूस के राष्ट्रपति व्लादिमीर पुतिन ईरान आ इजरायल के बीच बढ़त युद्ध पs चिंता जतवले बाड़न आ कहले बाड़न कि ऊ इजरायल आ अमेरिकी राष्ट्रपति डोनाल्ड ट्रम्प से लगातार संपर्क में बाड़न. उs एह बात पs जोर देले कि एs लड़ाई के रोके के रास्ता खोजल जाए के चाही। एकर समाधान खोजल जाव जवन ईरान आ इजरायल दुनु के हित में होखे. अमेरिकी मीडिया वॉल स्ट्रीट जर्नल के खबर के मुताबिक अमेरिका एह युद्ध में कूदे खातिर पूरा तरह से तइयार बा. अमेरिकी राष्ट्रपति डोनाल्ड ट्रंप ईरान पs हमला करे के योजना के मंजूरी दे दिहले बाड़न. बाकिर आखिरी आदेश पs रोक लगा दिहल गइल बा कि ईरानी सरकार आपन परमाणु कार्यक्रम रोकत बिया कि ना. अगर ईरान आपन परमाणु कार्यक्रम ना रोकल तs अमेरिका इजरायल के तरफ से ईरान के खिलाफ लड़ाई में शामिल हो जाई.,"मध्य पूर्व में एगो बड़ युद्ध के स्थिति बन रहल बा। इजरायल आ ईरान के बीच युद्ध के सातवाँ दिन बा, जहाँ इजरायल ईरान के मिसाइलन के नाकाम कs दिहले बा आ ईरान में हमला कइलस। इजरायल के हमले में 639 लोग के मौत हो चुकल बा। अमेरिका भी युद्ध में शामिल हो सकेला, आ राष्ट्रपति डोनाल्ड ट्रंप ईरान पs हमला करे के योजना के मंजूरी दे चुकल बाड़न। रूस के राष्ट्रपति पुतिन ईरान आ इजरायल के बीच बढ़त तनाव पर चिंता जतवले बाड़न।","तेहरान पs इजरायल के भीषण हमला, ईरान में अब ले 639 लोगन के मउत",Negative,sadness,जायेगा. **भोजपुरि भाषा में सारंश:** सातवें दिन इज़राइल आणि इरानच्या दरम्यान युद्ध सुरू आहे. इराणकडून दाखवलेल्या मिसिलांना इजरेलची वायू रक्षा यंत्रणेने अडथळा आला नाही. यासोबतच इज्रायलने इराणातील युरेनियम सेन्ट्रीफ्युज आणि मिसाईल बनवणाऱ्या केंद्रांवर हल्ला केला आहे. या हल्ल्यामुळे इराण्यात अंदाजे ६३९ लोकांची मृत्यु झाली आहे. अमेरिका देखील या युद्धात सामील होण्याची तयारी करत आहे. राष्ट्राध्यक्ष डोनल ट्रंपचा शेवटचा आदेश
b0bfe6f9ae016a7d,"गोरखपुर : इंडियन मेडिकल एसोसिएशन (आईएमए) के नया कार्यकारिणी खातिर चुनाव के घोषणा कs दिहल गइल बा। एकरा खातिर डॉ. बीबी गुप्ता के चुनाव अधिकारी बनावल गइल बा। 15 से 20 दिसंबर तक प्रत्याशी नामांकन कs सकत बा लो। 22 दिसंबर के परचा वापसी आ जरूरत पड़ला पs 25 दिसंबर के मतदान आ मतगणना होई। चुनाव के घोषणा होखतही प्रचार जोर पकड़ लेले बा। अबकी बेर प्रेसीडेंट इलेक्ट (आवे वाला साल 2026 के अध्यक्ष) के चुनाव होई। एकरा संगही अध्यक्ष पद के चुनावो होई, बाकिर अगिला साल से खाली प्रेसीडेंट इलेक्ट के चुनाव होई। जे एह साल प्रेसीडेंट इलेक्ट चुनल जाई, ऊ अगिला साल के अध्यक्ष होइहें। चुनाव के घोषणा होखतही सब पदन के दावेदार आइएमए के वाट्सएप ग्रुप पs आपन प्राथमिकता बतावल सुरू कs देले बा लो। के ऑफिसियल चैनल के विजिट करीं : ऑफिसियल अध्यक्ष पद खातिर दुगो नाम चरचा में आ गइल बा। उपाध्यक्ष आ सचिव पद खातिर एक-एक लोग सामने आइल बा। ओहिजा, पिछलका कार्यकारिणी के एगो पदाधिकारी अबकी बेर प्रेसिडेंट इलेक्ट खातिर दावेदार हो सकत बाड़ें, एकर तइयारियो सुरू हो गइल बा। चुनाव के तिथि 25 दिसंबर तय कs दिहल गइल बा। चुनाव अधिकारी के चयन हो चुकल बा। अब चुनाव अधिकारी आपन टीम बनाके नामांकन से लेके चुनाव तक के जिम्मेदारी संभरिहें।","गोरखपुर में इंडियन मेडिकल एसोसिएशन (आईएमए) के नया कार्यकारिणी खातिर चुनाव के घोषणा कइल गइल बा। डॉ. बीबी गुप्ता चुनाव अधिकारी बनल बाड़ें। 15 से 20 दिसंबर तक प्रत्याशी नामांकन क सकीला, आ 22 दिसंबर के परचा वापसी होई। 25 दिसंबर के मतदान आ मतगणना होई। चुनाव में प्रेसीडेंट इलेक्ट आ अध्यक्ष पद के चुनाव होई, आ सब पदन के दावेदार आईएमए के वाट्सएप ग्रुप पs प्राथमिकता बतावत बाड़ें।","IMA चुनाव : गोरखपुर में 15 दिसंबर से दाखिल होई परचा, 25 के मतदान- अबकी बेर प्रेसीडेंट इलेक्ट चुनल जइहें",Neutral,neutral,"गोरोखपुर में इंडियन् मेडीकल एसोसिअसन (आइ.एम.ए.) के नवनियुक्त कार्यकारी समिति के लिए चुनाव घोषित हो गेल बा। डॉ. बी.बी. गुप्त को चुनाव आयुक्त बनाया गया बा। १५ से २० दिसम्बर तक उम्मीदवारों के नाम दाखिल कर सकलें। २२ दिसम्बेर को पर्चियां वापस करनी पड़ेगी। मतदान २५ दिसंम्बर को होगा। अबकी बार प्रेसिटेन्‍ट इलैक्ट (२०२६ का अध्यक्ष ) का चुनाव होगा। अध्यक्ष पद पर भी चुनाव होंगे, लेकिन अगले साल से। चुनाव के लिए कई लोगों ने अपनी इच्छा जताई है। उपाध्यक्ष और सच"
255e8b36a8512913,"बाबासाहेब भीमराव अम्बेडकर के 69वीं पुण्यतिथि पs राष्ट्रपति द्रौपदी मुर्मू आ पीएम मोदी समेत कई गो राजनीतिक हस्ती उनुका के श्रद्धांजलि दिहलन. राष्ट्रपति द्रौपदी मुर्मू भुवनेश्वर के एजी स्क्वायर में जाके बाबा साहेब भीमराव अम्बेडकर के मूर्ति के पुष्प श्रद्धांजलि अर्पित कईले। एकरा बाद उs एयरपोर्ट खातिर रवाना हो गईली। एकरा संगे राष्ट्रपति मुर्मू अपना गृह जिला मयूरभंज के दौरा भी करे के योजना बनवले बाड़ी. पीएम मोदी बियफे के दिने संविधान निर्माता बाबासाहेब भीमराव अंबेडकर के पुण्यतिथि पs श्रद्धांजलि दिहलन आ कहलन कि “आजु जब देश उनुका योगदान के याद करेला तs ऊ एक बेर फेरू आपन विजन पूरा करे के प्रतिबद्धता दोहरवले बा”. उ ‘एक्स’ पs एगो पोस्ट में कहले कि, “महापरिनिर्वाण दिवस पs हमनी के अपना संविधान के निर्माता अवुरी सामाजिक न्याय के आइकन डॉ. बाबासाहेब के प्रणाम करतानी।” कांग्रेस अध्यक्ष मल्लिकार्जुन खरगे बाबासाहेब भीमराव अम्बेडकर के महापरिनिर्वाण दिवस पs बियफे के दिने कहलन कि बाबासाहेब के आदर्श आ विचारन के रक्षा आजु के समय के बहुते जरुरत बा.” कांग्रेस पार्टी भी बाबा साहेब अम्बेडकर के याद कईलस। पार्टी के ओर से उs अपना अधिकारी एक्स हैंडल पs लिखले उनुकर आदर्श अवुरी विचार हमनी के युगों-युगों तक न्याय के राह पs आगे बढ़े खातीर प्रेरित करीं",बाबासाहेब भीमराव अम्बेडकर के 69वीं पुण्यतिथि पs राष्ट्रपति द्रौपदी मुर्मू आ पीएम मोदी श्रद्धांजलि दिहलन। राष्ट्रपति मुर्मू भुवनेश्वर में बाबा साहेब के मूर्ति के पुष्प अर्पित कईलीं आ बाद में एयरपोर्ट खातिर रवाना हो गईलीं। पीएम मोदी कहलन कि आजु देश उनुका योगदान के याद करेला आ ऊ अपना विजन पूरा करे के प्रतिबद्धता दोहरवले बाड़न। कांग्रेस अध्यक्ष मल्लिकार्जुन खरगे कहलन कि बाबासाहेब के आदर्श आ विचारन के रक्षा आजु के समय में जरुरी बा। कांग्रेस पार्टी भी बाबा साहेब के याद कईलस आ उनकर आदर्श के प्रेरणा बतवलस।,"राष्ट्रपति मुर्मू, पीएम मोदी आ खरगे समेत दिग्गज नेता बाबा साहेब अंबेडकर के दिहलें श्रद्धांजलि",Positive,neutral,"बुधवार के दिन, 6 दिसंबर 2023 के दिन बाबा भीमरेव अमडकर के 69वें जन्मदिवस के अवसर पर, राष्ट्रमंडलीय मुर्मु, प्रधानमंत्री नरेंद्र मोदी, और अनेक राजनैतिक नेताओं ने उनका स्मारक पर श्रद्धा अर्पित की। राष्ट्रमुखी द्रुपदी मुर्मु ने भुवनश्वर में बाबा सहेब की प्रतिमा के समक्ष फूल अर्पित किए और बाद में मयुरभंज जिले की यात्रा पर निकल पड़ी। प्रधान मंत्री मोदी ने 'एक्स' पर एक पोस्ट में लिखा कि आज देश उनके योगदान को याद कर रहा है और वे फिर से अपने दृष्टिकोण को पूरा करने के प्रति वचनबद्ध हैं। कांग्रेस के राष्ट्रीय अध्यक्ष"
330cf50b10206c4d,"शराब घोटाला के मामिला में सजा काटत दिल्ली के मुख्यमंत्री अरविंद केजरीवाल के याचिका पs सुप्रीम कोर्ट आज 14 अगस्त के सुनवाई करी, जवना में उs दिल्ली हाईकोर्ट से सीबीआई के ओर से गिरफ्तारी के कायम राखे के फैसला मंगले बाड़े कथित आबकारी नीति घोटाला से जुड़ल भ्रष्टाचार के मामिला में एs आदेश के चुनौती दिहल गईल बा। एह मामिला में जमानत माँगे वाला केजरीवाल के याचिका पs भी सुप्रीम कोर्ट अलगा से सुनवाई करी। आम आदमी पार्टी के संयोजक के दुनो याचिका पs न्यायमूर्ति सूर्य कांत अवुरी न्यायमूर्ति उज्जवल भुइयां के पीठ सुनवाई करी। सोमार के दिने केजरीवाल खातिर पेश वरिष्ठ अधिवक्ता अभिषेक सिंघवी जब ओकरा के तुरते कोर्ट में सूचीबद्ध करावे के निहोरा कइलन तs शीर्ष अदालत उनुकर याचिका सुने के तइयार हो गइल रहुवे. दिल्ली हाईकोर्ट 5 अगस्त के मुख्यमंत्री के गिरफ्तारी के वैध बना देले रहे अवुरी कहलस कि केंद्रीय जांच ब्यूरो (सीबीआई) के आरोप में कवनो दुर्भावना नईखे, जवना में इs रेखांकित कईल गईल कि आप के नेता गवाही देवे वाला गवाह के कईसे प्रभावित कs सकतारे गवाही देत ​​बानी. सीबीआई मामला में हाईकोर्ट उनुका से नियमित जमानत खातीर निचला अदालत में जाए के कहले रहे। कोर्ट कहले रहे कि मुख्यमंत्री के गिरफ्तारी अवुरी सीबीआई के ओर से प्रासंगिक सबूत जुटावे के बाद मुख्यमंत्री के खिलाफ सबूत के श्रृंखला बंद हो गईल अवुरी इs नईखे कहल जा सकत कि इs बिना कवनो उचित कारण चाहे गैरकानूनी बा। कहल जात रहे कि केजरीवाल कवनो साधारण नागरिक ना, बलुक मैगसेसे अवार्ड विजेता आ आम आदमी पार्टी के संयोजक हउवें.",दिल्ली के मुख्यमंत्री अरविंद केजरीवाल के शराब घोटाला के मामिला में सुप्रीम कोर्ट आज 14 अगस्त के सुनवाई कइलस। उs दिल्ली हाईकोर्ट के सीबीआई के गिरफ्तारी के फैसला के चुनौती दिहलन। केजरीवाल के जमानत खातिर याचिका पs भी सुनवाई भइल। न्यायमूर्ति सूर्य कांत आ न्यायमूर्ति उज्जवल भुइयां के पीठ एह मामिला के सुनवाई कइलस। दिल्ली हाईकोर्ट 5 अगस्त के केजरीवाल के गिरफ्तारी के वैध बतवले रहे आ सीबीआई के आरोप में कवनो दुर्भावना ना बतवले।,दिल्ली शराब घोटाला मामिला: CM केजरीवाल के मिली बेल? SC में सुनवाई आजु,Negative,anger,): दिल्ली के मुख्‍यमन्त्री अरव्‍िन्‍द केज्‍रियल के शराब घोत्‍ला मामले में गिरफ़्‍तारी के खिलाफ़ याचिक्‍ा सुपरिम्‍ा कोर्ट ने आज १४ अगस्‍त को सुनवाई की। केजर्‍ियल ने दिल्ली हाइकोर्ट के फैस्‍सले को चुनौत‍ि दी है जहाँ उनका गिरफ्तार रहने का आदेश दिया गया था। उनके वकील ने कोर्ट से तुरंत सुनवाई करने की गुहार लगाई थी। हाईकोर्ट ने ५ अगस्त को केज्रियल की गिरफ़्तारी को वैध ठहराया था और कहा था कि सीबीआइ के पास सबूत हैं।
4276a7cba3f7eed2,"पिछला हफ्ता व्हाइट हाउस के ओवल ऑफिस में यूक्रेन के राष्ट्रपति वोलोदिमिर जेलेंस्की के अमेरिकी राष्ट्रपति डोनाल्ड ट्रंप से बहस के बाद अमेरिका बड़ डेग उठवले बाड़ें। अमेरिका यूक्रेन के सैन्य सहायता रोक देले बा। मीडिया रिपोर्ट के अनुसार, व्हाइट हाउस के एगो अधिकारी कहलें कि अमेरिका यूक्रेन के सहायता रोक रहल बा आ एकर समीक्षा कs रहल बा। ई रोक तब तक रही जब तक ट्रंप ई तय नइखे कs लेत कि यूक्रेन के नेता शांति के प्रति सद्भावनापूर्ण प्रतिबद्धता प्रदर्शित करत बाड़ें। ई सहायता के स्थायी समाप्ति नइखे। ई एगो ठहराव हs। आदेस के तहत सब अमेरिकी सैन्य उपकरण जवन यूक्रेन में नइखे, ओकरा के रोक दिहल जाई। अमेरिकी राष्ट्रपति ट्रंप रक्षा सचिव पीट हेगसेथ के सहायता विराम लागू करे के आदेस देलें। बतावल जा रहल बा कि ट्रंप रूस के साथ चल रहल युद्ध के पूरा तरे से समाप्त करे खातिर यूक्रेन पs दबाव बनावल चाहत बाड़ें। ऊ चाहत बाड़ें कि जेलेंस्कियो एमे उनकर साथ देस। बाकिर जेलेंस्की युद्ध समाप्त करे खातिर सुरक्षा के गारंटी मांग रहल बा। एकरा पहिले जब जेलेंस्की कहलें कि रूस के संगे युद्ध समाप्ति के समझौता करे के समय अभी नइखे। तs ट्रंप एकरा के यूक्रेनी नेता के सबसे खराब बयान बतवले रहस। ट्रंप कहले रहस कि जेलेंस्की के एह बयान के अमेरिका जादे समय तक बर्दाश्त ना करी। यूक्रेनी राष्ट्रपति वोलोदिमिर जेलेंस्की आ अमेरिकी राष्ट्रपति डोनाल्ड ट्रंप के बीच बीतल हफ्ता ओवल ऑफिस में भइल तीखी बहस पूरा दुनिया देखलस। बैठक में राष्ट्रपति ट्रंप जेलेंस्की के जमके खरी-खोटी सुनवले रहस। जब जेलेंस्की बातचीत खातिर ओवल ऑफिस पहुंचलें तs ट्रंप पहिले जेलेंस्की के पोशाक के लेके मजाक कइलें आ कहलें कि ‘रउआ पूरा तरे से तइयार होके आइल बा’। हालांकि, ओह वक्त जेलेंस्की बात के संभार गइलें आ मुस्कुराके रह गइल रहस। बैठक में तनाव तब चरम पs पहुंच गइल जब जेलेंस्की चेतावनी देलें कि रूसी आक्रमण अमेरिका खातिर एगो दीर्घकालिक खतरा बा। जेलेंस्की कहलें, ‘रउआ लगे अच्छा समुद्र बा आ रउआ अभी खतरा महसूस नइखीं करत, बाकिर रउआ भविष्य में महसूस करेम।’ ट्रंप खातिर एतना बहुते जादे रहे आ ऊ जेलेंस्की पs तीखl जुबानी हमला कइलें आ एकरा बाद बैठक के अचानक समाप्त कs दिहल गइल रहे।","पिछला हफ्ता ओवल ऑफिस में यूक्रेन के राष्ट्रपति वोलोदिमिर जेलेंस्की आ अमेरिकी राष्ट्रपति डोनाल्ड ट्रंप के बीच तीखी बहस भइल। अमेरिका यूक्रेन के सैन्य सहायता रोक देले बा आ एकर समीक्षा कs रहल बा। ट्रंप चाहत बाड़ें कि जेलेंस्की शांति के प्रति प्रतिबद्धता दिखावें, जबकि जेलेंस्की सुरक्षा के गारंटी मांग रहल बा। बैठक में तनाव तब बढ़ गइल जब जेलेंस्की चेतावनी देलें कि रूसी आक्रमण अमेरिका खातिर दीर्घकालिक खतरा बा। ट्रंप के प्रतिक्रिया में तीखl जुबानी हमला कइलें आ बैठक के अचानक समाप्त कs दिहल गइल।","Trump Zelenskyy Row: जेलेंस्की से बहस के बाद अमेरिका के बड़ा कदम, रोकल गई यूक्रेन के सैन्य सहायता",Negative,anger,ब ट्रंप उनकर बात नही मानलें आ उनकर सवालों के जवाब नही दिलावलें। अमेरिका ने पिछले हफ्टे यूकराइन के साथ मिलनसार रवैया न दिखाए के बाद सैनिक सहायत रोक दी है। अमेरिकी प्रेसिडेंट ट्रंप ने रक्षा मंत्री पीट हागसेथ को आदेश दिया है कि यूकरन को सैन्यात्मक उपकरण न भेजे जाएँ। ट्रंप चाहत है की यूक्रीन रूस से युद्ध खत्म करे और उनका साथ दे। लेकिन यूकरीन के प्रेसीडेंट वोलोडिमिर जेलेन्स्की ने कहा है की अभी युद्ध का अंत करने के लिए तैयार नहीं हैं। इस बात पर ट्रंप गुस्से में आ गए और कहा
c4aa9be4fc3d3161,"स्पोर्ट्स डेस्क। भारत आ इंग्लैंड के बीच खेलल जा रहल पहिला टेस्ट मैच के तीसरका दिन के खेल बरखा के कारण जल्दी समाप्त कs दिहल गइल। भारत अपना दूसरा पारी में दु विकेट के नुकसान पs 90 रन बना लेले बा आ कुल 96 रन के बढ़त हासिल कs लेले बा। केएल राहुल 47 आ शुभमन गिल छव रन बनाके क्रीज पs मवजूद बा लो। भारत पहिला पारी में 471 रन बनवले रहे। इंग्लैंड ओली पोप के शतक आ हैरी ब्रूक के 99 रन के पारी के मदद से 465 रन बनवलस, जवना से भारत के छव रन के मामूली बढ़त मिलल। दूसरका पारी के सुरुआत भारत खातिर निराशाजनक रहल। ब्रायडन कार्स यशस्वी जायसवाल के 11 गेना में 4 रन पs विकेटकीपर जेमी स्मिथ के हाथे कैच करवले। एकरा बाद केएल राहुल आ डेब्यू कs रहल साई सुदर्शन पारी के संभरले आ दूसरका विकेट खातिर 66 रन के साझेदारी कइल लो। सुदर्शन 30 रन बनाके बेन स्टोक्स के गेना पs आउट भइलें। राहुल 75 गेना में सात चौका के मदद से 47 रन बनाके नाबाद बाड़ें, जबकि शुभमन गिल 10 गेना में 6 रन बनाके नाबाद बाड़ें। इंग्लैंड के टीम तीसरका दिन 209/3 से आगे खेले उतरल रहे। ओली पोप 106 रन बनवलें जबकि हैरी ब्रूक 99 रन बनाके आउट भइलें। इंग्लैंड के ओर से बेन डकेट 62 आ कप्तान बेन स्टोक्स 20 रन के जोगदान देलें। जेमी स्मिथ (40), क्रिस वोक्स (38) आ ब्रायडन कार्स (22) निचला क्रम से अहम रन जोड़ल लो। भारत के ओर से जसप्रीत बुमराह सानदार गेंदबाजी करत पांच विकेट लेलें। प्रसिद्ध कृष्णा तीन आ मोहम्मद सिराज दु विकेट झटकलें। रवींद्र जडेजा आ शार्दुल ठाकुर के कवनो सफलता ना मिलल। भारत अब चउथा दिने बढ़त के मजबूत करे के कोसिस करी, ओहिजा इंग्लैंड वापसी खातिर रणनीति बनाई।",भारत आ इंग्लैंड के बीच खेलल जा रहल पहिला टेस्ट मैच के तीसरका दिन बरखा के कारण जल्दी समाप्त हो गइल। भारत अपना दुसरा पारी में 90 रन बना के 96 रन के बढ़त हासिल कइले बा। केएल राहुल 47 आ शुभमन गिल 6 रन बनाके क्रीज प मौजूद बाड़ें। इंग्लैंड के ओली पोप 106 रन बनवले आ हैरी ब्रूक 99 रन बनाके आउट भइलें। भारत के जसप्रीत बुमराह पाँच विकेट लेके शानदार गेंदबाजी कइलें।,"IND vs ENG : राहुल-सुदर्शन के साझेदारी से भारत के बढ़त मजबूत, बुमराह के पंजा से भारत के वापसी",Neutral,neutral,"लें। भारत आइंग्लंड के बीच पहिली टेस्ट में तीसरा दिन बारिश के चलते जल्द ही खत्म हो गेल। भारत ने दूसरी इनिंग्स में दो विकेट खोकर ९० रन स्कोर कर के कुल ९६ रन की बढ़त बना ली। के.एल. राहूल ४७ रन और शुभमान गिल ६ रन पर क्रीज़ पर मौजूद हैं। पहली इनिंग में भारत ने ४७१ रन जमा किए थे, जबकि अंग्रेज़ों ने ओली पॉप के १०६ और हेरी ब्रुक के ९९ रनों की पारी से ४६५ रन का जवाब दिया था। भारत को शुरुआत में झटका लगा, ब्रायन कार्‍स ने यशस्‍वी जायस्‍वाल को"
774f6852e35973f8,"स्पोर्ट्स डेस्क। भारतीय टीम के फील्डिंग कोच टी दिलीप अक्षर पटेल के चोट पs अपडेट देले बाड़ें। अक्षर ओमान के खिलाफ एशिया कप मुकाबला के दौरान चोटिल हो गइल रहस। अक्षर कैच लेवे के दौरान चोटिल हो गइल रहस जवना कारण उनका मैदान से बाहर जाये के पड़ल रहे। भारत आपन अंतिम ग्रुप मैच में ओमान के 21 रन से हराके जीत के हैट्रिक लगवले रहस। अब ओकर सामना सुपर चार चरण में अतवार के चिर प्रतिद्वंद्वी पाकिस्तान से होई। शिवम दुबे के गेना पs हम्माद मिर्जा शॉट लगवलें आ अक्षर कैच लेवे खातिर दउड़लें। अक्षर गेना तक पहुंच गइल रहस, बाकिर उ कैच पूरा ना कs सकलें आ चोटिल हो गइलें। मैदान पs गिरला के बाद अक्षर के कुछ दिक्कत भइल आ उनका तुरंते मैदान से बाहर जाये के पड़ल। अब दिलीप अक्षर के चोट पs अपडेट देलें आ मैच के बाद बतवलें कि उ अच्छा इस्थिति में दिख रहल बाड़ें। दिलीप कहलें, ‘अभी-अभी हम अक्षर के देखनी हs, उ एह समय ठीक लागत बाड़ें। हम एकरा बारे में इहे कह सकत बानी।’ अक्षर के पहिला बेर एह एशिया कप में बल्लेबाजी करे के मौका मिलल आ उ ओमान के खिलाफ 13 गेना पs 26 रन बनवलें, जेमे तीन चौका आ एक छक्का सामिल बा। अक्षर खाली एक ओवर गेंदबाजी कइलें आ चार रन देलें, जबकि उनका कवनो सफलता ना मिलल। पाकिस्तान के खिलाफ अक्षर बहुते महत्वपूर्ण साबित हो सकत बाड़ें, बाकिर ई जरूरी बा कि उ जल्द से जल्द होखस। भारतीय फील्डिंग कोच से पाकिस्तान के खिलाफ भारत के अगिला मैच खातिर कम समय के बारे में पूछा गइल जवन एक दिन के ब्रेक के बाद 21 सितंबर के खेलल जाई। उ मैच के लेके बनल हाइप के जादे तवज्जो ना देलें आ कहलें कि टीम हर मैच के एगो आम मैच के तरे लेले आ उ आपन चिर-प्रतिद्वंद्वी के संगे फेर से भिड़े खातिर तइयार बिया। दिलीप कहलें, ‘पाकिस्तान के खिलाफ मैच खातिर सब केहू तइयार बा। हमनी के हर मैच के एक जइसन मानेनी सs आ हमनी के कार्यक्रम आ एकर पूरी जानकारी बा। एहिसे हर मैच एगो आम मैच बा आ हमनी के एकरा खातिर तइयार बानी सs।’ भारत ग्रुप ए में आपन सब तीन मैच जीतल आ अंक तालिका में शीर्ष पs रहत अगिला दौर खातिर क्वालिफाई कइलस। भारत के फाइनल में पहुंचे खातिर सुपर चार में सामना पाकिस्तान, बांग्लादेश आ श्रीलंका से होई।","भारतीय टीम के फील्डिंग कोच टी दिलीप अक्षर पटेल के चोट पs अपडेट देले बाड़ें। अक्षर ओमान के खिलाफ एशिया कप में चोटिल हो गइल रहस, जब उ कैच लेवे के कोशिश कइलें। दिलीप बतवलें कि अक्षर अब ठीक लागत बाड़ें आ पाकिस्तान के खिलाफ अगिला मैच खातिर तइयार बाड़ें। भारत ग्रुप ए में सब तीन मैच जीत के अगिला दौर में क्वालिफाई कइलस।",IND vs PAK: पाकिस्तान के खिलाफ ना खेलिहें अक्षर? फील्डिंग कोच देलें जानकारी; मैच के दौरान भइल रहस चोटिल,Positive,joy,"ओकर फोकस भारत के खिलाड़ियों के स्वास्थ्य आ फिटनेस पर रहे। भारतीय टीम के फील्डिंग कोच टी दिलीप अक्षर पटेल ओमान के खिलाफ एशिया कप मैच दौरान चोटिल हो गइल रहस। कैच लेवे खातिर दौड़ल बाद उनका पैर में दर्द हुआ आ उन्हें मादान से बाहर जाना पड़ल। अब उ अच्छा इस्तीक़ा में दिख रहे हैं, लेकिन अभी अधिकारिक अपडेट नहीं दिया गया"
9127b892b75b08cc,"(जेकर नाम चू, चे, चो, ला, ली, लू,ले,लो,अ से सुरू होला) (जेकर नाम से इ,उ,ए, ओ,वा ,वी ,वू ,वे,वो से सुरू होला) धन लाभ के जोग बा। रुकल काम पूरा हो सकेला। नौकरी में अफसर खुस रही लोग। प्रेम संबंध में मिठास आई। (जेकर नाम का,की,कु,घ,ड़,छ, के, को,हा से सुरू होला) आज फैसला सोच-समझ के लीं। गलतफहमी से बचीं। कारोबार में उतार-चढ़ाव रही। जतरा से फायदा हो सकेला। मन तनिका परेसान रही, बाकिर सांझ तक राहत मिली। परिवार के सहजोग से काम बनी। खरचा बढ़ला के जोग बा। (जेकर नाम मा,मी,मू,मे,मो,टा,टी, टू,टे से सुरू होला) आज सम्मान आ मान-प्रतिष्ठा बढ़ी। नौकरी में तरक्की के संकेत बा। पुरान संघतिया से मुलाकात हो सकेला। मेहनत के पूरा फल मिली। पढ़ाई आ प्रतियोगिता में सफलता के जोग बा। सेहत सामान्य रही। (जेकर नाम रा,री,रु,रे,रो,ता,ती,तू,ते से सुरू होला) आज खरचा पs नियंत्रण जरूरी बा। दांपत्य जिनगी में मधुरता रही। नया काम सुरू करे से पहिले सलाह लीं। (जेकर नाम तो,ना, नी,नू,ने,नो,या,यी,यूं से सुरू होला) आज दिन लाभदायक बा। निवेश से फायदा हो सकेला। नौकरी में जिम्मेदारी बढ़ला के जोग बा। जतरा के जोग बा। किस्मत साथ दी। अधूरा काम पूरा हो सकेला। धार्मिक काम में मन लागी। (जेकर नाम भो,जा, जी,खी,खू,खे,खो,गा,गी से सुरू होला) आज सावधानी जरूरी बा। विवाद से दूर रहीं। सेहत में उतार-चढ़ाव हो सकेला। धैर्य बनाके रखीं। (जेकर नाम गू, गे,गो,सा,सी,सू, से,सो,दा से सुरू होला) आज साझेदारी में फायदा होई। नौकरी आ कारोबार में सफलता मिली। परिवार में खुसी के खबर मिली। आज भावनात्मक फैसला मत लीं। धन के लेन-देन में सतर्क रहीं। मेहनत रंग ले आई।","आज के दिन धन लाभ के जोग बा आ रुकल काम पूरा हो सकेला। नौकरी में अफसर खुश बाड़े आ प्रेम संबंध में मिठास आई। परिवार के सहयोग से काम बनी आ खरचा बढ़ला के जोग बा। सम्मान आ मान-प्रतिष्ठा बढ़ी, आ मेहनत के पूरा फल मिली। आज सावधानी जरूरी बा आ विवाद से दूर रहीं।",23 फरवरी 2026 के राशिफल,Positive,joy,"हुआ। नई योजना बनाई। घर में खुशहाली रही। परिवार से प्यार आ स्नेह मिला। रूआ आज के दिन के बारे में बताइल बा। जेकर नाम जे,चे,चो,ला,ली,लू से सुरु होला, ओह लोगन के खातिर धन लाभ आ काम पूरा हो सकेला। नौकरियों में भी खुशियां बा। प्रेम संबंध में मीठास आइल। का नाम क,क़,ख,ग,घ आदि से शुरू होला ओ लोगन खातीर आज का दिन थोड़ा परेशानी भरा रहल। गलतफहमियों से बचल, पर कारोबारी में उतर-चढ़ाव रहे। मन तन परेशान रहे, पर साँझ तक आराम मिला। परिवार के सहयोग से"
4e97f87b272d0a87,"सिंगापुर सशस्त्र बल मंगर के मदुरै से सिंगापुर आवे वाला एयर इंडिया एक्सप्रेस विमान IX 684 के बम के धमकी के बाद आबादी वाला क्षेत्रन से दूर ले जावे खातिर दुगो लड़ाकू विमान तैनात कइलस। जवना के बाद, विमान के सिंगापुर के चांगी हवाईअड्डा पs सुरक्षित लैंडिंग करावल गइल। सिंगापुर के रक्षा मंत्री एनजी इंग हेन कहलें कि एयर इंडिया एक्सप्रेस के ईमेल के माध्यम से बम के धमकी मिलल रहे, जेमे कहल गइल रहे कि विमान AXB684 में बम बा। ऊ एक्स पs पोस्ट कs के कहलें, ‘हमनी के दुगो RSAF F-15SG विमान विमान के आबादी वाला क्षेत्रन से दूर ले जाये खातिर एस्कॉर्ट कइलस आ आखिरकार ई विमान रात 10:04 बजे सिंगापुर के चांगी हवाईअड्डा पs सुरक्षित रूप से लैंड भइल।’ एह दौरान ग्राउंड बेस्ड एयर डिफेंस (जीबीएडी) सिस्टम आ एक्सप्लोसिव ऑर्डनेंस डिस्पोजल (ईओडी) टीमन के सक्रिय कइल गइल। विमान के जमीन पs उतरला के बाद, एकरा के हवाईअड्डा के पुलिस के हवाले कs दिहल गइल आ जांच जारी बा। रक्षा मंत्री सिंगापुर सशस्त्र बलन आ होम टीम के समर्पण आउर पेशेवरता के सराहना कइलें, जे खतरन के बावजूद हमनी के अपना घरन में सुरक्षित रखलस। ऊ कहलें, ‘हमनी के एसएएफ आ होम टीम के समर्पण आ बेवसायिकता के बहुत-बहुत धन्यवाद, जवन हमनी के घरन में सुरक्षित रखेला, तबो जब हमनी के आसपास खतरा मवजूद होला।’ विमान में सवार यात्रियन के संख्या के तत्काल पता नइखे चल सकल। घटना पs एयर इंडिया एक्सप्रेस के ओर से तत्काल कवनो बयान नइखे आइल।","सिंगापुर सशस्त्र बल मंगर के मदुरै से सिंगापुर आवे वाला एयर इंडिया एक्सप्रेस विमान IX 684 के बम के धमकी के बाद दुगो लड़ाकू विमान तैनात कइलस। विमान के सिंगापुर के चांगी हवाईअड्डा पs सुरक्षित लैंडिंग करावल गइल। रक्षा मंत्री एनजी इंग हेन बतवलें कि ई धमकी ईमेल के माध्यम से मिलल रहे आ विमान के आबादी वाला क्षेत्रन से दूर ले जाये खातिर एस्कॉर्ट कइल गइल। घटना के बाद, विमान के पुलिस के हवाले कs दिहल गइल आ जांच जारी बा।","Air India: बम धमकी के बाद सिंगापुर तैनात कइलस लड़ाकू विमान, मदुरै से आ रहल फ्लाइट के सुरक्षित लैंडिंग करवलस",Neutral,neutral,"मंगलवार के रात, सिंगापुर आगमन के लिए जा रहे एअर इण्डिया एक्स्प्रेस के एक विमान (आईएक्स 6 84) के ऊपर बम की खबर मिलल। एह खबर के बाद सुरक्षा एजेंसियों ने तुरंत एक्शन लिया। दो लड़ाकू जहाजों ने विमान की सुरक्षा के लिए एस्‍कॉर्ट किया और आबाद इलाकों से दूर रखा। रात १०:०४ बजे विमान चाँगी हवाई अड्डे पर सुरक्षित तरीके से उतरा। सुरक्षा बलों ने जमीनी स्तर पर हवाई रक्षा (GBAD) सिस्टम और विस्फोटक निपटान दल (EOD) को भी लगाया। विमान उतरने के बाद पुलिस ने उसे अपने कब्"
3df7a8757107a3ff,"गूगल एगो नया थ्रेट इंटेलिजेंस एआई टूल लॉन्च कइले बा जवना से यूजर्स के साइबर हमला से बचावल जा सकेला। एह टूल के माध्यम से यूजर अपना संगे होखे वाला साइबर धोखाधड़ी प ब्रेक लगा सकतारे। गूगल एगो नया थ्रेट इंटेलिजेंस एआई फीचर लॉन्च कइले बा जवना से यूजर्स के साइबर हमला से बचावल जा सकेला । गूगल आरएसए सम्मेलन 2024 में आपन एआई आधारित साइबर सुरक्षा उपकरण के घोषणा कइले बा। गूगल के ई आर्टिफिशियल इंटेलिजेंस टूल डिजिटल दुनिया के सबसे बड़ समस्या यानी साइबर हमला के रोके में सक्षम होई। पिछला कुछ साल में ऑनलाइन आ डिजिटल धोखाधड़ी में बढ़ोतरी के देखत इ टूल उपयोगकर्ता खातीर बहुत उपयोगी साबित होई। गूगल के इ एआई टूल यूजर के साइबर धोखाधड़ी आ डिजिटल खतरा से बचाई आ साइबर हमला के तेजी से रोके में सक्षम होई। गूगल क्लाउड सिक्योरिटी के उपाध्यक्ष आ महाप्रबंधक सुनील पोट्टी आ गूगल थ्रेट इंटेलिजेंस के उपाध्यक्ष सैंड्रा जॉइस एगो ब्लॉग पोस्ट के माध्यम से कहले कि इ टूल मैडिएंट साइबर सिक्योरिटी यूनिट, वायरस टोटल थ्रेट इंटेलिजेंस आ जेमिनी एआई मॉडल प काम करी। गूगल के इ टूल जेमिनी 1.5 प्रो लार्ज लैंग्वेज मॉडल प काम करी, जवना के कंपनी ए साल फरवरी में लॉन्च कइले रहे। एह टूल के खास बात ई बा कि ई रिवर्स इंजीनियरिंग के माध्यम से बहुत कम समय में मैलवेयर हमला के रोके में सक्षम होई। इ जल्दी से कवनो सुरक्षा खतरा के स्कैन क के ब्लॉक क सकता। संगही, इ गूगल टूल सिर्फ कुछ सेकंड में भारी मात्रा में डेटा के स्कैन क सकता। एह इवेंट में गूगल भी अपना जेमिनी एआई 1.5 प्रो के एडवांस क्षमता के प्रदर्शन कइले बा। गूगल के इ नया एआई टूल कुछ सेकंड में साइबर हमला के कोड के डिकम्पाइल क सकता। परीक्षण के दौरान इ सिर्फ कुछ सेकंड में वानाक्राई मैलवेयर फाइल के डिकम्पाइल क देलस। एकरा के करे में 34 सेकंड के समय लागल। गूगल के ई एआई टूल साइबर सुरक्षा पेशेवरन खातिर एगो उपयोगी टूल साबित हो सकेला । इ टूल गूगल के क्लाउड सिक्योरिटी सर्विस के हिस्सा होई।","गूगल एगो नया थ्रेट इंटेलिजेंस एआई टूल लॉन्च कइले बा, जवना से यूजर्स के साइबर हमला से बचावल जा सकेला। ई टूल साइबर धोखाधड़ी आ डिजिटल खतरा के तेजी से रोके में सक्षम होई। गूगल के ई टूल जेमिनी 1.5 प्रो लार्ज लैंग्वेज मॉडल प काम करी आ रिवर्स इंजीनियरिंग के माध्यम से मैलवेयर हमला के जल्दी से रोके में सक्षम होई। परीक्षण में ई वानाक्राई मैलवेयर फाइल के डिकम्पाइल करे में सिर्फ 34 सेकंड लगवले। ई टूल गूगल के क्लाउड सिक्योरिटी सर्विस के हिस्सा होई।","Google उपयोगकर्ता के मांग पूरा कइलस, ले आईल threat intelligence AI, साइबर हमला प ‘ब्रेक’ लगाई",Positive,joy,"के बारे में जानकारी देले। गगल ने आरएसएसए २०२४ में एक नया एआई-आधारित सुरक्षा टूल लाँच कइला बा। ई टूल साइबर हमले से बचाने में मदद करेगा। गगल का कहना बा की ई टूल ऑनलाईन धोखेबाजी के बढ़ते हुए खतरे से निपटने के लिए बनाया गया बा। यह टूल ""मैडिएन्ट सायबर सेक्युरिटी"", ""वायरस टॉटल थ्रेड इंटेलीजेंस"" आ ""जेमिनी १.५ प्रो"" जैसे तकनीकों पर काम करत बा। ई जल्द ही मैल्वेयर हमले को पहचान के रोक सकता बा आ बड़े डेटा को भी तेज़ी से स्कैन कर"
7f502b784ff9f1ad,"बांग्लादेश के काली मंदिर से मुकुट चोरा के दुर्गा पूजा पंडाल पऽ हमला के घटना पs भारतीय विदेश मंत्रालय चिंता जतवले बा। विदेश मंत्रालय के कहनाम बा कि मंदिर आ देवता के अपवित्र करे के घटना निंदनीय बा। ई अशुद्धि के एगो व्यवस्थित पैटर्न हऽ। बांग्लादेश सरकार के हिन्दू, अल्पसंख्यक आ ओह लोग के पूजा स्थल के सुरक्षा सुनिश्चित करे के चाहीं। दरअसल अबकी बेर बांग्लादेश में हिन्दू समुदाय के लोग शांति से दुर्गा पूजा पर्व तक ना मना पवले आ कट्टरपंथी के ओर से दुर्गा पूजा पंडाल के निशाना बनावे के 35 घटना भइल। पुलिस के कहनाम बा कि नवरात्रि पर्व के दौरान पछिला एक महीना में देश भर में दुर्गा पूजा पंडाल में 35 अप्रिय घटना घटल बा। एकरा से एक दिन पहिले माँ काली के मुकुट चोरी के घटना बांग्लादेश के मशहूर जेशोरेश्वरी मंदिर में भइल रहे। इ मुकुट प्रधानमंत्री मोदी साल 2021 में बांग्लादेश यात्रा के दौरान माँ काली के मूर्ति के देले रहले। एकरा बाद कट्टरपंथी लोग चटगांव शहर के दुर्गा पूजा के मंच पऽ इस्लामी गीत गावल। विदेश मंत्रालय कहलस कि ढाका के तांती बाजार में पूजा पंडाल प भइल हमला आ काली मंदिर से मुकुट चोरी के लेके हमनी के चिंता जतवले बानी। ई घटना मंदिर आ पूजा पंडाल के अपवित्र करे के एगो व्यवस्थित पैटर्न हऽ। विदेश मंत्रालय कहलस कि बांग्लादेश सरकार के सुरक्षा सुनिश्चित करे के चाही। ढाका में भारतीय उच्चायोग ताज चोरी के खबर पऽ चिंता जतवले रहे। उच्चायोग ट्विटर पऽ एगो पोस्ट में कहले रहे कि, उ 2021 में बांग्लादेश यात्रा के दौरान पीएम मोदी के जेशोरेश्वरी काली मंदिर (सतखिरा) के दिहल ताज के चोरी के खबर के नोट कइले बा। हमनी का गहिर चिंता जतावत बानी आ बांग्लादेश सरकार से निहोरा करत बानी जा कि उऽ एह चोरी के जाँच कऽ लेवे, ताज बरामद कर लेवे, आ अपराधियन के खिलाफ कार्रवाई करे।","बांग्लादेश के काली मंदिर से मुकुट चोरा के दुर्गा पूजा पंडाल पऽ हमला के घटना पs भारतीय विदेश मंत्रालय चिंता जतवले बा। विदेश मंत्रालय के कहनाम बा कि ई घटना निंदनीय बा आ बांग्लादेश सरकार के हिन्दू आ अल्पसंख्यक के पूजा स्थल के सुरक्षा सुनिश्चित करे के चाहीं। नवरात्रि पर्व के दौरान 35 अप्रिय घटना घटल बा, जवन कट्टरपंथी लोग के ओर से दुर्गा पूजा पंडाल के निशाना बनावे के संकेत देला। भारतीय उच्चायोग भी ताज चोरी के खबर पर चिंता जतवले बा आ बांग्लादेश सरकार से जाँच आ कार्रवाई के निहोरा कइले बा।",MEA: बांग्लादेश में पूजा पंडाल पऽ हमला आ मुकुट चोरी पऽ भारत चिंतित,Negative,sadness,वली बा। ## भारत के विदेश मामलों के मंत्री बांगलादेश में हालात के बारे में चिंतित बाने। ढाका शहर के ताज बाज़ार में एक पूजा मंडप पर हमला होलस। उसके साथ ही बाँगलादेश के एक प्रसिद्ध जेशोरेश्वरी मन्दिर से माँ क़ाली का मुक़ुट चोर के गेल। यह मुकूट प्रधान मंत्री नरेंद्र मोदी ने साल २०२१ में अपनी बांग्‍लादेश यात्रे के दौरान मां काली को अर्पित किया रहल। पुलिस के कहना बा कि पिछले महीने बांग्लदेश में ३५ दुर्गापूजा मण्डपों पर अपराध हुए हैं। विदेश मंत्री ने कहा की बांगलदेश सरकार
543d5a8ed3207f55,"WhatsApp: व्हाट्सऐप में एगो नया फीचर आवे वाला बा, जवन छोट व्यापारि खातिर काफी महत्वपूर्ण साबित हो सकतs बा । आइ रउवा के व्हाट्सऐप के इ नया फीचर के बारे में बतावत बानी । WhatsApp Business: व्हाट्सऐप दुनिया के सबसे लोकप्रिय मैसेंजिंग प्लेटफॉर्म हs । भारतो मे मैसेंजिंग प्लेटफॉर्म के इस्तेमाल सबसे बेसी कइलऽ जाला । व्हाट्सऐप अपना प्रतिद्वंदियन हमेशा आगे रहे के कोशिश करेला, आ एह ला अपना ऐप में लगातार बदलाव आ नए फीचर्स के जोड़तs रहेला । एहसे व्हाट्सऐप यूज़ करे वालन अलगा-अलगा कैटेगरी के यूज़र्स एह ऐप के प्रति हमेशा आकर्षित रहेले। अबकी बार व्हाट्सऐप एगो अइसन फीचर पेश कइले बा, जवन व्हाट्सऐप के जरिए छोटा बिजनेस करे वालन यूज़र्स खातिर काफी फायदेमंद साबित हो सकत बा। आइ हम रउवा के एह फीचर के बारे में बतावत बानी । व्हाट्सऐप के एह फीचर के नाम Business Cloud API हs। एह फीचर के फिलहाल विकसित कइलऽ जा रहलऽ बा । एह फीचर के पूरा तरह से विकसित कइला के बाद व्हाट्सऐप में आवे वाला फ्यूचर अपडेट के संगे रोलआउट कइलऽ जाई । एह बखत इ फीचर के व्हाट्सऐप एंड्रॉयड वर्ज़न के बीटा यूज़र्स खातिर पेश कइले बा । एह फीचर के रिलीज होखला के बाद व्हाट्सऐप पs छोटा बिजनेस करे वालन यूजर्स क्लाउट एपीआई के जरिए अपना कस्टमर्स के संगे कइलऽ बातचीत के बिल्कुल मुफ्त में सुरक्षित रख पाएम। रउवा के बता दी कि व्हाट्सऐप हाले में ऐलान कइले रहे कि यूजर्स के चैट डेटा गूगल ड्राइव में अधिकतम 15 जीबी तक मुफ्त में सेव कइलऽ जा सकेला । गूगल ड्राइव के मुफ्त में मिले वाला 15जीबी स्पेस के खत्म होखला के बाद यूजर्स के अपना व्हाट्सऐप चैट सेव खातिर क्लाउड के सर्विसेज़ खरीदे पड़ी। हालांकि, व्हाट्सऐप में आवे वाला नया फीचर माने Cloud API से छोट व्यापारियन के आपन चैट्स के संभालकर रखे में मदद मिली । एकरे खातिर उन्करा कवनो तरह के फीस ना देवे होई आ एकरा से उनका बिजनेस में फइदा हो सकत बा ।","व्हाट्सऐप में एगो नया फीचर आवे वाला बा, जवन छोट व्यापारि खातिर महत्वपूर्ण साबित हो सकत बा। ई फीचर के नाम Business Cloud API हs, आ ई फिलहाल विकसित कइल जा रहल बा। ई फीचर के जरिए छोटा बिजनेस करे वालन यूजर्स अपना कस्टमर्स के संगे बातचीत के मुफ्त में सुरक्षित रख सकीहें। व्हाट्सऐप हाले में ऐलान कइले रहे कि यूजर्स के चैट डेटा गूगल ड्राइव में 15 जीबी तक मुफ्त में सेव कइल जा सकेला। नया फीचर से छोट व्यापारियन के आपन चैट्स के संभाल के रखे में मदद मिली।","WhatsApp में आ रहलऽ बा कमाल के फीचर, छोट बिजनेसमेन के होइ चांदी",Positive,joy,"स के साथ, यूजर अपना चैटर डेटा सुरक्षित रूप से सेव कर सकेले। ** व्हॅट्सएप्प छोटे व्यापारीयों के लिए एक नई सुविधा ला रही बा। एह सुविधा के नाम बा ""Business Cloud API""। अभी यह सुविधा बीटा उपयोगकर्ताओं के लिए ही उपलब्ध बा। यह सुविधा छोटे व्यवसायों को अपने ग्राहकों के साथ सुरक्षित और मुफ़्त में संवाद करने में मदद करेगी। व्यापारियों के लिए यह बहुत उपयोगी हो सकता है क्योंकि वे अपने ग्राहकों से सीधे जुड़ सकेंगे और उनकी ज़रूरतों को बेहतर ढंग से समझ सकेंगे। व्हात्सएप ने हाल ही में यह भी घोषणा की है कि उपयोगकर्ता अपने चॅट डेटे को Google Drive में अधिकतम १५ जी"
6376646701f46f50,"तेल अवीव : ईरान अब इजरायल पs भारी जवाबी हमला कs रहल बा। ईरान इजरायल पs भारी मिसाइल हमला कs रहल बा. तेल अवीव आ बीर्शेबा समेत 4 गो शहर ईरान के निशाना पs बा. ईरान के मिसाइल दक्षिण इजरायल के बीर्शेबा शहर के एगो अस्पताल पs गिर गइल बा. एकरा अलावे ईरान रमत गन अवुरी होलोन प भी हमला कईले बा। सबसे जादा तबाही तेल अवीव में देखाई देता। ईरान के मिसाइल हमला में ऊँच इमारतन के सबले बेसी नुकसान हो रहल बा. बतावल जा रहल बा कि तेल अवीव के अलग अलग इलाका में 7 गो ईरानी मिसाइल गिरल बाड़ी सँ. इहो खबर बा कि ईरान इजरायल के शेयर बाजार के भी निशाना बना के ओकरा के नुकसान पहुंचवले बा। एकरा संगे-संगे इजरायली अस्पताल अवुरी बाकी इलाकन प ईरान के ताजा हमला के बाद प्रधानमंत्री बेंजामिन नेतन्याहू कड़ा चेतावनी देले बाड़े। नेतन्याहू सोशल मीडिया पर लिखले बाड़न कि ईरान के आतंकी तानाशाह (आयातुल्लाह अली खामेनी) के सैनिक सरोका अस्पताल आ नागरिक आबादी पर मिसाइल चला दिहले बाड़न. अब एकर पूरा दाम ओह लोग के देबे के पड़ी. एही बीच इजरायल ईरान के अराक भारी पानी के रिएक्टर पs हमला कईलस। ईरान के विशाल परमाणु कार्यक्रम पd इs हमला संघर्ष के 7वां दिन भईल रहे| सात दिन पहिले इजरायल ईरान के सैन्य स्थल, वरिष्ठ अधिकारी आ परमाणु वैज्ञानिकन के निशाना बना के अचानक हमला कइले रहुवे जवना से ई टकराव शुरू हो गइल. ईरान इजरायल पर सैकड़न मिसाइल आ ड्रोन चला दिहलसि बाकिर अधिकतर मिसाइल इजरायल के वायु रक्षा प्रणाली से गिरावल गइल.","ईरान अब इजरायल पs भारी मिसाइल हमला कs रहल बा, जवन में तेल अवीव आ बीर्शेबा समेत 4 गो शहर निशाना बनल बाड़े। बीर्शेबा के एगो अस्पताल पs मिसाइल गिरल बा आ तेल अवीव में सबसे जादा तबाही देखाई देत बा। इजरायल के प्रधानमंत्री बेंजामिन नेतन्याहू ईरान के चेतावनी दिहले बाड़े कि ओह लोग के अब पूरा दाम चुकावे के पड़ी। इजरायल ईरान के अराक भारी पानी के रिएक्टर पs हमला कइले बा, जवन संघर्ष के 7वां दिन भईल।","Iran-Israel War: ईरान इजरायली स्टॉक एक्सचेंज-अस्पताल के उड़वलस, यरूशलम ले सुनल गइल धमाका",Negative,sadness,"80 शब्द) ईरान ने इजरेल पर भारी हमला कर दहल। तेल अविव, बीरशेबा, और दुसरे चार शहर इरानी हमले के निशाने पर रहे। ईरानाई मिसाइल एक अस्‍पताल पर भी गिरे। तल अविव में ऊंची इमारतों को सबसे ज्यादा नुक्सान पहुँचा। इज़राइल के प्रधान मंत्री नेतायाहू ने ईरन के तानाशाही पर कड़ा जवाब देने की बात कही है। इज़राइली सेना ने भी इरान पर हमला किया है।"
1802fbe86a8c8612,", स्पोर्ट्स डेस्क। विराट कोहली के टेस्ट करियर का 30वां शतक, यशस्वी जायसवाल के 161 रन के डैडी हंड्रेड आ केएल राहुल के 77 रन के अर्धशतकीय पारी के बल पs भारत 487 रन पs पारी घोषित कइलस। 534 रन के लक्ष्य के पीछा करत तीसरका दिन के खेल खत्म होखे तक ऑस्ट्रेलिया मात्र 12 रन पs तीन विकेट गवां देले बा। कप्तान जसप्रीत बुमराह के दु आउर सिराज के एक विकेट मिलल। अब भारत चउथा दिन जल्दी से जल्दी सात विकेट लेके मैच अपना नावे करे के कोसिस करी। पहिला पारी में भारत मात्र 150 आ ऑस्ट्रेलिया 104 पs सिमट गइल रहे आ भारत के 46 रन के बढ़त मिलल रहे। विराट ऑस्ट्रेलिया के खिलाफ बॉर्डर-गावस्कर ट्रॉफी के पहिला मुकाबला के दूसरका पारी में नाबाद 100 रन के पारी खेललें। ऊ सबसे जादे टेस्ट शतक के ममिला में ऑस्ट्रेलिया के महान बल्लेबाज डॉन ब्रैंडमैन (29 शतक) से आगे निकल गइल बाड़ें। एकरा पहिले ओपनर यशस्वी जायसवाल (161 रन) के अपना करिअर के चउथा शतक जमवलें। उनकर अभी तक के सब शतक 150 रन से जादे के बा। टीम इंडिया आज अतवार के सबेरे 172 रन के स्कोर से आगे खेलल सुरू कइलस। जायसवाल 90 आ केएल राहुल 62 रन से आपन-आपन पारी के आगे बढ़ावला लो। कोहली के संगे नीतीश रेड्डी 38 रन बनाके नाबाद लवटलें। वॉशिंगटन सुंदर 29 रन, देवदत्त पडिक्कल 25 रन बनवलें। नाथन लायन के दु विकेट मिलल।जवाब में ऑस्ट्रेलिया दिन के खेल खत्म होत-होत मात्र 12 रन पs 3 विकेट गंवा देलस। कप्तान पैट कमिंस 2, मार्नस लाबुशेन 3 आ नाथन मैकस्वीनी शून्य पs पवेलियन लवट गइल लो। उस्मान ख्वाजा क्रीज पs बाड़ें। भारत: जसप्रीत बुमराह (कप्तान), यशस्वी जायसवाल, केएल राहुल, देवदत्त पडिक्कल, विराट कोहली, ऋषभ पंत, ध्रुव जुरेल, वॉशिंगटन सुंदर, नीतीश रेड्‌डी, हर्षित राणा आ मोहम्मद सिराज। ऑस्ट्रेलिया: पैट कमिंस (कप्तान), नाथन मैकस्वीनी, उस्मान ख्वाजा, मार्नस लाबुशेन, स्टीव स्मिथ, ट्रैविस हेड, मिचेल मार्श, एलेक्स कैरी (विकेटकीपर), मिचेल स्टार्क, जोश हेजलवुड आ नाथन लायन।",विराट कोहली के टेस्ट करियर के 30वां शतक आ यशस्वी जायसवाल के 161 रन के डैडी हंड्रेड के सहारे भारत 487 रन प पारी घोषित कइलस। ऑस्ट्रेलिया तीसरा दिन के खेल खत्म होखे तक मात्र 12 रन प तीन विकेट गवां देले बा। कप्तान जसप्रीत बुमराह आ सिराज के विकेट मिलल। भारत पहिला पारी में 150 रन आ ऑस्ट्रेलिया 104 रन पर सिमट गइल रहे। विराट ऑस्ट्रेलिया के खिलाफ नाबाद 100 रन के पारी खेललें आ डॉन ब्रैंडमैन के पीछे छोड़ दिहलें।,"Breaking: ऑस्ट्रेलिया के खिलाफ भारत जीत से मात्र 7 विकेट दूर, कोहली के 30वां टेस्ट शतक, डॉन ब्रैडमैन से आगे निकललें",Positive,joy,"ट कमिंस के 2, स्टीव स्मिथ के 5 आ ट्रेंट बोल्ट के 3 रन आउट होल। भारत के खिलाड़ी 27 फरवरी 2023 को चेन्नई में खेले जा रहे बॉर्‍डर गवस्‍कर सीरीज के पहले टेस्ट मैच के तीसरे दिन में उत्‍साहित हो गये।"
a36162da94a3ac97,"नई दिल्ली। ईरान के राजधानी तेहरान सहित कइयन गाे बड़ शहरन में सरकार के खिलाफ जबरदस्त विरोध प्रदर्शन देखे के मिल रहल बा। ई ईरानी मुद्रा रियाल में रिकॉर्ड गिरावट, आसमान छूअत महंगाई आ बेरोजगारी के लेके हो रहल बा। ईरान में हो रहल प्रदर्शन के लेके हाल के दिनन में अमेरिकी राष्ट्रपति ट्रंप हस्तक्षेप करे के धमकी देले बाड़ें। ट्रंप ईरान के शासकन के प्रदर्शनकारियन के खिलाफ बल प्रयोग कइला के खिलाफ चेतावनी देले बाड़ें। ईरान में अमेरिकी हस्तक्षेप के संभावना के मद्देनजर इजराइलो अलर्ट पs बा। ममिला के जानकारी रखे वाला इजरायली सूत्रन के अनुसार, ईरान में अमेरिकी हस्तक्षेप के संभावना के लेके इजरायल हाई अलर्ट पs बा, काहेकि उहां के अधिकारी कइयन बरिसन में सबसे बड़ सरकार विरोधी प्रदर्शनन के सामना कs रहल बा लोग। गौर करे वाला बात बा कि ईरान में जारी विरोध प्रदर्शन के लेके ट्रंप उहां के शासकन के चेतावनी देले रहस कि जदि प्रदर्शनकारियन के खिलाफ बल प्रयोग कइल गइल तs अमेरिका प्रदर्शनकारियन के मदद खातिर तइयार बा। समाचार एजेंसी रॉयटर्स सूत्रन के हवाले से बतवलस कि इजरायल सूरक्षा के लेके अलर्ट बा। हालांकि, एकरा के लेके विस्तार से जानकारी नइखे दिहल गइल, बाकिर ई कहल गइल बा कि इस्थिति के गंभीरता से लिहल जा रहल बा। सनिचर के फोन पs भइल बातचीत में इजरायली प्रधानमंत्री बेंजामिन नेतन्याहू आ अमेरिकी बिदेस मंत्री मार्को रुबियो ईरान में अमेरिकी हस्तक्षेप के संभावना पs चरचा कइल लोग। ई जानकारी बातचीत के दौरान मवजूद एगो इजरायली सूत्र देलें। एगो अमेरिकी अधिकारी दुनो नेता के बातचीत के पुष्टि कइलें, बाकिर ऊ ई ना बतवलें कि कवना विषयन पs चरचा भइल।","ईरान के राजधानी तेहरान आ अन्य बड़ शहरन में सरकार के खिलाफ जबरदस्त विरोध प्रदर्शन हो रहल बा। ई प्रदर्शन ईरानी मुद्रा रियाल के गिरावट, महंगाई आ बेरोजगारी के चलते हो रहल बा। अमेरिकी राष्ट्रपति ट्रंप ईरान के शासकन के चेतावनी देले बाड़ें कि अगर प्रदर्शनकारियन के खिलाफ बल प्रयोग कइल गइल त अमेरिका मदद खातिर तइयार बा। इजरायल भी ई स्थिति के गंभीरता से लिहल जा रहल बा आ हाई अलर्ट पs बा।","Israel Alert : ट्रंप के धमकी के बाद हाई अलर्ट पs इजरायल, नेतन्याहू अमेरिकी बिदेस मंत्री से कइलें बात",Negative,fear,"ली। **सारांष:** ईरान मे सरकार के विरुद्ध बड़े-बड़े प्रदर्शन हो रहे बाड़ें। प्रदर्शन करणे वालों के पीछे रियल के गिरना, महँगाई, आ बेरोज़गारी बा। अमेरीका के राष्ट्राध्यक्ष डोनाल्ड ट्रंप प्रदर्शन कारियों के खिलाफ़ बल प्रयोग करे के खतरा दे चुके बाड़े। इज़राइल भी अमेरीकी हस्तखेप से चिंतित बा, कयोंकि उहाँ के लोगो ने कई बार बड़ा सरकार विरोध देखा है। ट्रम्प ने कहा है कि अगर प्रदर्शनकारी के खिलाफ़ बल प्रयोग होला, तो अमेरका उनका साथ देगा। रविवार को इज़्राइल के प्राइम मिनिस्टर और अमेरकी विदेश मंत्री ने इस बारे में बात की।"
6f64e60a6220fd7c,"अगर आपके स्मार्टफोन में केहु के नंबर सेव नईखे भईल अवुरी आपके कवनो अनजान नंबर से फोन आईल तs सबसे पहिले आपके दिमाग में सवाल आवेला कि फोन करेवाला के हो सकता। अगर रउरा साथे अक्सर अइसन होला तs चिंता करे के जरूरत नइखे, काहे कि भारतीय दूरसंचार नियामक प्राधिकरण (TRAI) देश भर के दूरसंचार कंपनी के कॉलिंग नाम प्रेजेंटेशन लागू करे के आदेश दिहले बा, जवना के बाद अगर कवनो अनजान आदमी रउरा फोन पs फोन करेला तs ओकर नाम आपके फोन के स्क्रीन पs देखाई दिही। स्मार्टफोन यूजर आपन फोन पs अनजान कॉल के जानकारी लेवे खातीर थर्ड पार्टी ऐप के इस्तेमाल करेले, जवना में बहुत यूजर ट्रू कॉलर के इस्तेमाल करेले। थर्ड पार्टी ऐप इंस्टॉलेशन के समय बहुत अनुमति मांगेला ताकि उs आपन फीचर दिहल जा सके, जवना में कॉन्टैक्ट डिटेल, फोन गैलरी, स्पीकर, कैमरा अवुरी कॉल हिस्ट्री के बारे में जानकारी शामिल बा। अगर रउआ एह सब के अनुमति ना देब तs इs थर्ड पार्टी ऐप काम ना करी अवुरी जदी अनुमति देब तs आपके निजी जानकारी लीक होखे के डर बा। ट्राई देश भर के सभ दूरसंचार कंपनी के कॉलिंग नेम प्रेजेंटेशन फीचर के लागू करे के निर्देश देले बिया। जवना के बाद देश में मौजूद मोबाइल सेवा देवे वाली कंपनी आपन परीक्षण सुरू कs देले बिया। ट्राई के मुताबिक, जदी इs ट्रायल सफल हो गईल तs कॉलिंग नेम प्रेजेंटेशन फीचर के देश भर में लागू कईल जाई। जवना के बाद अनजान नंबर के जानकारी लेवे खातीर आपके कवनो थर्ड पार्टी ऐप के जरूरत ना पड़ी। ट्राई कॉलिंग नेम प्रेजेंटेशन फीचर के परीक्षण करे खातिर देश के सबसे छोट सर्कल चुनले बा। एकरा बाद मोबाइल सेवा देवे वाली कंपनी हरियाणा में कॉलिंग नेम प्रेजेंटेशन फीचर के परीक्षण शुरू करे वाली बा। जानकारी के मुताबिक ट्राई के निर्देश के पालन करत हरियाणा में एs महीना से कॉलिंग नेम प्रेजेंटेशन फीचर के परीक्षण शुरू हो जाई।","अगर रउरा स्मार्टफोन में केहु के नंबर सेव नईखे भईल आ अनजान नंबर से फोन आईल तs रउरा के फोन करेवाला के नाम स्क्रीन पs देखाई दिही। भारतीय दूरसंचार नियामक प्राधिकरण (TRAI) कॉलिंग नाम प्रेजेंटेशन लागू करे के आदेश दिहले बा, जवना के बाद मोबाइल सेवा देवे वाली कंपनी परीक्षण शुरू कs देले बिया। जदी इs ट्रायल सफल हो गईल तs ई फीचर देश भर में लागू हो जाई आ अनजान नंबर के जानकारी लेवे खातिर थर्ड पार्टी ऐप के जरूरत ना पड़ी। हरियाणा में एs महीना से ई फीचर के परीक्षण शुरू हो जाई।","मोबाइल पs अब दिखी कॉल करें वाला के नाम, TRAI टेलीकॉम कंपनियन के दिहलस निर्देश",Positive,neutral,"चलत रहेगा। **सारंश:** अनजान नम्बर से फोन आइल बाबत लोग चिंतित रहलें। पर अब चिन्ता ना करावे, क्यूंकि TRAI ने देश भर की दूरसांचार कंपनियों के लिए ""कॉलिंग नम प्रेजेन्टेशन"" लागू करने का आदेश दिया बा। इस फीचर्स के बाद, कॉल आने पर स्क्रीन पर कॉल करने वाले व्यक्ति का नाम दिखाई देगा। TRAI ने देश के कुछ चुनिंदा क्षेत्रों में इस सुविधा का परीक्षण करने का निर्णय लिया बा। हरयाणा में अगले महीने से यह सुविधा परीक्षण के लिए शुरू हो रही बा।"
335ef3ec094f2e97,"गुरुग्राम। गुरुग्राम-दिल्ली-जयपुर हाईवे पs सनिचर के भोर में भीषण हादसा हो गइल। झाड़सा फ्लाईओवर के लगे एगो बेकाबू थार गाड़ी एग्जिट डिवाइडर से टकरा गइल। ई टक्कर एतना जोरदार रहे कि गाड़ी में बइठल तीन गो युवती आ दुगो युवक के मौत हो गइल। थार में कुल छव लोग सवार रहे। हादसा ओवरस्पीडिंग के चलते भइल। गाड़ी अनियंत्रित होके डिवाइडर से जा भिड़ल आ जानलेवा एक्सीडेंट में तब्दील हो गइल। मिलल जानकारी के मोताबिक, हादसा भोर के करीब 4:30 बजे भइल। दिल्ली से जयपुर जइया साइड पs एग्जिट-9 के डिवाइडर से तेज रफ्तार ब्लैक थार (यूपी नंबर) टकरा गइल। गाड़ी में तीन गो युवक आ तीन गो युवती रहे लोग। दुर्घटना में तीन गो युवती आ दुगो युवक के मौके पs मौत हो गइल, जबकि एगो युवक गम्भीर रूप से घायल हो गइल बा।","गुरुग्राम-दिल्ली-जयपुर हाईवे पs शनिचर के भोर में एगो भीषण हादसा भइल। झाड़सा फ्लाईओवर के लगे बेकाबू थार गाड़ी एग्जिट डिवाइडर से टकरा गइल, जवना में तीन गो युवती आ दुगो युवक के मौत हो गइल। ई टक्कर ओवरस्पीडिंग के चलते भइल आ गाड़ी अनियंत्रित होके डिवाइडर से भिड़ गइल। हादसा भोर के करीब 4:30 बजे भइल आ गाड़ी में कुल छव लोग सवार रहे।","Gurugram Thar Accident : बेकाबू थार एग्जिट डिवाइडर से टकराइल, 5 के मौत",Negative,sadness,"सनिचर की भोर, गुरु ग्राम- दिल्ली-जयपूर हाइवे पर एक भयानक हादसे में तीन युवतियों और दो युवकों की जान चली गई। झाड़सा फ्लायओवर के पास एक तेज़ रफ़्तार में चल रही थार कार एक्जिट डिवीजर से भिड़ गई। हादसा ओवर स्पीडिंग की वजह से भया। चार लोग कार में सवार थे, जिनमे से तीनों युवतियाँ और दो युवक मौके पर ही दम तोड़ दिए। एक युवा गंभीर रुप से जख्मी हो गये हैं। यह दुखद घटना सुबह लगभग 4 बजकर 30 मिनट पर हुई।"
619e57693d86ab9a,"स्पोर्ट्स डेस्क। एशिया कप 2025 के सुपर-4 में आज भारत आ पाकिस्तान आमने-सामने होखे जा रहल बा। बाकिर, खेल से जादे चर्चा प्रेस कॉन्फ्रेंस रद्द होखे आ हैंडशेक विवाद के हो रहल बा। सनिचर के दुबई के ICC अकादमी में पाकिस्तान टीम के ट्रेनिंग सत्र दौरान पीसीबी प्रमुख मोहसिन नकवी मौजूद रहलें। ऊ एशियन क्रिकेट काउंसिल (ACC) के अध्यक्षो हउवें, पाकिस्तान टीम के कोच माइक हेसन से लमहर बातचीत कइले। सनिचर के सांझ पाकिस्तान टीम के ओर से प्रेस कॉन्फ्रेंस होखे के रहे। बाकिर आखिरी मिनट पs एकर रद्द कs दिहल गइल। जब मीडिया एकरा पs नकवी से पूछलस, त ऊ बस ई कहलन कि – “जल्दी बताएम।” एकरा से अटकलबाजी बढ़ गइल बा कि सायद मैच से पहिले पीसीबी आधिकारिक बयान जारी करी। हालांकि टीम आपन अभ्यास सेशन तीन घंटा ले जारी रखलस। अब ई नया विवाद के सुरुआत बा कि कवनो रणनीति – ई त समये बताई। ई लगातार दूसरका मौका बा जब पाकिस्तान टीम मैच से पहिले अनिवार्य प्रेस कॉन्फ्रेंस रद्द कइले बिया। पहिलहूं यूएई खिलाफ मैच से पहिले प्रेस कॉन्फ्रेंस ना भइल रहल। दुनु बेर पीसीबी कवनो साफ कारण नइखे बतवलें। एह सब ममिला के जड़ 14 सितंबर के भारत-पाकिस्तान लीग मैच से जुड़ल बा। उहां कप्तान सलमान आगा आ सूर्यकुमार यादव के बीच हैंडशेक ना भइला के बवाल उठल रहे। पाकिस्तान बोर्ड आरोप लगवलस कि मैच रेफरी एंडी पायक्रॉफ्ट खुदे कहले रहस कि सलमान आगा हाथ ना मिलावस। एहसे पाकिस्तान पायक्रॉफ्ट के हटावे के मांग कइलस, बाकिर ICC ऊ मांग ठुकरा दिहलस। अब फेर सुपर-4 मुकाबला में पायक्रॉफ्टे रेफरी बनल बाड़न। भारत लीग मैच में पाकिस्तान के 7 विकेट से हरवले रहे। पिछला 14 T20I में ई पाकिस्तान के भारत से 11वां हार रहे। एकरा से आज के मैच पाकिस्तानी टीम खातिर टूर्नामेंट में बनल रहला से जादे, आत्मविश्वास वापस पावे खातिर जरूरी बा। पीसीबी हर तरीका से टीम के मनोबल बढ़ावे में लागल बा। एहसे प्री-मैच विवाद से दूर रखे आ प्रेरणा देबे खातिर ऊ प्रेरक वक्ता तक के टीम में सामिल कइले बा।","एशिया कप 2025 के सुपर-4 में आज भारत आ पाकिस्तान के मुकाबला होखे जा रहल बा। बाकिर, प्रेस कॉन्फ्रेंस रद्द होखे आ हैंडशेक विवाद के चलते चर्चा बढ़ गइल बा। पाकिस्तान टीम के ट्रेनिंग सत्र में पीसीबी प्रमुख मोहसिन नकवी मौजूद रहलें आ ऊ कोच माइक हेसन से बातचीत कइले। प्रेस कॉन्फ्रेंस रद्द होखे के बाद अटकलबाजी बढ़ गइल बा कि पीसीबी मैच से पहिले कवनो आधिकारिक बयान जारी करी। ई लगातार दूसरका मौका बा जब पाकिस्तान टीम प्रेस कॉन्फ्रेंस रद्द कइले बिया।",IND vs PAK : आज भारत-पाकिस्तान मैच में होई नया बवाल? पीसीबी अध्यक्ष नकवी के बयान से बढ़ल हलचल,Neutral,anger,"4 मैच में हैंड शेक ना मिलने के डर बा। एशियन कप २०२५ सुपर-४ में भारत आणि पाकस्तान आज आमने सामने हो रहे बा। लेकिन खेल से ज़्यादा चर्चा प्रेस कॉन्फ़्रेंस रद्द होके आ हैंडशेक विवाद के हो रहल बा। सनिचर के दुबई में पाकिस्टान टीम के ट्रेंनिंग सत्र दौरान पीसीबी प्रमुख मोहसिंन नकवी मौजूद रहे। उन ने एशियाई क्रिकेट कौंसिल (एसीसी) के अध्यक्षो हुवे, पाकि"
a2155c28d851e76a,"(जेकर नाम चू, चे, चो, ला, ली, लू,ले,लो,अ से सुरू होला) बोली पs लगाम रखीं। अपना लोगन से विवाद हो सकत बा। स्वास्थ आ प्रतिष्ठा के लेके सचेत रहला के जरुरत बा। (जेकर नाम से इ,उ,ए, ओ,वा ,वी ,वू ,वे,वो से सुरू होला) बहुत उमेद के काम पूरा होखला से आत्मविश्वास बढ़ी। आर्थिक पक्ष मजबूत होई। घर के जरुरी उपयोगी वस्तुअन में बढ़न्ती होई। (जेकर नाम का,की,कु,घ,ड़,छ, के, को,हा से सुरू होला) बेवसायिक योजना फलीभूत होई। शासन सत्ता के सहजोग रही। जीवनसाथी के सहजोग आ सानिध्य मिली। आर्थिक ममिलन में सुधार होई। जीविका के क्षेत्र में प्रगति होई। रिश्तन में निकटता आई। उपहार भा सम्मान में बढ़न्ती होई। (जेकर नाम मा,मी,मू,मे,मो,टा,टी, टू,टे से सुरू होला) महिला अधिकारी के सहजोग मिली। रचना के काम में प्रतिष्ठा बढ़ी। उपहार भा सम्मान में बढ़न्ती होई। जीविका के क्षेत्र में प्रगति होई। शासन सत्ता के सहजोग रही। उपहार भा सम्मान में बढ़न्ती होई। निजी संबंध प्रगाढ़ होई। यात्रा देशाटन के इस्थिति सुखद होई। (जेकर नाम रा,री,रु,रे,रो,ता,ती,तू,ते से सुरू होला) स्वास्थ के लेके सचेत रहला के जरूरत बा। बेकार के परेसानी मिल सकत बा। रचना के कोसिस सफल होई। (जेकर नाम तो,ना, नी,नू,ने,नो,या,यी,यूं से सुरू होला) ससुराल पक्ष के सहजोग मिल सकत बा। बेवसायिक योजना सफल होई। रचना के काम आगा बढ़ी। पारिवारिक दायित्व के पूर्ति होई। जीविका के क्षेत्र में प्रगति होई। सामाजिक प्रतिष्ठा बढ़ी। आर्थिक ममिलन में प्रगति होई। (जेकर नाम भो,जा, जी,खी,खू,खे,खो,गा,गी से सुरू होला) रचना के कोसिस सफल होई। शासन सत्ता के सहजोग रही। जीविका के क्षेत्र में प्रगति होई। सामाजिक कामन में रुचि लेम। (जेकर नाम गू, गे,गो,सा,सी,सू, से,सो,दा से सुरू होला) शासन सत्ता आ जीवनसाथी के सहजोग मिली। पारिवारिक प्रतिष्ठा बढ़ी। आर्थिक पक्ष मजबूत होई। उपहार भा सम्मान में बढ़न्ती होई। रोग भा विरोधी तनाव दी। स्वास्थ के लेके सचेत रहला के आवश्यकता बा।","जेकर नाम चू, चे, चो, ला, ली, लू, ले, लो, अ से शुरू होला, ओह लोगन के विवाद से बचल जरूरी बा आ स्वास्थ आ प्रतिष्ठा के ध्यान रखल चाहीं। जेकर नाम इ, उ, ए, ओ, वा, वी, वू, वे, वो से शुरू होला, उनकर आत्मविश्वास बढ़ी आ आर्थिक पक्ष मजबूत होई। जेकर नाम का, की, कु, घ, ड, छ, के, को, हा से शुरू होला, बेवसायिक योजना सफल होई आ जीवनसाथी के सहजोग मिली। जेकर नाम मा, मी, मू, मे, मो, टा, टी, टू, टे से शुरू होला, महिला अधिकारी के सहजोग आ रचना के काम में प्रतिष्ठा बढ़ी। जेकर नाम तो, ना, नी, नू, ने, नो, या, यी, यूं से शुरू होला, पारिवारिक दायित्व के पूर्ति होई आ सामाजिक प्रतिष्ठा बढ़ी।",23 अक्टूबर 2025 के राशिफल,Positive,joy,"इस में सफलता मिलल। रोजगार के अवसर में बढ़ोतरी होई रोजी-रोटी के लिए परेशानी कम होई. जेकर नाँव जे,चे,चो,ला,ली,लू, ले,लो से सुरु होला, ओह लोगन के बाबत में सावधानी बरतनी पड़ेगी। उनके साथ झगड़ा हो सकेला। स्वास्थ्य आ मान-सम्मान के लिए सतर्क रहना ज़रूरी बा। जेकर नांव इ, उ, ए, ओ ,वा,वी,वू, वे, वो से शुरू होला ओ लोग के लिए बहुत उम्मीद है। काम सफल भइल से उनका आत्म विश्वास बढ़ेगा। आर्थिक स्थिति मज़बूत हो"
cddeb201fcc5182e,"जदी रउरा चाहत बानी कि पंखा गर्मी में तूफान नियन हवा बहावे त एकरा खातीर तनी काम करे के पड़ी। जानी कि छत के पंखा के देखभाल कइसे कइल जाला ताकि उ तेज गति से चले। गर्मी के समय केतनो हवा मिले कम ही लागेला। जब हवा रुक जाला त रउरा खूब पसीना आवे लागेला। अब सब केहू एसी ना खरीद सकता, आ बहुत लोग अइसन बाड़े जेकरा लगे कूलर खरीदे तक के पइसा नइखे। कई बेर हमनी के देखेनी स कि हमनी के पंखा के स्पीड बहुत धीमा हो जाला। जदी पंखा धीरे-धीरे चले लागेला त कमरा में हवा ठीक से ना घूमेला, आ गर्मी के चलते हालत खराब हो जाला। बहुत लोग के लागेला कि उनकर पंखा खराब हो गइल बा आ अब उनका छत के पंखा प उरेब खर्चा करे के पड़ता। बाकी अइसन नइखे काहेंकी संभव बा कि पंखा में कुछ छोट-मोट चीज़ के चलते एकर गति कम हो गइल होखे। त आज आईं कुछ बात बतावल जाव जवन राउर पंखा के गति बढ़ावे में मदद करी। Capacitor में गड़बड़ी:- कैपेसिटर छत के पंखा में मोटर के उचित पावर देवे के काम करेला। खराब कैपेसिटर से सीलिंग के 90% से जादा समस्या होखेला। जब कैपेसिटर खराब हो जाला त ऊ मोटर में बिजली के ट्रांसफर ना कर पावेला, जवना के चलते एकर गति बहुत धीमा होखे लागेला। त जदी रउरा पंखा से तेज हवा चाहीं त रउरा कैपेसिटर बदल सकेनी । बाजार में एगो बढ़िया कैपेसिटर 70-80 रुपया के दाम में उपलब्ध बा। जदी रउरा एकरा के बदल देनी त पंखा के गति दुगुना हो सकता। ब्लेड : – कई बेर हमनी के ध्यान ना देवेनी जा बाकी पंखा के गति में समस्या ओकर ब्लेड के गलत संरेखण के चलते शुरू हो जाला। जदी पंखा के ब्लेड मोड़ भा टेढ़ बा त पंखा हवा ना उड़ाई। बेयरिंग: छत के पंखा में आमतौर प समय के संगे बॉल बेयरिंग के भीतर गंदगी, धूल के संगे-संगे मलबा जमा हो जाला। एकरा चलते छत के पंखा के गति अक्सर धीमा हो जाला आ बेयरिंग के हिलावे में मुश्किल हो जाला। एक्स्ट्रा टिप– जदी पंखा धीमा होखे लागल बा भा जाम हो गइल बा, त समय-समय पर एकरा के तेल लगा सकेनी।","जदी रउरा पंखा के गति बढ़ावे के चाहत बानी त कुछ बात पर ध्यान देवे के पड़ी। खराब कैपेसिटर पंखा के गति धीमा कर सकेला, त एकरा के बदलल जरूरी बा। पंखा के ब्लेड के सही संरेखण आ बेयरिंग में गंदगी भी समस्या पैदा कर सकेला। समय-समय पर पंखा के तेल लगावल भी मददगार होई।",पंखा में क देम एगो छोट काम त मिले लागी AC जस फर्राटेदार हवा! कमरा में आई आंधी,Neutral,neutral,"बहा सकेला। रउरा के पंखे में गर्मी मे तूफ़ान जैसी हवा आने के खातिर कुछ काम करनी पड़ेली। पंखे के देख-भाल न करत रहने से गति धीमी हो जात बा। एसी सबके खरीद नही सकत बा, आ कई लोग के पैसे भी नही बा। धीमे गति से चलने से कमरा ठंडा नही होला। कई लोग सोचत बा कि उनका पन्खा खराब हो गेल बा, परंतु छोटी-छोटी चीजों के कारण भी गति में कमी आ सकती बा। पंखा की गति बढ़ाने के लिए कुछ उपाय बा। पहिले तो कैपासिटर की जाँच करनी होगी। कैपिसिटर पंखों के मॉटर"
98602f9f34d76919,"iPhone यूजर्स के OS 17.2.1 अपडेट क‌इला के बाद कॉल करे आ नेटवर्क से कनेक्ट करे में समस्या आ रहल बा। ई अपडेट बैटरी के समस्या से निपटे के खातिर बा, लेकिन एकरा वजह से लोगन के नया परेसानी होत बा। शिकायतन के बारीकियन के कइयन गो अलगे-अलग प्लेटफॉर्म पs देखल गइल आ एमे से एगो यूजर फोन डेटा टर्न ऑन करे के मांग कइलस । एप्पल एह पर पर कवनो ऑफिशियल घोषणा नइखे क‌इले। Apple के तरफ से यूजर्स के बैटरी के समस्या से निपटे खातिर ई अपडेट दिहल ग‌इल रहे, बाकिर अब अइसन लगत बा कि एह अपडेट के वजह से लोगन के न‌या परेसानी हो ग‌इल बा। ZDNet के मानल जाव तs लोगन के तरफ से एह समस्या के शिकायत कइयन गो अलग-अलग प्लेटफॉर्म पs क‌इल ग‌इल बा। Apple Community Forum पs एकर शिकायत क‌इल कइल गइल बा। एगो यूजर बतावल कि ऊ सब तरे करे के कोसिस क‌इलन, माने सिम कार्ड चेंज क‌इल, फोन कंपनी आ स्टोर से मदद के मांग क‌इल, बाकिर कवनो फायदा नाहl भ‌इल। उनकरा अब तक अच्छा कनेक्शन ना मिलल। इहां तक कि जब सिग्नल पूरा तरे ठीक लउकत रहे तबो इंटरनेट ठीक से ना चलत रहे। यूजर के फोन डेटा टर्न ऑन करे के मांग करत रहे । एगो आउर यूजर आपन शिकायत में कहलस कि उनकरा बेटी के फोन में अइसने समस्या आ रहल बा। हालांकि, उहों ऐप्स स्टोर से एकरा खातिर मदद मंगली। अजीब बात ई बा कि न‌या अपडेट के बैटरी बैकअप बढ़ावे खातिर जारी क‌इल ग‌इल बा। जबकि एकरा उलट कइयन गो यूजर्स के iPhone हीट के सामना करेके पड़ल आ इहां तक कि बैटरियो बहुत जल्दी डाउन होत बा। ऐपल के ओर से एह पs कवनो ऑफिशियल घोषणा नइखे क‌इल गइल।","iPhone यूजर्स के OS 17.2.1 अपडेट कइला के बाद कॉल आ नेटवर्क से कनेक्ट करे में समस्या आ रहल बा। ई अपडेट बैटरी के समस्या से निपटे खातिर बा, लेकिन एकरा चलते नया परेसानी हो रहल बा। कई यूजर्स अलग-अलग प्लेटफॉर्म पs शिकायत कइले बाड़ें, आ कुछ त सिम कार्ड चेंज कइला आ फोन कंपनी से मदद मांगले बाड़ें, लेकिन कवनो फायदा ना भइल। अजीब बात ई बा कि न‌या अपडेट बैटरी बैकअप बढ़ावे खातिर जारी कइल गइल, जबकि यूजर्स के iPhone हीट आ जल्दी बैटरी डाउन होखे के सामना करेके पड़ रहल बा।","iPhone अपडेट क‌रतही बंद भ‌इल लोगन के इंटरनेट, Apple पs से फूटल लोगन क गुस्सा, जानीं वजह",Negative,anger,"ारंश: iPhone के ओएस १७.२.१ अद्यतन के बाद, कई यूजरन के कॉल करन आ डेटा इस्तेमाल करन में परेशानी आ रही बा। अद्यतन बैट्री समस्या से छुटकारा दिलावे के खातीर लाया गया रहे, पर अब लोगन को नई परेशानियाँ हो रही बाड़ी। अनेक यूजर प्लेटफार्म पर शिकयत कर रहे बा। एक यूजर ने बताया की ऊ सब तरह के प्रयास कर चुके बा, सिम बदलने से लेके कंपनी से मदद मांगने तक, पर कोई फायद नही मिला। उनके फोन में डेटा चालू करने के लिए बार-बार कह रहा बा। कुछ यूजरों के कहना बा की उनका फोन गरम हो रहा बा आ बैटर्री जल्द ही खत्म"
94df53da4b040f89,"(जेकर नाम चू, चे, चो, ला, ली, लू,ले,लो,अ से सुरू होला) (जेकर नाम से इ,उ,ए, ओ,वा ,वी ,वू ,वे,वो से सुरू होला) परिवार में सुख-शांति बनल रही। जमीन-जायदाद से जुड़ल काम में फायदा हो सकेला। सेहत ठीक रही।सुभ रंग: उजर | सुभ अंक: 6 (जेकर नाम का,की,कु,घ,ड़,छ, के, को,हा से सुरू होला) आज बातचीत से काम बने के जोग बा। नौकरी-पेशा लोगन के तारीफ मिली। जतरा से लाभ हो सकेला।सुभ रंग: हरियर |सुभ अंक: 5 मन तनिका भावुक रही, बाकिर परिवार के सहारा मिली। धन के लेन-देन में सावधानी बरतीं।सुभ रंग: क्रीम | सुभ अंक: 2 (जेकर नाम मा,मी,मू,मे,मो,टा,टी, टू,टे से सुरू होला) आज नेतृत्व क्षमता उभर के आई। अधिकारी वर्ग खुस रही। मान-सम्मान बढ़े के जोग बा।सुभ रंग: सुनहरा | सुभ अंक: 1 कामकाज में धैर्य रखल जरूरी बा। स्वास्थ्य में सुधार देखे के मिली। पुरान अटकल काम पूरा हो सकेला।सुभ रंग: आसमानी | सुभ अंक: 5 (जेकर नाम रा,री,रु,रे,रो,ता,ती,तू,ते से सुरू होला) आज फैसला सोच-समझ के लीं। दांपत्य जीवन मधुर रही। कारोबार में धीरे-धीरे फायदा होई।सुभ रंग: गुलाबी | सुभ अंक: 7 (जेकर नाम तो,ना, नी,नू,ने,नो,या,यी,यूं से सुरू होला) धन लाभ के जोग बा। साझेदारी में काम कइला से फायदा मिली। दिन कुल मिलाके सुभ बा।सुभ रंग: मरून | सुभ अंक: 8 नया काम सुरू करे के सोच सकेनी। संघतिया लोग से मदद मिली। मन खुस रही।सुभ रंग: पियर | सुभ अंक: 3 (जेकर नाम भो,जा, जी,खी,खू,खे,खो,गा,गी से सुरू होला) करिअर में तरक्की के जोग बा। वरिष्ठ लोग के सहजोग मिली। जिम्मेदारी बढ़ला के संभावना बा।सुभ रंग: भूअर |सुभ अंक: 10 (जेकर नाम गू, गे,गो,सा,सी,सू, से,सो,दा से सुरू होला) आज खरचा जादे हो सकेला। सेहत पs ध्यान दीं। काम में धैर्य रखीं।सुभ रंग: बुलु | सुभ अंक: 11 रचनात्मक काम में सफलता मिली। प्रेम संबंध मजबूत होई। आर्थिक इस्थिति बेहतर हो सकेला।सुभ रंग: बैंगनी | सुभ अंक: 12","आज के दिन परिवार में सुख-शांति बनल रही आ जमीन-जायदाद से फायदा हो सकेला। बातचीत से काम बने के जोग बा आ नौकरी-पेशा लोगन के तारीफ मिली। धन के लेन-देन में सावधानी बरतीं आ दांपत्य जीवन मधुर रही। नया काम शुरू करे के सोच सकेनी आ करिअर में तरक्की के जोग बा। आज खरचा जादे हो सकेला, सेहत पs ध्यान दीं।",13 जनवरी 2026 के राशिफल,Positive,joy,"ु होला ) आज परिवार में खुशहाली बनी रहे। रिश्ते मजबूत बने रहल। सुभ रंग : नीला | सुब् अंक : 4 आज जेकर नाम ""चू"", ""चे"", ""चो"", ""ला"", ""ली"", ""लू"", ""ले"", ""लो"" से शुरू होला, उनके परिवार में शांति-सुख बने रहे। जमीन, जायदाद के काम से लाभ हुआ। स्वास्थ्य भी ठीक रहा। ""जेकर"" नाम ""इ"", ""उ"", ""ए"", ""ओ"", ""वा"", ""वी"", ""वू"",""वे"",""वो"" से शुरु होला वाले लोग के लिए आज बातचीत से काम बन सकेल। नौकरियों में तारीफ़ मिली, जतरा"
59dea6e99810fbfa,"मेटा एआई अब 22 देशन में उपलब्ध बा, जवना में हिंदी, रोमन हिंदी, आ अउरी कई गो भाषा शामिल बा। ‘इमाजिन मी’ फीचर से पर्सनलाइज्ड इमेज बनावल जाला। ई गणित आ कोडिंग में मदद करेला। मेटा एआई अब पूरा ऐप अउरी डिवाइस में उपयोगी हो गइल बा। जल्दिए नया फीचर उपलब्ध हो जाई। हमनी के अपना ऐप अउरी डिवाइस में मेटा एआई सहायक के पहुंच के विस्तार करतानी आ नाया फीचर जोड़तानी, जवना से आपके जवाब, विचार आ प्रेरणा देवे में मदद मिली। मेटा एआई अब 22 देशन में उपलब्ध बा जवना में अर्जेंटीना, चिली, कोलंबिया, इक्वाडोर, मैक्सिको, पेरू, आ कैमरून शामिल बा ।अब रउरा व्हाट्सएप, इंस्टाग्राम, मैसेंजर आ फेसबुक पर मेटा एआई से नया भाषा में भी बात कर सकेनी। अब ई फीचर हिंदी, रोमन हिंदी, फ्रेंच, जर्मन, इटालियन, पुर्तगाली, आ स्पेनिश में उपलब्ध बा आ जल्दिए अउरी भाषा जोड़ल जाई । व्हाट्सएप, इंस्टाग्राम, मैसेंजर, फेसबुक आ मेटा डॉट एआई पs मेटा एआई के संगे लोग कम समय में काम करे लागल बाड़े, जवना से रचनात्मक विचार के जीवंत होखता आ अपना ज्ञान के विस्तार होखता। मेटा एआई रउरा हर काम में मदद करेला – सवाल के जवाब देवे से लेके प्रेरणा अउरी मार्गदर्शन देवे, आपके रोजमर्रा के दिनचर्या के बेहतर बनावे अउरी आपके एगो भरोसेमंद रचनात्मक साथी देवे तक ई तs बस शुरुआत बा – हमनी के रउरा प्रतिक्रिया पर ध्यान देत बानी सs आ हर दू हफ्ता पs मेटा एआई के अपडेट करत बानी सs जेहसे कि रउरा अनुभव में सुधार हो सके । हमनी के तेजी से नया फीचर जोड़त बानी सs जेहसे कि रउरा , प्रेरित हो सकीलें, आ अउरी काम कर सकीलें। हिंदी में नया मेटा एआई क्रिएटिव टूल से राउर सपना आसान हो जाला का रउरा कबो सुपरहीरो, रॉकस्टार भा प्रोफेशनल एथलीट बने के सपना देखले बानी? अब मेटा एआई में बा “इमाजिन मी” प्रॉम्प्ट से रउरा अपना के एगो नया रोशनी में देख सकीलें । हमनी के अमेरिका में ई फीचर बीटा वर्जन में लॉन्च कर रहल बानी जा। “इमाजिन मी” फीचर में हमनी के नाया पर्सनलाइजेशन मॉडल के इस्तेमाल से आपके फोटो आ ‘इमाजिन मी सर्फिंग’ चाहे ‘इमाजिन मी ऑन ए बीच वेकेशन’ जईसन प्रॉम्प्ट के आधार पs तस्वीर बनावल गइल बा। शुरुआत करे खातिर अपना मेटा एआई चैट में “imagine me” टाइप करीं आ ओकरा बाद “Imagine me as royalty” भा “Imagine me in a surrealist painting” जइसन प्रॉम्प्ट जोड़ सकीलें । एकरा बाद रउआ एह तस्वीरन के अपना दोस्तन आ परिवार के साझा कर सकेनी, मजेदार रिएक्शन पैदा कर सकेनी आ… अब मेटा एआई के संगे अपना फोटो के बढ़ावल अउरी आसान हो जाई। एकर बदौलत नया रचनात्मक संपादन क्षमता बा। एहसे रउरा आसानी से ऑब्जेक्ट जोड़ल भा हटा सकेनी, ओकरा के बदल सकेनी आ संपादित कर सकीलें – ठीक वइसने बदल के जवन रउरा चाहत बानी आ बाकी फोटो के एके जइसन राखत बानी। जइसे कि रउरा कल्पना कर सकीलें कि एगो बिल्ली सुनहरी मछरी के कटोरी में स्नॉर्कलिंग करत बिया आ ओकरा बाद ओकरा के कोर्गी में बदले के कल्पना कर सकीलें। एकरा खातिर रउरा बस चेंज कैट के कॉर्गी लिखे के पड़ी। अगिला महीना आपके एगो एआई बटन तक पहुंच मिली, जवना के इस्तेमाल से आप अपना कल्पना के अउरी निखार सकतानी। मेटा एआई से बनल कवनो छवि के अपना फेसबुक पोस्ट में जोड़ल चाहत बानी? तs एगो बढ़िया खबर बा! एह हफ्ता से हमनी का एह फीचर के फेसबुक, इंस्टाग्राम, मैसेंजर, आ व्हाट्सएप पर फीड, स्टोरीज, कमेंट, आ मैसेंजर पर पेश कर रहल बानी सs । जहाँ भी मेटा एआई अंग्रेजी में उपलब्ध होई उहाँ ई सुविधा उपलब्ध होई। जल्दिए रउरा हमनी के ऐप में अउरी जगहन पर आ अउरी भाषा में ई काम कर सकीलें । अब हिंदी में गणित आ कोडिंग जइसन जटिल सवालन में मदद करे खातिर हमनी के सबसे एडवांस मेटा एआई मॉडल के आजमाईं अब रउरा लगे व्हाट्सएप आ मेटा डॉट एआई पर मेटा एआई के माध्यम से हमनी के सबसे बड़ आ एडवांस ओपन सोर्स मॉडल के इस्तेमाल करे के विकल्प बा। लामा 405बी के बेहतर तर्क क्षमता मेटा एआई के आपके जटिल सवाल के समझे आ जवाब देवे में मदद करेला। खासकर गणित आ कोडिंग के विषय में ई निपुण बा। रउआँ अपना गणित के होमवर्क में स्टेप-बाय-स्टेप सफाई आ प्रतिक्रिया के साथ मदद ले सकत बानी। डिबगिंग सपोर्ट आ ऑप्टिमाइजेशन सुझाव के साथ कोड तेजी से लिखीं। एकरा अलावे, आप विशेषज्ञ निर्देश के संगे जटिल तकनीकी अउरी वैज्ञानिक अवधारणा में महारत हासिल कs सकतानी। मेटा एआई के कोडिंग विशेषज्ञता आ छवि बनावे के क्षमता के इस्तेमाल से रउरा खरोंच से नया गेम बना सकेनी भा कवनो क्लासिक पसंदीदा के फेर से आविष्कार कर सकेनी। एकरा माध्यम से सिर्फ कुछ मिनट में अपना अनोखा विचार के हकीकत में बदल दीं आ अपना के खेल में शामिल करीं। आज के बाकी अपडेट हमनी के ऐप आ वेब में मेटा एआई खातीर बा, बाकी मेटा एआई भी अब रे-बैन मेटा स्मार्ट गॉगल पs आ अगिला महीना से अमेरिका आ कनाडा में मेटा क्वेस्ट पs प्रयोगात्मक मोड में उपलब्ध बा। ई मेटा एआई क्वेस्ट पs मौजूद वॉयस कमांड के जगह ले ली, जवना से आप अपना हेडसेट के मैन्युअल रूप से नियंत्रित कs सकतानी, सवाल के जवाब पा सकतानी, रियल टाइम जानकारी पा सकतानी, मौसम के जानकारी ले सकतानी अउरी बहुत कुछ भी। रउवा पासथ्रू मोड में विजन के संगे मेटा एआई के इस्तेमाल भी कs के अपना आसपास के चीज़ के बारे में सवाल पूछ सकतानी। मान लीं कि रउरा जोशुआ ट्री के यात्रा खातिर पैकिंग करत बानी आ मिश्रित वास्तविकता में कुछ लुभावन पैदल यात्रा के यूट्यूब वीडियो देखत बानी। मेटा एआई से रउआ पूछ सकेनी कि गर्मी के मौसम खातिर सबसे बढ़िया कपड़ा कइसे पहिने के बा। या फिर रउआ एगो शॉर्ट्स पकड़ के कह सकत बानी कि “बताईं कि कवना तरह के टॉप एह आउटफिट के पूरक होई ताकि रउआ पहिले से योजना बना सकीले आ आपन खाद्य प्रेमी के लालसा के पूरा करे खातिर जगह खोज सकीले।” के सिफारिश कइल गइल बा ।","मेटा एआई अब 22 देशन में उपलब्ध बा, जवना में हिंदी, रोमन हिंदी, आ अउरी कई गो भाषा शामिल बा। ‘इमाजिन मी’ फीचर से पर्सनलाइज्ड इमेज बनावल जाला आ ई गणित आ कोडिंग में मदद करेला। रउरा व्हाट्सएप, इंस्टाग्राम, मैसेंजर आ फेसबुक पर मेटा एआई से नया भाषा में बात कर सकेनी। मेटा एआई के सहारे रउरा सवाल के जवाब, प्रेरणा आ मार्गदर्शन मिलेला, आ ई रचनात्मक साथी के रूप में काम करेला। जल्दिए नया फीचर आ भाषा जोड़ल जाई।","META AI में बड़ बदलाव, अब रउआ एह भाषा में सेवा पा सकेनी, इहाँ सब कुछ जान सकेनी",Positive,joy,"भी आगामी समय में लॉन्च होला। ## मेटा के एआई, अब २२ देश में काम करत बा। अर्जेंटिना, चिली , कोलम्बिया, इक्वेडोर, मैक्सिकों, पेरू आ कैमरून जैसे देश में भी अब मेटा के एआई उपलब्ध बा। अब राउरा हिंदी, रोमन हिन्दी, फ्रांसीसी, जर्मन , इटैलियन, पुर्तुगीज, आ स्पेनीश में बात कर सकलें। मेटा के एआई अब WhatsApp, Instagram, Messenger, Facebook आ Meta dot AI पर उपलब्ध बा।"
37cbdf86d02a91a7,"78वां स्वतंत्रता दिवस के मौका पs प्रधानमंत्री नरेंद्र मोदी दिल्ली के ऐतिहासिक लाल किला में राष्ट्रीय झंडा फहरवले। एकरा बाद राष्ट्र के संबोधित करत घरी उs स्वतंत्रता सेनानी के याद कईले। पीएम मोदी कहले कि जब हम 40 करोड़ के रहनी तs महाशक्ति के हरा देले रहनी। आज हमनी के 140 करोड़ बानी जा। संबोधन से पहिले पीएम मोदी के देशी 105 मिमी लाइट फील्ड गन से 21 गो बंदूक के सलामी दिहल गईल। समारोह में लगभग 6000 विशेष अतिथि के बोलावल गईल रहे। एह कार्यक्रम में खास तौर पs अटल इनोवेशन मिशन जईसन पहल से जुड़ल लोग, मेरा युवा भारत के वॉलंटियर्स, आदिवासी समुदाय के लोग अवुरी किसान संगठन के प्रतिनिधि भी मौजूद रहले। पीएम मोदी लाल किला के प्राचीर से राष्ट्र के संबोधित करत कहले कि “आजादी के परवानन के आगे झुके के इs दिन हs। सैकड़ों साल के संघर्ष के बाद आजादी मिलल। पीएम मोदी प्राकृतिक आपदा में भईल मउत पs दुख जतवले अवुरी संवेदना जतवले। उs कहले कि संकट के एs घड़ी में देश ओ परिवार के संगे खड़ा बा।” अगर सब देशवासी कंधा से कंधा मिला के चलस तs हमनी के हर चुनौती के पार कs के एगो समृद्ध भारत के निर्माण कs सकेनी जा। विकसित भारत के लक्ष्य हासिल कs सकेला. अगर 40 करोड़ देशवासी देश के गुलामी से मुक्त कs सकेलें तs 140 करोड़ देशवासी भी भारत के समृद्ध बना सकेलें। प्रधानमंत्री नरेंद्र मोदी लाल किला के प्राचीर से स्वतंत्रता दिवस के संबोधन में कहले कि, “एह साल अवुरी पछिला कई साल से प्राकृतिक आपदा के चलते हमनी के चिंता बढ़ता। प्राकृतिक आपदा में बहुत लोग के परिवार अवुरी संपत्ति के नुकसान भईल बा। आज हम ओह लोग के संवेदना व्यक्त करत बानी आ भरोसा दिआवत बानी कि ई देश एह संकट के घड़ी में ओह लोग के साथे खड़ा बा प्रधानमंत्री नरेंद्र मोदी कहले कि” एगो समय रहे जब लोग देश खातीर मरे खातीर प्रतिबद्ध रहले। आज देश खातिर जिए के प्रतिबद्धता के समय बा, देश खातिर मरला के प्रतिबद्धता से आजादी मिल सकेला तs देश खातिर जिए के प्रतिबद्धता भी भारत के समृद्ध बना सकेला। पीएम मोदी कहले कि पछिला 10 साल में 10 करोड़ महिला महिला स्वयं सहायता समूह में शामिल भईल बाड़ी। 10 करोड़ महिला आर्थिक रूप से स्वतंत्र हो रहल बाड़ी। जब महिला आर्थिक रूप से स्वतंत्र हो जाली तs उs घर में निर्णय लेवे के व्यवस्था के हिस्सा बन जाले जवना से सामाजिक बदलाव होखेला। अबे ले देश में स्वयं सहायता समूह के 9 लाख करोड़ रुपिया दिहल गईल बा। प्रधानमंत्री कहले कि बैंकिंग क्षेत्र में जवन सुधार भईल, सोची कि पहिले बैंकिंग क्षेत्र के हालत का रहे, ना तs विकास भईल, ना विस्तार भईल, ना विश्वास बढ़ल। हमनी के बैंकिंग क्षेत्र में बहुत सुधार कईनी जा। आज हमनी के बैंक दुनिया के सबसे मजबूत बैंक में आपन जगह पक्का कs लेले बा। जब बैंकिंग मजबूत हो जाला तs अर्थव्यवस्था के ताकत भी बढ़ जाला। पीएम मोदी कहले कि “हमनी के बड़ जिम्मेदारी दिहल गईल अवुरी हमनी के जमीन पs बड़ सुधार कईनी. हम देशवासी के भरोसा दिआवल चाहतानी कि सुधार के प्रति हमनी के प्रतिबद्धता सिर्फ गुलाबी कागज के संपादकीय तक सीमित नईखे। सुधार के प्रति हमनी के प्रतिबद्धता केहू खातिर नईखे। कुछ दिन खातिर सराहना। हमनी के सुधार प्रक्रिया कवनो मजबूरी के तहत नईखे, इs देश के मजबूत करे के मंशा से बा। एहसे हम कह सकतानी कि हमनी के सुधार के रास्ता एक तरह के इs हs बदलाव खाली डिबेट क्लब, बौद्धिक समाज आ विशेषज्ञन खातिर चर्चा के विषय नइखे. हमनी के ई राजनीतिक मजबूरी खातिर ना कइनी जा हमनी के लगे खाली एगो संकल्प बा – नेशन फर्स्ट।” हमरा देश के नवहियन के अब धीरे-धीरे चले के इरादा नइखे. हमरा देश के युवा धीरे-धीरे आगे बढ़े में विश्वास ना करेले। हमरा देस के युवा छलांग के मूड बा कि छलांग लगावे के आ कुछ हासिल करे के। हम इहे कहे के चाहब कि भारत खातिर इ स्वर्णिम युग हs, भले हमनी के एकर तुलना वैश्विक स्थिति से करीं जा इ स्वर्णिम युग ह… हमनी के एह मौका के बेकार ना होखे देवे के चाही। एह मौका से हमनी के सपना अवुरी संकल्प के संगे हमनी के विकसित भारत 2047 के लक्ष्य के पूरा करे में सक्षम होखब। पीएम मोदी कहले कि “5 साल में 75 हजार मेडिकल सीट बढ़ी, लाल किला से पीएम मोदी बड़ घोषणा कइले.”","78वां स्वतंत्रता दिवस पर प्रधानमंत्री नरेंद्र मोदी दिल्ली के लाल किला में राष्ट्रीय झंडा फहरवले। उs स्वतंत्रता सेनानी के याद कइले आ कहले कि जब 40 करोड़ लोग मिलके महाशक्ति के हरा देले रहनी, तs आज 140 करोड़ बानी जा। पीएम मोदी प्राकृतिक आपदा में मउत पर दुख जतवले आ भरोसा दिहलें कि देश संकट में ओह लोग के संगे बा। उs महिला स्वयं सहायता समूह के महत्व बतवले आ बैंकिंग क्षेत्र में सुधार के चर्चा कइले। पीएम मोदी कहले कि भारत के युवा अब छलांग लगावे के मूड में बाड़ें आ 2047 तक विकसित भारत के लक्ष्य पूरा करे के संकल्प लेके चलल जाई।","हमनी खातीर नेशन फर्स्ट, हमनी के राजनाति में गुणा-भाग नाहीं करेनी जा ‘, पीएम देशवासियन के दिहले इs भरोसा",Positive,joy,"नी की हम सब एक साथ खड़े रहेंगे।” 78वें स्वतन्त्रता दिबस के मौके पर प्रधान मन्त्री नरेन्द्र मोदी ने दिल्ली के लालकिले से राष्ट्रीय ध्वज फहराया। ओकर बाद, मोदी जी ने देशवासियों के साथ राष्ट्रपति भाषण दिया। उनहें कहलें की 4 करोड़ रहने वाले देश से आज हम 1.4 अरब बने हैं। समारोह मे 6 हजार से भी ज़्यादा मेहमान शामिल रहल। मोदी जी के कहिले की आजादी के लिए सैकड़ों साल लड़ाई लड़नी पड़ी। ओकर साथ ही, ओह प्राकृती आपदाओं में मरने वालों के लिए दुःख जताया। पीएम ने कहा की देश"
48a0be22d9e222bd,"देश भर में राष्ट्रपति महात्मा गांधी के जयंती मनावल जा रहल बा। प्रधानमंत्री नरेंद्र मोदी राजघाट में महात्मा गांधी के भी श्रद्धांजलि दिहलें। पीएम मोदी सोशल मीडिया पs पोस्ट कईले आ कहले कि, “आदरणीय बापू के जयंती पs सभ देशवासी के ओर से हमनी के श्रद्धांजलि देतानी। उनुकर जीवन अवुरी सच्चाई, सौहार्द अवुरी समानता पs आधारित आदर्श हमेशा देशवासी खातीर प्रेरणा बनल रही।” एह मौका पs उहाँ सर्व धर्म प्रार्थना सभा के आयोजन भी भईल, जवना में केंद्रीय मंत्री समेत भारतीय जनता पार्टी के वरिष्ठ नेता भी मौजूद रहले। महात्मा गांधी के जनम 2 अक्टूबर 1869 के गुजरात के पोरबंदर में भइल रहे। इनके जन्मदिन के गांधी जयंती के रूप में मनावल जाला आ साथ ही साथ अंतर्राष्ट्रीय अहिंसा दिवस भी मनावल जाला। भारत के अंग्रेज शासन से मुक्त करावे के लड़ाई के नेतृत्व उहे कइले। अहिंसक विरोध के उहाँ के सिखावल सबक आजुओ पूरा दुनिया में सम्मान के साथ याद कइल जाला। पीएम मोदी भारत के दूसरका प्रधानमंत्री लाल बहादुर शास्त्री के जयंती पs श्रद्धांजलि भी देले। शास्त्री के श्रद्धांजलि देत मोदी कहले कि, देश के जवान, किसान अवुरी आत्मसम्मान खातीर आपन जीवन समर्पित करेवाला पूर्व प्रधानमंत्री लाल बहादुर शास्त्री जी के जन्म जयंती पs भी श्रद्धांजलि अर्पित कईले। एकरा संगे शास्त्री भारत के दूसरका प्रधानमंत्री रहले। इनकर जनम 2 अक्टूबर 1904 के उत्तर प्रदेश में भइल रहे। उनकर सादगी आ विनम्रता से लोग प्रभावित भइले. उs 1965 के भारत-पाकिस्तान युद्ध के दौरान ‘जय जवान जय किसान’ के नारा देले रहले।","देश भर में राष्ट्रपति महात्मा गांधी के जयंती मनावल जा रहल बा। प्रधानमंत्री नरेंद्र मोदी राजघाट में महात्मा गांधी के श्रद्धांजलि दिहलें आ कहले कि बापू के जीवन सच्चाई आ समानता पर आधारित रहल। एह मौका पs सर्व धर्म प्रार्थना सभा के आयोजन भईल, जवना में केंद्रीय मंत्री आ भाजपा के वरिष्ठ नेता मौजूद रहले। महात्मा गांधी के जनम 2 अक्टूबर 1869 के पोरबंदर में भइल रहे आ ई दिन गांधी जयंती आ अंतर्राष्ट्रीय अहिंसा दिवस के रूप में मनावल जाला। पीएम मोदी लाल बहादुर शास्त्री के जयंती पs भी श्रद्धांजलि अर्पित कइले, जिनकर जनम 2 अक्टूबर 1904 के उत्तर प्रदेश में भइल रहे।","Gandhi Jayanti 2024: पीएम मोदी महात्मा गांधी के कइले नमन, राजघाट पs श्रद्धांजलि कइले अर्पित",Positive,joy,"देशभर में आज महात्‍मा गाँधी के जन्‍मदिन पर श्रद्धा सुमन अर्पित किया जा रहा बा। प्रधान मंत्री नरेन्‍द्र मोदी राजगढ़ में गाँध्‍जी के स्‍मारक पर पुष्‍प अर्पित कर के उनका स्‍मरण किया। उनके जीवन के आदर्शों की प्रशंसा करते हुए मोदी ने कहा की गाँधि जी का जीवन सच्‍चाई, भाईचारा और समानता पर आधारित रहल। इस मौके पर सर्व धर्मा संप्रदाय के लोगो ने एकत्रित होकर प्रार्थ्‍ना की। गाँधी जी का जन्म २ अक्‍टूबर १८६९ को गुज्‍जरत के पोर्बांडर में भया। इस दिन को गांधी ज"
6b261ab100db57a2,मुख्यमंत्री के शपथ ग्रहण समारोह 20 फरवरी के दिल्ली में होई। एह विशेष समारोह के आयोजन रामलीला मैदान में कइल जाई. सोमार के दिने होखे वाला भाजपा विधायिका दल के बइठक स्थगित कs दिहल गइल बा. अब विधान दल के बइठक 19 फरवरी (बुधवार) के होई। शपथ ग्रहण समारोह बियफ़ें (20 फरवरी) के रामलीला मैदान में होई।,"मुख्यमंत्री के शपथ ग्रहण समारोह 20 फरवरी के दिल्ली में होई। एह समारोह के आयोजन रामलीला मैदान में कइल जाई। सोमार के दिने भाजपा विधायिका दल के बइठक स्थगित कs दिहल गइल बा, आ अब ई बइठक 19 फरवरी (बुधवार) के होई।","दिल्ली में 20 फरवरी के नया सीएम के शपथ ग्रहण, रामलीला मैदान में होई इs खास समारोह",Neutral,neutral,मुख्‍यमन्त्री के श्‍पथग्रहण सस्‍कार २० फरबरी के दिल्ली मे होईल बा। रामलीला मेदान में एकर आयोजन कइला जाई। सोमवार के दिन होईवाला भा.ज.पा. विधायक दल की बैठक अब १९ फरवारी बुधवार को होईगे।
5461db7dd1d1a1ab,"हो सकता कि एs सीरीज के एगो अवुरी सस्ता 5जी स्मार्टफोन जल्दिए लॉन्च हो सकता। सैमसंग के एs फोन के रेंडर ऑनलाइन लीक हो गईल बा.इs फोन सैमसंग गैलेक्सी एस24 निहन देखाई देता। कंपनी सैमसंग गैलेक्सी एम55 फोन लॉन्च कs चुकल बिया। अब एह सीरीज में गैलेक्सी एम 35 5जी के लॉन्च करे के तैयारी कईल जाता। फोन में 6000एमएएच के बैटरी मिल सकता। एकरा अलावे एकर प्रोसेसर के भी अपग्रेड कईल जाई। मशहूर टिप्स्टर Evan Blass अपना एक्स अकाउंट से सैमसंग के एs फोन के 3D रेंडर वीडियो शेयर कईले बाड़े। फोन के रंग विकल्प के संगे एकर डिजाइन भी वीडियो में देखल जा सकता। सैमसंग के इs फोन पंच होल डिस्प्ले के संगे आ सकता। एकर बहुत फीचर गैलेक्सी ए35 5जी निहन भी हो सकता। लीक भईल वीडियो रेंडर के मुताबिक सैमसंग के इs बजट स्मार्टफोन तीन रंग के विकल्प में लॉन्च कईल जा सकता। वीडियो रेंडर के मुताबिक, फोन के डिस्प्ले के आसपास बहुत पतला बेजल देखाई देता, जवना से पता चलता कि सैमसंग अपना बजट फोन के फ्लैगशिप स्मार्टफोन निहन देखाई देवे के कोशिश कईले बा। इs स्मार्टफोन बहुत प्रमाणीकरण वेबसाइट पs भी देखल गईल बा। फोन के मॉडल नंबर SM3568/DS के संगे सूचीबद्ध कईल गईल बा। एs फोन में एक्सिनोस 1380 चिपसेट मिल सकता। एतने ना, फोन में 6000mAh के पावरफुल बैटरी मिल सकता। सैमसंग के इs फोन 6.6 इंच के FHD+ SuperAMOLED डिस्प्ले के संगे आ सकता। फोन के डिस्प्ले 120Hz रिफ्रेश रेट फीचर के सपोर्ट कs सकता। एकरा अलावे फोन के डिस्प्ले के सुरक्षा खातीर Corning Gorilla Glass Victus+ उपलब्ध हो सकता। दक्षिण कोरियाई स्मार्टफोन कंपनी के इ# बजट स्मार्टफोन Exynos 1380 प्रोसेसर पs काम करी।इs 8GB ले के रैम अवरू 256GB इंटरनल स्टोरेज के सपोर्ट करी। सैमसंग गैलेक्सी एम35 5जी में 6000एमएएच के बैटरी मिल सकता। एकरा संगे 25W यूएसबी टाइप सी चार्जिंग सपोर्ट उपलब्ध हो सकता। इs फोन एंड्रॉयड 14 पs आधारित वनयूआई 6.0 के संगे लॉन्च होई। फोन के पीछे के हिस्सा में ट्रिपल कैमरा सेटअप मिल सकता। एकरा में 50MP के मेन, 8MP के अल्ट्रा वाइड अवरू 5MP के मैक्रो कैमरा होई। फोन में सेल्फी अवरू वीडियो कॉलिंग खातीर 13MP के कैमरा दिहल जा सकता।","सैमसंग के एगो नया सस्ता 5जी स्मार्टफोन, गैलेक्सी एम35 5जी, जल्दिए लॉन्च होखे के तैयारी में बा। ई फोन में 6000mAh के बैटरी, 6.6 इंच के FHD+ SuperAMOLED डिस्प्ले आ 120Hz रिफ्रेश रेट होई। फोन में एक्सिनोस 1380 चिपसेट, 8GB रैम आ 256GB इंटरनल स्टोरेज के सपोर्ट होई। एकरा पीछे ट्रिपल कैमरा सेटअप होई, जवना में 50MP के मेन कैमरा शामिल बा। ई स्मार्टफोन एंड्रॉयड 14 पs आधारित वनयूआई 6.0 के संगे आ सकेला।","Samsung जल्दीए लॉन्च करीं 6000mAh बैटरी वाला एगो अउरी सस्ता 5G स्मार्टफोन, फीचर्स भइल लीक",Positive,neutral,"जल्दी ही अपना इs नया बजट 5G फोन सार्वजनिक कर सकती है। सैमसुंग के एक नया एज फोन, गैलैक्सी ए35 5जी, जल्द लांच होत बा। इंटरनेट पर एह फोन के रेंडर्स लीक हो गइले बाड़े। फोन के रंग, डिज़ाइन, आदि सब वीडियो में दिखाई दे रहा बा। एह फोन में पंच-होल डिसप्ले होगा। एह बजट स्मार्टफ़ोन तीन रंग विकल्प में आत। फोन में एक्सीनॉस १३८० चिप्सट, ६०००mAh बैटरी, ६.६ इंच FHD+"
35f482298af836c9,"नई दिल्ली। NDA के उपराष्ट्रपति पद के उम्मीदवार (VP Election) सीपी राधाकृष्णन नामांकन दाखिल कs देले बाड़ें। पीएम नरेंद्र मोदी पहिला प्रस्तावक बनलें। नामांकन के दौरान गृह मंत्री अमित शाह, रक्षा मंत्री राजनाथ सिंह आ भाजपा अध्यक्ष जेपी नड्डा सहित कइयन गो नेता मवजूद रहे लो। नॉमिनेशन से पहिले राधाकृष्णन संसद परिसर में इस्थित गांधी प्रतिमा पs फूल चढवलें। 17 अगस्त के भइल भाजपा संसदीय दल के बैठक में उनका नाम पs सहमति बनल रहे। भाजपा अध्यक्ष जेपी नड्डा प्रेस कॉन्फ्रेंस कs के राधाकृष्णन के नाम के ऐलान कइले रहस। राधाकृष्णन के मुकाबला (VP Election) विपक्षी गठबंधन के उम्मीदवार सुप्रीम कोर्ट के रिटायर्ड जस्टिस बी सुदर्शन रेड्डी से होई। खास बात ई बा कि दुनो उम्मीदवार दक्षिण से बा लोग। रेड्डी 21 अगस्त के नामांकन करिहें। उपराष्ट्रपति चुनाव खातिर 9 सितंबर के वोटिंग होई। ओहि दिन काउंटिंगो होई। नामांकन दाखिल करे के आखिरी तारीख 21 अगस्त बा। 25 अगस्त तक उम्मीदवारी वापस लिहल जा सकत बा। दरअसल, उपराष्ट्रपति के चुनाव (VP Election) जगदीप धनखड़ के 21 जुलाई के रात अचानक इस्तीफा देवे के वजह से हो रहल बा। 74 साल के धनखड़ के कार्यकाल 10 अगस्त 2027 तक रहे।",नई दिल्ली। NDA के उपराष्ट्रपति पद के उम्मीदवार सीपी राधाकृष्णन नामांकन दाखिल कs देले बाड़ें। पीएम नरेंद्र मोदी उनकर पहिला प्रस्तावक बनलें आ नामांकन के दौरान कई गो नेता मौजूद रहलें। राधाकृष्णन के मुकाबला विपक्षी गठबंधन के उम्मीदवार सुप्रीम कोर्ट के रिटायर्ड जस्टिस बी सुदर्शन रेड्डी से होई। उपराष्ट्रपति चुनाव खातिर 9 सितंबर के वोटिंग होई आ नामांकन के आखिरी तारीख 21 अगस्त बा। ई चुनाव जगदीप धनखड़ के इस्तीफा के चलते हो रहल बा।,VP Election : NDA उम्मीदवार राधाकृष्णन नॉमिनेशन भरलें: मोदी पहिला प्रस्तावक; 9 सितंबर के होई चुनाव,Neutral,neutral,"नए दिल्ली में एनडीए के उपाध्यक्ष पद के प्रत्याशी सी.पी. राधा कृष्णन ने नामांंकन पत्र दाखिले। प्रधानमंत्री नरेन्द्र मोदी पहिला प्रत्यावर्तक बने। इस मौके पर गृहमंत्री अमिताभ शाह , रक्षामंत्री राजनथ सिंह आ भा.ज.पा. अध्यक्ष जयपल नड्ढा जैसे कई नेता मौजूद रहलें। भाजपा संसदीय दल की बैठक में उनका नाम सहमति से चुना गया। उपराष्टपति चुनाव में विपक्षीय गठबन्धन के उमेदवार सुप्रिम कोर्ट के सेवानिवृत्त न्यायमूर्ति बी.सुदर्शन"
258e998b717d2412,"सेंट्रल डेस्क। गुजरात के वडोदरा जिला के पादरा तालुका में आणंद आ पादरा के जोड़े वाला एगो पुल के हिस्सा ढह गइल। पुल के टूटतही कइयन गो वाहन महिसागर नदी में गिर गइल। बतावल जा रहल बा कि एह हादसा में नव लोगन के मौत हो गइल बा, जबकि नव लोगन के बचा लिहल गइल बा। एह घटना पs गुजरात के मुख्यमंत्री भूपेंद्र पटेल दुख जतवलें आा घायलन के जल्दी ठीक होखे के कामना कइलें। पीएम मोदी हादसा पs दुख जतवले बाडे़। पीएम मोदी हादसा के शिकार भइल लोगन खातिर मुआवजा के एलानो कइले बाड़ें। प्रधानमंत्री राष्ट्रीय राहत कोष से हर मृतक के परिजनन के दु लाख रुपिया आ घायलन के 50,000 रुपिया दिहल जाई। जानकारी के अनुसार, बुध के सबेरे आणंद आ पादरा के जोड़े वाला पुल के एगाे हिस्सा महिसागर नदी में गिर गइल। सुरुआती जानकारी के अनुसार, दुगो ट्रक, एगाे बोलेरो एसयूवी आ एगो पिकअप वैन सहित चार वाहन पुल पार करत रहे, तबे अचानक ई ढह गइल आ कइयन गो वाहन महिसागर नदी में गिर गइल। एह हादसा में नव लोगन के मौत भइल बा। प्रत्यक्षदर्शी लोग बतावल कि वाहनन के नदी में गिरला से पहिले तेज आवाज सुनाई दिहल। मवका पs पहुंचल फायर ब्रिगेड, स्थानीय पुलिस आ वडोदरा जिला प्रशासन तुरंत बचाव कार्य सुरू कइल। स्थानीय लोग घायलन के मलबा से निकाले में मदद कइलें। अब तक तीन लोगन के बचावल गइल बा आ ओह लोगन के नजदीकी अस्पतालन में भरती करावल गइल बा। गुजरात के गृह मंत्री हर्ष संघवी पुल हादसा पs दुख जतवलें। उ मीडिया से बात करत कहलें, वडोदरा आ आणंद जिलन के जोड़े वाला पुल पs भइल दुखद हादसा में 9 लोगन के मौत हो गइल बा। नव आउउर लोगन के बचा लिहल गइल बा। मुख्यमंत्री एगो उच्च स्तरीय समिति के घटनास्थल पs भेजके विस्तृत रिपोर्ट मंगले बाड़ें। उ ममिला में सख्त कार्रवाई के निरदेस देले बाड़ें। ओहिजा, वडोदरा पुल हादसा पs दिल्ली के पूर्व मुख्यमंत्री आ आप संयोजक अरविंद केजरीवाल दुख जतवले बाड़ें। उ कहलें, गुजरात में भइल ई हादसा बहुते दुखद आ पीड़ादायक बा। बाकिर एह समय एगो अहम सवाल पूछल जरूरी बा। पिछला 30 बरिसन से गुजरात के सत्ता में बइठल BJP का ई बताई कि बार-बार अइसन घटिया आ जानलेवा पुल गुजरात में कइसे बन रहल बा, जवन भरभराके गिर जाला? एगाे स्थानीय निवासी कहलें, ई पुल ना खाली ट्रैफिक दुर्घटनन के हिसाब से खतरनाक बा, बलुक इहां आत्महत्या के कइयन गो घटना हो चुकल बा। एकरा इस्थिति के बारे में बार-बार चेतावनी दिहल गइल रहे, बाकिर प्रशासन धेयान ना देलस। बता दीं कि ई पुल 1985 में बनावल गइल रहे। गुजरात सरकार हाले ही 212 करोड़ रुपिया के लागत से एगो नया पुल के बनावे के मंजूरी देले रहे। फिलहाल मुख्यमंत्री तकनीकी विशेषज्ञन के घटनास्थल पs भेजके जांच के आदेस देले बाड़ें।","गुजरात के वडोदरा जिला के पादरा तालुका में आणंद आ पादरा के जोड़े वाला एगो पुल के हिस्सा ढह गइल, जवना से नव लोगन के मौत हो गइल आ नव लोगन के बचा लिहल गइल। पीएम मोदी हादसा पs दुख जतवले बाड़ें आ मुआवजा के एलान कइले बाड़ें। पुल के टूटला के समय चार गो वाहन महिसागर नदी में गिर गइल। मुख्यमंत्री भूपेंद्र पटेल उच्च स्तरीय समिति के घटनास्थल पs भेजके रिपोर्ट मंगले बाड़ें। स्थानीय लोगन के अनुसार, पुल के स्थिति के बारे में बार-बार चेतावनी दिहल गइल रहे, लेकिन प्रशासन ध्यान ना देलस।","गुजरात के वडोदरा में बड़ हादसा : महिसागर नदी पs बनल पुल के एगो हिस्सा गिरल, नव लोगन के मौत; हादसा के तस्वीर",Negative,sadness,से के बारे में जानकारी मिलल। हम सब दुखी बा। बाड़े दुख की खबर आइल है की गुज़रत के बाड़ोदर जिले के आनंद आ पाड़ा के जोड़े वाला पुल का एक भाग महिसागर नदी मे गिर गयल। हादसे मे नव लोगो की मृत्यु हो गयी बा आ नव लोग जख्मी हो गये बाड़ें। घटना बुधवार सुबह के समय हुई जब चार गाड़ियाँ पुल पर से गुजर रही थीं। पुल के ढहने से गाड़ियां नदी के अंदर गिर गयीं। मुख्यमन्त्री भूपेन्द्र पाटेल आ प्रधान मन्त्री नरेंद्र मोदी ने भी इस हादसों पर दुःख जताया है। प्रधान म
d4c6f3f56d15e57a,"पटना। प्रशांत किशोर (Prashant Kishore) के जन सुराज पार्टी 10 से 25 सितंबर तक बिहार के सब 243 विधानसभा क्षेत्रन में “बिहार बदलाव यात्रा” के आयोजन करी। पार्टी के चुनाव अभियान समिति के प्रदेश संयोजक सुधीर शर्मा कार्यक्रम के बारे में जानकारी दिहलें। उ बतवलें कि एह यात्रा के उद्देश्य जन सुराज के बदलाव के सोच के जनता तक पहुंचावल, संगठन के बूथ स्तर तक मजबूत कइल आ स्थानीय नेता आ कार्यकर्ता के संगे जोड़के पार्टी के व्यापक जनाधार तइयार कइल बा। सुधीर शर्मा बतवलें कि एह आयोजन खातिर बिहार के सब 243 विधानसभा क्षेत्र के 12 प्रमंडलन में बांटल गइल बा। एह कार्यक्रम के कार्यभार प्रमंडल संयोजक आ सह संयोजक, जिला चुनाव प्रभारी, विधानसभा प्रभारी आउर विधानसभा के संभावित उम्मीदवार अपना-अपना स्तर पs संभारी लोग। एह कार्यक्रम के सफलता खातिर राज्य स्तर पऽ जवना पदाधिकारी के जिम्मेवारी दिहल गइल, ओमे में चुनाव अभियान समिति के प्रदेश संयोजक सुधीर शर्मा के संगही सह संयोजक उर्मिला कुमारी, सरवर अली, विपिन यादव, प्रीतम सिंह आ नरेश मांझी सामिल बा लोग। दूसरका ओर, जन सुराज महागठबंधन पऽ मुस्लित हितैषी होखे के दिखावा करे के आरोप लगवललस। जन सुराज पार्टी कार्यालय में आयोजित प्रेस वार्ता में पार्टी के वरिष्ठ नेता पूर्व एमएलसी रामबली चंद्रवंशी, प्रदेश मीडिया प्रभारी ओबैदुर रहमान आ पार्टी प्रवक्ता सोनाली आनंद राजद आउर महागठबंधन नेता पऽ जुबानी हमला कइल लोग। कहल लोग कि तेजस्वी यादव आज जवन सवाल करत बाड़ें उ सब बेबुनियाद बा, काहेकि उनकर पार्टी लमहर समय तक बिहार में शासन में रहे। पहिले तs उनका जवाब देवे के चाहीं कि जवन मुद्दा उठावत बाड़ें, अपना सरकार के बेरा ऊ ओह मुद्दन पs केतना काम कइलें। ऊ इहो कहलें कि राजद आ महागठबंधन आजतक मुस्लिम समाज के आबादी के हिसाब से प्रतिनिधित्व ना देजस आ ना समाज के शिक्षा खातिर काम कइलस। खाली मुस्लिम से वोट लेवे के बात करेलें।",पटना। प्रशांत किशोर के जन सुराज पार्टी 10 से 25 सितंबर तक बिहार के सब 243 विधानसभा क्षेत्रन में “बिहार बदलाव यात्रा” के आयोजन करी। पार्टी के चुनाव अभियान समिति के प्रदेश संयोजक सुधीर शर्मा बतवलें कि एह यात्रा के उद्देश्य जन सुराज के बदलाव के सोच के जनता तक पहुंचावल आ संगठन के बूथ स्तर तक मजबूत कइल बा। प्रेस वार्ता में पार्टी के वरिष्ठ नेता रामबली चंद्रवंशी आ अन्य लोग राजद आ महागठबंधन पर मुस्लित हितैषी होखे के आरोप लगवलें। ऊ कहलें कि तेजस्वी यादव के सवाल बेबुनियाद बा आ उनकर पार्टी मुस्लिम समाज के प्रतिनिधित्व ना देले।,"Bihar Politics : प्रशांत किशोर एह 6 नेता पऽ जतवलें भरोसा, 243 विधानसभा सीट खातिर प्लान तइयार",Negative,anger,"े, उनका समाधान कइला। प्रशांत कुशोर के जनसुराज पर्टी 2023 के बिहार विधान सभा चुनाव में भाग लेवे के तैयारी कर रही बा। \ पार्टी के नेता कहलें की जन सुराज पार्टी बिहार के सभ विधान सब्हा क्षेत्र में ""बिहार बदलवा यात्रा"" करवत बा। एही यात्रा 10 से 25 सितंबर तक चलेगी। उनका कहल की एह यात्रा के मकसद जनता तक पहुँचावल बा, संगठन को मजबूत बनावल बा आ स्थानीय नेता आ कार्यकर्ता के संगे जोड़के पार्ट"
edf5d5aed5c20842,"Spotify AI Playlist Feature: म्यूजिक स्ट्रीमिंग सेवा स्पोटिफाई भी एगो नाया जेनरेटिव एआई फीचर लॉन्च करे के घोषणा कइले बिया। एह एआई फीचर के मदद से यूजर आसानी से अपना पसंद के गाना के प्लेलिस्ट बना सकतारे। आईं हमनी के एह फीचर के बारे में विस्तार से बतावत बानी स। SPOTIFY AI FEATURES: आजकल अधिकांश टेक कंपनी आर्टिफिशियल इंटेलिजेंस (एआई) के इस्तेमाल क के यूजर के बेहतर अनुभव दे रहल बिया। सर्च इंजन से लेके फूड डिलीवरी ऐप तक सभ कंपनी एआई के इस्तेमाल उपयोगकर्ता के पसंद के मुताबिक चीज़ देखावे खातीर करतिया। एह सीरीज में म्यूजिक स्ट्रीमिंग सेवा स्पोटिफाई भी एगो नाया जेनरेटिव एआई फीचर लॉन्च करे के घोषणा कइले बिया। एह एआई फीचर के मदद से यूजर आसानी से अपना पसंद के गाना के प्लेलिस्ट बना सकतारे। स्पोटिफाई में पहिलही से यूजर के गाना पसंद करे आ आपन प्लेलिस्ट बनावे के सुविधा रहे। बाकी, कबो-कबो प्लेलिस्ट बनावे में जादा समय लागेला। एह प्रक्रिया के आसान बनावे खातिर स्पोटिफाई सोमवार के एगो नाया एआई फीचर देखवलस। हालांकि, फिलहाल इ फीचर सिर्फ प्रीमियम यूजर खाती टेस्टिंग मोड में उपलब्ध बा। एह फीचर के मदद से यूजर प्रॉम्प्ट के मदद से अपना पसंद के गाना के प्लेलिस्ट बना सकतारे। ब्रिटेन आ ऑस्ट्रेलिया में एंड्रॉयड अउरी IOS फोन के इस्तेमाल करेवाला यूजर खातीर आवे वाला महीना में इ एआई फीचर सबसे पहिले शुरू हो जाई। यूजर के बस चैट में आपन पसंद लिखे के होई आ स्पोटिफाई उनका मूड आ गाना के पसंद के मुताबिक प्लेलिस्ट बनाई। स्पोटिफाई के कहनाम बा कि, इ नाया एआई फीचर यूजर के अलग-अलग प्रकार के प्लेलिस्ट बनावे में मदद क सकता। एह फीचर से यूजर के प्रॉम्प्ट के आधार प समान गाना के प्लेलिस्ट बनावल जाई। 1. सबसे पहिले अपना स्मार्टफोन प स्पोटिफाई ऐप खोलीं 2. एकरा बाद नीचे दाहिना कोना में “Your Library” विकल्प पर क्लिक करीं। 3. ओकरा बाद ऊपर दाहिना कोना में लउके वाला “+” बटन प क्लिक करीं आ ओहिजा से “AI Playlist” चुनीं । 4. जदी यूजर चाहत बा त उ स्पोटिफाई के सुझावल प्रॉम्प्ट भी चुन सकेला भा अपना पसंद के प्रॉम्प्ट लिख सकेला। स्पोटिफाई आपके प्रॉम्प्ट के आधार प एगो प्लेलिस्ट बनाई। एह गीतन के सुन के आ जवन गीत रउरा पसंद ना आवे ओकरा के हटा के भी एह प्लेलिस्ट के बेहतर बना सकेनी। स्पोटिफाई के फीचर प भी आप फीडबैक दे सकतानी। जब रउरा “बनाईं” बटन दबाईं त ई नया प्लेलिस्ट रउरा लाइब्रेरी में सेव हो जाई । फिलहाल इ फीचर अभी भी टेस्टिंग मोड में बा।","स्पोटिफाई एगो नाया जेनरेटिव एआई फीचर लॉन्च करे के घोषणा कइले बिया, जेकरा से यूजर आसानी से अपना पसंद के गाना के प्लेलिस्ट बना सकतारे। ई फीचर फिलहाल प्रीमियम यूजर खाती टेस्टिंग मोड में बा आ ब्रिटेन आ ऑस्ट्रेलिया में एंड्रॉयड आ IOS फोन के यूजर खातिर जल्दी शुरू होई। यूजर बस अपना पसंद के प्रॉम्प्ट लिख के स्पोटिफाई से प्लेलिस्ट बना सकीला। जब रउरा ""बनाईं"" बटन दबाइब त ई नया प्लेलिस्ट रउरा लाइब्रेरी में सेव हो जाई।","Spotify लिया रहल बा जोरदार AI फीचर, रउवा ला बना दीही राउर मनपनसंद गाना के प्लेलिस्ट",Positive,joy,वत सकतारें। ## स्पोटिफ़ाई एगो नया एआइ फीचर लांच करत रहे बा। एह फ़ीचर से यूजर अपना पसंदीदा गीत के प्लीलिस्ट आसानी से बना सकलें। स्पोटीफ़ाई कहत बा कि एह एआइ फीचर उपयोगकर्ता के मूड आ गीत की पसंद के हिसाब से प्लिस्ट बनाएगा। एह नया फीचर्स पहिली बार ब्रिटेन आ ऑस्ट्रलिया में एंड्रायड आ आयओएस फोन के इस्तेमाल करने वाले यूजर के लिए टेस्टिंग मोड में
237977818e0ec3c2,"अमेरिका के दक्खिनी आ मध्य पश्चिमी इलाका में एगो विनाशकारी तूफान से भयानक तबाही मच गइल बा. आंधी के चलते सामान्य जीवन पs बहुत असर पड़ल बा। आंधी के चलते बहुत घर के छत उड़ गईल बा, पेड़ उखड़ गईल बा अवुरी बिजली के खंभा गिर गईल बा। आंधी के चलते सात लोग के मउत भी हो चुकल बा। स्थिति के देखत मौसम विभाग आ स्थानीय प्रशासन जनता से घर के भीतर रहे के गोहार लगवले बा। लोग परेशानी में बाड़े ओक्लाहोमा से इंडियाना ले विनाशकारी बवंडर देखल गईल। टेनेसी के गवर्नर बिल ली के कहल बा कि तलाशी जारी बा. उs कहले कि स्थिति भयावह बा अवुरी लोग परेशानी में बाड़े। ओहियो से ले के मिसिसिपी ले लगभग 15 लाख लोग एह तूफान के शिकार बा जेह में नैशविले, टेनेसी आ ट्यूपेलो के लोग भी सामिल बा। इहो पढ़ी: सबेरे-सबेरे: रोज करीं इs 4 गो योगासन, आंख के puffiness होई दूर","अमेरिका के दक्खिनी आ मध्य पश्चिमी इलाका में एगो विनाशकारी तूफान से भयानक तबाही मच गइल बा। आंधी के चलते बहुत घर के छत उड़ गईल, पेड़ उखड़ गईल आ बिजली के खंभा गिर गईल बा। सात लोग के मउत हो चुकल बा आ मौसम विभाग आ स्थानीय प्रशासन जनता से घर के भीतर रहे के कहले बा। लगभग 15 लाख लोग एह तूफान के शिकार बा, जेह में नैशविले आ टेनेसी के लोग भी सामिल बा। गवर्नर बिल ली के कहल बा कि तलाशी जारी बा आ स्थिति भयावह बा।","अमेरिका में तूफान ले लिहलस 7 लोगन के जान, विनाशकारी बारिश आ बाढ़ के चेतावनी जारी",Negative,sadness,"दक्खिन अमेरिका आ मध्य-पश्चिम में एक भयंकर तूफ़ान से बहुत बड़ा नुकसान भया। आंधी से बहुत सारे घरों की छतें उड़ गईं, पेड़ उखड़ गए आ बिजलियाँ के खंभे गिर गए। सात लोगो की जान भी चली गई। मौसम विज्ञानी आ प्रशासक लोगो से घरों के अंदर रहने की सलाह दे रहे बाड़े। ओक्लहोहोम से इन्डियाना तक इस बड़े तूफ़ान ने बहुत नुक्सान पहुँचाया है। टेनिसी के राज्यपाल ने कहा की स्थिति बहुत खराब बा आ लोग परहेज में बाड़ें। ओहीओ से लेकर मिसिसीपी तक लगभग 5 लाख लोगों को इस तू़फान ने प्रभावित"
d573ae1064eff76c,गोरखपुर में सदस्यता अभियान के तहत सरकारी वित्त मंत्री सुरेश खन्ना गोरखपुर पहुंचल रहले। एह दौरान उऽ आ सांसद रवि किशन एगो प्रेस कांफ्रेंस कइले। रवि किशन अखिलेश यादव के बयान पs आपत्ति आ सवाल उठवले। उत्तर प्रदेश के पूर्व मुख्यमंत्री अखिलेश यादव के दिहल बयान पs गोरखपुर के सदर के सांसद रवि किशन शुक्ला एह प्रक्रिया के बतवले बाड़े। मीडिया से बात करत सांसद रवि किशन कहले कि उऽ गोरखपुर के जनता के आस्था पs हमला कइले बाड़े। उत्तर प्रदेश के 75 जिला में गोरखपुर काहे चुनले? अखिलेश यादव के खुद एह सवाल के जवाब देवे के चाही काहे कि एह सवाल के जवाब खाली उनका से मांगल जाला। किरपा कऽ के बताईं कि ई कहे के मकसद का रहे। कहलन कि गोरखनाथ मंदिर एहिजा के लोग के आस्था के केंद्र हऽ आ अखिलेश यादव के ई बयान एहिजा के लोग के आस्था पs हमला बा। उनकर सीधा मतलब इहे बा। अइसन इस्थिति में खुद बतावस कि उऽ गोरखपुर के नाम काहे लेले?,गोरखपुर में सदस्यता अभियान के तहत सरकारी वित्त मंत्री सुरेश खन्ना आ सांसद रवि किशन एगो प्रेस कांफ्रेंस कइले। रवि किशन अखिलेश यादव के बयान पs आपत्ति जतवले आ कहले कि उऽ गोरखपुर के जनता के आस्था पs हमला कइले बाड़े। उऽ पूछलन कि अखिलेश यादव के खुद बतावे के चाही कि गोरखपुर के नाम काहे लेले। उनकर कहना रहल कि गोरखनाथ मंदिर एहिजा के लोग के आस्था के केंद्र हऽ आ अखिलेश यादव के बयान एहिजा के लोग के आस्था पs हमला बा।,"सांसद रवि किशन कहले, ‘अखिलेश यादव प्रदेश के 75 जिला में गोरखपुर काहे चुनले ?’",Negative,anger,"सदस्यता आंदोलन के दौरान सरकार के वित्‍त मंत्री सुदेश खन्‍ना गौरखपुर आइल रहलें। उनके साथ सांसद्‍ रवी किशन ने एक्‍सप्रेस कान्‍फ्रेंस्‍स किया। रवी किष्‍न ने अख्‍िलेश्‍ यादव के बयां पर आपत्ति जताई। उनका कहना बा कि अखिल्‍ेश यादव ने गौरकपुर के लोगों की आस्था पर हमला किया है। उत्तर प्रदेश के 75 जिलों में से गौरक्‍पुर को क्‍यों चुना गया, इसके बारे में अखिलेश यादव को खुद जवान्‍ब देना चाहिए। उन्होंने कहा कि गौरक्ष्‍ना"
f85ea862d9e3b110,"पश्चिम बंगाल के कोलकाता में भाजपा सांसद रहल रूपा गांगुली के पुलिस गिरफ्तार कऽ लिहलस। उ बांसद्रोणी थाना के सोझा विरोध करत रहली। काल्ह रात भर थाना के सोझा विरोध जतवली। जानकारी के मुताबिक प्रदर्शन पूरा तरीका से शांतिपूर्ण रहे। रुपा गांगुली रात भर थाना के बहरी बइठल रहली। एही बीच बंगाल पुलिस उनका के हिरासत में ले लिहलस। अब पुलिस उनका के पकड़ के लाल बाजार ले गइल बिया। खबर में दावा कइल जाता कि रूपा गांगुली काल्ह रात से बांसद्रोणी थाना में विरोध प्रदर्शन करत रहली। रूपा के 3 अक्टूबर के सबेरे गिरफ्तार कइल गइल रहे। भाजपा कार्यकर्ता के मुताबिक पुलिस करीब 10 बजे रुपा के हिरासत में ले लेलस। एकरा बाद उनका के लाल रंग के गाड़ी में लाल बाजार ले जाइल गइल। असल में बांसद्रोणी में भइल सड़क दुर्घटना से भाजपा के नेता नाराज रहले। उऽ ए मामला के लेके पुलिस के दमन के खिलाफ मोर्चा खोल देले रहली। रूपा गांगुली कहली कि जब तक पुलिस आरोपी के हिरासत में ना ले ली तब तक उऽ थाना के सोझा विरोध करत रहीहें। पुलिसो उनका के मनावे के पूरा कोशिश कइलस, बाकिर उऽ एकरा के माने खातिर तइयार ना रहली।","पश्चिम बंगाल के कोलकाता में भाजपा सांसद रूपा गांगुली के पुलिस गिरफ्तार कऽ लिहलस। उ बांसद्रोणी थाना के सोझा शांतिपूर्ण विरोध करत रहली। पुलिस उनकरा के रात भर हिरासत में लेके लाल बाजार ले गइल बिया। रूपा गांगुली कहली कि जब तक पुलिस आरोपी के ना ले ली, तब तक उऽ विरोध करत रहीहें।",West Bengal: रातभर धरना देला के बाद पूर्व सांसद रूपा गांगुली गिरफ्तार,Negative,anger,"रूपा गाँगुली, भाजपामे के साँसद, कोलकत्ता में पुलिस के हत्थे चढ़ गइली। उनहें बांसदुर्गा थाने में सड़क हादसे के बाद पुलिस के कार्रवाई के विरोध में रातभर धरना देत रहल। प्रदर्शन शांत रहे। पुलिस ने उनको रात में ही थाने से पकड़ लेल। भाजपा नेताओं के अनुसार, पुलिस ने लगभग १० बजे रूपा को गिरफ़्तार कर लाल बाज़ार ले ले गया। रूपा ने कहा की जब तक आरोपियों को गिरफ़्तार नही हो जाएगी तब तक वो थाने के बाहर विरोध करती रहेंगी।"
08f7408c939afc80,"सपा प्रमुख अखिलेश यादव कहले कि अयोध्या में किसान के जमीन सस्ता में खरीद के महंगा दाम पs बेचल जाता। किसान के इच्छा के मुताबिक मुआवजा नइखे दिहल गइल। जदि कहीं अधिकतम लूटपाट भइल बा तऽ सबसे ज्यादा अयोध्या में भइल बा| अयोध्या के लेके समाजवादी पार्टी के प्रमुख अखिलेश यादव योगी सरकार पs बड़ हमला कइले बाड़े। उऽ कहले कि समय-समय पs हमनी के अयोध्या के लेके जनता के पीड़ा के आगे बढ़ावेनी, बानी सरकार सुने वाला नइखे। अधिकारी आ भाजपा के लोग मिल के लूटपाट में लागल बाड़े। जहां लूट होई उहाँ विकास ना होई। हम पार्टी के नेता लोग के धन्यवाद देत बानी कि उऽ लोग अयोध्या के काला चिठा सोझा रखले। अयोध्या जइसन पवित्र भूमि में जब अइसन लूट हो रहल बा तऽ कल्पना करीं कि बाकी राज्य में कइसन हालात होई। अखिलेश कहले कि हमनी के यूपी विधानसभा में इ मुद्दा उठाइब। बियफे के लखनऊ में आयोजित एगो प्रेस कांफ्रेंस में अखिलेश कहले कि, किसान के मांग के मुताबिक उचित मुआवजा ना दिहल गइल। बाकिर जब गरीबन के जमीन अपना लोग तक पहुंचल तऽ सर्किल रेट बढ़ा दिहल गइल। हमनी के लगे भाजपा के सभ अधिकारी के सूची आ जमीन लेवे वाला अधिकारी के रजिस्ट्री के विवरण बा। रक्षा जमीन के संगे इहे काम भइल। भाजपा के लोगो उऽ जमीन बेच देले जहां फायरिंग रेंज रहे। अपना हार के चलते जनता के चोट पहुंचावे खातिर उऽ रेलवे के संरेखण भी बदल देले। पहिले केहू के आपन जमीन के ढेर नुकसान ना होखत रहे, लेकिन अब सरकार जानबूझ के रेलवे एलाइनमेंट बदल दिजल गइल आ बदलाव के काम शुरू क देलस ताकि गरीब के घर आ कारोबार छीन लिहल जा सके। जदी कहीं अधिकतम लूटपाट भइल बा तऽ सबसे ज्यादा अयोध्या में भइल बा| सपा प्रमुख एतने पs ना रुकले। उऽ कहले कि सरकार के प्रधान सचिव से लेके लेखाकार तक सभे अयोध्या के महर्षि योगी ट्रस्ट में जमीन खरीदले। महर्षि योगी ट्रस्ट अयोध्या के जमीन बांट के लूट रहल बा। इहाँ एगो अभिनंदन लोढ़ा समूह आइल रहे। गाँव तिहुरा में गाँव के समुदाय के जमीन के अपना सीमा में शामिल कऽ के कब्जा कऽ लिहले। अब इ लोग जमीन एक करोड़ रुपया प्रति हजार वर्ग में बेचतारे। अयोध्या एह लूटपाट सरकार से परेशान बा।",सपा प्रमुख अखिलेश यादव कहले कि अयोध्या में किसान के जमीन सस्ता में खरीद के महंगा दाम पs बेचल जाता। उऽ कहले कि किसान के मांग के मुताबिक उचित मुआवजा नइखे दिहल गइल आ अधिकारी आ भाजपा के लोग मिल के लूटपाट में लागल बाड़े। अखिलेश बतवलें कि महर्षि योगी ट्रस्ट अयोध्या के जमीन बांट के लूट रहल बा आ गाँव के जमीन के कब्जा कऽ के एक करोड़ रुपया प्रति हजार वर्ग में बेचतारे। उऽ कहले कि अयोध्या में लूटपाट के हालात बहुत खराब बा आ इ मुद्दा यूपी विधानसभा में उठाइब।,अयोध्‍या के लेके अखिलेश यादव योगी सरकार पऽ कइले सबसे बड़ हमला,Negative,anger,ोंध्या में। ** ** सपा के मुखिया अखिलेश यादव ने कहल बा कि अयोध्ये मे किसानों के जमिन सस्ते दाम पे खरेदी कर के महंगे दाम पर बेचा जात बा। किसानों को उनका जमिनी के हिसाब से मुआवाजा नही दिया गया। उनका कहना बा की अयोद्या मे सबसे ज्यादा लूटपात भया है। योगी सरकार पर उनका हमला बा की सरकार जनता की पीड़ा को नही सुन रही। अधिकारी और भाजपाई लोग मिलकर लुटपाट कर रहे हैं। जहाँ लूट होती है वहाँ विकास नही होता। सपा नेताओ ने अयोद्ये के काले धब्बे को उजागर करने के लिए आभार व्यक्त किया है
0c3f3888fad0e954,"स्‍पोर्ट्स डेस्‍क। भारत आ इंग्‍लैंड के बीच चउथा टेस्‍ट मैच मैनचेस्टर के एमिरेट्स ओल्ड ट्रैफर्ड मैदान पs खेलल जाई। एह टेस्‍ट के सुरुआत 23 जुलाई से होई। एह मुकाबला में भारत के प्‍लेइंग 11 के लेके अभियो संशय बा। चोट आ वर्कलोड मैनेजमेंट भारतीय टीम के टेंशन बढ़ा के रखले बा। तीसरका टेस्‍ट खेले वाला तेज गेंदबाज जसप्रीत बुमराह चउथा टेस्‍ट खेलिहें भा ना ई अभी तक साफ नइखे हो पाइल। सीरीज से पहिलही तय हो गइल रहे कि बुमराह 5 में से 3 टेस्‍ट खेलिहें। बुमराह अब तक 2 टेस्‍ट खेल चुकल बाड़ें। भारतीय बल्लेबाज अजिंक्य रहाणे चउथा टेस्ट मैच खातिर जसप्रीत बुमराह के रिप्‍लेसमेंट के नाम बतवले बाड़ें, जदि उ मैच नइखन खेलत। बुमराह के खेलल तय नइखे काहेकि टीम मैनेजमेंट उनका के प्लेइंग इलेवन में सामिल करे पs अभी तक कवनो फैसला नइखे ले पाइल। अजिंक्य रहाणे कहले बाड़ें कि जदि बुमराह चउथा टेस्ट नइखन खेलत तs मैनेजमेंट के उनका जगह अर्शदीप सिंह के खेलावे के चाहीं। सिंह गेना के दुनो तरफ स्विंग करा सकत बाड़ें। रहाणे अपना यूट्यूब चैनल पs कहलें, “हमरा अइसन लागत बा कि जदि बुमराह नइखन खेल रहल तs अर्शदीप ही सही विकल्प बाड़ें। इंग्लैंड में रउआ एगो अइसन बायां हाथ के तेज गेंदबाज के जरूरत होला जवन गेना के दुनो तरफ स्विंग करा सके आ संगही एगो अलग कोण से स्पिनरन खातिर रफ पिच बना सके। एहिसे अगर बुमराह नइखन खेलत, तs अर्शदीप के अगिला मैच खेले के चाहीं।” अर्शदीप अभी तक टेस्ट क्रिकेट में डेब्‍यू नइखन कइलें। उ अपना करिअर में अभी ले 21 प्रथम श्रेणी मैच खेलले बाड़ें। एह दौरान 37 पारियन में उ 66 विकेट चटकवले बाड़ें। अर्शदीप के चउथा टेस्ट से पहिले बेकेनहैम में प्रैक्टिस सेशन के दौरान चोट लाग गइल रहे। भारत के सहायक कोच रयान टेन डोएशेट अर्शदीप के चोट पs अपडेट देले रहस। उ बतवले रहस कि गेना रोके के कोसिस करत घरी उनका कट लाग गइल रहे।","भारत आ इंग्लैंड के बीच चउथा टेस्‍ट मैच 23 जुलाई से मैनचेस्टर के एमिरेट्स ओल्ड ट्रैफर्ड मैदान पs खेलल जाई। जसप्रीत बुमराह के खेलल तय नइखे, आ अजिंक्य रहाणे कहले बाड़ें कि अगर बुमराह ना खेलत त अर्शदीप सिंह के मौका मिलल चाहीं। अर्शदीप अब तक टेस्ट क्रिकेट में डेब्‍यू नइखन कइलें, लेकिन 21 प्रथम श्रेणी मैच में 66 विकेट चटकवले बाड़ें। उनकर चोट के बारे में सहायक कोच रयान टेन डोएशेट अपडेट दिहले रहस।","चउथा टेस्‍ट में के लिही जसप्रीत बुमराह के जगह, भारतीय दिग्‍गज एह गेंदबाज के नाम सुझवलें",Negative,neutral,"मैच में 78 विकेट ले चुके बाड़ें। **भोजपुर भाषामे सारंश:** भारत आइंगलैंड के बिच चउथी टेस्ट मैनचस्टर में एमिरीट्स एल्ड ट्राफर्ड में खेला जात रहे। 23 जुलै से सुरुवात होइल। भारतीय टीम के खिलाड़ी चयन में संदेह बा। चोट आ थकान के कारण टीम में बदलाव हो सकता है। तीसरे टेस्ट में खेले वाले जसप्रीत बुम्रा चोथे टेस्ट मे खेलेंगे या नही, यह अभी तक स्पष्ट नही। सीरीज में उनका खेलने का निर्णय पहले से ही तय था कि वो 5 मैचों में से सिर्फ 3 खेलेंगे। बुम्रा ने अभी तक"
f2aff8949cb8e8b4,"स्पोर्ट्स डेस्क। इंग्लैंड भारत के खिलाफ 186 रन के बढ़त हासिल कs लेले बा। सुक के खेल समाप्त होखे तक इंग्लैंड पहिला पारी में सात विकेट पs 544 रन बना लेले बा। स्टंप्स के समय बेन स्टोक्स 77 आ क्रिस वोक्स चार रन बनाके क्रीज पs डटल बा लो। एकरा पहिले भारत पहिला पारी में 10 विकेट पs 358 रन बनवले रहे। भारतीय गेंदबाजन खातिर इंग्लैंड के बल्लेबाज मुसीबत बनल लो। दिन के खेल 225/2 के स्कोर से सुरू भइल रहे। ओली पोप 42 गेना में 20 आ जो रूट 27 गेना में 11 रन बनाके क्रीज पs मवजूद रहे लोग आ भारत 133 रन पीछे रहे। पहिला सत्र में रूट आ पोप 135 रन के साझेदारी कइल आ 332 रन बनावल। एकरा बाद दूसरका सत्र में भारत के दिन के पहिलका सफलता मिलल। वाशिंगटन सुंदर ओली पोप के केएल राहुल के हाथे कैच आउट करवलें। उ 71 रन बनाके पवेलियन लवटलें। उ तीसरका विकेट खातिर जो रूट के संगे 231 गेना में 144 रन के साझेदारी निभवले। इंग्लैंड के चउथा झटका वाशिंगटन सुंदर देलें। उ हैरी ब्रूक के आपन शिकार बनवलें। उ खाली तीन रन बना पवले। एकरा बाद बल्लेबाजी खातिर कप्तान बेन स्टोक्स जो रूट के संगे मोर्चा संभरले आ भारत के 358 रन के बराबरी कs लेलस। एह दौरान जो रूट 178 गेना में भारत के खिलाफ अपना टेस्ट करियर के 38वां शतक पूरा कइलें। उ 248 गेना में 150 रन बनाके पवेलियन लवटलें। उनका के रवींद्र जडेजा आपन शिकार बनवलें। रूट टेस्ट में सबसे जादे रन बनावे वाला दूसरका बल्लेबाज बन गइले। उ रिकी पोंटिंग के पीछे छोड़ देलें। ऑस्ट्रेलियाई खिलाड़ी के नाम एह प्रारूप में 13378 रन दर्ज बा। रूट अब उनका के पीछे छोड़ देले बाड़ें। उनका नावे 13379* रन दर्ज हो गइल बा। लाल गेना के प्रारूप में सबसे जादे रन बनावे के रिकॉर्ड सचिन तेंदुलकर के नावे दर्ज बा। उ 329 पारियन में 15921 रन बनवलें। इंग्लैंड के पारी के दौरान बेन स्टोक्स रिटायर्ड हर्ट होके पवेलियन लवट गइल। उनका बायां गोड़ में क्रैम्प के शिकायत भइल, बाकिर कुछ समय बाद उ मैदान पs लवट अइलें। उ 134 गेना में छव चौका के मदद से 77 रन बनाके क्रीज पs डटल बाड़ें। एह दौरान जैमी स्मिथ नव आ क्रिस वोक्स चार रन बनावल। ओहिजा, लियाम डॉसन 52 गेना में दु चौका के मदद से 21 रन बनाके मवजूद बाड़ें। भारत खातिर रवींद्र जडेजा आ वाशिंगटन सुंदर दु-दु विकेट झटकल, जबकि जसप्रीत बुमराह, अंशुल कंबोज आ मोहम्मद सिराज के एक-एक सफलता मिलल।","इंग्लैंड भारत के खिलाफ 186 रन के बढ़त हासिल कs लेले बा आ पहिला पारी में सात विकेट पs 544 रन बना लेले बा। बेन स्टोक्स 77 आ क्रिस वोक्स चार रन बनाके क्रीज पs डटल बाड़ें। भारत पहिला पारी में 10 विकेट पs 358 रन बनवले रहे। जो रूट 248 गेना में 150 रन बनाके पवेलियन लवटलें आ रवींद्र जडेजा उनकर शिकार बनवलें। वाशिंगटन सुंदर भारत खातिर दु विकेट झटकलें, जबकि जसप्रीत बुमराह आ मोहम्मद सिराज के एक-एक सफलता मिलल।","IND vs ENG Day 3: रूट के शतकीय पारी से इंग्लैंड कसलस भारत पs शिकंजा, बढ़त 186 रन भइल; गेंदबाज कइल लोग निराश",Neutral,neutral,इंग्लंड पहिला पहारी में छह विकेट के नुकसान पर 400 से ज्यादा रन बनाने में सफल रहे। भारत के लिए रविचंद्रन अश्विन 3 विकेट लेके सबसे सफल गेंदबाज़ रहे। भारतीय टीम के लिए रोहित शर्मा ने 124 रनों की पारी खेली। इंगलैंड ने भारत के विरुद्ध पहला टेस्ट मैच में पहला इनिंग्स में छः विकेट गंवाकर 415 रनों का आंकड़ा बनाया। बेन स्टॉक्स ७७ रन और जॉस बटलर ८० रन बनाके इंगलंद के लिए महत्वपूर्ण योगदान देले। भारत ने जवाब में पहली इनिंंग्स में 3
2eb96be9b88a8522,"वनडे विश्व कप के बाद चोटिल होखला के कारण भारतीय टीम से बाहर चल रहल तेज गेंदबाज मोहम्मद शमी के जल्दिये वापसी के उम्मीद कइल जा रहल बा। शमी बांग्लादेश के विरुद्ध 19 सितंबर से चेन्नई में सुरू हो रहल दु मैचन के घरेलू टेस्ट सीरीज खातिर टीम में वापसी कs सकत बाड़ें। शमी वनडे विश्व कप 2023 में सबसे जादे विकेट लेवे वाला गेंदबाज रहलें, ऊ खाली सात मैचन में 24 विकेट चटकवले रहस। विश्व कप के बाद शमी के दहिना एड़ी में चोट के कारण क्रिकेट से दूर रहे के पड़ल रहे। एकरा चलते उनका एह साल 2024 में सर्जरियो करवावे के पड़ल रहे। ऊ क्रिकेट से कइयन महीना से दूर रहल बाड़ें। शमी अपना चोट से बहुत अच्छी तरे से रिकवर कs रहल बाड़ें। एगो रिपोर्ट के अनुसार, शमी फिलहाल एनसीए में अपना रिहैब के अंतिम चरण में बाड़ें आ पिछला महीना ऊ गेंदबाजी सुरू कइले रहस। रिपोर्ट में बतावल गइल बा कि फिट होखला के बाद शमी धीरे-धीरे अपना गेंदबाजी के कार्यभार बढ़वलें बाड़ें। एह महीना के सुरुआत में, श्रीलंका के सीमित ओवरन के दौरा पs रवाना होखे से पहिले प्रेस कॉन्फ्रेंस में मुख्य चयनकर्ता अजीत अगरकर कहके रहस कि शमी गेंदबाजी सुरू कs देले बाड़ें। उनकर लक्ष्य 19 सितंबर से चेन्नई में बांग्लादेश के विरुद्ध सुरू होखे वाला भारत के पहिला टेस्टस्ट मैच में खेलल बा, ताकि ऊ अंतरराष्ट्रीय स्तर पs वापसी कs सकस।","वनडे विश्व कप के बाद चोटिल होखला के चलते मोहम्मद शमी भारतीय टीम से बाहर बाड़ें, लेकिन उनकर जल्दिये वापसी के उम्मीद बा। ऊ 19 सितंबर से बांग्लादेश के खिलाफ चेन्नई में होखे वाला टेस्ट सीरीज खातिर टीम में वापसी कs सकत बाड़ें। शमी विश्व कप 2023 में 24 विकेट लेके सबसे जादे विकेट चटकवले रहस। ऊ एनसीए में रिहैब के अंतिम चरण में बाड़ें आ धीरे-धीरे अपना गेंदबाजी के कार्यभार बढ़ा रहल बाड़ें। मुख्य चयनकर्ता अजीत अगरकर बतवले बाड़ें कि शमी गेंदबाजी शुरू कइले बाड़ें आ उनकर लक्ष्य टेस्ट मैच में खेलल बा।","Mohammed Shami के भारतीय टीम में वापसी पs आइल बड़ अपडेट, विरोधी खेमा में मचल खलबली",Positive,joy,"चोटिल भइल के कारण वन डे वर्ल्ड कप बाद से बाहर रहल भारतीय गेंदबाज़ मोहम्‍मद श्‍मी, अब जल्‍दी वापसी करे के लिये तैयार हो रहे बा। उनका बांग्‍लादेश के खिलाफ चेन्‍नई में शुरू हो रहे दो टेस्‍ट मैचों की सीरिज में वापस आने की उम्‍मीद जताई जा रही बा। श्‍मी ने वर्ल्‍ड कप में सबसे ज्‍यादा विकेट लिए थे। चोट लगल के बाद उनका सर्जरी करवानी पड़ी। अब उनका रिकवरी अच्छी चल रही बा आ उनका रिहाब का आखिरी चरण चल रहा बा। पिछले महीने से उनका गेंद बाजी भी शुरू हो गई बा। मुख्य चयन्‍कार अजित अ"
2ebb5fdb04412bd4,"सेंट्रल डेस्क। प्रधानमंत्री नरेंद्र मोदी अपना बिदेस यात्रा के चउथा पड़ाव में ब्राजील पहुंच चुकल बांटे। ब्राजील के राजधानी रियो डी जनेरियो में पीएम मोदी के सानदार स्वागत भइल। पीएम चार दिन ब्राजील में बितइहें। एह दौरान उ 17वां ब्रिक्स शिखर सम्मेलन में हिस्सा लिहें। प्रवासी भारतीय लोग पारंपरिक नृत्य आ लोकगीत के संगे ब्राजील में पीएम मोदी के भव्य स्वागत कइल। खास बात ई बा कि एह डांस परफॉर्मेंस के थीम ऑपरेशन सिंदूर पऽ आधारित रहे, जेमे “ये देश नहीं मिटने दूंगा” गाना पऽ लोग थिरकत नजर आइल। बता दीं कि आज आ काल्ह माने 6-7 जुलाई के ब्राजील में 17वां ब्रिक्स शिखर सम्मेलन हो रहल बा। एह सम्मेलन में ब्राजील, रूस, भारत, चीन आ दक्षिण अफ्रीका के नेता हिस्सा ली लो। पीएम मोदी एह देसन के संगे द्विपक्षीय वार्ता कs सकेलें। ब्रिक्स के बैठक में पीएम मोदी कई गो बड़ मुद्दा उठा सकेलें। मसलन शांति, सुरक्षा, आर्टिफिशियल इंटेलिजेंस, जलवायु परिवर्तन, स्वास्थ्य आ फाइनेंस से जुड़ल ममिला के पीएम मोदी के लिस्ट में सामिल होखे के कयास लगावल जात बा, जवना पs ब्रिक्स में चरचा हो सकेला। ब्राजील के दौरा खत्म कइला के बाद पीएम मोदी 9 जुलाई के अफ्रीकी देस नामीबिया के रुख करिहें। एह दौरान पीएम मोदी नामीबिया के संसद के संबोधित करिहें। प्रधानमंत्री नरेंद्र मोदी 8 दिन में 5 देसन के दौरा पऽ बांटे। एमे पहिले पीएम मोदी घाना, त्रिनिदाद एंड टोबैगो आ अर्जेंटीना के दौरा कर चुकल बाड़ें।","प्रधानमंत्री नरेंद्र मोदी अपना बिदेस यात्रा के चउथा पड़ाव में ब्राजील पहुंच चुकल बाड़ें। रियो डी जनेरियो में पीएम के शानदार स्वागत भइल आ उ 17वां ब्रिक्स शिखर सम्मेलन में हिस्सा लीहें। प्रवासी भारतीय लोग पारंपरिक नृत्य आ लोकगीत के संगे पीएम के भव्य स्वागत कइल। पीएम मोदी ब्रिक्स में शांति, सुरक्षा, आर्टिफिशियल इंटेलिजेंस, जलवायु परिवर्तन, स्वास्थ्य आ फाइनेंस के मुद्दा उठाए के योजना बनवले बाड़ें। ब्राजील के दौरा खत्म कइला के बाद उ 9 जुलाई के नामीबिया के रुख करिहें।","PM Modi in Brazil’ ई देस ना हम मिटे देहेम…’, ब्राजील में ऑपरेशन सिंदूर के धूम, डांस के संगे भइल पीएम मोदी के ग्रैंड वेलकम",Positive,joy,प्रधानमन्त्री नरेन्द्र मोदी ब्राजील पहुँच चुकले बा। रियो डी जनरियो में उनका सानदार स्वागत भइल जहाँ वह चार दिन रहलें गे। एह दौरान उन्हें 17वें बृिक्स शिखर सम्मेलन मे हिस्सा लिन होगा। प्रवासी भारतीय लोग ने परंपरागत नृत्य आ लोकगीत के साथ पीएम मोदी का भव्य स्वागात किया। 6- 7 जुलाई को ब्राज़ील में ब्रिक्स सम्‍मेलन हो र
f0042da94c502131,"भव्य महाकुंभ के आयोजन उत्तर प्रदेश के प्रयागराज में हो रहल बा। अब ले 35 करोड़ से अधिका लोग महाकुंभ पहुंच के गंगा, यमुना आ सरस्वती के त्रिवेणी संगम में नहा चुकल बाड़े। बसंत पंचमी के दिन महाकुंभ के अमृत स्नान खातिर प्रयागराज में भारी भीड़ देखल गइल बा। अमृत ​​स्नान के देखत सीएम योगी सबेरे साढ़े तीन बजे से अपना आधिकारिक आवास के वॉर रूम में बैठक करत रहले। संगही अब जानकारी सोझा आईल बा कि खुद सीएम योगी मंगल के मतलब आजु प्रयागराज महाकुंभ पहुंचे वाला बाड़े। उत्तर प्रदेश के मुख्यमंत्री योगी आदित्यनाथ मंगल 4 फरवरी 2025 के प्रयागराज में चलत महाकुंभ के दौरा करीहे। महाकुंभ 2025 के मीडिया सेंटर सीएम योगी के एह यात्रा के संबंध में पूरा कार्यक्रम जारी कइले बा।",उत्तर प्रदेश के प्रयागराज में भव्य महाकुंभ के आयोजन हो रहल बा। अब ले 35 करोड़ से अधिका लोग त्रिवेणी संगम में नहा चुकल बाड़े। बसंत पंचमी के दिन भारी भीड़ देखल गइल बा आ सीएम योगी सबेरे साढ़े तीन बजे से बैठक करत रहले। सीएम योगी मंगल 4 फरवरी 2025 के महाकुंभ के दौरा करीहे आ मीडिया सेंटर पूरा कार्यक्रम जारी कइले बा।,"Mahakumbh: सीएम योगी के दौरा आजु, सामने आइल पूरा शेड्यूल",Positive,joy,"प्रयागराज में होत रहे महाकुम्भ में अब ले ३५ करोड़ से ज़्यादा लोग गंगा-यमुना-सरस्वती संगम मे नहा चुके बाड़े। बसंती पंचम के दिन भारी भाड़ देखी गइली। सीएम योगी सबरे साढ़े तीन बाजे से आफ्नो आवास मे बैठक में बैठे रहलें। अब जानकारी आयल बा की सीएम योगी आजु महाकुंभ में आएंगे। उनके प्रयाग्रज दौरे के बारे में पूरा प्रोग्राम जारी हो चुका बा। उत्तर प्रदेश के मुख्‍यमंत्री फ़रवरी ४, २०२५ को प्रयागरज में महाकुम्ब देखने जाएंगे।"
b83f18e38d34e411,"नई दिल्ली। प्रधानमंत्री नरेंद्र मोदी आज सांझ पांच बजे देस के संबोधित करिहें। एह बात के जानकारी समाचार एजेंसी एएनआई देले बा। सांझ पांच बजे पीएम मोदी के राष्ट्र के नाम संबोधन होखे के बा। पीएम मोदी कवना मुद्दन पs ई संबोधन दिहें, एकर अभी आधाकारिक जानकारी सामने नइखे आ सकल। हालांकि, मानल जा रहल बा कि सोमार से लागू हो रहल जीएसटी सुधारन के लेके पीएम मोदी आपन संबोधन दे सकत बाड़ें।","प्रधानमंत्री नरेंद्र मोदी आज सांझ पांच बजे देस के संबोधित करिहें। समाचार एजेंसी एएनआई के अनुसार, पीएम मोदी के राष्ट्र के नाम संबोधन होखे के बा। अभी तक ई पता नइखे चलल कि पीएम मोदी कवना मुद्दन पs बात करिहें, लेकिन मानल जा रहल बा कि जीएसटी सुधारन के लेके ऊ आपन संबोधन दे सकत बाड़ें।","PM Modi : आज सांझ पांच बजे राष्ट्र के संबोधित करिहें पीएम मोदी, जीएसटी सुधारन के बारे में दे सकत बाड़ें जानकारी",Neutral,neutral,"नरेन्द्र मोदी, भारत के प्रधान मंत्री, आज शाम पाँच बजे देश के लोगों के साथ संवाद करिहेन। एह बात की जानकारी एनएएनआई ने दी बा। शाम पाँच बजे मोदी जी राष्ट्र के सामने अपना भाषण देंगे। अभी तक एकर विषय के बारे में कोई आधिकारिक जानकारी नहीं आई है। हालांकि, माना जा रहा बा कि सोमवार से लागू हुए GST सुधारों के विषय पर मोदी जी अपना संदेश दे सके।"
9c937ac31b28f9ec,"गाजीपुर के नसरतपुर गांव में ओमप्रकाश राजभर महाराजा सुहेलदेव के प्रतिमा का अनावरण कइले। समाजवादी पार्टी के निशाना बनावत उऽ कहले कि अपराधी के मुठभेड़ जाति के आधार पs ना होखेला। ओम प्रकाश राजभर बतवले कि उनकर पार्टी सुभासपा महाराष्ट्र अउरी बिहार विधानसभा चुनाव लड़ी। महाराजा सुहेलदेव के मूर्ति के अनावरण करे खातिर जहुराबाद गाजीपुर विधानसभा के बगल में नसरतपुर गांव पहुंचले ओमप्रकाश राजभर। मंच से जनता के संबोधित कइला के बाद उऽ पत्रकारन से बात कइले। एह दौरान उऽ समाजवादी पार्टी पs राजनीतिक हमला कइले। उऽ महाराष्ट्र आ बिहार विधानसभा चुनाव लड़े के बातो कइले। ओमप्रकाश राजभर मीडिया के सवाल के जवाब देत शिक्षक बहाली के मुद्दा प बयान देले। उऽ कहले कि शिक्षक बहाली के मामला में हाईकोर्ट के आदेश के मुताबिक सरकार काम करतिया। संगही, सरकार आरक्षण के नियम के मुताबिक मामला के निपटारा करतिया। मंगेश यादव मुठभेड़ मामला में अखिलेश यादव के बयान के सवाल पs ओपी राजभर राजनीतिक आक्रामक तरीका से जवाब देले। राजभर कहले कि अपराधी के आधार कार्ड देख के मुठभेड़ नइखे हो सकत। जदि पुलिस पs फायरिंग होई तऽ पुलिस फूल के बौछार ना करी। ओपी राजभर कहले कि यादव के मौत होला तबे अखिलेश जी के होश आवेला। उऽ कहले कि हर जाति के अपराधी के सामना भइल बा। राजभर कहले कि वोट बचावे खातिर इ बयान दिहल जाता। ओपी राजभर कहले कि जे अपराध करी ओकरा पs कार्रवाई होई। योगी सरकार के बुलडोजर नीति पs विपक्ष के ओर से उठावल जा रहल सवाल के बारे में ओपी राजभर कहले कि संविधान आ बुलडोजर में जाति आ धर्म नइखे देखाई देत। सरकार पूरा तरीका से कानून के पालन करतिया। एह दौरान उऽ कहले कि उनकर पार्टी सुभासपा महाराष्ट्र विधानसभा चुनाव में भाग ली। उऽ कहले कि हमनी के महाराष्ट्र आ बिहार में विधानसभा चुनाव लड़ब।",गाजीपुर के नसरतपुर गांव में ओमप्रकाश राजभर महाराजा सुहेलदेव के प्रतिमा के अनावरण कइले। उऽ समाजवादी पार्टी पर हमला करत कहले कि अपराधी के मुठभेड़ जाति के आधार पs ना होखेला। ओमप्रकाश राजभर बतवले कि उनकर पार्टी सुभासपा महाराष्ट्र आ बिहार विधानसभा चुनाव लड़ी। उऽ शिक्षक बहाली के मुद्दा पर सरकार के काम के बारे में भी जानकारी दिहले। राजभर कहले कि हर जाति के अपराधी के खिलाफ कार्रवाई होई आ सरकार कानून के पालन करतिया।,महाराष्ट्र-बिहार विधानसभा चुनाव लड़ी सुभासपा… ओपी राजभर के एलान,Neutral,anger,"रही बा। **भोजपुरा समाचार राउआ:** ओमप्राकाश राजभार महाराजासुहेल देव की प्रतिमा अनावरित कए गइले. एह कार्यक्रम नसरतुपुर गाँव, गाज़ीपुर में भया जहाँ ओहुं जनता से संवाद कए आ पत्रकारों के साथ बातचीत भी कइली. उन्होंने समाजवाद पार्टी पर हमला बोल के कहल की अपराधिक कार्रवाइयाँ जात के आधार पर ना होनी चाहे. ओहूं महाराष्‍ट्र और बिहार में आगामी चुनावों में भाग लेने की बात भी कही. ओपी राजभार ने शिक्षकों की बहाली और आरक्षण नियमों पर भी चर्चा की. उन्‍होंने कहा की सरकार हाई कोर्ट के फैसले के"
70c467c8a0e9dd13,"पटना। बिहार विधानसभा के 243 सीटन पs चुनाव खातिर दुनो चरण में मतदान हो चुकल बा। पहिला चरण के वोटिंग 6 नवंबर के आ दुसरका चरण के 11 नवंबर के भइल। अब लोग नतीजा के इंतजार में बा, जवन 14 नवंबर के आई। एह बीच एग्जिट पोल के नतीजा सामने आ गइल बा, आ जादेजर सर्वे में NDA के सरकार बनत लउकत बिया। मतदान के बाद निकलल मैट्रिज, पी मार्क, जेवीसी पोल, पीपल्स पल्स, पीपल्स इनसाइड, चाणक्य स्ट्रैटजीज आ NDTV पोल ऑफ पोल्स के रिपोर्ट में एनडीए के दोबारा सत्ता में आवे के संकेत मिलल बा। बाकी 11 एग्जिट पोल से उलट, एक्सिस माई इंडिया के अनुमान बा कि बिहार में एनडीए बहुमत से तनिका पीछे रह जाई। रिपोर्ट में कहल गइल बा कि एनडीए के 121 से 140 सीट, महागठबंधन के 98 से 118 सीट आ प्रशांत किशोर के जन सुराज पार्टी के 0 से 2 सीट मिल सकेला। 243 सीट वाला बिहार विधानसभा में बहुमत के आंकड़ा 122 बा। एक्सिस माई इंडिया के हिसाब से एनडीए के एगो सीट कम रह सकेला। ओने राजद आ कांग्रेस वाला महागठबंधन के 118 सीट तक मिल सकेला, जवन ओकरा के बहुमत के नजदीक पहुंचा दी। वोट शेयर के हिसाब से मुकाबला टाइट बा। पोल के मोताबिक एनडीए के 43% आ महागठबंधन के 41% वोट मिले के अनुमान बा- माने खाली 2 प्रतिशत के फासला। जदि एक्सिस माई इंडिया के अनुमान सही निकलल, तs बिहार के नतीजा ओतना साफ ना रही जेतना बाकी 11 पोल बता रहल बा। कइयन गो पोल जइसे कि सीएनएक्स में तs एनडीए के 150 से 170 सीट तक दे दिहल गइल बा, जवन दू-तिहाई बहुमत से जादे बा। हालांकि, एग्जिट पोल हमेशा सही ना निकलेला। तेजस्वी यादव कहलें कि “एग्जिट पोल जनता के असली फैसला ना बतावेला। बिहार में महागठबंधन के सरकार बनत बा।” 2020 में कइन गो एग्जिट पोल गलत साबित भइल रहे। अबकि बेर पोलस्टर के हिसाब से आरजेडी के 67-76 सीट, जदयू के 56-62 सीट, भाजपा के 50-56 सीट आ कांग्रेस के 17-21 सीट मिल सकेला। अगर ई आंकड़ा सही रहल, तs ई साफ रही कि जदयू पिछला बेर के 4़3 सीट से ऊपर जाई, जबकि भाजपा 2020 के मुकाबले कइयन गो सीट गंवा सकेले।","बिहार विधानसभा के 243 सीटन पs चुनाव खातिर दुनो चरण के मतदान हो चुकल बा। पहिला चरण के वोटिंग 6 नवंबर आ दुसरका चरण के 11 नवंबर के भइल। एग्जिट पोल के नतीजा में NDA के सरकार बनत लउकत बिया, जबकि एक्सिस माई इंडिया के अनुमान बा कि एनडीए बहुमत से तनिका पीछे रह जाई। रिपोर्ट में एनडीए के 121 से 140 सीट, महागठबंधन के 98 से 118 सीट आ प्रशांत किशोर के जन सुराज पार्टी के 0 से 2 सीट मिल सकेला। तेजस्वी यादव कहलें कि एग्जिट पोल जनता के असली फैसला ना बतावेला आ महागठबंधन के सरकार बनत बा।","Bihar Exit Polls : 11 एग्जिट पोल में NDA के बन रहल बा सरकार, एगो में कांटा के टक्कर के अंदाजा",Neutral,neutral,"ह पोल में एमजेपी के 5 से 7 सीट मिले के अंदाजा बा। पोल के रिजल्ट के बाद बिहार की जनता के मन में उम्मीद आ भय के मिश्रण बा। ## बिहार चुनाव बिहार में विधान सभा चुनाव के दो चरण पूरा हो गइले। पहिली चरण मतदान ६ नवंबर को आ दुसरा चरण ११ नवंबर को भइला। अब नतीज के लिए लोग इंतज़ार करत बा। १४ नवंबर तारिख को नतीजे आने वाला बा। एग्ज़िट पॉल के अनुसार NDA सरकार बनने की संभावना बा। कई पोल ने NDA को बहुमता से जीतने का अनुमान जताया है, जबकि एक्‍सिस माय इन्‍डिया"
09be97b3de1b1333,"जल्दिए अमेरिका के राष्ट्रपति के शपथ लेबे वाला डोनाल्ड ट्रंप एक बेर फेरु टैरिफ के धमकी दिहले बाड़न. ट्रम्प भारत पs पारस्परिक कर लगावे के धमकी देले बाड़े। उनुकर कहनाम बा कि भारत जवन टैक्स अमेरिकी उत्पाद पs लगावेला, उहे टैक्स हमनी के भारतीय उत्पाद पs भी लगाईब। ट्रंप बहुत दिन से भारत के ओर से कुछ अमेरिकी उत्पाद के आयात पs ‘उच्च टैरिफ’ लगावे के विरोध करत रहले। एकरा जवाब में उs लोग पारस्परिक टैरिफ लगावे के बात करतारे। ट्रम्प का कहले?मीडिया से बात करत ट्रंप कहले कि, ‘जदी उs लोग हमनी पs जादा टैरिफ लगईहे तs हमनी के ओ लोग पs भी टैरिफ लगाईब।’ उs लोग हमनी के टैक्स लगावेले, हमनीओ के टैक्स लगाएब। उs लोग लगभग सभ मामला में हमनी पs टैक्स लगावेले, उs लोग हमनी पs टैक्स लगावेले अवुरी हमनी के टैक्स ना लगावेनी। उs कहले कि भारत जदी हमनी पs शत-प्रतिशत टैक्स लगावेला तs का हमनी के ओ लोग पs बिल्कुल टैक्स ना लगावे के चाही? ट्रंप कहले कि भारत अवुरी ब्राजील ओ देश में शामिल बाड़े जवन कि कुछ अमेरिकी उत्पाद पs जादा टैरिफ लगावेले। ट्रंप कहले कि, ‘जदी उs लोग हमनी प टैक्स लगावेले तs ठीक बा, बाकिर हमनी के ओ लोग पs भी ओतने टैक्स लगावे वाला बानी जा।’ डोनाल्ड ट्रंप के एह बात के समर्थन अगिला कॉमर्स सेक्रेट्री हावर्ड लुटनिक कइले बाड़न. उs कहले कि, ‘ट्रंप सरकार में पारस्परिकता एगो महत्वपूर्ण विषय होई।’ रउरा उमेद करे के चाहीं कि रउरा साथे ओही तरह के व्यवहार कइल जाई जइसन रउरा हमनी के साथे करत बानी. लुटनिक कहले कि केहू जवन भी करी, उहे उनुका संगे होई।","डोनाल्ड ट्रंप एक बेर फेरु टैरिफ के धमकी दिहले बाड़न, भारत पs पारस्परिक कर लगावे के बात करत। उ कहले कि जदी भारत अमेरिकी उत्पाद पs जादा टैक्स लगाई तs उ लोग पs भी ओतने टैक्स लगाईब। ट्रंप के ई बात के समर्थन अगिला कॉमर्स सेक्रेट्री हावर्ड लुटनिक कइले बाड़न, जे कहले कि पारस्परिकता ट्रंप सरकार में महत्वपूर्ण विषय होई।","Donald Trump फेर दिहले भारत के धमकी, कहले- जे जेंगा करीं, उs ओंगा भरीं",Negative,anger,"दोनल्ड ट्रम्प, अमरीका के प्रेसिडेंट, भारत के सापेक्ष टैरफ लगाव के धम्की देत रहे बा। उनका कहना बा कि जहाँ तक भारत अमेरीकी उत्पादन पर टैरीफ लगाएगा, उतना ही हम भारत के उत्पाद पर भी लगाएंगे। ट्रम्प कहत रहे कि भारत कई मामलों में अमेरीके उत्पाद पर ज्यादा टैरेफ लगा रहे बा, जवना के विरुद्ध उनका विरोध होत रहे। उन्होंने कहा कि अगर भारत अमेरकी उत्पाद पर शत प्रतिशत टैयरफ लगाता है, तो हम भारत पर भी शून्य टैर्यफ लगाने के बारे में सोचेंगे। भारत के साथ-साथ ब्राज़ील भी उन देशों में शामिल है जहाँ अमेरीका टैयरीफ के मुद्दे पर चिंतित"
2a91856e4e125a4d,"इंडिया ओपन बैडमिंटन टूर्नामेंट के आयोजन दिल्ली में पहिला बेर कइल जा रहल बा। 17 जनवरी से राजधानी के इंदिरा गांधी स्टेडियम में सुरू होखे जा रहल एह टूर्नामेंट से पहिले पिछला साल पुरुष एकल खिताब जीते वाला भारतीय स्टार बैडमिंटन खिलाड़ी लक्ष्य सेन से एगो मिडिया हाउस द्वारा बातचीत कइल गइल। लक्ष्य सेन पिछला सीजन में माने साल 2022 में पुरुष एकल खिताब जीतले रहस। लक्ष्य सेन से पूछल गइल कि रउआ एह टूर्नामेंट (पुरुष एकल मुकाबले में) के डिफेंडिंग चैंपियन बानी आ रउआ चाहेम कि एह खिताब के बरकरार रखीं, बाकिर एह बार रउआ कवना खिलाड़ी के सबसे बड़ चुनौती के रूप में देखत बानी। एकर जवाब देत लक्ष्य कहलें कि दुनिया के बेहतरीन खिलाड़ी एह टूर्नामेंट में हिस्सा ले रहल बा लोग आ पहिलके राउंड से कड़ा मुकाबला होखे वाला बा। हमरा खातिर हरेक मैच महत्वपूर्ण बा आ हम एक बार में एके मैच पs आपन धेयान देम आ आगे बढ़े के कोसिस करेम। लक्ष्य से जब पूछल गइल कि रउआ पs खिताब के बचा के रखला के जिम्मेदारी के साथे-साथे भारत खातिर रउआ बड़ उम्मीद बानी तs का एकरा के लेके कवना तरह के दवाब बा। एह पs ऊ कहलें कि दवाब तs हर टूर्नामेंट में रहेला, बाकिर डिफेंडिंग चैंपियन होखला के वजह से ई दवाब अबकी बेर तनी आउर जादे बा। सब बड़ खिलाड़ी एह बेर खेल रहल बा लो तs हम आपन बेस्ट देवे के कोसिस करेम आ अपना खिताब के बचा के रखला के पूरा प्रयास करेम। एह टूर्नामेंट में हिस्सा ले रहल दु बेर ओलंपिक खिताब जीते वाला पीवी सिंधू से पूछल गइल कि रउआ साल 2017 में महिला एकल खिताब जीतले रहनी तs पांच साल के बाद एक फेर से रउआ कवना तरह के उम्मीदें रही। एह पs सिंंधू कहलें कि, हमरा खातिर हर मैच अहम बा काहेकि बहुते निमन प्लेयर्स बा लो आ ओह दिन जे अच्छा खेली उहे जीती। हर राउंड हमरा खातिर अहम होई, हम ई तs नइखी कह सकत बा कि हम खिताब जीत लेम, बाकिर हमार कोसिस रही कि हम विजेता बनी।","इंडिया ओपन बैडमिंटन टूर्नामेंट दिल्ली में 17 जनवरी से शुरू होखे जा रहल बा। लक्ष्य सेन, जे पिछला साल पुरुष एकल खिताब जीतले रहस, कहलें कि हर मैच महत्वपूर्ण बा आ ऊ अपना बेस्ट देवे के कोसिस करेम। ऊ दवाब के बारे में कहलें कि डिफेंडिंग चैंपियन होखला के कारण ई दवाब अबकी बेर जादे बा। पीवी सिंधू, जे 2017 में महिला एकल खिताब जीतले रहली, कहलें कि हर राउंड अहम बा आ ऊ विजेता बने के कोसिस करेम।",India Open 2023: आपन खिताब के बचा के रखे के हर संभव कोसिस करेम- लक्ष्य सेन,Positive,joy,"ाउआ भारत के लिए एगो बड़ जीत ला के चाहत बा। ## भारत में पहिली बेर इंडिया खुला बैडमिन्टन टूरनमेंट दिल्ली में आयोजित होत रहे बा। १७ जनवरी सभ से इन्दिरा गाँधी स्टेडीयम में सुरु होखत रहे। पिछले साल पुरूष एकल में जीत हासिल कइले लक्ष्‍य सेन, एगो मीडिया हाऊस से बात करत रहल। उनसे पूछा गया कि रौआ डिफेन्‍डिन्‍ग चैं‍पियन बा आ खिताब्‍ बरकारार रखे के चाहे, कवन खिलाड़ी सबसे बड़ चुनौति बा। लक्ष्य ने कहा की दुनिया के सर्वश्रेष्ठ खिलाड़ी इस टू"
43ba5c99afa2df2b,"पूर्णिया के रूपौली विधानसभा क्षेत्र के विधायक रहल बीमा भारती के राजद एगो बड़ तोहफा देले बिया। पार्टी बीमा भारती के प्रमोट क के राष्ट्रीय जनता दल (राजद) के प्रदेश उपाध्यक्ष बनवले बिया। बीमा भारती 2024 के लोकसभा चुनाव के दौरान जदयू से इस्तीफा देके राजद में शामिल भइल रहली। अब ई महत्वपूर्ण पद मिलला के बाद मजदूरन में खुशी के लहर बा। रुपौली विधानसभा के पूर्व विधायक बीमा भारती के राजद में प्रमोशन मिलल बा। उनका के राष्ट्रीय जनता दल (राजद) के प्रदेश उपाध्यक्ष बनावल गइल बा। पिछला लोकसभा चुनाव के दौरान जनता दल यूनाइटेड (जदयू) से इस्तीफा देके राजद में शामिल भइल बीमा भारती अब इ महत्वपूर्ण पद सम्हरले बाड़ी। उऽ राजद के टिकट पs लोकसभा चुनावो लड़ली। राजद के प्रदेश अध्यक्ष जगदानंद सिंह ई नया जिम्मेदारी बीमा भारती के दिहले बाड़न। प्रदेश उपाध्यक्ष बनावला पs उऽ राजद के राष्ट्रीय अध्यक्ष लालू प्रसाद यादव, प्रदेश अध्यक्ष जगदानंद सिंह आ पूर्व उपमुख्यमंत्री तेजस्वी यादव के आभार जतवले। पूर्व विधायक भारती कहली कि पार्टी जवना भरोसा से उनका के इ जिम्मेदारी सौंपले बिया, ओकरा पs खरा उतरे के कोशिश करीहें।",पूर्णिया के रूपौली विधानसभा क्षेत्र के विधायक बीमा भारती के राजद बड़ तोहफा दिहले बिया। उनकर प्रमोशन क के राष्ट्रीय जनता दल के प्रदेश उपाध्यक्ष बनावल गइल बा। बीमा भारती 2024 के लोकसभा चुनाव के दौरान जदयू से इस्तीफा देके राजद में शामिल भइल रहली। अब ई महत्वपूर्ण पद मिलला के बाद मजदूरन में खुशी के लहर बा। उऽ पार्टी के भरोसा पर खरा उतरे के कोशिश करीहें।,Bihar Politics: RJD बीमा भारती के कऽ देलस प्रमोशन,Positive,joy,पूरनिया के रौपौली क्षेत्र के भूतपूर्व विधायक बीमा बहादुर के साथ राजद ने एक बड़ा तोफा बाँटल है। उन्हें राजद का प्रदेश उप-अध्यक्ष नियुक्त कर के पार्टी ने उनका सम्मान किया है। २०२४ के लौकसभा चुनाव से पहले बीमा भाड़ती जदयु से इस्तिफा देने के बाद राजद जॉइन कर चुके रहलें। अब उनको यह महत्वपूर्ण पद मिला के मज़दूरों में खुशियाँ छा गई हैं। राजद के प्रदेश अध्यक्ष जगदंडन सिंह ने बीमा भाड़ती को यह नया पद सौंपी है।
0316ad048005557c,"(जेकर नाम चू, चे, चो, ला, ली, लू,ले,लो,अ से सुरू होला) (जेकर नाम से इ,उ,ए, ओ,वा ,वी ,वू ,वे,वो से सुरू होला) आर्थिक हालत मजबूत होई। रुकल पईसा मिल सकेला। सेहत पs ध्यान दीं, खास कs के खानपान में सावधानी जरूरी बा। (जेकर नाम का,की,कु,घ,ड़,छ, के, को,हा से सुरू होला) नया साल राउर जिनगी में नया मोड़ ले आई। कारोबार में फायदा के जोग बा। संघतियन से मुलाकात मन खुस कs दी। आज भावनात्मक रूप से मजबूत महसूस करेम। परिवार के सहजोग से बड़ा फैसला ले सकेनी। जतरा के जोग बन रहल बा। (जेकर नाम मा,मी,मू,मे,मो,टा,टी, टू,टे से सुरू होला) मान-सम्मान बढ़े वाला दिन बा। नौकरी में प्रमोशन भा जिम्मेदारी बढ़ सकेला। गुस्सा पs कंट्रोल रखीं। आज मेहनत के पूरा फल मिली। पढ़ाई-लिखाई करे वाला छात्रन खातिर दिन बेहतरीन बा। स्वास्थ्य ठीक रही। (जेकर नाम रा,री,रु,रे,रो,ता,ती,तू,ते से सुरू होला) दांपत्य जीवन में मिठास बढ़ी। प्रेम संबंध मजबूत होई। खरचा पs नियंत्रण जरूरी बा, ना तs बजट बिगड़ सकेला। (जेकर नाम तो,ना, नी,नू,ने,नो,या,यी,यूं से सुरू होला) आज तनिका सावधानी बरतल जरूरी बा। कामकाज में रुकावट आ सकेला, बाकिर धैर्य से सब ठीक हो जाई। नया साल खुसखबरी लेके आई। नौकरी भा बिजनेस में उन्नति के जोग बा। भाग्य राउर साथ दी। (जेकर नाम भो,जा, जी,खी,खू,खे,खो,गा,गी से सुरू होला) आज जिम्मेदारी बढ़ सकेला। परिवार में बुजुर्गन के सलाह काम आई। निवेश सोच-समझ के करीं। (जेकर नाम गू, गे,गो,सा,सी,सू, से,सो,दा से सुरू होला) दिन रचनात्मक काम में बीती। नया आइडिया से फायदा मिली। सामाजिक मान-सम्मान बढ़ी। आध्यात्मिक रुझान बढ़े वाला दिन बा। मन शांत रही। परिवार संगे समय बितवला से मानसिक सुकून मिली।","नया साल राउर जिनगी में नया मोड़ ले आई, आर्थिक हालत मजबूत होई आ रुकल पईसा मिल सकेला। सेहत पs ध्यान दीं आ खानपान में सावधानी जरूरी बा। दांपत्य जीवन में मिठास बढ़ी आ प्रेम संबंध मजबूत होई। आज मेहनत के पूरा फल मिली आ पढ़ाई-लिखाई करे वाला छात्रन खातिर दिन बेहतरीन बा। परिवार संगे समय बितवला से मानसिक सुकून मिली।",01 जनवरी 2026 के राशिफल,Positive,joy,",घा,घी,घे,घो,छा,छी,छे,छो,चा,ची,चे,चो,झा,झी,झे,झो,डा,डी,डू,डे,डो,ठा,थी,थे,थो,धा,धी,धे,धो,णा,णी,णे,णो,पा,पी,पू,पे,पो,फा,फी,फे,फो,बा,बी,बू,बे,बो,ब्रा,ब्री,ब्रे,ब्रो,म्रा,म्री,म्रे,म्रो,य्रा,य्री,य्रे,य्रो,ल्रा,ल्री,ल्रे,ल्रो,व्रा,व्री,व्रे,व्रो,श्रा,श्री,श्रे,श्रो,स्रा,"
175b3d1f69e09208,"सेंट्रल डेस्क। अमेरिका के राष्ट्रपति डोनाल्ड ट्रंप पहिले वेनेजुएला पs सैन्य कार्रवाई कs के उहां के राष्ट्रपति निकोलस मादुरो के गिरफ्तारी के बाद पूरी दुनिया में हलचल मचा देलें। अब वेनेजुएला से जुड़ल एगो आउर पोस्ट कs के ट्रंप नया सनसनी फइला देलें। ट्रंप अपना ट्रुथ सोशल अकाउंट पs एगो पोस्ट साझा कइलें बाड़ें, जवना में ऊ खुद के वेनेजुएला के कार्यवाहक राष्ट्रपति घोषित कइले बाड़ें। एह पोस्ट के संगे ऊ एगाे तस्वीर साझा कइलें बाड़ें। डोनाल्ड ट्रंप ट्रुथ सोशल पs एगो तस्वीर पोस्ट कइलें बाड़ें, जवना में ऊ खुद के “वेनेजुएला के कार्यवाहक राष्ट्रपति” बतावत नजर आवत बाड़ें। साझा कइल गइल ई तस्वीर डिजिटल तरीका से एडिट कइल बतावल जा रहल बा, जवना में हाल के वेनेजुएला घटनाक्रम के बाद ट्रंप के कार्यवाहक राष्ट्रपति के रूप में देखावल गइल बा। ई तस्वीर ओह समय साझा भइल बा, जब ट्रंप लगातार वेनेजुएला के तेल भंडार के मुद्दा पs तेल कंपनियन से बैठक करत बाड़ें आ ईरान आउर ग्रीनलैंड के मुद्दा पs धमकी भरल बयान दे रहल बाड़ें। एगो संपादित विकिपीडिया तस्वीर में डोनाल्ड ट्रंप के जनवरी 2026 तक वेनेजुएला के मवजूदा राष्ट्रपति के रूप में देखावल गइल बा। ट्रंप के दावा बा कि निकोलस मादुरो के गिरफ्तारी के बाद जब तक सुरक्षित, सही आ विवेकपूर्ण तरीका से सत्ता हस्तांतरण ना हो जाई, तब तक अमेरिका वेनेजुएला सरकार के संचालन करी। हाले में डोनाल्ड ट्रंप व्हाइट हाउस में दुनिया के दिग्गज तेल-गैस कंपनियन के शीर्ष अधिकारियन से मुलाकात कइले रहलें। एह बैठक में ट्रंप साफ कह देलें कि अब वेनेजुएला में निवेश सीधा अमेरिका के संगे होई, ना कि वेनेजुएला सरकार के संगे। ट्रंप तेल कंपनियन के सुरक्षा के गारंटी देत बड़ निवेश करे के खुला न्योता देलें। संगही इहो कहलें कि जदि अमेरिका समय रहते कार्रवाई ना कइले रहित, तs चीन भा रूस वेनेजुएला में आपन मजबूत पकड़ बना लेले रहित। अमेरिका चाहत बा कि ओकर तेल कंपनी वेनेजुएला में भारी निवेश करs सs। तेल उत्पादन आ बुनियादी ढांचा के दोबारा मजबूत कइल जावs। संगे-संगे वेनेजुएला के तेल के वैश्विक बिक्री पs अमेरिका के पकड़ बनल रहे। ट्रंप प्रशासन एह डेग के आर्थिक पुनर्निर्माण के रास्ता बतावत बा।",डोनाल्ड ट्रंप वेनेजुएला के कार्यवाहक राष्ट्रपति बनल बाड़ें आ ई जानकारी ऊ अपना ट्रुथ सोशल अकाउंट पs साझा कइलें बाड़ें। ऊ निकोलस मादुरो के गिरफ्तारी के बाद अमेरिका के वेनेजुएला सरकार के संचालन के दावे कइले बाड़ें। ट्रंप कहले बाड़ें कि अमेरिका के तेल कंपनियन के सुरक्षा के गारंटी देके वेनेजुएला में भारी निवेश करावल जाई। ऊ ईहो बतवलें कि जदि अमेरिका समय पर कार्रवाई ना कइलस तs चीन भा रूस के पकड़ मजबूत हो जाई।,"Venezuela Crisis : अमेरिकी राष्ट्रपति डोनाल्ड ट्रंप खुद के कार्यवाहक राष्ट्रपति घोषित कइलें, ट्रुथ सोशल पs तस्वीर साझा कइलें",Negative,anger,"का के हित में बा। ** डोनाल ट्रंप, अमेरीका के पुराना प्रेसिडेंट, ने वेनेज़ुएल के बारे में एक नया पोस्ट डाला बा। उनहें खुद को वेनेज़ुएले के कायमकाम प्रेसीडेंट घोशित कर के एक फोटो शेयर की। फोटो में उनहें वेनेजेुएली के प्रेसाइडेंट के तौर पर दिखाया गया बा, हालाँकि यह फोटो एडीट की गई है। ट्रंप दावा कर रहे बा कि जब तक सत्ता सुरक्षित तरीके से हस्तान्तरित ना हो जाए, अमेरिकी सरकार वेनेजूएला को संचालित करेगी। हाल ही में, ट्रंप ने तेल और गैस कंपनी के मालिकों से मिलकर वेने"
64baefc2002ab31c,"महाराष्ट्र विधानसभा चुनाव में कई रंग देखाई देता। टिकट ना मिलला पs खिसियाइल शिंदे शिवसेना नेता श्रीनिवास वनगा के नॉट रीचेबल बाड़न. पिछला 13 घंटा से उनुकर फोन बंद बा। बता दीं कि टिकट ना मिलला के चलते ओनेगा बहुत दुखी बाड़े अवुरी उ एकरा प बहुत रोवे लगले अवुरी अब उ गायब बाड़े। वनगा के परिवार के कहनाम बा कि जवना प्रेस कांफ्रेंस के बाद उs अपना गाड़ी में कहीं निकलल रहले, ओकरा बाद उनुकर दुनो फोन भी बंद हो गईल बा। अब पालघर पुलिस वनगा के तलाश में लागल बिया। वनगा के आक्रोश के जानकारी सोझा अईला के बाद एकनाथ शिंदे अपना पत्नी से बात कईले अवुरी परिवार के भरोसा देले कि श्रीनिवास के उचित सम्मान दिहल जाई। शिंदे गुट के बइठल विधायक श्रीनिवास वनगा महाराष्ट्र के पालघर विधानसभा सीट से चुनाव लड़ल चाहत रहले बाकिर सोमार के दिने जब एह सीट से केहू दोसरा के नाम के एलान भइल तs वनगा दुखी हो गइलन. टिकट कटला पs रोवे लगले आ बुरा लागल। बता दीं कि सीएम शिंदे के शिवसेना जब पालघर सीट से राजेंद्र गावित के आपन उम्मीदवार बनवलस तs श्रीनिवास आरोप लगवले कि शिंदे उनुका संगे धोखा कईले बाड़े। एगो परेशान श्रीनिवास शिंदे पs आरोप लगवले कि विद्रोह के दौरान उनुकर समर्थन करेवाला 40 में से 39 विधायक के फेर से टिकट दिहल गईल बा, बाकिर उनुका के खुद टिकट ना दिहल गईल। एकरा संगे श्रीनिवास वनगा के पत्नी के कहनाम बा कि टिकट ना मिलला के चलते उनुकर पति डिप्रेशन में चल गईल बाड़े। अतवार से उs खाना नईखन खात अवुरी लगातार रोवत बाड़े। पत्नी कहली कि दुनो लोग आत्महत्या के बात तक करत रहले। उनुकर पत्नी तs इहाँ ले कहली कि उद्धव ठाकरे जईसन देवता निहन आदमी के छोड़ल एs लोग के परिवार के सबसे बड़ गलती बा।",महाराष्ट्र विधानसभा चुनाव में श्रीनिवास वनगा के टिकट ना मिलला पs बहुत दुखी बाड़े। उनुकर फोन 13 घंटा से बंद बा आ परिवार के कहना बा कि उ कहीं गायब बाड़े। वनगा के पत्नी बतवली कि उ डिप्रेशन में चल गईल बाड़े आ खाना नईखन खात। उ लोग आत्महत्या के बात तक करत रहले। एकनाथ शिंदे के गुट से धोखा के आरोप लगवले बाड़े।,महाराष्ट्र चुनाव: टिकट नाहीं मिलल तs कहां गायब हो गइल श्रीनिवास वनगा? 13 घंटा से बा फोन बंद,Negative,sadness,"तक कहली की उs अपने पति के बारे में बहुत चिंतित बाड़ी। श्रीनिवास राउत, एक महत्त्वपूर्ण नेता शिवसैना के गुट में, पालघार सीट पर चुनाव लड़ने के लिए उत्सुक रहल। परंतु सोमवार को, जब राजेंद्र गाविट को उसी सीट के लिए उम्मेदवार घोषित किया गया, तो श्री निवास दुखित हो गये। उनका कहना है कि मुख्यमंत्री उद्धव ठाकरे की शिव सेना ने उनका साथ छोड़ दिया है। उन्होंने यह भी कहा कि शिव सैना गुट ने चुनाव के दौरान उनके समर्थक विधायकों को टिकेट दिया, लेकिन उनको नहीं दिया। श्री निवास के परिवार ने बताया कि वह अब खाना भी नहीं खा"
621755ba6aa6ba1c,"स्पोर्ट्स डेस्क। विश्व टेस्ट चैंपियनशिप 2023-25 चक्र के समापन के संगही अब नया चक्र के लेके बात होखल सुरू हो गइल बा। एह चक्र के दक्षिण अफ्रीका के टीम अपना नाम कइलें। तेम्बा बावुमा के टीम गत विजेता ऑस्ट्रेलिया के हराके विश्व टेस्ट चैंपियनशिप के खिताब अपना नामे कइलस। अब नया चक्र के तइयारी सुरू हो गइल बा। एकर सुरुआत 17 जून से हो जाई, जब श्रीलंका आ बांग्लादेश के टीम भिड़ी। ओहिजा, टीम इंडिया 20 जून से इंग्लैंड के खिलाफ नया टेस्ट चैंपियनशिप चक्र के सुरुआत करी। ई डबल्यूटीसी के चउथा संस्करण होई। एह दौरान अगिला दु साल में नव टीमन के बीच कुल 71 टेस्ट मैच खेलल जाई। एह चक्र में कइयन टीम बदलाव के दौर से गुजरी आ एगो नया सुरुआत करे के चाही। एमे टीम इंडिया सामिल बिया, जे नया कप्तान शुभमन गिल के नेतृत्व में एह चक्र में उतरी। रोहित शर्मा आ विराट कोहली के संन्यास के बाद से भारतीय टीम बदलाव के दौर में बिया। ओहिजा, इंग्लैंड के टीम खातिर जेम्स एंडरसन आ स्टुअर्ट ब्रॉड के बिना सफर आसान ना होई। ऑस्ट्रेलिया आ दक्षिण अफ्रीका के अबकियो बेर कठिन चुनौती मिलल बा आ ओकरा खातिर इस्थिर बनल रहल बड़ चुनौती होई। ओहिजा, पाकिस्तान के एक बेर फेर आसान बिदेशी दौरा मिलल बा, बाकिर ओकरा खातिर एकरा से पार पावल बड़ चुनौती होई। पाकिस्तान के टीम 2023-25 डब्ल्यूटीसी चक्र में आखिरी माने नउवा स्थान पs रहल रहे। ऑस्ट्रेलियाई टीम विश्व टेस्ट चैंपियनशिप 2025-27 चक्र में सबसे जादे 22 टेस्ट मैच खेली। ओहिजा, इंग्लैंड के टीम 21 मैच खेली। एकरा बाद 18 मैचन के संगे भारत तीसरका स्थान पs बा। न्यूजीलैंड के 16 आ दक्षिण अफ्रीका-वेस्टइंडीज के 14-14 टेस्ट खेले के बा। पाकिस्तान के टीम 13 आ श्रीलंका-बांग्लादेश के 12-12 टेस्ट खेले के बा। श्रीलंका, बांग्लादेश, भारत आ इंग्लैंड के अलावे ऑस्ट्रेलियाई टीम एह चक्र में अपना अभियान के सुरुआत वेस्टइंडीज के खिलाफ तीन मैचन के टेस्ट सीरीज से करी। एकर सुरुआत 25 जून से होखे जा रहल बा। ओहिजा, चैंपियन दक्षिण अफ्रीका के टीम अपना 2025-27 डब्ल्यूटीसी चक्र के सुरुआत पाकिस्तान के खिलाफ अक्तूबर में दु मैच के टेस्ट सीरीज से करी। कम टेस्ट मैच होखे के वजह से दक्षिण अफ्रीका के दु टेस्ट सीरीज के बीच बहुते गैप बा। भारत आ इंग्लैंड के बीच पांच मैच के टेस्ट सीरीज के सुरुआत 20 जून से होखे जा रहल बा। एह सीरीज के आखिरी मुकाबला 31 जुलाई से खेलल जाई। एकरा बाद टीम इंडिया घर पs वेस्टइंडीज के खिलाफ दु मैचन के सीरीज खेली। भारत आ वेस्टइंडीज के बीच पहिला टेस्ट दु अक्तूबर से आ दूसरका टेस्ट 10 अक्तूबर से खेलल जाई। फेर भारतीय टीम घर पs दक्षिण अफ्रीका से भिड़ी। एकर पहिला मुकाबला 14 नवंबर से आ दूसरका मुकाबला 22 नवंबर से खेलल जाई।","विश्व टेस्ट चैंपियनशिप 2023-25 चक्र के समापन के बाद नया चक्र के शुरुआत हो रहल बा। दक्षिण अफ्रीका के टीम गत विजेता ऑस्ट्रेलिया के हराके खिताब जीतेले। नया चक्र के शुरुआत 17 जून से श्रीलंका आ बांग्लादेश के बीच होई, जबकि टीम इंडिया 20 जून से इंग्लैंड के खिलाफ खेली। भारत के नया कप्तान शुभमन गिल के नेतृत्व में बदलाव के दौर से गुजर रहल बा। पाकिस्तान के टीम 2023-25 डब्ल्यूटीसी चक्र में नउवा स्थान पs रहल बा।","WTC 2025-27 Schedule: शुभमन के टीम के सामने तीन बिदेसी दौरा, द. अफ्रीका-ऑस्ट्रेलिया आ इंग्लैंड खातिर रास्ता कठिन",Neutral,neutral,भारत के टीम तीसरा स्थान पर रहल। **सारंश:** विश्व टेस्ट चैंपियंसशिप २०२३-२५ चक्र खत्म भइल आ नयाँ चक्र १७ जून सँ सुरु हो जात बा। दक्खिन अफ़्रीका ने पिछला चक्र जीतल बा । नयाँ चक्र में भारत १९ जून सँ इंगलैंड के खिलाफ पहला टेस्ट खेलेगा। ई चक्र में कुल ७१ टेस्ट मॅच खेले जाएँगे। भारत के कप्तान शुभमन गिल हैं। रोहित शर्मा आ विराट कोहली के बाद भारतीय टीम में बदलाव हुआ है। इंग्लंड
874c78859f2664ec,"पाकिस्तान में बुध के राजधानी इस्लामाबाद समेत देश के कई हिस्सा में तेज भूकंप महसूस भईल। एहसे जनता में दहशत मच गईल। पाकिस्तान के अलग-अलग इलाका में 5.3 तीव्रता के भूकंप आईल। इs जानकारी देत ​​देश के मौसम विभाग कहलस कि भूकंप के चलते जान-माल के नुकसान के कवनो खबर नईखे। ‘संयुक्त राज्य अमेरिका के भूवैज्ञानिक सर्वेक्षण’ (यूएसजीएस) के मुताबिक भूकंप के तीव्रता 5.1 रहे। पाकिस्तान के मौसम विभाग (पीएमडी) एकर तीव्रता 5.3 बतवलस। इस्लामाबाद के ‘राष्ट्रीय भूकंपीय निगरानी केंद्र’ के मुताबिक, “इs भूकंप अफगानिस्तान के हिंदुकुश पर्वत शृंखला में 220 किलोमीटर गहराई पs रहे।” भूकंप के बाद लोग डर से घर से बाहर निकलल। हालांकि अबे ले केहु के जानमाल के नुकसान के खबर नईखे। अधिकारी बतवले कि खैबर-पख्तूनख्वा, इस्लामाबाद अवुरी पंजाब के अलग-अलग इलाका में भूकंप महसूस भईल। पाकिस्तान में अक्सर भूकंप आवेला। साल 2005 में आइल भारी भूकंप में 74 हजार से अधिका लोग के मउत हो गइल रहे.","पाकिस्तान में बुध के राजधानी इस्लामाबाद समेत कई हिस्सा में तेज भूकंप महसूस भईल, जवन के तीव्रता 5.3 बतावल गइल। मौसम विभाग के अनुसार, भूकंप से जान-माल के नुकसान के कवनो खबर नईखे। यूएसजीएस के मुताबिक, भूकंप के तीव्रता 5.1 रहे आ ई अफगानिस्तान के हिंदुकुश पर्वत शृंखला में 220 किलोमीटर गहराई पs भइल। लोग डर के मारे घर से बाहर निकलल, लेकिन अबले केहु के नुकसान के खबर नईखे।",भूकंप के तेज झटका से थर्राइल पाकिस्तान,Negative,fear,"बुधवार के दिन पाकिस्तान के कई इलाके में, खासकर इस्लामबाद में, एक तीब्र भुकंप आयल। भुकंप के मापन के अनुसार, उसकी तीव््रता ५.३ रिक्टर स्केल पर रही। अमेरिकी भूगर्भविज्ञानी संस्थान के अनुसार तीवृत्त ५.१ रहे। इस भुकम्प के बाद लोगों में डर मचलल और लोग अपने घरों से बाहर भाग गये। लेकिन अब तक किसी तरह के जान माल के नुक्सान की खबर नहीं आयी। अधिकारियों ने बताया कि ख़ैबर पख्‍तूनख़वा, इस्‍लाम‍ाबाद और पंजेब के कुछ इलाकों में भी भुकंपी महसुस भइल।"
ddd750846752cbfd,"नई दिल्ली विधानसभा में प्रचार के दौरान अरविंद केजरीवाल पs हमला भईल। आप सूत्र इs जानकारी देके भाजपा नेता प्रवेश वर्मा के दोषी ठहरवले बाड़े। सूत्र के मुताबिक प्रवेश वर्मा के गुंडा स्थानीय लोग से भी झड़प कईले। स्थानीय लोग भाजपा के गुंडा के भगा दिहले। एs घटना के एगो वीडियो सोझा आईल बा, जवना में अरविंद केजरीवाल के गाड़ी पs पत्थर गिरत देखाई देता। नई दिल्ली विधानसभा क्षेत्र में अरविंद केजरीवाल पs चुनाव प्रचार करत घरी डोर टू डोर हमला हो गईल। आम आदमी पार्टी के कहनाम बा कि अरविंद केजरीवाल पs पथराव भईल बा। आम आदमी पार्टी ट्वीट कs लिखले बिया कि डर के चलते भाजपा अपना गुंडा से अरविंद केजरीवाल पs हमला करवले बा। प्रचार करत घरी भाजपा उम्मीदवार प्रवेश वर्मा के गुंडा अरविंद केजरीवाल पs ईंट-पत्थर से हमला कईले अवुरी उनुका के चोट पहुंचावे के कोशिश कईले, ताकि उs प्रचार ना कs सकस। भाजपा के लोग, केजरीवाल जी आपके कायर हमला से ना डेराले, दिल्ली के जनता आपके उचित जवाब दिही।","नई दिल्ली विधानसभा में अरविंद केजरीवाल पs हमला भईल। आम आदमी पार्टी के अनुसार, भाजपा नेता प्रवेश वर्मा के गुंडा स्थानीय लोग से झड़प कईले आ उनुका पs ईंट-पत्थर से हमला कइलस। ए घटना के वीडियो में केजरीवाल के गाड़ी पs पत्थर गिरत देखाई देता। आम आदमी पार्टी के कहनाम बा कि भाजपा डर के चलते हमला करवले बा। भाजपा के लोग केजरीवाल के कहले बाड़ें कि उs कायर हमला से ना डेराले।","अरविंद केजरीवाल पs हमला, AAP प्रवेश वर्मा पs लगवलस बड़ आरोप",Negative,anger,"नए दिल्ली में विधान सभा चुनाव के प्रचार दौरान, अरविन केजरियल के साथ एक भयानक घटना घटी। आप के सूत्रानुसार, बीजेपी के नेता, प्रेम वर्मा के गुंडों ने केज्रियल पर हमला किया। एक वीडियो में दिखाई दे रहा है कि केज्जियल की गाड़ी पर पथर गिराए जा रहे हैं। आम आदम पार्टी का कहना है कि यह हमला डर का परिणाम है। उन्होंने आरोप लगाया है कि भाजपाई गुंडे केजर्यल को प्रचार से रोकने के लिए हमला करने के लिए मजबूर किए गए थे।"
e76b36d4679a919f,"झारखंड जदयू के प्रदेश अध्यक्ष खीरू महतो संगठन के मज़बूती प्रदान करे खातिर प्रदेश कार्यसमिति में कइयन गो नया सदस्यन के स्थान देले बा। ऊ अशोक निगम, जेपी सिंह, विजय सिंह कुशवाहा, गीता देवी, केदार भुइयां, मुबारक अंसारी, नेपाल महतो, कार्तिक कुमार, मुन्ना सिन्हा, प्रफुल मांझी, रत्ना शर्मा, अल्पना बोस, महेश्वर चौधरी, अशोक शर्मा, सुशील कुमार मंगलम, यशवंत सिंह, सीताराम रवानी के सदस्य मनोनीत कइले बाड़ें। एकरा अलावे ऊ पूर्व मंत्री सुधा चौधरी के विशेष आमंत्रित सदस्य आ हाजी हसीब खान, केबी सहाय, शैलेंद्र महतो, आशा शर्मा, ब्रह्मदेव प्रसाद, उचित महतो, योगेश शर्मा, अक्षय सिंह आउर धनंजय सिन्हा के आमंत्रित सदस्य के रूप में मनोनीत कइले बाड़ें। ई जानकारी पार्टी प्रवक्ता सागर कुमार देलें। नीतीश कुमार के पार्टी जेडीयू के ताकत आवे वाला दिनन में एक बेर फेर से झारखंड में बढ़ी। राष्ट्रीय जनतांत्रिक गठबंधन (एनडीए) के तहत आवे वाला झारखंड विधानसभा चुनाव (Jharkhand Assembly Election 2024) में जदयू के सीट मिलल तय बा। एहपर सहमतियो हो चुकल बा। एकरा के बिहार के मुख्यमंत्री नीतीश कुमार के एनडीए में बढ़त प्रभाव के असर कहल जा सकत बा। एकरा पहिले बरिस 2005 आ 2009 के विधानसभा में भाजपा के संगे तालमेल कs के जदयू बेहतर परिणाम हासिल कइले रहे।2005 में जदयू छव सीट जीतले रहे, जबकि 2009 में दुगो प्रत्याशी विजयी भइल रहे लो।","झारखंड जदयू के प्रदेश अध्यक्ष खीरू महतो संगठन के मज़बूती खातिर नया सदस्यन के मनोनीत कइले बाड़ें। ऊ अशोक निगम, जेपी सिंह, विजय सिंह कुशवाहा आ अन्य के सदस्य बनवले बाड़ें। पूर्व मंत्री सुधा चौधरी के विशेष आमंत्रित सदस्य बनावल गइल बा। जदयू के झारखंड विधानसभा चुनाव 2024 में सीट मिलल तय बा, जेकरा पर सहमति हो चुकल बा। ई नीतीश कुमार के एनडीए में बढ़त प्रभाव के असर बतावल जा रहल बा।","Jharkhand Assembly Election: झारखंड में JDU ने बनाई अपनी टीम, इन दिग्गजों को मिली जगह; पढ़ें पूरी लिस्ट",Positive,neutral,"झाड़खंड के जेड़यू अध्यक्ष खीरो महतो संगठन को मजबूत बनाने के लिए प्रदेश कार्य समिति में कई नए सदस्यों को जगह देले हैं। अशोक नियम, जे.पी. सिंह, विजय सिंह कुशवाह, गीता देवी, केदार भुइयाँ, मुबारक अंसारी आदि नए सदस्य बनाए गए हैं। साथ ही, सुधा चौधरी को विशेष आमंत्रित सदस्य आ हाजी हसीब खान, के.बी. सहाय, शैलेंद्र महतो, आशा शर्मा आदि को अन्य सदस्यों के रूप में मनोनित क"
4360633a63efff8e,"आजु दिल्ली विधानसभा सत्र के दुसरका दिन हs. आज के सत्र में हंगामेदार होखे के संभावना बा। सूत्र के मुताबिक CAG के 14 रिपोर्ट में से आज खाली एक रिपोर्ट पेश होई, जवना में शराब घोटाला प्रमुख बा। एकरा बाद संभव बा कि अगिला दिने डीटीसी बस के लेके एगो अवुरी कैग रिपोर्ट पेश हो सकता। दिल्ली परिवहन निगम (डीटीसी) पs कैग के रिपोर्ट में वित्तीय घाटा के गंभीर मामला सामने आईल बा, जवना में कहल गईल बा कि 2015-16 से 2021-22 तक डीटीसी के संचयी घाटा 25,300 करोड़ से बढ़ के करीब 60,750 करोड़ रुपया हो गईल। एकर मुख्य कारण रहे बुढ़ापा के बेड़ा, 45% बस पुरान रहे आ खराब होखे के प्रवृत्ति रहे, जवना के परिणामस्वरूप बेड़ा के कम उपयोग भईल| *शराब घोटाला से जुड़ल कैग रिपोर्ट कुछ देर में पेश कईल जाई*विधानसभा में उपराज्यपाल के संबोधन*यमुना के सफाई खातिर विशेष योजना बनावल जाई।*दिल्ली के सबसे बढ़िया मेट्रो शहर बनाई।*दिल्ली के हर गरीब महिला के 2500 रुपया दिहल जाई।*दिल्ली में आयुषमान योजना लागू होई।*500 रुपया में गरीब के गैस सिलेंडर*वरिष्ठ नागरिकन के पेंशन राशि बढ़ा के 2500 रुपिया कर दिहल जाई.*कल्याणकारी योजना बंद ना होई।","आज दिल्ली विधानसभा सत्र के दुसरका दिन हs आ हंगामेदार होखे के संभावना बा। CAG के 14 रिपोर्ट में से आज खाली एक रिपोर्ट पेश होई, जवना में शराब घोटाला प्रमुख बा। डीटीसी के रिपोर्ट में कहल गईल बा कि 2015-16 से 2021-22 तक डीटीसी के संचयी घाटा 25,300 करोड़ से बढ़ के करीब 60,750 करोड़ रुपया हो गईल। उपराज्यपाल के संबोधन में यमुना के सफाई खातिर विशेष योजना आ गरीब महिला के 2500 रुपिया दिहल जाई के बात कहल गईल।","दिल्ली विधानसभा सत्र : AAP के 22 विधायक सस्पेंड, थोड़े देर में शराब घोटाला से जुड़ल CAG रिपोर्ट होई पेश",Negative,sadness,"दिल्ली विधान सभा के दुसरा दिन आज हंगामा भरे रहल बा। CAG की एक रपोर्ट आज पेश होगी, जवन में शराब घोटाला के बारे में जानकारी रहेगी। अगले दिन डी.टी.सी. बस के लेके एक और कैग रपोर्ट पेश होसकत बा। डी. टी. सी. के वित्तिय घाटा बढ़ के 60 हजार करोड़ रुपया पहुँच गई है। उपराष्ट्रपति ने विधान सभा में अपना संबोधन दिया, जहाँ उनहोन दिल्ली को बेहतरीन मेट्रो शहर बनाने, गरीब महिलाओं को"
9dc099dc456a3353,"स्पोर्ट्स डेस्क। भारतीय क्रिकेट कंट्रोल बोर्ड (BCCI) भारतीय महिला टीम के विश्वकप जीत के खुसी में इनाम देवे के फैसला कइले बा। हरमनप्रीत कौर के कप्तानी में भारतीय महिला क्रिकेट टीम नवी मुंबई के डीवाई पाटिल स्टेडियम में दक्षिण अफ्रीका के 52 रन से हराके पहिला बार वनडे वर्ल्ड कप जीतलस। ओह टीम के बीसीसीआई अब 51 करोड़ रुपिया इनाम दी। बता दीं कि एह जीत से 47 साल के इंतजार के खत्म हो गइल बा। 2005 आ 2017 में भारत फाइनल तक पहुंचल रहे, बाकिर ट्रॉफी हाथ से फिसल गइल रहे। अबकी बेर बेटी लोग खिताब जीत के इतिहास लिख दिहल लोग। बीसीसीआई के ई इनाम आईसीसी के इनामी राशि कहीं जादे बा। आईसीसी विजेता टीम के 4.48 मिलियन डॉलर (लगभग 39.78 करोड़ रुपिया) दिही, बाकिर बीसीसीआई अब अपना तरफ से 51 करोड़ रुपिया देवे जा रहल बा। बीसीसीआई के सचिव देवजीत सैकिया बतवलें कि ई फैसला महिला टीम के ऐतिहासिक प्रदर्शन के सम्मान में लिहल गइल बा। ऊ कहलें- “जय शाह के धन्यवाद देवे के चाहीं, जिनका प्रयास से महिला वर्ल्ड कप के प्राइज मनी में 300% बढ़ोतरी भइल बा।” ई राशि खिलाड़ी, चयनकर्ता, कोच अमोल मजूमदार आ पूरा सपोर्ट स्टाफ के बीच बांटल जाई। बीसीसीआई के कहनाम बा कि ई जीत पूरा देस खातिर गर्व के पल बा। फाइनल मैच में शेफाली वर्मा के बल्ला आ गेना दुनु बोलन। ऊ 87 रन बनवली आ दू विकेट चटकवली। ओइसही दीप्ति शर्मा 58 रन बनवली आ पांच विकेट चटकवलीं। भारत 298 रन बनवला के बाद साउथ अफ्रीका के 246 रन पs समेट के खिताब पs कब्जा जमवलस।",भारतीय क्रिकेट कंट्रोल बोर्ड (BCCI) भारतीय महिला टीम के विश्वकप जीत पर 51 करोड़ रुपिया के इनाम देवे के फैसला कइले बा। हरमनप्रीत कौर के कप्तानी में टीम दक्षिण अफ्रीका के 52 रन से हराके पहिला बार वनडे वर्ल्ड कप जीतलस। ई जीत 47 साल के इंतजार के बाद भइल बा। बीसीसीआई के सचिव देवजीत सैकिया बतवलें कि ई फैसला महिला टीम के ऐतिहासिक प्रदर्शन के सम्मान में लिहल गइल बा। फाइनल में शेफाली वर्मा आ दीप्ति शर्मा के बेहतरीन प्रदर्शन से भारत खिताब पs कब्जा जमवलस।,BCCI Announces Reward Money : भारतीय महिला टीम के वर्ल्ड कप जीत पs BCCI इनाम में दी 51 करोड़ रुपिया,Positive,joy,"भारतीय महेला क्रिकट टीम पहिली बेर विश्व कप जितलस! हरमनप्रीत कौर कप्तान के नेतृत्व में टीम ने नवीमुंबई में साउद अफ्रिका के खिलाफ 50 रनों से जीत हासिल की। इस जीत पर, बीससीआई ने टीम को ५१ करोड़ रुपए का इनाम दिया। यह जीत ४७ साल के लंबे इंतज़ार के बाद आई है। फाइनल में, शेफली वर्मा ने ८७ रन बनाए और 2 विकेट लिए, जबकि दीप्टि शर्माले 5८ रन और ५ विकेट लेकर टीम की जीत में अहम भूमिका निभाई।"
7866a9c2cfb9034e,"सर्बिया के नोवाक जोकोविच साल के अंतिम ग्रैंडस्लैम यूएस ओपन के तीसरका दौर में उलटफेर के शिकार हो गइल बाड़ें। जोकोविच के ऑस्ट्रेलिया के 28वीं वरीयता प्राप्त एलेक्सी पोपिरिन के हाथन हार के सामना करे के पड़ल। एह तरे ऊ 18 साल में पहिला बेर यूएस ओपन के चउथा दौर में जगह ना बना सकलें। जोकोविच एह साल कवनो ग्रैंडस्लैम नइखन जीत सकेलें आ 2017 के बाद अइसन पहिला बेर हो रहल बा। जोकोविच से पहिके 2022 के चैंपियन आ तीसरी वरीयता प्राप्त कार्लोस अल्कारेज यूएस ओपन से बाहर हो गइल रहस। ई 1973 के बाद पहिला बेर बा जब दूसरका आ तीसरका वरीयता प्राप्त खिलाड़ी यूएस ओपन के एकल वर्ग में चउथा दौर से पहिलही बाहर हो गइल बा लो। जोकोविच ग्रैंडस्लैम में दु सेट से पिछड़ला के बाद आठ बेर वापसी करे में सफल रहल बाड़ें, बाकिर पोपिरिन के खिलाफ ऊ अइसन करे में सफल ना हो सकलें आ उनका तीन घंटा 19 मिनट तक चलल मुकाबला में 4-6, 4-6, 6-2, 4-6 से हार के सामना करे के पड़ल। पोपिरिन सुरुआत से एह मुकाबला में आपन दबदबा बना के रखले रहस आ ऊ गत विजेता जोकोविच से आसानी से पहिला दुनो सेट अपना नावे कइलें। हालांकि, चार बार यूएस ओपन जीत चुकल जोकोविच तीसरका सेट में वापसी कइलें आ एकतरफा अंदाज में ई सेट अपना नाम कइलें। ओह समय लागल कि जोकोविच इहां से वापसी कs सकते बाड़ें, बाकिर चउथा सेट में पोपिरिन पs दबदबा बनवलें आ जोकोविच के सफर समाप्त कs देलें। जोकोविच पेरिस ओलंपिक में स्वर्ण पदक जीतले रहस, बाकिर न्यूयॉर्क में ऊ आपन लय बरकरार ना रख सकलें।","सर्बिया के नोवाक जोकोविच साल के अंतिम ग्रैंडस्लैम यूएस ओपन के तीसरका दौर में हार गइल बाड़ें। ऊ ऑस्ट्रेलिया के एलेक्सी पोपिरिन से हार के चउथा दौर में ना पहुँच सकलें। ई 18 साल में पहिला बेर बा जब जोकोविच यूएस ओपन के चउथा दौर में ना जा पवले। पोपिरिन शुरू से दबदबा बनवले रहस आ जोकोविच के तीन घंटा 19 मिनट के मुकाबला में 4-6, 4-6, 6-2, 4-6 से हरवलें। जोकोविच के ग्रैंडस्लैम में कवनो जीत नइखे भइल आ ई 2017 के बाद पहिला बेर बा।","US Open: जोकोविच उलटफेर के शिकार, पोपिरिन से हरलें",Negative,sadness,पुरि समाचार के राउआ: नोव्‍आक ज्‍ओकोविच्‍ 27वीं ग्रैंड स्‍लैम्‍स यू.एस. ओपन में तीसरा दौर में हार गइले बा। ओकर विरोधी एलैक्‍सी पोपिरीन रहल। जेकरा से 2-4 से हारे बा। एह हार से ओह 17 साल बाद पहिली बेर चतुर्थ राउंड में जगह नही बना सके। एह साल ओह क्‍यान्‍ही ग्रांड स्‍लाम जीत नही सकल। 2007 साल से पहिले ओह एह काम नही कर पावल।
d31bf5ec0272cb1c,"स्पाेर्टस् डेस्क : भारत के कइयन गो क्रिकेटर्स एह दिनन चरचा में बा लो। सबसे पहिले युजवेंद्र चहल आ धनश्री के नाम सुर्खियन में आइल रहे। मीडिया रिपोर्ट्स में ई अटकल लगावल जात रहे कि दुनो अलग हो रहल बा आ तलाक लेवे जा रहल बा। हालांकि, अभी ले अइसन कुछ ना भइल रहे। एकरा बाद मनीष पांडे आ उनकर पत्नी आश्रिता शेट्टी के अलग होखला के खबर सामने आइल रहे। मीडिया रिपोर्ट्स में अइसन दावा कइल गइल रहे कि दुनो इंस्टाग्राम से एक-दूसरा के संगे तस्वीर हटा देले बा लो। अब भारत के दिग्गज क्रिकेटर वीरेंद्र सहवाग चरचा में बा। हिंदुस्तान टाइम्स के एगो रिपोर्ट में ई बतावल गइल बा कि सहवाग आ उनकर पत्नी आरती बियाह के 20 साल बाद एक-दूसरा से अलग हो सकत बा। सहवाग आ आरती के बियाह 2004 में भइल रहे। रिपोर्ट में दावा कइल गइल रहे कि दुनो इंस्टाग्राम पs एक-दूसरा के अनफॉलो कs देले बा। ई ओह लोगन के रिश्तन में दरार के अटकलन के बढ़ावा देले बा। परिवार से जुड़ल सूत्रन के हवाले से हिंदुस्तान टाइम्स बतवलस कि दुनो पिछलका कइयन महीनन से एक-दूसरा से अलग रह रहल बा लो। अपना विस्फोटक बल्लेबाजी शैली खातिर जानल जाये वाला सहवाग आ आरती के दुगो बेटा- आर्यवीर आ वेदांत। आर्यवीर के जन्म 2007 में आ वेदांत के जन्म 2010 में भइल रहे। एतना ना एह रिपोर्ट के बाद फैंस के प्रतिक्रिया सामने आ रहल बा। फैंस के कहनाम बा कि दिवाली सेलिब्रेशन के दौरान सहवाग अपना बेटन आ अपना मां के संगे फोटोज सोशल मीडिया पs शेयर कइलें, बाकिर आरती के कवनो जिकिर भा तस्वीर ना लउकल। ई चुप्पी अफवाहन के आउर हवा दे देलस। हिंदुस्तान टाइम्स के मोताबिक, दु हफ्ता पहिले सहवाग पलक्कड़ में विश्व नागाक्षी मंदिर के दौरा कइले रहस आ अपना इंस्टाग्राम अकाउंट पs यात्रा से तस्वीर साझा कइले रहस। हालांकि, पोस्ट में आरती के कवनो जिकिर ना रहे। ई भारतीय क्रिकेट आइकन अभी तक कवनो आधिकारिक बयान जारी नइखन कइलें, बाकिर दुनो के बीच दूरी उनका फॉलोअर्स के बीच चरचा के विषय बन गइल बा। नई दिल्ली के रहे वाली आरती अहलावत बहुत हद तक लो प्रोफाइल मेंटेन करेली। हिंदुस्तान टाइम्स के रिपोर्ट के मोताबिक, आरती अपना इंस्टाग्राम प्रोफाइल के प्राइवेट मोड पs कs लेले बाड़ी आ खाली फॉलोअर्स उनकर प्रोफाइल देख सकत बा लो, जवन कि पहिले पब्लिक रहे। हालांकि, आरती के नाम में अभियो सहवाग से जुड़ल बा। आरती के जन्म 16 दिसंबर, 1980 के भइल रहे। आरती दिल्ली विश्वविद्यालय के मैत्रेयी कॉलेज से कंप्यूटर साइंस में डिप्लोमा पूरा करे से पहिले लेडी इरविन सेकेंडरी स्कूल आ भारतीय विद्या भवन से आपन शिक्षा प्राप्त कइली। दुनो के लव स्टोरी 2000 के दशक के सुरुआत में भइल रहे। साल 2004 में पूर्व वित्त मंत्री अरुण जेटली के आवास पs दुनो बियाह कइले रहे लो। एह कपल के क्रिकेट में सबसे मजबूत आ क्यूट कपल में से एक मानल जाला। सहवाग क्रिकेट के प्रतिबद्धतन के बीच अपना पारिवारिक जिनगी के संतुलित रखत रहल बाड़ें। हालांकि, हिंदुस्तान टाइम्स के सूत्रन के दावा बा कि उनकर रिश्ता अब पहिले जइसन नइखे रहल। सहवाग 2015 में अंतरराष्ट्रीय क्रिकेट से संन्यास लेले रहस आ तब से ऊ अलग-अलग भूमिकन में रहलें। एमे राष्ट्रीय डोपिंग रोधी एजेंसी के डोपिंग रोधी अपील पैनल के सदस्य के रूप में काम कइल सामिल बा। ऊ आईपीएल में कोच के भूमिको निभा चुकल बाड़ें। उनकर नाम कइयन बेर भारतीय टीम के कोच बनला से जुड़ल, बाकिर सहवाग हर बार एह अटकलन के खंडन कइलें। ऊ बोललें कि अभी ऊ एह जिम्मेदारी के नइखन लिहल चाहत, बाकिर भविष्य के बारे में उनका पता ना रहे। हालांकि, ना तs सहवाग आ ना आरती अभी तक कवनो घोषणा कइले बा लो।","भारत के क्रिकेटरन के बीच हाल में कई चर्चा हो रहल बा। युजवेंद्र चहल आ धनश्री के तलाक के अटकल लगावल जात रहे, जबकि मनीष पांडे आ उनकर पत्नी आश्रिता के अलग होखला के खबर भी सामने आइल। वीरेंद्र सहवाग आ उनकर पत्नी आरती के बियाह के 20 साल बाद अलग होखे के संभावना बतावल जा रहल बा। दुनो के इंस्टाग्राम पर एक-दूसरा के अनफॉलो कइला से रिश्ते में दरार के अटकलन बढ़ गइल बा। सहवाग आ आरती के दू गो बेटा बा आ उनकर रिश्ता अब पहिले जइसन नइखे रहल।","Virender Sehwag: चर्चा में वीरेंद्र सहवाग? पत्नी आरती इंस्टा प्रोफाइल कइली प्राइवेट, अटकल तेज",Negative,sadness,"भारत के कई क्रिकेटर चर्चा में बने बा। युजवेन्द्र चहाल और धनशरी के अलग होने की खबरें चल रही बा, लेकिन अभी तक कुछ पुष्टि ना होइल। मनीष पाण्डे और आशृता शेटी भी अलग हो रहे हैं, ऐसा अफवाह चल रही हैं। अब वीरन्द्र सहवाग़ और आरती भी अलग होने के कगार पर हैं। हाल ही में एक रपोर्ट में लिखा गया है कि वीरु और उनकी पत्नि आरती २० साल के ब्याह के बाद अलग हो सकते हैं। दोनों इंस्टाग्राम पर एक दूसरे को अनफोलो कर चुके हैं। परिवार के सूत्रों से पता चला है कि दोनों पिछले कई महीनों से अलग-अलग रह रहे हैं। वीरू के दो बेट"
5457ac9e8bc5a70a,"अगर रउरा मोबाइल, लैपटॉप भा डेस्कटॉप पs गूगल क्रोम के इस्तेमाल करीलें तs ई खबर रउरा खातिर काम आवे वाला बा। अगर रउरा ऑनलाइन काम करीलें तs रउरा अब सतर्क रहे के जरूरत बा। एकरा बारे में सरकार खुद अलर्ट जारी कs देले बिया। सरकारी सुरक्षा एजेंसी सीईआरटी-इन गूगल क्रोम ओएस के इस्तेमाल करे वालन के चेतावनी जारी कइले बिया। अगर रउरो क्रोम के इस्तेमाल करतानी तs सावधान रहीं। दरअसल, कंप्यूटर इमरजेंसी रिस्पांस टीम के ओर से क्रोम ब्राउज़र के लेके अलर्ट जारी कईल गईल बा। एजेंसी के एह सर्च इंजन के एगो संस्करण में कुछ खामी मिलल बा। इs ब्राउज़र के अयीसन कमी बा जवन कि उपयोगकर्ता के निजी डेटा अवुरी निजता पs बहुत खतरा पैदा कs सकता। आईं हमनी के एह सरकारी चेतावनी के बारे में विस्तार से बताईं जा। सीईआरटी-इन कहले बा कि स्मार्टफोन चाहे लैपटॉप के इस्तेमाल करेवाला के तुरंत अपना ब्राउज़र के 114.0.5735.350 चाहे ओकरा से नाया संस्करण पs अपडेट करे के चाही। सीईआरटी-इन के मुताबिक, घोटालाबाज चाहे हैकर एs कमी के फायदा उठा के आपके निजी डेटा चोरा सकतारे। अगर रउरा आपन डेटा सुरक्षित राखल चाहत बानी तs ओकरा के तुरते अपडेट करीं। खाली डाटा चोरी ना बलुक हैकर रउरा सिस्टम में गलत कोड भी डाल सकेलें। •अपडेट करे खातिर सबसे पहिले अपना फोन चाहे लैपटॉप पs गूगल क्रोम खोली। •अब स्क्रीन के ऊपर दाहिना कोना में तीनों बिंदु पs क्लिक करीं। •अब एगो छोट विंडो खुली जवना में आपके मदद के विकल्प मिली, ओकरा में गूगल क्रोम के चयन करीं। •अगिला स्टेप में रउआ इहाँ उपलब्ध लेटेस्ट अपडेट भा अपडेट अवेलवल देखब। एकरा के इंस्टॉल करीं। •इंस्टॉलेशन के बाद आपके क्रोम ब्राउज़र अपने आप अपडेट हो जाई।","अगर रउरा गूगल क्रोम के इस्तेमाल करीलें तs सतर्क रहला के जरूरत बा। सरकारी सुरक्षा एजेंसी सीईआरटी-इन चेतावनी जारी कइले बिया कि क्रोम ब्राउज़र में कुछ खामी मिलल बा, जवन उपयोगकर्ता के निजी डेटा के खतरा में डाल सकेला। रउरा के तुरंत अपना ब्राउज़र के नाया संस्करण 114.0.5735.350 पs अपडेट करे के चाही। अपडेट करे खातिर गूगल क्रोम खोलीं, दाहिना कोना में तीन बिंदु पs क्लिक करीं आ लेटेस्ट अपडेट इंस्टॉल करीं।","Google Chrome करेनीं इस्तेमाल तs तुरंते करीं अपडेट, सरकार जारी कइलस अलर्ट",Negative,neutral,"एक बार अपडेशन पूरा भइल तs आपन ब्राउजर सुरक्षित हो जाईल। सरकारी एजेंसियों द्वारा जारी की गई चेतावनियों को गंभीरता से लेना चाहिए। सरकार के सुरक्षा अजंसी सीअरटी ने अह्वान कइला बा कि, जो लोग मोबाइल, लाॅपटाप अथवा डेस्‍कटॉप पर Google Chrome ब्राउज़र इस्तेमाल करत बा, उन लोगो के सावधानी बरतनी आवेगी। सीएआरटी के अनुसार, Google Chrome के एक संस्करण मे सुरक्षा की कमजोरी पाई गई है, जो यूजर के निजि डेटा को खतरे में डाल सकती है। इस कमज़ोरी का इस्तेमाल हैकर या धोखेबाज आपन निजी जानकारी चुरा सकते बा। सीअर्टी"
e1c2266ca886b32b,"टेक डेस्क। रियलमी बहुते जल्द भारत में मिड-रेंज सेगमेंट में आपन नया स्मार्टफोन सीरीज Realme Narzo 90 लॉन्च करे जात बा। एह सीरीज में दुगो स्मार्टफोन- Realme Narzo 90 आ Realme Narzo 90x उतारल जाई, जवन एआई फीचर से लैस रही। कंपनी दावा करतिया कि ई नया फोन मजबूत डिस्प्ले क्वालिटी, जबरदस्त बैटरी लाइफ आ रोज के इस्तेमाल खातिर बढ़िया विकल्प होई। Realme Narzo 90 सीरीज के दुनो स्मार्टफोन भारत में 16 दिसंबर के लॉन्च होखे वाला बा। Realme Narzo 90 आ Realme Narzo 90x नाम से ई मार्केट में उतरी। कंपनी आपन अपकमिंग स्मार्टफोन के वैल्यू फॉर मनी कहत बिया एह दुनो फोन के बिक्री Amazon आ Realme India के आधिकारिक वेबसाइट पs होई। रियलमी आपन फोन के डिस्प्ले, बैटरी परफॉर्मेंस आ फास्ट चार्जिंग के टीज कs चुकल बा। Realme Narzo 90 में एआई-पावर्ड इमेजिंग फीचर दिहल जाई। ई फोन स्लिम आ हलुक डिजाइन में आवे वाला बा। दुसरका मॉडल Realme Narzo 90x के खास कs के कॉलेज स्टूडेंट्स आ डिजिटल लाइफस्टाइल वाला यूजर खाती डिजाइन कइल बतावल जा रहल बा। कंपनी एह फोन के बैटरी आ डिस्प्ले फीचर के टीज कs चुकल बिया। 91Mobiles Hindi के रिपोर्ट अनुसार, Realme Narzo 90 5G मोबाइल RMX5111 मॉडल नंबर के संगे आ सकत बा। ई फोन कार्बन ब्लैक आ विक्टरी गोल्ड रंग में उपलब्ध हो सकेला। रियलमी एह मॉडल के चार RAM-स्टोरेज विकल्प में लॉन्च कs सकेला- Narzo 90 स्मार्टफोन में 6.78-इंच फुल-HD+ OLED डिस्प्ले मिल सकेला, जवना में 120Hz रिफ्रेश रेट होई। रियर पैनल पs 50 मेगापिक्सल प्राइमरी कैमरा दिहल जा सकेला। रिपोर्ट कहत बा कि एह फोन में MediaTek Dimensity 7300 चिपसेट हो सकेला। फोन में 6,500mAh बैटरी दिहल जाई, जवन 80W फास्ट चार्जिंग सपोर्ट करी। एह सीरीज से रियलमी स्मार्टफोन मार्केट में फेर जोरदार टक्कर देवे के कोसिस में बा।","रियलमी जल्दी भारत में मिड-रेंज सेगमेंट में नया स्मार्टफोन सीरीज Realme Narzo 90 लॉन्च करे जा रहल बा। एह सीरीज में दू स्मार्टफोन- Realme Narzo 90 आ Realme Narzo 90x शामिल बा, जवन एआई फीचर से लैस होई। दुनो फोन 16 दिसंबर के लॉन्च होई आ ई Amazon आ Realme India के वेबसाइट पर बिक्री खातिर उपलब्ध होई। Realme Narzo 90 में 6.78-इंच फुल-HD+ OLED डिस्प्ले, 50 मेगापिक्सल प्राइमरी कैमरा आ 6,500mAh बैटरी होई। रियलमी एह सीरीज से स्मार्टफोन मार्केट में जोरदार टक्कर देवे के कोशिश में बा।","iPhone जइसन डिजाइन वाला Realme Narzo 90 सीरीज 16 दिसंबर के होई लॉन्च, दुगो स्मार्टफोन करी एंट्री",Positive,joy,"इ। Realme Narzo सीरीज़ के नया मोडल 15 दिसम्बर, 2023 को भारत में लांच होत रहे। रियलमे जल्दी ही भारत में नई नारज़ो 9० सीरिज ला रही बा। एह सीरिज़ में दो फोन रहलें - नारजो ९० आ नार्जो ९०x। दोनों फोन में एआइ फीचर्स रहलन। कंपनी कह रही बा कि ये फोन मज़बूत स्क्रीन, ज़्यादा बैट्री लाइफ़ आ हर रोज़ के काम के लिए बेहतरीन रहल। नई सीरियज के दोनो फोन १६ डिसेम्बर को लॉँच होखलें। इन फोन के बेचने के लिए अमेज़न आ रिय"
fac4dbfcdf4baff6,"स्पोर्ट्स डेस्क। भारतीय टीम के स्टार तेज गेंदबाज जसप्रीत बुमराह इंग्लैंड के खिलाफ लीड्स टेस्ट के दूसरका दिन पहिला पारी में सानदार प्रदर्शन कइलें। बुमराह दूसरका दिन के खेल के समाप्ति तक तीन विकेट लेलें आ बड़ उपलब्धि अपना नामे कs लेलें। बुमराह भारतीय टीम के अनुभवी गेंदबाज हवे आ तेज गेंदबाजी आक्रमण के अगुआ बाड़ें। बुमराह एह मैच के पहिला पारी में आपन दम देखवलें बाडे़ आ ओली पोप आउर बेन डकेट के साझेदारी के बीच ई भारतीय तेज गेंदबाज आपन प्रभाव छोड़े में सफल रहलें। भारत के पहिला पारी 471 रन पs ऑलआउट भइल रहे। इंग्लैंड ओली पोप के शतक आ बेन डकेट के अर्धशतक के मदद से स्टंप्स तक पहिला पारी में तीन विकेट पs 209 रन बनवले बा। इंग्लैंड के टीम अभी भारत से 262 रन पीछे चल रहल बिया। दिन के खेल के समाप्ति तक पोप 100 आ हैरी ब्रूक बिना खाता खोलले क्रीज पs मवजूद रहे लोग। भारत खातिर पहिला पारी में अब तक तीनो विकेट तेज गेंदबाज जसप्रीत बुमराह झटकले बाड़ें। इंग्लैंड के सुरुआत अच्छा ना रहल रहे आ जसप्रीत बुमराह जैक क्रावले के सस्ता में आउट कइले रहस। एकरा बाद भारत कुछ मवका गंववलस, जवना से इंग्लैंड के संभरे के मवका मिलल। भारत के सबसे बेहतरीन फील्डिरन में से एगो रवींद्र जडेज 15 रन के स्कोर पs बेन डकेट के कैच छोड़ले रहस, जवना के ई इंग्लिश बल्लेबाज बखूबी फायदा उठवलस। डकेट ओली पोप के संगे मिलके दूसरका विकेट खातिर 122 रन जोड़लें। बुमराह क्रावले के अलावे डकेट आ जो रूट के आउट कइलें। इंग्लैंड के खिलाफ एह सीरीज में बुमराह के भूमिका अहम रहे वाला बा आ उ पहिला मैच में ई साबित कइले बाड़ें। लीड्स में बूम-बूम बुमराह के जलवा देखे के मिलल आ उ एकरा संगही बड़ उपलब्धि अपना नामे कइलें। बुमराह सेना देस माने दक्षिण अफ्रीका, इंग्लैंड, न्यूजीलैंड आ ऑस्ट्रेलिया में सबसे जादे विकेट लेवे वाला एशियाई गेंदबाज बन गइल बाड़ें। उ एह ममिला में पाकिस्तान के पूर्व गेंदबाज वसीम अकरम के पीछे छोड़ देले बाड़ें। बुमराह के सेना देसन में अब 147 विकेट बा, जबकि एह देसन में अकरम 146 विकेट लेले बाड़ें। ओहिजा, भारत के पूर्व स्पिनर अनिल कुंबले 141 विकेट के संगे तीसरा आ तेज गेंदबाज ईशांत शर्मा 130 विकेट के संगे सूची में चउथा स्थान पs बाड़ें।","भारतीय टीम के तेज गेंदबाज जसप्रीत बुमराह इंग्लैंड के खिलाफ लीड्स टेस्ट के दूसरका दिन पहिला पारी में तीन विकेट लेलें। बुमराह के प्रदर्शन से भारत के पहिला पारी 471 रन पर ऑलआउट भइल, जबकि इंग्लैंड 209 रन बनवले बा। बुमराह के ई प्रदर्शन उनकरा के एशियाई गेंदबाजन में सबसे जादे विकेट लेवे वाला बना देले बा, जहाँ उनकरा पास अब 147 विकेट बा। बुमराह ने जैक क्रावले, बेन डकेट आ जो रूट के आउट कइलें।","IND vs ENG: SENA देसन में सबसे जादे विकेट लेवे वाला एशियाई गेंदबाज बनलें जसप्रीत बुमराह, वसीम अकरम के पीछे छोड़लें",Positive,joy,"ही अपना दम दिखावलें बा। लुईस टेस्ट में भारतीय स्टार गेंदबाज़ जस्‍प्रीत्‍ बुमरह ने दूसरे दिन तीन विकेट लिए। भारत ने पहली पारी 47 रन बनाकर ऑल आऊट हो गयी। इंग्‍लैंड ने पोप के शतके आ डकेट के अर्ध-शतक की मदद से स्टंप्स तक तीन विकेट पे 200 रन बनाए। बुमरह ने क्राव्‍ले, डकेत आ जो रूट को आऊट किया।"
eb51644d5202b6a8,"68वीं अंडर-14 राष्ट्रीय स्कूल कुश्ती (फ्री स्टाइल) प्रतियोगिता 2024-25 के आयोजन 16 से 20 नवंबर ले वीर बहादुर सिंह स्पोर्ट्स कॉलेज में होई। एकर तइयारी अंतिम चरण में बा. बियफ़ें से देश के तमाम राज्य अवुरी केंद्र शासित प्रदेश के टीम जुटल शुरू कs दिही। ई आयोजन गोरखपुर में पहिला बेर भारतीय स्कूल गेम्स फेडरेशन ऑफ इंडिया (एसजीएफआई) के ओर से होखे वाला बा। एहमें 45 टीम के 450 से अधिका लड़िका लड़िकी आपन किस्मत आजमाईहें. एह सब के अलावा करीब 200 अधिकारी भी जुट जइहें। एह फ्रीस्टाइल प्रतियोगिता में 14 साल के लड़िका लड़िकी दू गो मैट पs बड़का मंच पर आपन ताकत देखा दीहें. एह प्रतियोगिता में आवे वाला सगरी खिलाड़ियन खातिर स्टेडियम के के आसपास के होटलन में रहे के इंतजाम कs लिहल गइल बा. एह प्रतियोगिता के सगरी मैच वीर बहादुर सिंह स्पोर्ट्स कॉलेज में खेलल जाई जवना में देश के सगरी बोर्डन में पढ़े वाला विद्यार्थी खेलीहें. एहमें राज्य के साथे सीबीएसई, सीआईएससीई आ विकास भारती के विद्यार्थी शामिल बाड़े. पहिला बेर होखे वाला एह आयोजन के भव्य बनावे के तइयारी हो रहल बा आजु से टीम के पहुंच सुरू हो जाई। शहर के प्रमुख होटल लड़िका लड़िकी के प्रतिभागी लोग के ठहरला खातिर आरक्षित कइल गइल बा",68वीं अंडर-14 राष्ट्रीय स्कूल कुश्ती (फ्री स्टाइल) प्रतियोगिता 2024-25 के आयोजन 16 से 20 नवंबर ले वीर बहादुर सिंह स्पोर्ट्स कॉलेज में होई। एह प्रतियोगिता में 45 टीम के 450 से अधिका लड़िका लड़िकी भाग लीहें आ करीब 200 अधिकारी भी जुट जइहें। ई आयोजन गोरखपुर में पहिला बेर एसजीएफआई के ओर से हो रहल बा। प्रतियोगिता के सगरी मैच वीर बहादुर सिंह स्पोर्ट्स कॉलेज में खेलल जाई आ प्रतिभागी लोग खातिर होटलन में ठहरला के इंतजाम कइल गइल बा। आजु से टीम के पहुंच शुरू हो जाई।,"कुश्ती प्रतियोगिता: गोरखपुर में आज से जुटिहें देश भर के खिलाड़ी, पहिला बेर मंडल में होई अइसन आयोजन",Positive,joy,"६८वें अउर-१४ राष्ट्रीय स्‍कूल कुस्‍ती (फ्रि स्‍टाइल) प्रतिस्पर्धा २०२४-२५ कें आयोजन १६ से २० नवंबर दिनांक ले वी.बी.एस. स्‍पोर्ट्‍स कालेज, गौरख्‍पुर में होत बा। करीब ४५ टीम, ४५० से जादा लड़का-लड़की भाग लेंहैं। एह प्रतिस्‍पर्धा पहिले बेर गोरखापुर में आयोजित होत रहे। १४ साल के लड़का लड़की दो मैट पर अपना हुनर दिखाएंगे। सभी खिलाड़ियों के लिए होटलों में रहने की व्यवस्था की गइली बा।"
c038986ad18f2bec,"ChatGPT Pro के ओपनएआई अपना कमाई खातिर लॉन्च कइले रहे। बाकिर अब ई कंपनी खातिर नुकसान के कारण बन रहल बा। OpenAI के सीईओ सैम ऑल्टमैन हाले में X (पहिले ट्विटर) पs एगो चउकावे वाला खुलासा कइलें, जेमे ऊ ChatGPT Pro सब्सक्रिप्शन के संगे कंपनी के वित्तीय चुनौतियन के बारे में बतवलें। अपना ट्वीट में ऑल्टमैन लिखलें, “अजीब बात: हमनी के वर्तमान में OpenAI Pro सब्सक्रिप्शन पs नुकसान झेल रहल बानी सs! लोग एकरा के हमनी के अपेक्षा से कहीं जादे उपयोग कs रहल बा।” ChatGPT Pro सब्सक्रिप्शन, जवन एडवांस GPT-4 मॉडल तक पहुंच प्रदान करेला। वैश्विक स्तर पs ई भारत सहित बहुते लोकप्रिय हो गइल बा। भारत में ई सब्सक्रिप्शन 200 डॉलर प्रति माह (लगभग 17,000 रुपिया) में उपलब्ध बा। ई पेशेवरन, व्यवसायन आ छात्रन खातिर एगो आकर्षक विकल्प बन गइल बा, जवन उत्पादकता आ रचनात्मकता के बढ़ावा दिहल चाहत बा। Pro सब्सक्राइबर्स के तेज प्रतिक्रिया समय, पीक उपयोग के समय प्राथमिकता आ GPT-4 के ओर से संचालित एडवांस सुविधन जइसे लाभ मिलेला। सब्सक्राइबर्स के संख्या लगातार बढ़ रहल बा, बाकिर ऑल्टमैन के बयान एगो बड़ समस्या के उजागर कइले बा आ ऊ बा अपेक्षा से कहीं जादे उपयोग। Pro सब्सक्रिप्शन के बड़े पैमाना पs AI मॉडल चलावे के उच्च परिचालन लागत के संतुलित करे खातिर डिजाइन कइल गइल रहे, बाकिर वर्तमान उपयोग दर OpenAI के वित्तीय मॉडल खातिर अस्थिर साबित हो रहल बा। GPT-4 जइसन बड़ भाषा मॉडल के चलावे खातिर विशाल कंप्यूटेशनल संसाधनन के आवश्यकता होला, जवना से क्लाउड कंप्यूटिंग आ सर्वर के लागत बढ़ रहल बा। भारत ChatGPT खातिर एगो महत्वपूर्ण बाजार के रूप में उभरल बा। शिक्षा, आईटी आ कंटेंट क्रिएशन जइसन क्षेत्रन में पेशेवर अपना कामन के सरल बनावे आ AI-संचालित दक्षतन के लाभ उठावे खातिर Pro सब्सक्रिप्शन अपना रहल बा। वैश्विक दरन के तुलना में भारत में अपेक्षाकृत किफायती कीमत एकर लोकप्रियता में इजाफा कइले बा। सैम के ई बयान सब्सक्रिप्शन के नया कीमतन के ओर इशारा कs रहल बा।","OpenAI के सीईओ सैम ऑल्टमैन बतवलें कि ChatGPT Pro सब्सक्रिप्शन से कंपनी के नुकसान हो रहल बा। ऊ कहले कि लोग एकरा के अपेक्षा से जादे उपयोग कs रहल बा। भारत में ई सब्सक्रिप्शन 200 डॉलर प्रति माह पर उपलब्ध बा आ पेशेवरन आ छात्रन खातिर आकर्षक विकल्प बन गइल बा। हालाँकि, उच्च परिचालन लागत के चलते OpenAI के वित्तीय मॉडल पर दबाव बढ़ रहल बा। ऑल्टमैन के बयान नया कीमतन के ओर इशारा कs रहल बा।","ChatGPT: कमाई वाला मॉडल बन रहल बा नुकसान के कारण, सीईओ कहलें- अजीब बात बा",Negative,sadness,"टेक्नोलॉजी सेक्टर में ChatGPT के उपयोग बढ़त रहे बा। चैटजीपीटी प्रो सब्सक्रीप्शन के कारण ओपन एआइ कंपनी को नुक्सान हो रहा बा। ओपनएआइ के सीआइआइओ सम ऑलटमैन ने हाल ही में एक्स (पहले ट्वीटर) पर बताया की लोग चैटजिप्ती प्रो का इस्तेमाल हमसे ज़्यादा कर रहे बा, जिसके कारण कंपनी नुक़सान उठा रही बा। भारत सहित दुनिया भर में यह सब्सक्‍रिप्‍शन बहुत पॉपुलर हो गया है। भारत में इसकी कीमत प्रति महीने 2 हज़ार रुपए के करीब है। यह पेशवरों, व्यापारियों और छात्रों के लिए एक अच्छा विकल्प बन गया"
e7f752a491b456c5,"आठ अगस्त के लोकसभा में एह विधेयक के पेश कइल गइल आ गरमागरम बहस के बाद संसद के संयुक्त समिति में भेजल गइल। वक्फ (संशोधन) विधेयक पर संसद के संयुक्त समिति के पहिला बइठक गुरुवार के होई। समिति के सदस्य अल्पसंख्यक मामिला आ कानून आ न्याय मंत्रालयन के प्रतिनिधियन से बातचीत करीहें। भाजपा सदस्य जगदम्बिका पाल के अध्यक्षता में 31 सदस्यीय समिति के लोकसभा से विवादित विधेयक के जाँच करे के जिम्मा दिहल गइल बा। एकरा खिलाफ विपक्षी दल आ मुस्लिम संगठन विरोध कइले बाड़े। लोकसभा सचिवालय कहलस कि अल्पसंख्यक मामिला मंत्रालय के प्रतिनिधि समिति के एह विधेयक में प्रस्तावित संशोधन के बारे में जानकारी दिहे। ई विधेयक भाजपा के नेतृत्व वाली एनडीए सरकार के पहिला बड़ पहल बा, जवना के मकसद केंद्रीकृत पोर्टल के माध्यम से वक्फ संपत्ति के पंजीकरण के प्रक्रिया में सुधार कइल बा। एहमें कई गो सुधार के प्रस्ताव बा जवना में केंद्रीय वक्फ परिषद के स्थापना शामिल बा जवना में राज्य वक्फ बोर्ड के साथे मुस्लिम महिला आ गैर मुस्लिम प्रतिनिधियन के प्रतिनिधित्व दिहल जाई। विरोध हो रहल विधेयक के प्रावधान में जिलाधिकारी के प्राथमिक अधिकार होखे के प्रावधान बा कि कवनो संपत्ति के वक्फ भा सरकारी जमीन के श्रेणी में राखल जाव कि ना। आठ अगस्त के लोकसभा में एह विधेयक के पेश कइल गइल आ गरमागरम बहस के बाद संसद के संयुक्त समिति में भेजल गइल। सरकार एह बात पर अड़ल रहे कि प्रस्तावित कानून के मकसद मस्जिदन के कामकाज में बाधा ना डाले के बा जबकि विपक्ष एकरा के मुसलमानन के निशाना बनावे आ संविधान पर हमला बतवले रहे ।","आठ अगस्त के लोकसभा में वक्फ (संशोधन) विधेयक पेश कइल गइल आ गरमागरम बहस के बाद संसद के संयुक्त समिति में भेजल गइल। समिति के पहिला बइठक गुरुवार के होई आ भाजपा सदस्य जगदम्बिका पाल के अध्यक्षता में 31 सदस्यीय समिति के विवादित विधेयक के जाँच करे के जिम्मा दिहल गइल बा। विपक्षी दल आ मुस्लिम संगठन एकरा के विरोध कइले बाड़े। सरकार कहलस कि ई कानून मस्जिदन के कामकाज में बाधा ना डाले के बा, जबकि विपक्ष एकरा के मुसलमानन के निशाना बनावे बतवले बा।",Waqf Bill: वक्फ संशोधन विधेयक पर संसदीय संयुक्त समिति के आज पहिला बइठक; विपक्ष एह विधेयक के विरोध कर रहल बा,Neutral,anger,"अठारह अगस्त के लोक सभा में वक्‍फ (सुधार) विधायक पेश कइल गया। बहस के बाद संसद के संयुक्त समिति में भेजल गय। विधायक के खिलाफ विपक्ष आ मुस्‍लिम संगठन विरोध कर रहे हैं। समिति के पहिला बैठक गुरुवार को हुई। 31 सदस्यीय समिति, जिसका अध्यक्ष भाजपा के जगदंबिका पाल हैं, ने अल्पसंख्‍यक मामला आ कानून आ न्याय मंत्री से बातचीत क"
ea70639203f8674b,"अमेरिका के कैलिफोर्निया राज्य में सांता क्रूज घाट के एगो हिस्सा सोमार के दिने एगो तेज तूफान से नुकसान चहुँप गइल. एs दौरान दु लोग के बचावल गईल, जबकि तीसरा आदमी तैर के सुरक्षित जगह पs पहुंचे में कामयाब हो गईल। सांता क्रूज घाट के कुछ हिस्सा तब गिर गइल जब एगो बड़हन तूफान से तट पs भारी लहर पैदा हो गइल. आंधी-तूफान के कारन तूफानी हवा के संभावना बा। सांता क्रूज घाट के लगे रहे वाला लोग के चेतावल गइल कि तूफान तेज होखला के चलते निचला समुद्र तट के इलाका से बचे के चाहीं. इहाँ लोग के सुरक्षित जगह पs जाए के निर्देश भी दिहल गईल। मेयर साहब का कहले?एसोसिएटेड प्रेस के खबर के मुताबिक, सांता क्रूज के मेयर फ्रेड कीली बतवले कि घाट के कुछ हिस्सा गिरला के बाद लाइफगार्ड दु लोग के बचा लेले, हालांकि कवनो गंभीर चोट के खबर नईखे। पिछला जाड़ा में आइल तूफान से एह घाट के नुकसान चहुँपला के बाद चार मिलियन डॉलर के बहाली के काम चलत बा. मरम्मत खातीर बंद भईल गिरल हिस्सा में शौचालय अवुरी ‘डॉल्फिन’ रेस्तरां शामिल रहे।","अमेरिका के कैलिफोर्निया राज्य में सांता क्रूज घाट पर सोमार के एगो तेज तूफान से नुकसान भइल. ए दौरान दु लोग के बचावल गइल आ तीसरा आदमी तैर के सुरक्षित जगह पs पहुंच गइल. मेयर फ्रेड कीली बतवले कि घाट के कुछ हिस्सा गिरला के बाद लाइफगार्ड दु लोग के बचा लेले, लेकिन कवनो गंभीर चोट के खबर नईखे. पिछला जाड़ा में आइल तूफान से घाट के चार मिलियन डॉलर के बहाली के काम चलत बा.",कैलिफोर्निया में तूफान के वजह से ढह गइल सांता क्रूज घाट,Negative,fear,"कालीफोर्नीया राज्य के साँता क्रुज घाट में सोमवार के दिन एक बड़े तूफ़ान से काफी नुक्सान भइल। तेज लहरों से घाटी के कुछ भाग गिरल। दुई लोगो के लाइफ़गार्ड़ बचावले, जबकि एक आदमी खुद तैरके सुरक्षित स्थान पर पहुँचल। मेयर फ्रेड कीली के अनुसार, घाटे के गिरले हिस्से में 'डॉलफिन' रेस्टोरेंट आवुरी शौचलय शामिल रहल। पिछले साल आइले तूफ़ान के बाद चार मिलियन डॉलर की लागत से मरम्मत का काम चल रहल रहे।"
97a9203dbac4d4ab,"नई दिल्ली। आज से संसद के बजट सत्र सुरू हो रहल बा। सत्र के आगाज राष्ट्रपति द्रौपदी मुर्मू के दूनो सदन के संयुक्त बैठक में दिहल जाये वाला अभिभाषण से होई। देस के संसदीय इतिहास में ई पहिला बेर होई, जब आम बजट अतवार के दिन पेश कइल जाई। 1 फरवरी (अतवार) के वित्त मंत्री निर्मला सीतारमण लगातार नउवां बेर केंद्रीय बजट पेश करिहें। राष्ट्रपति के अभिभाषण के बाद बियफे के संसद में आर्थिक सर्वेक्षण पेश कइल जाई। ई सर्वे अबकि बेर आम बजट से तीन दिन पहिले आ रहल बा, जवन अपना आप में नया प्रयोग मानल जा रहल बा। राष्ट्रपति अपना संबोधन में सरकार के उपलब्धि के संगे-संगे आगे के नीति आ प्राथमिकता के खाका पेश करिहें। बजट से पहिले पारंपरिक हलवा सेरेमनी नॉर्थ ब्लॉक में आयोजित भइल, जवना में वित्त मंत्री निर्मला सीतारमण सामिल भइली। ई समारोह बजट दस्तावेज के गोपनीय प्रक्रिया के औपचारिक सुरुआत के प्रतीक मानल जाला। बजट सत्र के दू हिस्सा में बांटल गइल बा। पहिला चरण आज से 13 फरवरी तक चली। ओकरा बाद सत्र स्थगित रही आ दूसरका चरण 9 मार्च से सुरू होके 2 अप्रिल तक चले के संभावना बा। एह बीच संसदीय समिति बजट प्रस्ताव पs गहन समीक्षा करी। अबकि बेर केंद्रीय बजट 1 फरवरी, अतवार के पेश होई। संसद के इतिहास में ई एगो दुर्लभ मवका बा। सरकार एह दिन के आधिकारिक तौर पs ‘बजट डे’ घोषित कइले बा। निर्मला सीतारमण के ई लगातार नउवां बजट होई, जवना से देस के बड़ आर्थिक फैसला के उम्मीद कइल जा रहल बा। लोकसभा में फिलहाल नव गो अहम विधेयक लंबित बा, जवना में विकसित भारत शिक्षा अधिष्ठान विधेयक 2025, सिक्योरिटीज मार्केट्स कोड 2025 आ संविधान संशोधन विधेयक 2024 सामिल बा। एकरा सबके बीच ई बजट अइसन समय में आ रहल बा, जब वैश्विक अर्थबेवस्था पs अमेरिका के टैरिफ नीति आ अंतरराष्ट्रीय अस्थिरता के दबाव बा। अब सब केहू के नजर सरकार के वित्त बरिस 2026-27 खातिर पेश होखे वाला आर्थिक रोडमैप पs टिकल बा।","नई दिल्ली। आज से संसद के बजट सत्र सुरू हो रहल बा, जवन राष्ट्रपति द्रौपदी मुर्मू के संयुक्त बैठक में अभिभाषण से शुरू होई। ई पहिला बेर होई जब आम बजट अतवार के दिन पेश कइल जाई। वित्त मंत्री निर्मला सीतारमण लगातार नउवां बेर केंद्रीय बजट 1 फरवरी के पेश करिहें। राष्ट्रपति के अभिभाषण के बाद बियफे के संसद में आर्थिक सर्वेक्षण पेश कइल जाई। बजट सत्र के दू हिस्सा में बांटल गइल बा, पहिला चरण आज से 13 फरवरी तक चली।","Budget Session 2026 : आज से संसद के बजट सत्र के सुरुआत, राष्ट्रपति के अभिभाषण से होई आगाज, अतवार के पेश होई आम बजट",Positive,neutral,", राष्ट्रीय शिक्षा नीति (संशोधन) बिल शामिल बा। ** नई दिल्‍ली में आज से ही संसद्‍ के बजेट सत्र शुरू हो गेल बा। राष्ट्रपत‍ि द्रोप‍दी मुर्‍मू दोनों सदनों के संयुक्‍त बैठक में अभिभाष्‍ण देहेंगी। ई पहिली बार हो रहा बा जब बजट रविवार को पेश किया जाय। 1 फ़रवरी को वित्‍त मंत्री निर्मला सीताारामण नौंवां बार बजट पेश करेनी। सरकार के कामों के साथ-साथ आगे की नीतियों के बारे में भी जानकारी दी जायेगी। संसद के दो चरणों में बजट पर चर्चा होगी। पहला"
0eac209e5d5f130d,"इंडोनेशिया के सेरम द्वीप पs सोमार 21 अप्रैल के 5.5 तीव्रता के भूकंप आइल जवना से लोग घबराहट में पड़ गइल. भूकंप के बारे में ई जानकारी जर्मन रिसर्च सेंटर फॉर जियोसाइंसेज (GFZ) द्वारा दिहल गइल बा आ एकरे अनुसार भूकंप के केन्द्र जमीन से 10 किलोमीटर नीचे के गहिराई पs रहल, जेकरा चलते भूकंप के जोरदार झटका महसूस कइल गइल। हालांकि फिलहाल एs भूकंप के चलते केहु के घाही होखे चाहे कवनो प्रकार के नुकसान के कवनो खबर नईखे। नेशनल सेंटर फॉर सिस्मोलॉजी (एनसीएस) के मुताबिक, सुलावेसी के इंसेरम द्वीप पs कोटामोबागु के दक्षिण-पूर्व में रात 11:50 बजे (आईएसटी) आईल भूकंप आईल। आईं बता दीं कि 19 अप्रैल शनिचर के दुपहरिया में दिल्ली समेत उत्तर भारत के कई इलाका में भूकंप के हल्का भूकंप महसूस भईल। पृथ्वी विज्ञान मंत्रालय के राष्ट्रीय भूकंप विज्ञान केंद्र (एनसीएस) के मुताबिक भूकंप रात 12:18 बजे आईल।","इंडोनेशिया के सेरम द्वीप पs 21 अप्रैल के 5.5 तीव्रता के भूकंप आइल, जवना से लोग घबराहट में पड़ गइल। जर्मन रिसर्च सेंटर फॉर जियोसाइंसेज (GFZ) के अनुसार, भूकंप के केन्द्र जमीन से 10 किलोमीटर नीचे रहल। हालांकि, ए भूकंप से केहु के घाही होखे या कवनो नुकसान के खबर नईखे। नेशनल सेंटर फॉर सिस्मोलॉजी (एनसीएस) बतवले कि भूकंप रात 11:50 बजे आईल।","इंडोनेशिया में भूकंप से कांप गईल धरती, घरन से निकल के भागे लगले लोग",Neutral,fear,"सोमार दिनांक २१ अप्रिल के इंडोणेशिया के सोरम टापु पर ५.५ म्याग्नीट्यूड के भुकंप आल। जर्मन भूविज्ञान संस्थान GFZ के अनुसार, भुकंप के केंद्र जमिन से १० किलोमिटर गहराई पर रहल। भुकंपी के झटके लोगो के खातिर डरावना रहे। हालांकि, फिहाल केहू के घायल नही भइल और नही कोई नुक्सान की खबर आयी।"
2c897b6de7eb641d,"स्पोर्ट्स डेस्क: नॉर्वे चेस टूर्नामेंट अतवार के विश्व चैंपियन भारत के डी गुकेश एगो रोमांचक मैच में विश्व नंबर एक शतरंज खिलाड़ी नॉर्वे के मैग्नस कार्लसन के चउका देलें आ क्लासिकल शतरंज में पहिला जीत दर्ज कइलें। सफेद मोहरन के संगे खेल रहल कार्लसन जादेतर समय मैच में एकर फायदा उठवलें आ लगातार दबाव बनवलें, बाकिर गुकेश जरूरत पड़ला पs सावधानी पूर्वक खेल खेललें आ फेर कार्लसन पs अटैक कइलें।जइसे-जइसे कार्लसन पs समय से चाल चले के दबाव बढ़त गइल, कार्लसन गलती कइलें आ ई गुकेश के वापसी के मवका देलस। गुकेश बिना कवनो हिचकिचाहट के आपन सारा स्किल के मैच में झोंक देलें आ जीत दर्ज कइलें। मैच के बाद गुकेश कहलें- हम बहुत कुछ ना कs सकत रही। हमरा बस एकर अधिकतम लाभ उठावे के रहे। हम अइसन डेग उठावत रहनी जवन कार्लसन खातिर मुश्किल रहे आ सौभाग्य से चाल सही साबित भइली सs। एह टूर्नामेंट से हम एगो बात सीखले बानी कि समय से चाल चले के दबाव रउआ के गलती कइला पs मजबूर कs सकत बानी। गुकेश कहलें, ‘100 में से 99 बार सायद हम एह चाल से हार जइती, बाकिर ई एगो भाग्यशाली दिन हs।’ हार के बाद निराश कार्लसन आपा खो बइठलें आ ऊ चेस बोर्ड के पटक देलें आ उहां से तेजी से बाहर निकल गइलें। एकरा विपरीत, गुकेश आपन कोच गजेवस्की के संगे चुपचाप जश्न मनवलें। ऊ करियर के परिभाषित करे वाली जीत के स्वाद चखलें। दुनो के बीच टूर्नामेंट के पहिला दौर में भिड़ंत भइल रहे, जहां कार्लसन आपन ट्रेडमार्क चालन से जीत हासिल कइले रहे। अबकी बेर, हालांकि, गुकेश बाजी मरलें आ पिछलका हार के बदला ले लेलें। नॉर्वे शतरंज के व्यापक रूप से शतरंज कैलेंडर पs प्रमुख टूर्नामेंट में से एगो मानल जाला। छव खिलाड़ी डबल राउंड-रॉबिन प्रारूप में एगो दूसरका से भिड़त बा। पुरुष आ महिला दुनो श्रेणी में मैच होत बा। 2025 संस्करण स्टावेंजर में 26 मई से छव जून तक चली। एकरा पहिले गुकेश आ कार्लसन के लेके महान शतरंज खिलाड़ी गैरी कास्पारोव के बयान आइल रहे। ऊ कार्लसन के गुकेश से बेहतर बतवले रहस। रूस के महान शतरंज खिलाड़ी कास्पारोव के मानल बा कि डी गुकेश भलही विश्व चैंपियन बा, बाकिर नॉर्वे के मैग्नस कार्लसन हर लिहाज से उनका से बेहतर बाड़ें। कास्पारोव कहलें, ‘गुकेश के प्रदर्शन में सुधार के बहुते गुंजाइश बा। ऊ जरूर एकरा के समझके एहपर पs काम करत होइहें। कैंडिडेट्स शतरंज टूर्नामेंट जीतला के बाद गुकेश के प्रदर्शन बेहतर हो रहल बा। विश्व चैंपियनशिप मैच में कुछो हो सकत बा काहेकि ई लमहर होला, बाकिर गुकेश हमेसा आगे रहस। गुकेश ओह मैच में लिरेन से बेहतर खिलाड़ी रहस।’",नॉर्वे चेस टूर्नामेंट में भारत के डी गुकेश विश्व नंबर एक शतरंज खिलाड़ी मैग्नस कार्लसन के खिलाफ रोमांचक जीत हासिल कइलें। गुकेश सावधानी से खेललें आ कार्लसन के गलती के फायदा उठाके जीत दर्ज कइलें। मैच के बाद गुकेश कहलें कि ऊ बस एकर अधिकतम लाभ उठावे के कोशिश कइलें। हार के बाद कार्लसन निराश होके चेस बोर्ड के पटक के बाहर निकल गइलें। महान शतरंज खिलाड़ी गैरी कास्पारोव गुकेश के प्रदर्शन में सुधार के गुंजाइश बतवले बाड़ें।,"Norway Chess: नॉर्वे शतरंज टूर्नामेंट में विश्व चैंपियन गुकेश कार्लसन के हरवलें, पिछलको हार के लेलें बदला",Positive,joy,"ार गइले। भारत के चेस खिलाड़ी डी. गुगेश ने नार्वे के विश्व नंबर 1 चेस प्लेयर मैग्नेस कार्ल्सन को नोर्वे में एक रोमांटिक मैच में हराया। यह जीत गुगेस के करियर की सबसे बड़ी जीत बन गई। कार्लेसन ने शुरुआत में खेल में बढ़त बनाए रखी, परन्तु गुगेश ने सावधानीपूर्वक खेला और बाद में कार्लसेन पर हमला किया। कार्लसेसन की गलतियों ने गुगेष को वापसी का मौका दिया। गुगेेश ने अपने सभी कौशल का इस्तेमाल किया और मैच जीत लिया।"
4b2aeddf27475e97,"संसद के दुनो सदन में आज भी हंगामा मच गईल। राज्यसभा में विपक्ष के ओर से अध्यक्ष जगदीप धनखड़ के खिलाफ अविश्वास प्रस्ताव के नोटिस दिहल गईल बा। लोकसभा में कांग्रेस ओम बिरला के चिट्ठी लिख के सदन के कार्यवाही सुचारू रूप से चलावे के मांग कईले बिया। एही बीच कांग्रेस के सदस्य तिरंगा अवुरी फूल लेके संसद भवन परिसर में विरोध प्रदर्शन कईले। विरोध प्रदर्शन में लोकसभा में विपक्ष के नेता राहुल गांधी भी मौजूद बाड़े। भारी हंगामा के चलते लोकसभा के कार्यवाही दुपहरिया 2 बजे ले स्थगित कs दिहल गईल बा। कांग्रेस सांसद प्रमोद तिवारी कहले कि,”…हमरा लागता कि वर्तमान सरकार संविधान पs चर्चा के अनुमति नईखे दिहल चाहत जवन कि दु दिन के बा। एकरा खातीर माहौल बनावल जाता।” हंगामा के चलते राज्यसभा के कार्यवाही फेर से स्थगित कs दिहल गईल। एकरा से पहिले जेपी नड्डा कहले रहले कि सोनिया गांधी के सोरेस से का संबंध बा? कांग्रेस आंतरिक सुरक्षा से ध्यान हटावल चाहत बिया.","संसद के दुनो सदन में आज हंगामा मच गइल। राज्यसभा में विपक्ष के ओर से अध्यक्ष जगदीप धनखड़ के खिलाफ अविश्वास प्रस्ताव के नोटिस दिहल गइल बा। लोकसभा में कांग्रेस ओम बिरला के चिट्ठी लिख के कार्यवाही सुचारू रूप से चलावे के मांग कईले बिया। कांग्रेस के सदस्य तिरंगा आ फूल लेके संसद भवन परिसर में विरोध प्रदर्शन कईले, जवना में राहुल गांधी भी मौजूद बाड़े। भारी हंगामा के चलते लोकसभा आ राज्यसभा के कार्यवाही स्थगित कs दिहल गइल।","राज्यसभा में भारी हंगामा, कार्यवाही काल्ह ले खातीर स्थगित",Negative,anger,सांसद के दोनो सदन मे आज भारी हाहाकार मचल गयल। राज्यसभा मे विपक्ष ने अध्यक्ष जगदीप धनखड़ के खिलाफ अविश्वास् प्रस्ताव के नोटिस दिहल दिया। लोकसभा मे कांग्रेस ने ओम बिरला को चिट्टी लिख के सदन की कार्यवाही सुचारू रूप से चलवावे क मांग करी। एही बीच काँग्रेस के सदस्य तिरंगा और फूल लेके संसद् भवन परिसर में विरोध प्रदर्शन किया। राहुल गांधी भी
53f64c0fc5318a2e,"भारत-नेपाल : नेपाल 100 रुपया के नोट छपाई चीनी कंपनी चाइना बैंकनोट प्रिंटिंग एंड मिंटिंग कॉरपोरेशन के सौंप दिहले बा। एह नोट में बनल नक्शा में भारत के लिपुलेख, लिंपियाधुरा आ कालापानी इलाका के नेपाल के हिस्सा के रूप में देखावल गइल बा। नेपाल 100 रुपया के नोट के छपाई चीनी कंपनी चाइना बैंकनोट प्रिंटिंग एंड मिंटिंग कॉरपोरेशन के सौंप दिहले बा। इ कंपनी 30 नोटन के 30 करोड़ के प्रति छापी।एह नोट में बनल नक्शा में भारत के लिपुलेख, लिम्पियाधुरा आ कालापानी इलाका के नेपाल के हिस्सा के रूप में देखावल गइल बा। नेपाल सरकार मई में भइल मंत्रिमंडल के बैठक में नोट के डिजाइन के मंजूरी देले रहे। 20 मई 2020 के नेपाल संविधान संशोधन के माध्यम से लिम्पियाधुरा, लिपुलेख आ कालापानी के आपन हिस्सा घोषित कऽ के नया नक्शा जारी कऽ के विवाद पैदा कइले रहे। नेपाल के 1,850 किलोमीटर लंबा सीमा भारत के पांच राज्य सिक्किम, पश्चिम बंगाल, बिहार, यूपी आ उत्तराखंड के साथे साझा बा। ई तीनों विवादित इलाका लगभग 370 वर्ग किलोमीटर के क्षेत्रफल में बा। पश्चिमी तिब्बत के नगरी क्षेत्र के लगे इस्थित लिपुलेख, लिम्पियाधुरा आ कालापानी इलाका पिछला 60 साल से भारत के पूरा नियंत्रण में बा। इहाँ रहे वाला लोग भारतीय नागरिक हउवे, टैक्स देवेला आ भारते में वोटो देवेला। दक्षिण एशियाई कूटनीति में कलापानी क्षेत्र सामरिक रूप से महत्वपूर्ण बा। ई भारत, तिब्बत आ नेपाल के त्रि-जंक्शन पऽ बा। एकरे साथ ही लिपुलेख दर्रा उत्तराखंड के तिब्बत से जोड़े ला। लिम्पियाधुरा दर्रा क्षेत्र पऽ नेपाल के दावा कलापानी पऽ ओकर दावा से उपजल बा। ई तिब्बत के नागरी सीमा के लगे भारत से सटल बा। लिम्पियाधुरा-कालापानी-लिपुलेख उत्तराखंड के कुमाऊँ प्रमंडल में पिथोड़ागढ़ जिला के हिस्सा हवे आ पूरा तरीका से भारतीय प्रशासन के अधीन बा।","नेपाल 100 रुपया के नोट छपाई चीनी कंपनी चाइना बैंकनोट प्रिंटिंग एंड मिंटिंग कॉरपोरेशन के सौंप दिहले बा, जेकरा में भारत के लिपुलेख, लिंपियाधुरा आ कालापानी इलाका के नेपाल के हिस्सा के रूप में देखावल गइल बा। नेपाल सरकार मई में मंत्रिमंडल के बैठक में नोट के डिजाइन के मंजूरी देले रहे। ई तीनों विवादित इलाका लगभग 370 वर्ग किलोमीटर के क्षेत्रफल में बा आ पश्चिमी तिब्बत के नगरी क्षेत्र के लगे स्थित बा। लिपुलेख, लिम्पियाधुरा आ कालापानी इलाका पिछला 60 साल से भारत के पूरा नियंत्रण में बा।",India-Nepal: नेपाल 100 रूपिया के नोट में भारतीय क्षेत्र के आपन बतवलस,Negative,anger,"मा के नजदीक बा। नेपाल सरकार ने भारत के कुछ इलाकों को अपना दावा जताते हुए नई नोट जारी कर दी है। नेपाल के नये १०० रुपया नोट पर भारत के तीन इलाके लिपूलेख, लिमपियाधुर, आ कालपानी को नेपाल का दावा करते हुए दिखाया गया है। नेपाल ने इन तीनों क्षेत्रों को अपने हिस्से बताते हुए २० मई २०२० को संविधान में बदलाव भी किया था। इन तीनों इलाकों का क्षेत्रफल लगभग ३७० वर्ग किमी है और पिछले ६० साल से ये भारत के कंट्रोल में रहे हैं।"
5523bbb89527e716,"ट्राई कंपनी से कहले बा कि ऊ लोग अपना ऐप आ पोर्टल के सेटिंग बदलस आ एकरा के उपयोगकर्ता खातीर अउरी सुलभ बनावे, ताकि कवनो ग्राहक स्पैम से जुड़ल शिकायत चाहे सहमति के रिपोर्ट अउरी आसानी से दे सके। दूरसंचार नियामक कंपनी ट्राई सोमार के दिने दूरसंचार कंपनियन के निर्देश जारी कइलस कि ऊ लोग अपना मोबाइल ऐप आ वेब पोर्टल में सुधार करस जेहसे कि ग्राहकन के अनचाहा व्यावसायिक भा स्पैम कॉल से बचावल जा सके । ट्राई कंपनी से कहले बा कि ऊ लोग अपना ऐप आ पोर्टल के सेटिंग बदलस आ एकरा के उपयोगकर्ता खातीर अउरी सुलभ बनावे, ताकि कवनो ग्राहक स्पैम से जुड़ल शिकायत चाहे सहमति के रिपोर्ट अउरी आसानी से दे सके। एकरा अलावे ट्राई इहो कहलस कि अब सभ दूरसंचार कंपनी के तीन महीना के बजाय हर महीना उपभोक्ता के शिकायत पs निगरानी आ कार्रवाई से जुड़ल जानकारी देवे के होई।",ट्राई कंपनी दूरसंचार कंपनियन के कहले बा कि ऊ लोग अपना ऐप आ पोर्टल के सेटिंग बदलस आ एकरा के उपयोगकर्ता खातीर सुलभ बनावे। ई बदलाव से ग्राहक स्पैम कॉल से जुड़ल शिकायत आ सहमति के रिपोर्ट आसानी से दे सकीहें। ट्राई इहो कहलस कि अब सभ दूरसंचार कंपनी के हर महीना उपभोक्ता के शिकायत पs निगरानी आ कार्रवाई के जानकारी देवे के होई।,"ट्राई: दूरसंचार कंपनी के अनचाहा कॉल के रिपोर्ट करे के तरीका के सरल बनावे के चाही, अब हर महीना रिपोर्ट देवे के होई",Positive,neutral,"दूरसंचर नियमन संस्थान ट्राई ने सोमवार के दिन मोबाइल कंपनियों को निर्देश दिया है कि उनका मोबाइल ऐप और वेबसाइट को बेहतर बनाएं ताकि ग्राहक अनचाहे व्यापारिक कॉल यानी स्पॅम से बच सकें। ट्राई कहल है कि कंपनियां ऐप और पोर्ट्रल की सेटिङ्ग बदलें और उन्हें यूजर के लिए और आसान बनाएं। ग्राहक को स्पाम से जुड़ी शिकायात या सहमति की रपोर्ट देना और भी आसान हो जाए। साथ ही, अब हर कंपनी को तीन माह के बजाय महीने में एक बार उपभोगकर्ता की शिकयतों पर कारवाई की जानकारी देनी होगी।"
f1f22ba59052304e,"सौरव गांगुली कार दुर्घटना : भारतीय क्रिकेट टीम के कप्तान रहल सौरव गांगुली बियफ़ें के रात दुर्गापुर एक्सप्रेसवे पs भईल कार दुर्घटना के शिकार हो गईले। सूत्र के मुताबिक उs बर्धमान में एगो कार्यक्रम में शामिल होखे जात रहले कि तेज रफ्तार से आवत एगो लॉरी उनुका गाड़ी के टक्कर मार देलस। दुर्घटना के खबर सुनला के बाद सौरव गांगुली के प्रशंसक में चिंता के लहर मच गईल। आज ले के खबर के मुताबिक एs दुर्घटना में सौरव सुरक्षित बाड़े। इs हादसा तब भईल जब सौरव अपना गाड़ी के काफिला के संगे एs आयोजन में जात रहले। अचानक तेज रफ्तार से आवत लॉरी उनुका गाड़ी से टकरा गईल, जवना के चलते ड्राइवर तुरंत ब्रेक लगा देलस, बाकिर काफिला में मौजूद बाकी गाड़ी एक दूसरा से टकरा गईल। नीमन बात ई बा कि एह हादसा में केहू के कवनो नुकसान ना भइल, हालांकि गाड़ी के नुकसान जरूर भइल.","सौरव गांगुली बियफ़ें के रात दुर्गापुर एक्सप्रेसवे पs एगो कार दुर्घटना के शिकार हो गईलन। तेज रफ्तार से आवत एगो लॉरी उनुका गाड़ी के टक्कर मार देलस। दुर्घटना के बाद सौरव के प्रशंसक में चिंता के लहर मच गईल, लेकिन खबर बा कि उ सुरक्षित बाड़े। ई हादसा तब भईल जब उ अपना गाड़ी के काफिला के संगे एगो कार्यक्रम में जात रहले। गाड़ी के नुकसान भइल, लेकिन केहू के कवनो चोट ना लागल।","Sourav Ganguly Car Accident: हादसा के शिकार भइल सौरव गांगुली के कार, सामने आइल अपडेट",Positive,neutral,"पूर्व भारतीय कॅप्टन सौराव गाँगूली बरदमान में आयोजित एगो प्रोग्राम में भाग लेके जात रहे। दुर्गापुर एक्सप्रैसवे पर उनका गाड़ी काफिले के साथ तेज गति से आ रहे एगो ट्रक से भिड़ गई। इस हादसे में गांगूली सुरक्षित रहे, पर उनके गाड़ी काफ़िले की अन्य गाड़ियाँ एक-दूसरे से टक्‍कर मारी। इस घटना के बाद उनके प्रशंसकों में भय फैल गया। हालांकि, अब तक की खबरों के अनुसार, किसी को भी चोट नहीं आई है।"
03fe08014e9ecc76,"नई दिल्ली। प्रधानमंत्री नरेंद्र मोदी मलेशिया के प्रधानमंत्री अनवर इब्राहिम से द्विपक्षीय बातचीत के दौरान कहलें कि भारत आ मलेशिया आपन रिश्तन के आउर ऊंचाई पs ले जाये के चाहत बा। ऊ कहलें कि आज के वैश्विक अस्थिर माहौल में दुनो देसन के बीच आपसी सहजोग आउर मजबूत होखल बहुते जरूरी बा। पीएम मोदी कहलें कि मलेशिया में भारतीय प्रवासी समुदाय से मुलाकात करे के मवका मिलल, जवन उनका खातिर बहुते खास अनुभव रहल। ऊ कहलें कि प्रवासी भारतीयन में मलेशियाई नेतृत्व खातिर सम्मान आ अपनापन साफ नजर आवेला, जवन भारत खातिर गरब के बात बा। प्रधानमंत्री मोदी साफ शब्दन में कहलें कि आतंकवाद के खिलाफ लड़ाई में संघतिया देसन के संगे बहुते जरूरी बा। भारत आ मलेशिया दुनो के माने के बा कि दुनो देसन के समृद्धि एक-दूसरा से जुड़ल बा। ऊ कहलें कि भारत आ मलेशिया समुद्री पड़ोसी देस हs आ एह वैश्विक अस्थिर दौर में रिश्तन के पूरा क्षमता के इस्तेमाल करे के जरूरत बा। पीएम मोदी बतवलें कि आज भारत आ मलेशिया के बीच कृषि, मैन्युफैक्चरिंग, स्वच्छ ऊर्जा आ सेमीकंडक्टर जइसन क्षेत्रन में सहजोग तेजी से बढ़ रहल बा। कौशल विकास आ क्षमता निर्माण में दुनो देस मजबूत साझेदार बन रहल बा। रक्षा आ सुरक्षा सहजोग लगातार गहिराह होत जा रहल बा। प्रधानमंत्री मोदी मलेशिया के ASEAN के अध्यक्षता खातिर बधाई देत कहलें कि मलेशिया के सहजोग से भारत-ASEAN संबंध आउर मजबूत होई। पीएम मोदी कहलें कि भारत-मलेशिया रिश्तन के असली ताकत लोगन के बीच के संबंध हs। करीब 30 लाख मलेशियाई नागरिक भारतीय मूल के बा लोग, जवन दुनो देसन के बीच मजबूत सेतु के काम कs रहल बा लोग। ऊ बतवलें कि ई मलेशिया के उनकर तीसरका यात्रा हs आ अनवर इब्राहिम से चउथा मुलाकात, जवन रिश्तन के मजबूती के संकेत बा। पीएम मोदी गर्मजोशी भरल स्वागत खातिर मलेशियाई प्रधानमंत्री आ सरकार के धन्यवाद देलें। ओहिजा, मलेशिया के प्रधानमंत्री अनवर इब्राहिम कहलें कि भारत आ मलेशिया के रिश्ता बहुते मजबूत बा आ आगे हर क्षेत्र में सहजोग बढ़ावे के पूरा उम्मेद बा।","प्रधानमंत्री नरेंद्र मोदी मलेशिया के प्रधानमंत्री अनवर इब्राहिम से बातचीत में कहलें कि भारत आ मलेशिया के रिश्तन के आउर ऊंचाई पs ले जाये के चाहत बा। ऊ बतवलें कि दुनो देसन के बीच आपसी सहजोग आ मजबूत होखल जरूरी बा। पीएम मोदी मलेशिया में भारतीय प्रवासी समुदाय से मुलाकात के अनुभव के खास बतवलें आ आतंकवाद के खिलाफ लड़ाई में संघतिया देसन के संगे रहला के महत्व पर जोर दिहलें। ऊ कहलें कि भारत आ मलेशिया के बीच कृषि, मैन्युफैक्चरिंग आ रक्षा में सहजोग तेजी से बढ़ रहल बा। अनवर इब्राहिम कहलें कि दुनो देसन के रिश्ता मजबूत बा आ हर क्षेत्र में सहजोग बढ़ावे के उम्मेद बा।","PM Modi Malaysia Visit : ‘आतंकवाद के खिलाफ लड़ाई में मित्र देसन के साथ जरूरी’, मलेशिया में द्विपक्षीय वार्ता में बोललें पीएम मोदी",Positive,joy,"त्रा हो रही बा। ## **सरकारी स्रोत से प्राप्त जानकारी के आधार पर राउआ भोजपुरिया भाषा में समाचार संक्षेप:** नरेंन्द्र मोदी, भारत के प्रधानामन्त्री, मलेसिया की यात्रा पर रहलन। ओकर मलेस्या के प्रधामन्त्री अनवार इब्राहीम से भेंट भइल। मोदी ने कहलल कि भारत और मलेस्यिया के रिस्ते और ऊँचाई पर ले जायना चाहे। ओ कहलले कि वैश्‍विक हालात में, दोनों देशों के बीच सहयोग और मजबूती बहुत ज़रूरी है। मोदी ने मलेश्यिया में रहने वाले भारतीयों से मिलन के बारे में भी बताया, जहाँ उनका बहुत अच्छा अनुभव रहा। उन्होंने कहा कि भारत के लिए गर्व की बात है"
f2c0ad0a97d4faab,"नई दिल्ली। दिल्ली के फैमिली कोर्ट भारतीय क्रिकेटर शिखर धवन के पूर्व पत्नी आयशा मुखर्जी के 5.7 करोड़ रुपिया (लगभग 8.94 लाख ऑस्ट्रेलियाई डॉलर) लवटावे के आदेस देलस। अदालत के माेताबिक, ऑस्ट्रेलिया में भइल संपत्ति सेटलमेंट धमकी, जबरन वसूली आ धोखाधड़ी के माध्यम से करवावल गइल रहे। पटियाला हाउस कोर्ट के जज देवेंद्र कुमार गर्ग सब सेटलमेंट दस्तावेजन के शून्य आ अमान्य घोषित कs देलें। कोर्ट कहलस कि धवन से एह कागजातन पs धमकी, दबाव, छल आ धोखाधड़ी के हालत में दस्तखत करावल गइल रहे। दिल्ली कोर्ट फरवरी 2024 में ऑस्ट्रेलियाई अदालत से जारी आदेस के अमल पs रोक लगा देलस। ओह आदेस में दंपति के दुनियाभर के संपत्ति के बंटवारा कइल गइल रहे, जवना में भारत में मवजूद धवन के संपत्ति सामिल रहे। ऑस्ट्रेलियाई कोर्ट संपत्ति के कुल पूल के 15 फीसदी हिस्सा आयशा मुखर्जी के देलस। एकरा अलावे, 7.46 करोड़ रुपिया के संपत्ति रखे के इजाजत आ 15.95 करोड़ रुपिया आ एगो प्रॉपर्टी ट्रांसफर करे के आदेसो दिहल गइल रहे। हालांकि, दिल्ली कोर्ट साफ कs दिहलस कि वैवाहिक विवाद सुलझावे के अधिकार ऑस्ट्रेलियाई अदालत के लगे नइखे। धवन अदालत के बतवलें कि 2012 में शादी के तुरंते बाद से मुखर्जी झूठा आ मानहानिकारक आरोप सार्वजनिक करे के धमकी देत रहली, जवना से उनकर इज्जत आ क्रिकेट करिअर खराब हो सकत रहे। धवन के दावा रहे कि कइयन गो संपत्ति उनका खुद के कमाई से किनाइल, बाकिर दबाव में ओह संपत्तियन के संयुक्त नाम से भा पूरा मुखर्जी के नाम पs रजिस्टर करावे के पड़ल। एगो ममिला में किनल गइल संपत्ति में मुखर्जी के 99 फीसदी मालिक बतावल गइल रहे। सब सबूत देखला के बाद कोर्ट धवन के पक्ष में फैसला देलें आ कहलें कि ऊ ऑस्ट्रेलियाई अदालत के आदेस से बंधल नइखे। संगही 5.7 करोड़ रुपिया पs केस दायर होखे के तारीख से 9 फीसदी सालाना ब्याज देवे के निरदेसो दिहल गइल। साल 2023 में दिल्ली के अदालत दुनो लाेगन के तलाक फाइनल कइलस। कोर्ट मनलस कि बेटा जोरावर से लमहर समय दूर रहे के चलते धवन मानसिक पीड़ा से गुजरलें। हालांकि, स्थायी कस्टडी धवन के ना मिल सकल, बाकिर भारत आ ऑस्ट्रेलिया में मुलाकात आ वीडियो कॉल के अधिकार जरूर दिहल गइल। बाद में धवन कहलें कि उनकरा बेटा से संपर्क करे से रोकल जात रहे। एही बीच, धवन 22 फरवरी 2025 के सोफी शाइन से दूसरका बियाह कइले बाड़ें।","दिल्ली के फैमिली कोर्ट शिखर धवन के पूर्व पत्नी आयशा मुखर्जी के 5.7 करोड़ रुपिया लवटावे के आदेस देलस। अदालत के अनुसार, संपत्ति सेटलमेंट धमकी आ धोखाधड़ी के माध्यम से करवावल गइल रहे। कोर्ट धवन के पक्ष में फैसला देके कहलस कि ऊ ऑस्ट्रेलियाई अदालत के आदेस से बंधल नइखे। धवन के बतावल कि मुखर्जी उनकर इज्जत आ क्रिकेट करिअर के खराब करे के धमकी देत रहली। 2023 में अदालत दुनो के तलाक फाइनल कइलस आ धवन के बेटा से संपर्क करे के अधिकार दिहल गइल।","Shikhar Dhawan : दिल्ली कोर्ट के बड़ फैसला, धवन के पूर्व पत्नी वापस करिहें 5.7 करोड़ रुपिया",Negative,sadness,"और बात, धवन ने दावा कs कि ओह के मुकदमों से बचाव के लिए 2.5 करोड़ रुपया खर्च करल। ## दिल्ली के कोर्ट ने क्रिकेटर शिक्हर धवन की पत्नियी आइशा मुख़र्जी से उनका पांच करोड़ ७० लाख रुपया लौटाने का आदेश दिया है। कोर्ट ने कहा की ऑस्ट्रलिया मे संपत्ति का बँटवारा धमक़ी, ज़बरदस्ती और धोखे से किया गया था। दिल्ली कोर्ट फरवरी २०२४ मे ऑस्ट्रीलिया की कोर्ट द्वारा दिया गया आदेश रद्द कर दिया है, जहाँ दंपत्ति की दुनिया भर की संपत्ति को बँटाया गया था, जिसमें भारत में शिख़र ध"
3faae02ad284d584,"एशिया कप हॉकी टूर्नामेंट में डिफेंडिंग चैंपियन भारत के कड़ा हार के सामना करे के पड़ल बा. उनुका के 17वां रैंकिंग के टीम जापान से 5-2 के अंतर से हरा दिहलस. अब अगिला दौर में जाए खातिर ओकरा इंडोनेशिया पर बड़हन जीत दर्ज करे के पड़ी. टीम आपन अगिला मैच गुरुवार 26 मई के साँझ 5:00 बजे से खेली। दिग्गज बीरेंद्र लकरा के कप्तानी में खेलत भारतीय टीम मंगल का दिने जकार्ता में रक्षात्मक शुरुआत कइलस. पहिला क्वार्टर में कवनो गोल ना भइल. दुसरका क्वार्टर के 23वां मिनट में किन नागयोशी पेनाल्टी एडवांटेज कर के जापान 1-0 से बढ़त बना लिहलन. एह क्वार्टर में ई एकमात्र गोल भइल रहे. मैच के तीसरा क्वार्टर भी जापान के नाम पर बनल रहल। उनुका खातिर कावाबे कोसाई 39वां मिनट में फील्ड गोल से बढ़त दुगुना कर दिहलन. एही बीच टीम इंडिया कई बेर वापसी के कोशिश कइलसि. बाकिर ई सफलता 44वां मिनट में मिलल. जब पवन राजभर फील्ड गोल कइले। मैच के आखिरी क्वार्टर पूरा तरह से जापान के नाम पर रहल. ओका रोमा 48वां मिनट में फील्ड गोल कर के स्कोर 3-1 कर दिहलन. ठीक अगिला मिनट में उत्तम सिंह शानदार गोल कर के स्कोर 3-2 कs दिहलन आ वापसी के उमेद बढ़ा दिहलन. लेकिन, 51वां मिनट में पवन राजभर के ग्रीन मिलल अवुरी 53वां मिनट में सेलवाम के पीला कार्ड मिलल। कार्ड मिलला के तुरंत बाद 53वां मिनट में कोजी यामासाकी गोल कईले। फेर 55वां मिनट में कावाबे कोसाई आपन दुसरका आ टीम के पाँचवा गोल कर दिहलन. एह गोल का बाद भारतीयन के कंधा बंद हो गइल. हालांकि जबले हूटर ना बजल तबले लवटे के कोशिश जारी रहल. लेकिन, स्कोर लाइन में कवनो बदलाव ना भईल। एह टूर्नामेंट में हॉकी इंडिया आपन बेंच ताकत के परखे के फैसला कइले बा. इहे कारण बा कि टोक्यो ओलंपिक के कांस्य पदक विजेता टीम के बहुते सितारा एशिया कप खेले वाली टीम के हिस्सा नइखन बाकिर युवा लोग के आजमावे का फेर में हॉकी इंडिया ई खिताब ना गँवा पवलसि. एहसे पहिले पाकिस्तान इंडोनेशिया पर 13-0 से जीत पक्का कर लिहले रहुवे. जबकि मलेशिया कोरिया के 5-4 से हरा दिहलसि. एगो अउरी मैच में बांग्लादेश ओमान के 2-1 से हरा दिहलसि.","एशिया कप हॉकी टूर्नामेंट में भारत के डिफेंडिंग चैंपियन के कड़ा हार भइल बा, जब ऊ 17वां रैंकिंग के जापान से 5-2 से हार गइल। अगिला दौर में जाए खातिर भारत के इंडोनेशिया पर बड़हन जीत दर्ज करे के पड़ी। मैच में जापान के कावाबे कोसाई आ कोजी यामासाकी गोल कइले, जबकि भारत के पवन राजभर आ उत्तम सिंह गोल कइले। भारत के टीम में कई सितारा ना रहलन, काहे कि हॉकी इंडिया युवा खिलाड़ी के आजमावे के फैसला कइले बा।","एशिया कप हॉकी में हार गइल टीम इंडिया, डिफेंडिंग चैंपियन के 5-2 से हरा दिहलस जापान",Negative,sadness,"तक भारतीय टीम 2 गोल पीछे रहल रहे। भारत के कड़ा हार गइला। एशिया कप्प में 2023 में जापानी टीम ने भारत के खिलाफ 5 - 2 से जीत हासिल कइली। भारतीय टीम के लिए पवन रजभर ने दो गोल किये। मंगलवार के दिन जाकर्टा में खेले गये इस मैच में भारत के लिए उत्तम सिंघ ने भी एक गोल किया। जापान ने पहले क्वाटर में कोई गोल नहीं किया, परंतु दूसरे क्वार्टर में किन् नाग्योशी ने पेनल्टी से गोल करके 1 - 0 की बढ़त ले ली। तीसरे क्वॉटर में कोसाई कावाबे ने फील्‍ड गोल के जर"
05c06ff7fb1b4d9e,"अमेरिकी फिल्म शहर लॉस एंजलेस के जंगल में भारी आग लाग गइल बा. एs आग के चलते 5 लोग के मउत हो गईल अवुरी सैकड़न घर जर के राख हो गईल। ई आग पूरा अमेरिका के हिला दिहले बा. अमेरिका के फिल्मी शहर हॉलीवुड भी एह आग से प्रभावित भइल बा। ऑस्कर के नामांकन के तारीख भी बढ़ा दिहल गईल बा। एह आग पs प्रियंका चोपड़ा भी आपन प्रतिक्रिया देले बाड़ी। प्रियंका अपना इंस्टाग्राम पs एs बारे में एगो पोस्ट शेयर कईले बाड़ी। जवना में प्रियंका लिखले बाड़ी कि, ‘हमार संवेदना ओह सब लोग के संगे बा जे एs आग के चंगुल में आ गइल बा. आशा बा कि रउरा सभे भी सुरक्षित बानी। तेजी से बढ़त आग से हजारों एकड़ जमीन अवुरी सैकड़न घर तबाह हो गईल बा। ओह सब जवानन के हम नमन करत बानी जे रात भर आगे आके लोग के मदद करत आइल बा. बिना थकले लगातार काम करे के राउर भावना के प्रणाम करत बानी।” ऑस्कर नॉमिनेशन्स के लेके आगे बढ़े के फैसलाएकेडमी ऑफ मोशन पिक्चर आर्ट्स एंड साइंसेज अकादमी ऑस्कर खातिर नामांकन के वोटिंग विंडो बढ़ा दिहले बिया. लगभग 10,000 अकादमी सदस्यन खातिर वोटिंग 8 जनवरी से शुरू भइल आ 12 जनवरी के खतम होखे वाला बा. हालांकि अब ई समय सीमा दू दिन बढ़ा दिहल गइल बा आ 14 जनवरी के खतम हो जाई. लॉस एंजलेस में बढ़त भारी आग के देखत अकादमी ई फैसला कइले बिया. एतने ना, जवन नामांकन के घोषणा मूल रूप से 17 जनवरी के होखे वाला रहे, अब 19 जनवरी के घोषणा हो गईल बा। अकादमी बुध के दिने सीईओ बिल क्रेमर के सदस्यन के ईमेल भेजलस जवना में तारीख में बदलाव के विस्तार से बतावल गइल बा. जवना में अकादमी लिखले बिया कि, ‘हम दक्षिणी कैलिफोर्निया में भईल विनाशकारी आग से प्रभावित लोग के प्रति गहरा संवेदना व्यक्त कईल चाहतानी।’ हमनी के कई गो सदस्य आ इंडस्ट्री के साथी लॉस एंजिल्स इलाका में रहेलें आ काम करेलें आ हमनी के रउरा बारे में सोचत बानी जा. अब एह आग में फंसल लोग के सुरक्षित निकालल जा रहल बा। अमेरिका में कड़ा जाड़ा के बीच लागल इs आग सभके चिंता में डाल देले बा।","अमेरिकी फिल्म शहर लॉस एंजलेस के जंगल में भारी आग लाग गइल बा, जवना से 5 लोग के मउत हो गईल आ सैकड़न घर जर के राख हो गईल। प्रियंका चोपड़ा भी आग पर प्रतिक्रिया देते हुए इंस्टाग्राम पs पोस्ट शेयर कइलीं, जहाँ ऊ प्रभावित लोग के प्रति संवेदना व्यक्त कइलीं। ऑस्कर के नामांकन के तारीख बढ़ा दिहल गईल बा, अब वोटिंग 14 जनवरी तक होई आ नामांकन के घोषणा 19 जनवरी के होई। अकादमी आग से प्रभावित लोग के प्रति गहरा संवेदना व्यक्त कइले बिया।","भीषण आग में धधक उठल हॉलीवुड, आगे बढ़ल ऑस्कर नॉमिनेशन के तारीख",Negative,sadness,"देमी ने लिखलस कि, “हमें एह दुखद घटना के बारे में बहुत दुख हो रहा बा. हम आपन सहानुभूति ओह सभ के साथ दे रहे बा जे इस आग में प्रभावित हुए बा।” लॉस ऐंजलस के झुंझलाहट में भयानक आग लग गइली बा। 5 लोग मर गइले आ सैकड़न घर राख में तब्दील हो गए। एह आगो से पूरे अमरीका हिला गइला बा। हॉलिवुड भी एह आगो से असरित भया बा। ऑस्कर के नामांंकन की तारीख भी बढ़ा दिहल गइल बा। प्रियंजा"
808cc2affbe602d0,"नई दिल्ली। भारतीय क्रिकेट टीम के पूर्व कप्तान रोहित शर्मा के एगो नया वीडियो सोशल मीडिया पs तेजी से वायरल हो रहल बा, जेमे ऊ अपना नया Tesla Model Y कार में नजर आवत बाड़ें। 38 साल के रोहित ब्लैक टी-शर्ट आ कैप में दिखाई पड़लें। फैंस के ध्यान उनका कार के नंबर प्लेट पs गइल, काहेकि ई नंबर उनकर दूनो लईकन के जन्मदिन के तारीख (30-15) से जुड़ल बा। जइसे उनकर Lamborghini Urus SE के नंबर 3015 बा, ठीक ओइसहीं Tesla Model Y के नंबरो 3015 रखल गइल बा। रोहित शर्मा के स्पोर्ट्स कारन से खास लगाव बा। हाले में ऊ Lamborghini Urus SE किनले रहस, जवना के कीमत मुंबई में करीब ₹4.57 करोड़ बतावल गइल रहे। अब ऊ Tesla Model Y के मालिक बन गइल बाड़ें। सोशल मीडिया पs वायरल वीडियो में देखल जा सकत बा कि रोहित आपन पत्नी रितिका सजदेह के गले लगावत बाड़ें आ फेर उनका के Range Rover में बिठावत बाड़ें। एह दौरान रितिका मुस्कुरात पूछत बाड़ी – “रउआ दोसरा कार में आवत बानी का?” ई वीडियो फैंस के खूब पसंद आ रहल बा। भारत में Tesla Model Y के बेस वेरिएंट के कीमत लगभग ₹59.89 लाख (एक्स-शोरूम) से शुरू होखेला, जबकि टॉप मॉडल करीब ₹67.89 लाख के बा। ई कार के डिजाइन स्टाइलिश आ आधुनिक बा, आ ई सुपरचार्जर पs मात्र 15 मिनट में 267 किलोमीटर तक चल सकेला।","भारतीय क्रिकेट टीम के पूर्व कप्तान रोहित शर्मा के एगो नया वीडियो सोशल मीडिया पs तेजी से वायरल हो रहल बा, जेमे ऊ अपना नया Tesla Model Y कार में नजर आवत बाड़ें। उनका कार के नंबर प्लेट उनकर दूनो लईकन के जन्मदिन के तारीख से जुड़ल बा। रोहित के स्पोर्ट्स कारन से खास लगाव बा आ ऊ हाल ही में Lamborghini Urus SE किनले रहस। वीडियो में रोहित आपन पत्नी रितिका के गले लगावत बाड़ें आ रितिका मुस्कुरात पूछत बाड़ी – “रउआ दोसरा कार में आवत बानी का?” Tesla Model Y के बेस वेरिएंट के कीमत लगभग ₹59.89 लाख से शुरू होखेला।","Rohit Sharma Car : वाइफ रितिका के गला लगवलें रोहित, फेर निकललें नया कार में; VIDEO सोशल मीडिया पs सुपरहिट",Positive,joy,"भारत के दिग्गज क्रिकेटर रोहित सरमा के नया टेस्ला कार सोशल मिडिया पर धमाल मचा रही बा। उनका नया कार एक ब्लैक रंग का टेस्लA Model Y बा, जवन कीमत के हिसाब से लगभग 60 लाख रुपया के आसपास आंका जात बा। रोहित के इस नई कार में एक खास बात बा, उसका नंबर प्लैट 3️⃣0️⃣1️⃣5️⃣ बा, जो उनके दोनों बेटियों के जन्‍मदिन की तारिख से जुड़ा बा। पहले रोहित के पास एक लैम्बोर्घिनी कार भी रहल रहे, जिसका नंबर भी 3०१५ बा। रौहित अपनी पत्‍नी रीतिका के साथ कार में बैठे हुए दिखाई दे रहे बा"
fa4962cd7c336a9e,"चीनी ब्रांड पोको पिछला साल दिसंबर के अंतिम सप्ताह में वैश्विक बाजार में पोको एम सीरीज के दुगो स्मार्टफोन लॉन्च कईले रहे। कंपनी एs सीरीज में लॉन्च भईल दुनो फोन के एs सेगमेंट में सबसे शक्तिशाली फीचर वाला डिवाइस बतवले बिया। हमनी के कुछ समय पहिले पोको एम 7 सीरीज में लॉन्च भईल पोको एम 7 प्रो के इस्तेमाल कईले रहनी। अब हमनी के कुछ दिन से एह सीरीज के मानक मॉडल के भी इस्तेमाल कईले बानी जा। चलीं, जानी जा की ई फोन हमनी के कइसन लागल? POCO M7 भारत में दुगो स्टोरेज वेरिएंट में आवेला – 6GB रैम + 128GB अवरू 8GB रैम + 128GB। एकरा के तीन रंग के विकल्प में खरीदल जा सकता – मिंट ग्रीन, ओशन ब्लू अवुरी साटन ब्लू। हमनी के एकर ओशन ब्लू कलर 6GB रैम + 128GB वेरिएंट के इस्तेमाल कईले बानी। एs फोन के शुरुआती कीमत 9,499 रुपया बा। एकर टॉप वेरिएंट 10,699 रुपया में बा।पोको एम 7 के डिजाइन आ डिस्प्ले पोको एs बजट फोन के लुक के एs सीरीज के प्रो मॉडल से अलग रखले बा। एकरा पीठ में एगो कैमरा मॉड्यूल मिलेला जवना के डिजाइन गोलाकार रिंग बा। एकरे बैक पैनल में पॉलीकार्बोनेट यानी प्लास्टिक के बॉडी के इस्तेमाल कइल गइल बा। हालांकि एकर बैक पैनल में कैमरा मॉड्यूल के नजदीक ड्यूल टोन डिजाइन होई, जवना में कैमरा मॉड्यूल के आसपास के इलाका चमकदार देखाई दिही। फोन के आगे के हिस्सा में पारंपरिक वाटरड्रॉप नॉच डिजाइन के संगे डिस्प्ले बा। डिस्प्ले के चारों ओर मोट बेजल बा, नीचे के ठोड़ी बाकी तीन बेजल से मोट बा। नीचे आपके यूएसबी टाइप सी चार्जिंग पोर्ट, स्पीकर ग्रिल अवरू माइक मिली। कंपनी ए फोन में 3.5mm ऑडियो जैक भी देले बिया, जवन कि ऊपर से इंस्टॉल बा। एकरा संगे-संगे पोको एम7 के ऊपर बाईं ओर सिम कार्ड स्लॉट उपलब्ध बा। एकरा संगे-संगे दाहिना ओर वॉल्यूम अवुरी पावर के बटन दिहल बा। एs बजट फोन के वजन 206 ग्राम बा। एह पोको फोन में 5,160mAh के पावरफुल बैटरी बा। एकरा के चार्ज करे खातिर 33W फास्ट चार्जिंग फीचर दिहल गईल बा। एक बेर पूरा तरीका से चार्ज कईला के बाद आप एs पोको फोन के पूरा दिन आसानी से इस्तेमाल कs सकतानी। फोन के 0 से 100 प्रतिशत तक चार्ज होखे में करीब 80 से 85 मिनट के समय लागेला। पोको एम7 के पीछे डबल कैमरा सेटअप उपलब्ध बा। एकरा में 50MP के मुख्य कैमरा बा। एकरा अलावे फोन में एगो अवुरी सेकेंडरी कैमरा दिहल गईल बा। फोन के प्राथमिक कैमरा ईआईएस के सपोर्ट करेला। कैमरा सेटअप के संगे एलईडी फ्लैश लाइट भी दिहल गईल बा। फोन के कैमरा में एआई फीचर दिहल गईल बा। एकरा संगे-संगे सेल्फी अवरू वीडियो कॉलिंग खातीर 8MP के कैमरा भी बा। एकरा संगे फोन के कैमरा से लिहल तस्वीर कम रोशनी में भी आपके पसंद ना आई। हाई रिजोल्यूशन वाला फोटो पs क्लिक करे खातीर कैमरा ऐप पs जाके मोड के 50MP पs सेट करे के होई। स्टैंडर्ड मोड में इs अपना 12.5MP के सेंसर के संगे फोटो के क्लिक करी। एकरा अलावे इs फोन कम रोशनी में तस्वीर लेवे खातीर नाईट मोड के सपोर्ट करेला। हालांकि कम रोशनी में लिहल फोटो के जादा ज़ूम कईला पs पिक्सेल हो जाला। मुख्य कैमरा से लिहल फोटो के क्वालिटी आपके पसंद आई। एकर इस्तेमाल रउरा सोशल मीडिया प्लेटफार्म पs अपलोड करे खातिर कs सकीलें. एs फोन के संगे आप बेसिक के संगे हाई क्वालिटी के तस्वीर पs क्लिक कs सकतानी। क्यूआर कोड के स्कैन कs के भी आप ऑनलाइन डिजिटल भुगतान कs सकतानी। सेल्फी कैमरा से लिहल तस्वीर भी ठीक से देखाई दिही।","चीनी ब्रांड पोको दिसंबर में पोको एम सीरीज के दुगो स्मार्टफोन लॉन्च कइले बिया। पोको एम 7 के 6GB रैम + 128GB आ 8GB रैम + 128GB वेरिएंट में उपलब्ध बा, जवन के शुरुआती कीमत 9,499 रुपया बा। ई फोन में 5,160mAh के बैटरी आ 33W फास्ट चार्जिंग फीचर बा। कैमरा सेटअप में 50MP के मुख्य कैमरा आ 8MP के सेल्फी कैमरा शामिल बा, जवन कम रोशनी में भी बढ़िया फोटो खींच सकेला।","POCO M7 5G Review: 10 हजार से कम में अच्छा फीचर्स वाला 5जी फोन, आ का चाही?",Positive,neutral,"**सारंश:** पोको कंपनी दिसंबर महीने के आखिरी हफ्ता में एस्सीरीज में दोनो नया फोन लांच कईल। पोके एम7 फोन भारत में दो वेरियंट में आवेला - 6जीबी रम +12जीबी अवरु 8जीबी रम +12 जीबी। एह फोन के तीन रंग में मिलेला - मिंट ग्रीन, ओशन ब्लू अवरु सैटन ब्‍लू। पोको एम7 का शुरुआती कीमत 9, 999 रुपया बा। ओह फोन के डिजाइन आ डिस्प्‍ले को पोको एस्"
9633b91af44f0258,"प्रो कबड्डी लीग के 33वां मुकाबला यू मुंबा अउर बेंगलुरु बुल्स के बीच खेलल जाए वाला बा। दूनों टीम के बीच होखे वाला ई मुकाबला 22 अक्टूबर के बैंगलोर के कंटीरवा स्टेडियम में खेलल जाई। यू मुंबा अभिन ले PKL 2022 में 5 मैच खेलले बा, जेमें ऊ तीन मुकाबला जीतल बानें अउर दू मैच में उनके हार के सामना करे के पड़ल बा। अंक तालिका में उ 16 अंक के साथ छठवे स्थान पर बानें। यू मुंबा अपने पिछले मुकाबले में Haryana Steelers के हरवले रहनें अउर पिछले तीन में से दू मैच जीतल बानें। Bengaluru Bulls 5 मैच खेलले बा अउर तीन मुकाबला उ जीत चुकल बानें। दू मैच में उनके शिकस्त मिलल बा। उनके एह समय 16 अंक बा अउर ऊ अंक तालिका में 5वें स्थान पर बानें। Bengaluru Bulls अपने पिछले मुकाबला में Tamil Thalaivas के हरवले अउर पिछले तीन में से सिर्फ एक मैच जीतल बा। दूनों ही टीम आपन पिछला मैच जीत के आ रहल बा अउर देखे के होई कि कौन टीम अपने लय बरकरार रखले में कामयाब होला। यू मुंबा – सुरिंदर सिंह (कप्तान), रिंकू एचसी, हरेंदर कुमार, गुमान सिंह, जय भगवान, मोहित और आशीष। बंगलुरू बुल्स – महेंदर सिंह (कप्तान), सौरभ नंदल, विकास कंडोला, नीरज नरवाल, अमन, भरत और मयूर कदम। मैच – यू मुंबा बनाम बैंगलुरु बुल्स, 33वां मुकाबला तारीख – 22 अक्टूबर 2022, 7:30 PM स्थान – कंटीरवा स्टेडियम, बैंगलोर","प्रो कबड्डी लीग के 33वां मुकाबला यू मुंबा अउर बेंगलुरु बुल्स के बीच 22 अक्टूबर के बैंगलोर के कंटीरवा स्टेडियम में खेलल जाई। यू मुंबा अब तक 5 मैच खेलके 3 जीतल बाड़े अउर 2 में हारल बाड़े, जबकि बेंगलुरु बुल्स 5 मैच में से 3 जीत चुकल बाड़े। दूनों टीम पिछला मैच जीत के आ रहल बाड़ी स। यू मुंबा के कप्तान सुरिंदर सिंह बाड़े, जबकि बेंगलुरु बुल्स के कप्तान महेंदर सिंह बाड़े।",यू मुंबा अउर बेंगलुरु बुल्स के बीच 33वें मैच के सम्भावित प्लेइंग 7,Neutral,neutral,"२२ अक्टुबर के रात ७:३० बजे बांगलौर के कन्टिरवा स्टेडीम में यू मुम्बे आणि बंगळूर बुल्स आपस में आमने-सामने होईल। दोनों टीम 5 खेळा खेळे चुकली बा, जहाँ यू मुम्‍बेने तीन जीत हासिल की बा जबकि दोन मैच हारे बा। बंगलूर बुल्‍सने तीन मैच जितले बा आणि दोन हार खाए बा। यू मुंबे अपना पिछिला मैच हरियाणा स्टीलर्स के खिलाफ जीता बा, जबकि बंगालुर बुल्सने तमिल थलाइवास को हराया बा। दोनों टीमों के बीच कांटे की टक्कर देखने को मिलेगी।"
bb76d9a8b82ae9b5,"विश्व बैडमिंटन चैंपियनशिप में भारत के एचएस प्रणय बियफे के बड़ उलटफेर कइलें। ऊ पुरुष एकल के प्री-क्वार्टरफाइनल में हमवतन लक्ष्य सेन के पराजित कइलें। दिग्गजन के हरावे के चलते जाइंट किलर के नाव से मशहूर हो चुकल प्रणय राष्ट्रमंडल खेलन में स्वर्ण पदक जीते वाला लक्ष्य के हराके क्वार्टरफाइनल में आपन स्थान पक्का कs लेले। ओहिजा, महिला एकल में दिग्गज साइना नेहवाल के हार मिलल। लक्ष्य आ प्रणय के बीच एक घंटा आ 15 मिनट तक जबरदस्त मुकाबला देखे के मिलल। लक्ष्य मैच के सुरुआत सानदार अंदाज में कइलें। ऊ पहिला गेम के 21-17 से अपना नामे कs लेले। अइसन लागल कि लक्ष्य एह मैच के आसानी से जीत लिहें, बाकिर प्रणय सानदार वापसी कइलें। ऊ दूसरा गेम के 21-16 आ तीसरा गेम के 21-17 से अपना नामे कs लेले। दुनु के बीचे एह साल ई चउथा मुकाबला रहे। दुनों दु-दु जीतले बा लो। क्वार्टरफाइनल में प्रणय के मुकाबला चीन के झाओ जून पेंग से होई। महिला एकल के बात करीं तs ओलंपिक कांस्य पदक विजेता साइना नेहवाल के प्री-क्वार्टरफाइनल में हार के सामना करे के पड़ल। उनका के थाईलैंड के बुसानन ओंगबामरुंगफान तीन गेम तक चलल मुकाबला में हरवली। 32 साल के साइना पहिला गेम 17-21 से हरला के बाद दूसरा गेम में वापसी कइली आ ओकरा के 21-16 से जीत लेली। बाकिर, अपना प्रदर्शन के ऊ तीसरा गेम में ना दोहरा सकली आ 13-21 से हार गइली। एह तरे साइना 17-21 21-16 13-21 से मैच हार गइली। दुनो के बीच ई आठवां मुकाबला रहे। बुसानन अब 5-3 से आगे हो गइल बाड़ी। पुरुष युगल में एमआर अर्जुन आ ध्रुव कपिला के गैर वरीय भारतीय जोड़ी क्वार्टरफाइनल में आपन जगह पक्का कs लेलस। दुनो सिंगापुर के टेरी ही आ लोह कीन हेन के 18-21, 21-15, 21-16 से हरा देले। क्वार्टरफाइनल में अर्जुन आ कपिला के जोड़ी के मुकाबला इंडोनेशिया के मोहम्मद अहसान आ हेंद्रा सेतिवान के जोड़ी से होई। सात्विकसाईराज रंकीरेड्डी आ चिराग शेट्टी के जोड़ी के सफर जारी बा। दुनो डेनमार्क के जेप्पा बे आ लेस मोलहेदे के जोड़ी के 35 मिनट में 21-12 21-10 से परास्त कs देलस। सात्विक आ चिराग अब क्वार्टरफाइन में जापान के दूसरा वरीयता प्राप्त ताकुरो होकी आ यूगो कोबायाशी के जोड़ी से खेलिहें।","विश्व बैडमिंटन चैंपियनशिप में भारत के एचएस प्रणय बियफे के बड़ उलटफेर कइलें, जहाँ ऊ लक्ष्य सेन के पराजित कइलें। प्रणय क्वार्टरफाइनल में जगह पक्का कs लेले, जबकि साइना नेहवाल प्री-क्वार्टरफाइनल में हार गइली। पुरुष युगल में एमआर अर्जुन आ ध्रुव कपिला के जोड़ी क्वार्टरफाइनल में पहुँच गइल बा। सात्विकसाईराज रंकीरेड्डी आ चिराग शेट्टी के जोड़ी भी क्वार्टरफाइनल में आगे बढ़ल बा।","BWF World Championships: ‘जाइंट किलर’ प्रणय से हरले लक्ष्य सेन, साइना नेहवाल बाहर, सात्विक-चिराग के जोड़ी जीतल",Positive,joy,आठवें मैच में भी साइन नेहवल हार गई। एच.एस. प्रणय ने विश्व बैडमिन्टन चैंपियंसिप में लक्ष्य सेन को पराजीत कराके प्रतिस्पर्धा मे अपना स्थान पक्का किया है। एह मैच एक घंटा आ 15 मिनट तक जबरदस्त रहल जहाँ प्रथम गेम 21 -17 के साथ लक्षित जीते। बाकिर दूसरा आ तीसरा गेम 21 - 16 आ 2 1 - 17 के साथ
cf2f8228ff6170b9,"(जेकर नाम चू, चे, चो, ला, ली, लू,ले,लो,अ से सुरू होला) (जेकर नाम से इ,उ,ए, ओ,वा ,वी ,वू ,वे,वो से सुरू होला) पइसा के ममिला ठीक रही। नया अवसर मिल सकेला। स्वास्थ्य पs खास धेयान दीं। (जेकर नाम का,की,कु,घ,ड़,छ, के, को,हा से सुरू होला) समझदारी से बोलल जरूरी बा। दुरुपयोग से बचीं। परिवार के संगे समय बिताईं। भावनात्मक रूप से संवेदनशील दिन बा। सहजोगी काम में अच्छा परिणाम मिली। (जेकर नाम मा,मी,मू,मे,मो,टा,टी, टू,टे से सुरू होला) आज आत्मविश्वास बढ़ी। काम में पहल ले सकत बानी। जतरा के जोग बा। धैर्य से काम लीं। आर्थिक निर्णय सोच-समझ के लीं। स्वास्थ्य पs ध्यान दीं। (जेकर नाम रा,री,रु,रे,रो,ता,ती,तू,ते से सुरू होला) संबंध में मध्यम तनाव रही। समझदारी से बात करीं। निवेश अच्छा रही। (जेकर नाम तो,ना, नी,नू,ने,नो,या,यी,यूं से सुरू होला) जोश भरल दिन बा। नया योजना सफल हो सकेला। मेहनत के फल जल्दी मिली। परिवार के संगे समय बिताईं। सलाह-मशविरा काम आई। खर्चा पs नियंत्रण रखीं। (जेकर नाम भो,जा, जी,खी,खू,खे,खो,गा,गी से सुरू होला) कमिशन-लाभ के इस्थिति मजबूत बा। काम में प्रगति संभव बा। स्वास्थ्य ठीक रही। (जेकर नाम गू, गे,गो,सा,सी,सू, से,सो,दा से सुरू होला) ज्ञान-शिक्षा में रुचि बढ़ी। संघतिया लोगन से सहजोग मिली। जतरा के अवसर बा। भावनात्मक संतुलन जरूरी बा। रुकल काम पूरा हो सकेला। खरचा नियंत्रित करीं।",पइसा के ममिला ठीक रही आ नया अवसर मिल सकेला। स्वास्थ्य पs खास धेयान दीं आ परिवार के संगे समय बिताईं। आज आत्मविश्वास बढ़ी आ काम में पहल ले सकत बानी। जोश भरल दिन बा आ नया योजना सफल हो सकेला। कमिशन-लाभ के इस्थिति मजबूत बा आ ज्ञान-शिक्षा में रुचि बढ़ी।,22 फरवरी 2026 के राशिफल,Positive,joy,"आज के दिन के लिये अलग-अलग राशियों के लोगन खातिर भिन्न-भिन्न भविष्यवाणी बा। कुछ लोगन के पैसे के मामिला में सुधार होईल, जबकि कुछ के काम में सफलता मिलेगी। स्वास्थ्य का ख्याल रखना जरुरी रहेगा। कुछ राशियाँ के रिश्तों में थोड़ा तनाव रहेगा, परंतु बातचीत से सब ठीक हो जायेगा। नए काम शुरू करने के लिए अच्छा समय बा। कुछ लोगन को जल्द ही लाभ मिलेगा। ज्ञान और शिक्षा में रूचि बढ़ेगी।"
0078756961eb4802,छपरा के डोरीगंज फीडर में दु घंटा के पावर कट रही। पीएसएस डोरीगंज से संचालित होखे वाला 11 केवी चिरांद आ 11 केवी जलालपुर फीडर के कुछ हिस्सन में सबेरे नौ बजे से दुपहरिया 11 बजे तक बिजली बाधित रही। एह संबंध मे विभाग के सहायक अभियंता बतवलें कि 132 केवी हाइटेंशन वायर आ मेगा ट्रांसफॉर्मर के मरम्‍मत के काम कइल जाए के बा। जवना के आलोक मे विद्युत सेवा बाधित रही। जनता से सहजोग के अपील बा कि सबेरे 9 बजे से पहिले बिजली संबंधी जरूरी काम कs लीं। ठंड के मौसम में फीडर में बिजली ट्रिप के समस्या उत्पन्न होत रहे। जवना के लेके ई निर्णय लिहल गइल बा। आवे वाला दिनन में पावर ट्रिप के समस्या ना होखे एकरा खातिर बिजली विभाग कावर से बिजली काट के मरम्मति के निर्णय लिहल गइल बा। 11 बजे के बाद बिजली बहाल कs दिहल जाई।,छपरा के डोरीगंज फीडर में दु घंटा के पावर कट रहल बा। पीएसएस डोरीगंज से संचालित 11 केवी चिरांद आ 11 केवी जलालपुर फीडर में सबेरे 9 बजे से दुपहरिया 11 बजे तक बिजली बाधित रहल। विभाग के सहायक अभियंता बतवलें कि 132 केवी हाइटेंशन वायर आ मेगा ट्रांसफॉर्मर के मरम्‍मत खातिर बिजली काटल गइल बा। ठंड के मौसम में फीडर में बिजली ट्रिप के समस्या के समाधान खातिर ई निर्णय लिहल गइल बा। 11 बजे के बाद बिजली बहाल कs दिहल जाई।,"9 बजे से पहिले निपटा लीं जरूरी काम : छपरा में दु घंटा तक गुल रही लाइट, 11 बजे आई…हर रोज रही ई इस्थिती",Neutral,neutral,"दुई घंटे के लिए छपरा कें डोरिगंज कनेक्शन में बिलेक्ट्रिसिटी कट गइली। नौ से दस बजे तक पीएसएस डोरिजगंज से चलनेवाला 11 केवी चिरांद आ जलालपुर फीडर में बिजली बाधित रहल। विभाग के सहायक अभियांता बतावलें कि 13२ केवी हाइटेंशन वायर आ मेगा ट्रांसफार्मर की मरम्मत काम कइल जा रहे हैं, जिसके कारण विद्युत बाधा आगई। उनहन ने जनता"
9cb961e0d1987c8d,"आजु लाखों यूजर खातिर व्हाट्सएप एगो जरूरी ऐप बन गइल बा. एह इंस्टेंट मैसेजिंग ऐप के माध्यम से आप अपना दोस्तन के संगे भी प्रोफेशनल चैटिंग कs सकेनी। ऑफिस के काम से लेके निजी बातचीत ले व्हाट्सएप के माध्यम से भी होखेला। हालांकि कबो एकरा से ब्रेक लेवे के मन करेला अवुरी कवनो संदेश ना आवे। एकरा खातिर या तs आपके फोन के मोबाइल डाटा चाहे इंटरनेट बंद करे के होई। अयीसन कईला से आप अवुरी ऐप के भी इस्तेमाल ना कs पईब। एंड्रॉयड यूजर खातिर एगो सीक्रेट फीचर दिहल गईल बा, जवना के इस्तेमाल से यूजर सिर्फ उहे एक ऐप बंद कs सकता, जवना के उs इस्तेमाल नईखन कईल चाहत।एs गुप्त फीचर के इस्तेमाल से आप व्हाट्सएप पs आवे वाला मैसेज के बंद कs सकतानी अवुरी फोन पs बिना परेशान भईले वीडियो चाहे अवुरी ओटीटी ऐप के इस्तेमाल कs सकतानी। एकरा खातिर रउरा व्हाट्सएप के डाटा के इस्तेमाल पs रोक लगावे के पड़ी. •एकरा बाद कनेक्टिविटी भा अधिका कनेक्टिविटी विकल्प पs जाईं. •इहाँ आपके फोन में मौजूद ऐप के सूची देखाई दिही। •जवना ऐप के डेटा के इस्तेमाल रउआ रोकल चाहत बानी ओकरा पs टैप करीं। •अयीसन कईला से फोन में इंटरनेट चालू होखला के बाद भी ओ ऐप के इंटरनेट ले पहुंच ना होई। व्हाट्सएप खातिर इs सेटिंग कईला के बाद जदी केहु आपके व्हाट्सएप पs मैसेज भेजता तs ओकरा एको टिक देखाई दिही, यानी मैसेज ना पहुंचाई अवुरी आप बिना परेशानी के फोन पs दोसर सेवा ले पहुंच पाईब। ध्यान रहे कि इs सेटिंग यूजर के फोन में इस्तेमाल होखेवाला ऑपरेटिंग सिस्टम के आधार पs काम करी। स्टॉक एंड्रॉयड 14 यूजर के इs फीचर ना मिली। अयीसना में उs लोग खाली एs ऐप के बैकग्राउंड डाटा एक्सेस के रोके में कामयाब हो जईहे। एप्प खोलते व्हाट्सएप पs फेर से मैसेज आवे लागी।","आजु लाखों यूजर खातिर व्हाट्सएप एगो जरूरी ऐप बन गइल बा, जवना से प्रोफेशनल आ निजी बातचीत होखेला। अगर रउआ ब्रेक लेवे के चाहत बानी तs मोबाइल डाटा या इंटरनेट बंद करे के पड़ी। एंड्रॉयड यूजर खातिर एगो सीक्रेट फीचर बा, जवना से रउआ सिर्फ व्हाट्सएप के डेटा के इस्तेमाल रोक सकीला। एकरा से व्हाट्सएप पs आवे वाला मैसेज ना पहुंची आ रउआ बिना परेशानी के दोसर ऐप के इस्तेमाल कर सकीला। ध्यान रहे कि इs सेटिंग फोन के ऑपरेटिंग सिस्टम पर निर्भर करी।","नेट ऑन होले के बाद भी नइखी चाहत WhatsApp पs आए कवनो मैसेज? कs ली इs सेटिंग्स, दिखाई दी सिंगल टिक",Neutral,neutral,"रोकने के तरीका ढूंढनी पड़ी। **सारांशल:** व्हात्सएप एक लोकप्रिय संदेश ऐप बा जवन लाखों लोगन के इस्तेमाल करत बा। एह ऐप के ज़रिए लोग आपस में संदेश, फोटो, वीडियो आदि बाँट सकेला। हालाँकि, कई बार मन करेले की व्‍हाट्‍सएप्‍प के संदेश बंद कर देवे। एगो नई फीचर्स के आगमन के बाद अब एन्‍ड्रॉइड यूजर एह काम कर सकल बा। एह नई सुविधा के ज़रीए, यूजर एक्‍सेस रोक सकेल बा उन ऐप्स के जो डेटा का इस्तेमाल कर रहे बा। यूजर अपने फोन के ऐप्स की सूची में से वो ऐप्स का चयन कर सकेले"
124dddb2abf2ea9e,"मुख्यमंत्री के निजी सचिव के नाटक कs के धोखा देवे वाला फारूक अमन के उत्तर प्रदेश पुलिस के स्पेशल कार्यबल (एसटीएफ) इहाँ के कामता तिराहे से गिरफ्तार कs लेले बा। एसटीएफ ई जानकारी बियफे के दिने दिहलस. एसटीएफ के ओर से जारी बयान में कहल गईल कि, राज्य के मुख्यमंत्री के निजी सचिव के रूप में धोखाधड़ी अवुरी ऑनलाइन जुआ चलावे वाला गिरोह के एगो प्रमुख सदस्य फारूक अमन के बियफ़ें के देर रात गिरफ्तार कs लिहल गईल। उनुकर संबंध एगो अइसन गिरोह से बा जवन प्रतियोगी परीक्षा पास करे खातिर पईसा लेवेला अवुरी ऑनलाइन जुआ चलावेला। आरोपी फारूक अमन (26) आजमगढ़ के सहरियां गांव के रहे वाला हवे। उनुका लगे से दुगो मोबाइल फोन, आधार कार्ड, ‘वर्क प्रिंट आउट’ समेत बहुत दस्तावेज बरामद भईल बा। बयान में कहल गईल कि एसटीएफ के सूचना मिलता कि मुख्यमंत्री के निजी सचिव के रूप में एगो फर्जी व्हाट्सएप अकाउंट बनावल गईल बा, जवना में उच्च अधिकारी के सीयूजी नम्बर के जोड़ल गईल बा अवुरी अधिकारी के पैरवी करे खातीर लोग के पईसा लिहल जाता प्रतियोगी परीक्षा पास करे के पेशकश कइल जा रहल बा. ई काम संगठित तरीका से कइल गइल।","मुख्यमंत्री के निजी सचिव के नाटक कs के धोखा देवे वाला फारूक अमन के उत्तर प्रदेश पुलिस के स्पेशल कार्यबल (एसटीएफ) कामता तिराहे से गिरफ्तार कs लेले बा। उनुकर संबंध एगो गिरोह से बा जवन प्रतियोगी परीक्षा पास करे खातिर पईसा लेवेला अवुरी ऑनलाइन जुआ चलावेला। फारूक अमन (26) आजमगढ़ के सहरियां गांव के रहे वाला हवे, आ उनुका लगे से दुगो मोबाइल फोन, आधार कार्ड, आ बहुत दस्तावेज बरामद भईल बा। एसटीएफ के जानकारी मिलल कि मुख्यमंत्री के निजी सचिव के रूप में फर्जी व्हाट्सएप अकाउंट बनावल गईल बा।","सीएम योगी आदित्यनाथ के निजी सचिव बताके करत रहे ठगी, STF कइलस गिरफ्तार",Negative,anger,"उत्तराखंड पुलिस के विशेष कार्यबल ने मुख्यमंत्रि के निज सचिब के रूप में काम करत फारुक अमन को कामता तिराहे से पकड़ लिया बा। उनका संबंध एगो गिरोह से बा जो प्रतिस्पर्धी परीक्षा में पैसे लेके और ऑनलाइन जुआ चलाके लोगों को धोखा देत रहल। फारुक अमन (26 वर्ष) आजमगढ़ के सहरियां गांव का निवासी हैं। एसटीफ ने उनसे दो मोबाइल फोन, आधार कार्ड, 'वर्क प्रिंट आउट"
60a211b28b2b117b,"राष्ट्रीय पुरुष हॉकी चैंपियनशिप के खिताबी मुकाबला अतवार के हरियाणा आ तमिलनाडू के बीचे खेलल जाई। सनिचर के सेमीफाइनल में हरियाणा महाराष्ट्र के 5-2 से हरवलस। हरियाणा खातिर दीपक (21 वां, 50 वां), दीपक कुमार (12 वां), रवि (27 वां) आ पंकज (45 वां) मिनट गोल दागल लो। जबकि महाराष्ट्र खातिर दुनो गोल कप्तान तालेब शाह (24 वां, 52 वां) मिनट कइले। दुसरका सेमीफाइनल में तमिलनाडु कर्नाटक के 3-0 से हरवलस।","राष्ट्रीय पुरुष हॉकी चैंपियनशिप के खिताबी मुकाबला अतवार के हरियाणा आ तमिलनाडू के बीच होई। हरियाणा सेमीफाइनल में महाराष्ट्र के 5-2 से हरवलस, जहाँ दीपक, दीपक कुमार, रवि आ पंकज गोल दागलें। महाराष्ट्र खातिर कप्तान तालेब शाह दुनो गोल कइले। दुसरका सेमीफाइनल में तमिलनाडु कर्नाटक के 3-0 से हरवलस।",हॉकी: तमिलनाडु-हरियाणा में खिताबी भिड़ंत आज,Neutral,joy,"अतवार में खेले जायवाला राष्ट्रिय पुरुष होकी चैम्पियनशप के फाइनल मैच में हरयाणा आणि तमिलाडु भिडेलन। हरयाणा ने सेमीफाइनल्स में महाराश्ट्रलाई ५-२ से हराया। दीपक ने २१वें और ५०वें मिनट में गोल किये, दीपंकुमार ने १२वें, रवि ने २७वें और पंकाज ने ४५वें गोल दागा। महाराश्‍ट्र के लिए कप्‍तान तालिब शाही ने २४वें आणि ५२व्या मिनट पर गोल किया। दुसरे सेमीफाईनल में, तमिल्‍नाड्‍य ने कर्‍नाटकलाई ३-० से पराजित किया।"
8e1051572217d7be,"शानशान तूफान से जापान में हलचल मच गईल बा। शानशान तूफान के भयंकर रूप आ भारी बरखा जापान के कुछ हिस्सा में भइल जवना में एक आदमी के मउत हो गइल. आंधी अवुरी बरखा के चलते बहुत खंभा अवुरी पेड़ गिर गईल। एकरा चलते अवुरी बहुत लोग घाही हो गईले। मौसम विभाग के अधिकारी देश के दक्षिणी हिस्सा में सबसे जादा चेतावनी जारी कईले बाड़े, जहां सबसे जादे नुकसान होखे के अनेसा बा। जापान मौसम एजेंसी के कहना बा कि शानशान तूफान दक्षिणी क्यूशू जात बा जहाँ 24 घंटा में 60 सेंटीमीटर (23.6 इंच) ले बरखा होखे के उमेद बा. एजेंसी के कहनाम बा कि एह तूफान से देश के अधिकतर हिस्सा खास कs के कागोशिमा प्रांत में तेज हवा, तेज लहर आ भारी बरखा होखे के अनेसा बा. शहर के आपदा प्रबंधन विभाग के मुताबिक, आंधी-तूफान के चलते मध्य जापान के शहर गामागोरी में भारी बरखा भईल, जहां भूस्खलन से एगो घर के नुकसान पहुंचल अवुरी पांच लोग दब गईले। विभाग के कहल बा कि चार लोग के बचावल गइल बाकिर एक जने के मउत हो गइल.","शानशान तूफान से जापान में हलचल मच गइल बा। एक आदमी के मउत हो गइल आ बहुत लोग घाही हो गईले। मौसम विभाग के अधिकारी दक्षिणी हिस्सा में चेतावनी जारी कईले बाड़े, जहाँ सबसे जादे नुकसान होखे के अनेसा बा। कागोशिमा प्रांत में तेज हवा आ भारी बरखा होखे के उमेद बा। गामागोरी में भूस्खलन से एगो घर के नुकसान भइल आ पाँच लोग दब गईले।",जापान में “शानशान” तूफान आ भारी बरखा से आइल जलजला,Negative,sadness,"जापान में एक शानदार तूफ़ान आगया जवन भारी बारिश आ हवा के साथ भयानक रूप धारण करत रहा। इस तूफ़ान में एगो आदमी की मृत्यु हो गई। बहुत सारे खंभे आ पेड़ गिर गए, और कई लोग घायल हो गए। मौसम वैज्ञानिकों के अनुसार, दक्कन के हिस्सों में सबसे ज़्यादा नुक़सान होने की आशंका है, खासकर क्युशू द्वीप में, जहाँ अगले २४ घंटों में ६० सेमी बारिश होने की उम्मीद है। गामागोरि शहर में भी भारी बाढ़ आई, जिससे एक घर ढह गया और पाँच लोग दबे रहे। चार लोगों को बचा लिया गया, लेकिन एक की जान चली गई।"
03ed4932ebe3d13f,"स्पोर्ट्स डेस्क। Rohit-Virat: पूर्व भारतीय कप्तान रोहित शर्मा आ विराट कोहली के बीसीसीआई साफ तौर पs कह देले बा कि जदि ऊ लोग भारत के लिए अंतरराष्ट्रीय क्रिकेट खेलना जारी रखल चाहत बा लोग, तs ऊ विजय हजारे ट्रॉफी (घरेलू वनडे टूर्नामेंट) में हिस्सा लेवे के होई। दरअसल, टी20 विश्व कप 2024 के बाद रोहित शर्मा आ विराट कोहली (Rohit-Virat) टी20 इंटरनेशनल से संन्यास ले लेले रहे लोग आ 2025 में दुनो खिलाड़ी टेस्ट क्रिकेट से संन्यास के एलान कइल लोग। फिलहाल ऊ लोग खाली वनडे फॉर्मेट में सक्रिय बा लोग। आखिरी बार दुनो अक्टूबर 2025 में ऑस्ट्रेलिया के खिलाफ वनजे सीरीज खेलले रहे लोग, जेमे भारत के 1-2 से हार के सामना करे के पड़ल। एह सीरीज में रोहित एगो अर्धशतक आ एगो नाबाद शतक लगवले रहस, जबकि किंग कोहली तीसरका वनडे में 50 रन से जादे रन बनवले रहस। अब दुनो दिग्गजन के वनडे करियर के लेके लगातार सवाल खड़ा कइल जा रहल बा। वनडे विश्व कप 2027 में दुनो खेलत नजर आई लोग भा ना, ई तs वक्त बताई, बाकिर बीसीसीआई (BCCI) के सूत्रन के अनुसार, बोर्ड आ टीम मैनेजमेंट दुनो खिलाड़ियन के बता दिहल गइल बा कि दुगो फॉर्मेट से रिटायर होखला के बाद अब ओह लोगन के घरेलू क्रिकेट खेलके आपन फिटनेस आ मैच प्रैक्टिस बनाके रखे के होई। पीटीआई के एगो रिपोर्ट के मोताबिक, रोहित शर्मा मुंबई क्रिकेट एसोसिएशन (MCA) के विजय हजारे ट्रॉफी में खेले खातिर उपलब्धता के पुष्टि कs देले बाड़ें, जबकि कोहली के खेलला पs अभी कवनो स्पष्टता नइखे।","पूर्व भारतीय कप्तान रोहित शर्मा आ विराट कोहली के बीसीसीआई कहले बा कि जदि ऊ लोग अंतरराष्ट्रीय क्रिकेट खेलल चाहत बा, तs विजय हजारे ट्रॉफी में हिस्सा लेवे के होई। दुनो खिलाड़ी टी20 इंटरनेशनल से संन्यास ले चुकल बाड़ें आ 2025 में टेस्ट क्रिकेट से भी संन्यास के एलान कइले बाड़ें। रोहित शर्मा विजय हजारे ट्रॉफी में खेलला खातिर उपलब्धता के पुष्टि कइले बाड़ें, जबकि कोहली के खेलला पs अभी कवनो जानकारी नइखे।",Rohit-Virat : BCCI के सख्त रवैया से विजय हजारे ट्रॉफी खेले के तइयार रोहित-विराट; बढ़िया प्रदर्शन दिलाई भारतीय टीम में मौका,Neutral,neutral,"बोर्ड के कहिले बा की रोहित आ कोहल, जदि भारत के खाती खेलना चाहे, तब विजय हाज़ारे ट्राफी खेले। टी20 वर्ल्ड कप के बाद रोहित आ कोहली T20 इंटरनेश्नल से रिटायर हुए हैं आ २०२५ में टेस्ट क्रिकेट भी छोड़ देंगे। अब उनके वनडे करियर के बारे में सवाल उठ रहल बा। रोहित आखिर बार अक्टुबर २०२५ में ऑस्ट्रलिया के खिलाफ वन डे सीरीज खेले थे जहाँ भारत १-२ से हारा। रोहित ने"
eebaad9aacbdd0cd,प्रधानमंत्री नरेंद्र मोदी अमेरिका चहुँप गइल बाड़न. अमेरिका पहुंचला पs पीएम मोदी के एयरपोर्ट पs गर्मजोशी से स्वागत कईल गईल। पीएम मोदी वाशिंगटन डीसी में अमेरिका के राष्ट्रीय खुफिया निदेशक तुलसी गबार्ड से भेंट कइलन. उनुका के नियुक्ति पs बधाई दिहले । पीएम मोदी एक्स पोस्ट कs के कहले कि भारत-अमेरिका कई तरह के पहलू पs चर्चा कईले। एह दौरा के दौरान पीएम मोदी अमेरिकी राष्ट्रपति डोनाल्ड ट्रंप से द्विपक्षीय मुलाकात करीहें. 20 जनवरी के ट्रंप के शपथ लेला के बाद अमेरिका के दौरा करे वाला कुछ विश्व नेता में पीएम मोदी भी शामिल बाड़े। मोदी अवुरी ट्रंप के मुलाकात में बहुत द्विपक्षीय मुद्दा पs चर्चा होखे के उम्मेद बा। विदेश नीति के निगरानी करे वाला विशेषज्ञ संकेत देले बाड़े कि कुछ संवेदनशील मुद्दा पs भी बातचीत हो सकता। पीएम मोदी के ई यात्रा ओह घरी हो रहल बा जब ट्रम्प 20 जनवरी के पदभार सम्हरला के बाद विभिन्न देशन से आयात कइल सामान पs शुल्क लगावे के धमकी देत ​​बाड़न.,"प्रधानमंत्री नरेंद्र मोदी अमेरिका चहुँप गइल बाड़न आ एयरपोर्ट पs उनका के गर्मजोशी से स्वागत कईल गईल। पीएम मोदी वाशिंगटन डीसी में राष्ट्रीय खुफिया निदेशक तुलसी गबार्ड से भेंट कइलन आ नियुक्ति पs बधाई दिहले। ओह दौरा में पीएम मोदी अमेरिकी राष्ट्रपति डोनाल्ड ट्रंप से द्विपक्षीय मुलाकात करीहें, जहाँ कई मुद्दा पs चर्चा होखे के उम्मेद बा। ई यात्रा ओह घरी हो रहल बा जब ट्रंप आयात कइल सामान पs शुल्क लगावे के धमकी देत बाड़न।",PM Modi:अमेरिका दौरा पs पहुंचले पीएम मोदी,Positive,joy,प्रीम मिनिस्टर नरेन्द्र मोदी अमरीका गेहल बाड़न। एअरपोर्ट पर उनका गरमजोशी से स्वीकार कईल गेल। उनहुं अमरिकी नेशनल इंटेलिजेंस डायरेक्टर तुलसी गरबर्ड से भेट कइले आ उनका नियुक्ती पर बधाइ दीहले। मोदी ने एक्सप्रेस में कहल कि भारत आ अमरििका के बिच बहुआयामी मुद्दों पर चरचा भइल। मोदी अमरिका के प्रेसिडेंट डोनल ट्रम्प से भी भेट करेहें। ट्रम्प के पद ग्रहण के बाद मोदी पहिले विश्व नेताओं में से एक बाड़े जवन अम्रिका दौरे पर गेहे। विदेश
8af97994e66e600b,"पटना। राजद के दुगो विधायक तेजस्वी यादव के संगे छोड़ देले बा लाेग आ भाजपा के दामन थाम लेले बा लोग। ई दुनो विधायक नवादा से विधायक विभा देवी आ रजौली से विधायक प्रकाश वीर हs लोग, जे पीएम मोदी के गया में आयोजित सभा में भाजपा के मंच पs मवजूद रहे लोग। बता दीं कि प्रधानमंत्री नरेंद्र मोदी आज बिहार के दौरा पs अइलें। इहां पीएम मोदी गयाजी जिला के बोधगया इस्थित मगध विश्वविद्यालय परिसर से जनसभा के संबोधित कइलें। एह दौरान उ बिहार के करीब 13 हजार करोड़ रुपिया के विकास परियोजनन के तोहफा देले। एह मवका पs बिहार के राज्यपाल आरिफ मोहम्मद खान, मुख्यमंत्री नीतीश कुमार, उपमुख्यमंत्री सम्राट चौधरी आ एनडीए के कइयन गो नेता मवजूद रहे लोग। नवादा से राष्ट्रीय जनता दल के विधायक विभा देवी हई जे दुष्कर्म पीड़ित राजवल्लभ प्रसाद यादव के पत्नी हs। राजवल्लभ यादव हाले में जेल से बाहर आइल बाड़ें आ रजौली से विधायक प्रकाश वीर मंच पs बाड़ें।","पटना। राजद के दुगो विधायक तेजस्वी यादव के संगे छोड़ के लोग भाजपा के दामन थाम लेले बा लोग। ई विधायक नवादा से विभा देवी आ रजौली से प्रकाश वीर हs, जे पीएम मोदी के सभा में भाजपा के मंच पs मौजूद रहलें। पीएम मोदी बिहार के दौरा पs आके 13 हजार करोड़ रुपिया के विकास परियोजनन के तोहफा देले। एह मवका पs बिहार के राज्यपाल, मुख्यमंत्री आ उपमुख्यमंत्री समेत कई नेता मौजूद रहलें।","Bihar Politics : राजद के बड़ झटका… तेजस्वी के संगे छोड़के भाजपा में सामिल भइलें दुगो विधायक, गया में पीएम के संगे मंच पs दिखल लो",Neutral,neutral,"प्रधानमन्त्री नरेन्द्र मोदी अहिं दिन गया में एक जनसभे में भाषण कइले। उनहें बिहार में करिब १३ हज़ार करोड़ रुपया के विकास प्रोजेक्ट्स के लिए घोषणा कइली। एह सभे मे राज्यपाल अरिफ़ मोहमद ख़ान, मुख्‍य मंत्री नीतिष कुमार आ उपमुख्‍या मंत्री सम्रात चौध्‍हरी भी मौजूद रहल। राजद के दोनो विधायक विभादेवी (नवादा) आ प्रकाशवीर (राजौली) भाजपा के मंच पर रहलन। विभा देवी दुष्‍कर्म पीडित राजवलभ यादव की पत्‍नी हई।"
08a74474f317458b,"ब्राजील के महान फुटबॉलर पेले के हालत बहुते गंभीर बा। पेले कोलन कैंसर से जूझ रहल बाड़े। डॉक्टर लोग पेले के कीमोथेरेपी बंद कs देले बा, काहेकि उनका पर अब एकर (कीमोथेरेपी) के असर नइखे हो रहल। 82 साल के पेले ले हॉस्पिटले में एंड-ऑफ-लाइफ (End-Of-Life) केयर खातिर शिफ्ट कs दिहल गइल बा। हैरी केन आ किलियन एमबाप्पे जइसन कइयन गो दिग्गज पेले खातिर ट्वीट कs के प्रार्थना कइले बा लोग। पेले 1958, 1962 आ 1970 में ब्राजील के वर्ल्ड कप जीता चुकल बाड़े। ऊ फुटबॉल के इतिहास में 3 विश्व कप जीते वाला इकलौता खिलाड़ी बाड़े। पेले के सामान्य चेक अप खातिर अस्पताल में भर्ती करावल गइल रहे। हालांकि, बाद में उनकर अंग काम कइल बंद कs दिहल। लगभग सात महीना पहिले उनका के एही बेमारी के चलते हॉस्पिटल में भर्ती करावल गइल रहे। एंड ऑफ लाइफ केयर (End-of-Life Care) में कवनो व्यक्ति के कुछ घंटा, दिन भा महीना रखल जाला। कवनो इंसान के आखिरी समय नजदीक होला तs ओकर खास देखभाल कइल जाला। एह दौरान ओकर मानसिक आ भावनात्मक जरूरतन के धेयान रखल जाला।","ब्राजील के महान फुटबॉलर पेले के हालत बहुते गंभीर बा आ ऊ कोलन कैंसर से जूझ रहल बाड़े। डॉक्टर लोग पेले के कीमोथेरेपी बंद कs देले बाड़े काहेकि एकर असर नइखे हो रहल। 82 साल के पेले के एंड-ऑफ-लाइफ केयर खातिर हॉस्पिटल में शिफ्ट कs दिहल गइल बा। कई दिग्गज फुटबॉलर जइसन हैरी केन आ किलियन एमबाप्पे पेले खातिर प्रार्थना कइले बाड़े। पेले 1958, 1962 आ 1970 में ब्राजील के वर्ल्ड कप जीते वाला इकलौता खिलाड़ी बाड़े।","FIFA World Cup: फुटबॉल वर्ल्ड कप के बीचे जिंदगी आ मौत के जंग लड़ रहल बाड़े पेले, नइखे हो रहल कीमोथेरेपी के असर",Negative,sadness,"ब्राज़ील के महानायक खेलाड़ी पेले की हालत बेहद गम्भीर बनी हुई बा। ओहं कोलोन कैंसिर से लड़ रहे बाड़े। डॉक्टर लोग अब उनका कीमियोथेरपी बंद कर देल बा, कयोंकि अब एकरा से उनको कोई फायदा नही हो रहा। 82 वर्षीय पेले को एंड ऑफ़ लाइफ़ केयर के लिए अस्‍पताल ले जाया गया बा। हॅरी केने आ क्‍यिलियन एम्बाप्‍पे जैसे दिग्‍गज खिलाड़ी पेले के लिए दुआ कर रहे बा। पेले ने 3 वर्ल्‍ड कप जीत के फूटबॉल इतिहास्‍स में अपना नाम दर्ज कराया बा।"
0fddeeabbf7c52c7,"करनाल। हरियाणा के करनाल जिला में NH-44 हाईवे के लगे इस्थित मशहूर कर्ण लेक के सटले बियफे के सबेरे अचानक हड़कंप मच गइल। इहवां संदिग्ध विस्फोटक सामान मिले के जानकारी पुलिस तक पहुंचल। मिलल जानकारी के मोताबिक, करीब साढ़े 11 बजे पुलिस कंट्रोल रूम में फोन आइल कि कर्ण लेक इलाका में विस्फोटक जइसन कुछ पड़ल बा। सूचना मिलतही करनाल पुलिस टीम तुरंते मवका पs पहुंचल आ पूरा इलाका घेर के आवागमन रोक देलस, ताकि कवनो अनहोनी ना हो सके। जांच-पड़ताल में पुलिस के ओह जगह से दुगो ग्रेनेड मिलल। फटाफट बम निरोधक दस्ता के बाेलावल गइल। टीम मौका पs पहुंच के हालात के जायजा लेलस। सावधानी बरतत टीम एगो गो ग्रेनेड के सुरक्षित तरीका से डिफ्यूज कs देलस। जबकि दूसरका ग्रेनेड के निष्क्रिय करे खातिर प्रयास चल रहल बा। बम निरोधक दस्ता के विशेषज्ञ लगातार कोसिस में बा लोग कि बिना कवनो नुकसान दूसरको ग्रेनेड डिफ्यूज हो जावs। ग्रेनेड मिलला के खबर फइलतही इलाका में दहशत पसर गइल। कर्ण लेक एगो जानल-मानल पिकनिक जगह हs, जहां आमतौर पs भीड़ लागल रहेला। बाकिर पुलिस आ प्रशासन के फुर्ती से लोगन के सुरक्षित जगह भेज दिहल गइल आ पूरा इलाका सील कs दिहल गइल। अभी ई जांच जारी बा कि ई विस्फोटक सामान इहां कइसे आ के रखल। पुलिस आसपास लागल सीसीटीवी फुटेज खंगाल रहल बिया आ सुराग जुटावे में लागल बिया। ममिला के गंभीरता के देखत करनाल पुलिस बतवस कि सांझ के करीब चार बजे प्रेस कॉन्फ्रेंस होई, जवना में अभी तक भइल जांच आ अगिला कदम के जानकारी दिहल जाई।","करनाल जिला में कर्ण लेक के लगे बियफे के सबेरे संदिग्ध विस्फोटक सामान मिलल। पुलिस के कंट्रोल रूम में सूचना मिलला पर टीम तुरंते मवका पs पहुंचल आ पूरा इलाका सील क देलस। जांच में दुगो ग्रेनेड मिलल, जिनमें से एगो के सुरक्षित तरीका से डिफ्यूज कइल गइल। इलाका में दहशत फैल गइल आ लोगन के सुरक्षित जगह भेज दिहल गइल। पुलिस सीसीटीवी फुटेज खंगाल के सुराग जुटावे में लागल बिया आ सांझ के प्रेस कॉन्फ्रेंस में जानकारी दीहल जाई।","Haryana News : करनाल के कर्ण लेक के लगे मिलल विस्फोटक सामान, दू गो ग्रेनेड मिलल; एगो डिफ्यूज कइल गइल",Negative,fear,"हरियाणा में करनाल जिले के करण लेक में एक संदेहास्पद घटना घटी। सुबह के समय पुलिस को पता चलल कि लेक किनारे एक जगह पर कुछ विस्फ़ोटक पदार्थ पड़े बा। पुलिस तुरंत मौके पर पहुँचल आ पूरे इलाके को सील कर देल। जाँच में पुलिस को दो ग्रैनड मिले। एक ग्रैनेड को सुरक्षित रूप से डिफ़्यूज कर दिया गया है, जबकि दूसरा अभी भी खतरा बना हुआ है। पुलिस विशेषज्ञ इसे निष्प्रभावी बनाने की कोशिश कर रहे हैं। घटना के बाद इलाक़े में भय का माहौल है।"
151de7a2b27be8d5,महाराष्ट्र सरकार लव जिहाद आ जबरन धर्म परिवर्तन के खिलाफ कार्रवाई के तइयारी भी शुरू कs दिहले बिया. एकरा खातीर सरकार सात सदस्यीय समिति के गठन कईले बिया। ई समिति लव जिहाद आ जबरन धर्म परिवर्तन रोके खातिर कानूनी उपाय के सुझाव दी. एह समिति के अध्यक्ष महाराष्ट्र के डीजीपी बनावल गइल बा. बता दीं कि अउरी कई राज्यन में भी राज्य सरकार कथित लव जिहाद आ जबरन धर्मांतरण के रोके खातिर कदम उठवले बाड़ी सs आ अब महाराष्ट्र भी एह सिरीज में शामिल होखे वाला बा।,"महाराष्ट्र सरकार लव जिहाद आ जबरन धर्म परिवर्तन के खिलाफ कार्रवाई के तइयारी शुरू कइले बिया। एकरा खातिर सरकार सात सदस्यीय समिति के गठन कइले बिया, जे कानूनी उपाय के सुझाव दी। ई समिति के अध्यक्ष महाराष्ट्र के डीजीपी बनावल गइल बा। कई राज्यन में भी लव जिहाद आ धर्मांतरण रोके खातिर कदम उठावल गइल बा, आ अब महाराष्ट्र भी एह सिरीज में शामिल होखे वाला बा।","लव जिहाद आ जबरन धर्मांतरण रोकले के तैयारी, महाराष्ट्र सरकार बनवलस उच्च स्तरीय समिति",Neutral,anger,महारश्ट्र सरकार अब लव जहाद आणि जबरदस्ती धर्मपरिवर्तनविरुद्ध कारवाई करण्याची तयारी करत आहे. यासाठी सरकारने सात जणांच्या समितीची स्थापना केली आहे. ही समिति कायदेशीर उपाय सुचविण्याची जबाबदारी घेणार आहे. समितीचे अध्यक्ष म्हणून महाराश्ट्राचे डीजीप नियुक्त केले गेले आहेत. अनेक राज्यांनी या प्रकरणात आधीच पावले उचलली आहेत आणि आता म्हाराश्त्र देखील यात सामील होत आहे .
7af2d0be2846b862,"फिलीपींस के कनलाओन ज्वालामुखी में भारी विस्फोट भइल बा. विस्फोट के बाद राख के बादल हजारों मीटर आसमान में गुबार फैल गईल। प्रशासन के ओर से पास के गांव के खाली करावे के आदेश दिहल गईल बा अवुरी राहत के काम चलता। फिलीपींस के नागरिक रक्षा कार्यालय के कहल बा कि कनलाओन ज्वालामुखी के विस्फोट के चलते करीब 87 हजार लोग के तुरते प्रभाव से बचा के सुरक्षित जगहा ले जाइल गइल बा. नेग्रोस द्वीप पs स्थित कनलाओन ज्वालामुखी समुंद्र तल से 2,400 मीटर (लगभग 8,000 फीट) ऊपर उठल बा। ई फिलीपींस के 24 गो सक्रिय ज्वालामुखी सभ में से एक हवे। ई ज्वालामुखी पहिले भी कई बेर फट चुकल बा आ एकरा लगे स्थित गाँवन खातिर ई हमेशा से खतरा के निशान रहल बा। कनलाओन एगो सक्रिय ज्वालामुखी हवे फिलीपींस इंस्टीट्यूट ऑफ ज्वालामुखी विज्ञान आ भूकंप विज्ञान अलर्ट के स्तर बढ़ा दिहले बा. संस्थान चेतावनी देले बा कि विस्फोट शुरू हो गईल बा जवन कि अवुरी बड़ विस्फोट में बदल सकता। कनलाओन ज्वालामुखी आखिरी बेर एह साल जून में विस्फोट भइल रहे. ई ज्वालामुखी नीग्रोस दीप पs नीग्रोस ओरिएंटल आ नीग्रोस ऑक्सिडेंटल प्रांत सभ में फइलल बा आ ई देस के सभसे सक्रिय ज्वालामुखी सभ में से एक हवे।","फिलीपींस के कनलाओन ज्वालामुखी में भारी विस्फोट भइल बा, जेकरा बाद राख के बादल हजारों मीटर आसमान में फैल गइल। प्रशासन पास के गांव के खाली करावे के आदेश दिहलस आ राहत के काम चल रहल बा। करीब 87 हजार लोग के सुरक्षित जगहा ले जाइल गइल बा। कनलाओन ज्वालामुखी समुंद्र तल से 2,400 मीटर ऊपर बा आ ई फिलीपींस के 24 गो सक्रिय ज्वालामुखी में से एक हवे। संस्थान चेतावनी दिहले बा कि विस्फोट बड़ हो सकेला।","फिलीपींस में फेर फाटल कनलाओन ज्वालामुखी, 87,000 लोगन के कइल गइल रेस्क्यू",Negative,fear,"फीलिपींस में कनलोन ज्वालामुखी भारी तीव्रता से फटल गेल बा। इसका राख का बादल कई हजार मीटर ऊँचाई तक फैल गेला। प्रशासन ने पास के गाँववालों को खाली करने का आदेश देल बा आ राहत कार्यों में जुट गइले बा। लगभग ८७ हजार लोगों को सुरक्षित स्थान पर पहुँचा दिह गेल बा। कनलोन समुद्रतल से २,४०० मीटर ऊपर उठल बा आ फीलीपीन के ८,००० फीट ऊँचाई पर स्थित सक्रिय ज्वाला मुखी सभ में से एक हवे।"
bfe7342a7d3db2cc,"पटना। बिहार विधानसभा चुनाव 2025 के दूसरका चरण के मतदान खातिर अब सब कुछ तय हो गइल बा। 11 नवंबर माने काल्ह 20 जिला के 122 सीटन पs वोटिंग होखे वाला बा। प्रचार-प्रसार के दौर थम गइल बा आ अब उम्मीदवार घर-घर जाके वोटर लोग से समर्थन मांगत बा लोग। एह दूसरका चरण में एनडीए के 122 आ महागठबंधन के 126 प्रत्याशी मैदान में बा लोग। एनडीए में भाजपा के 53, जदयू के 44, लोजपा (रामविलास) के 15, राष्ट्रीय लोक मोर्चा के चार आ हम (हिंदुस्तानी आवाम मोर्चा) के छव प्रत्याशी सामिल बा लोग। ओहिजा, महागठबंधन में राजद के 70, कांग्रेस के 37, वीआईपी के आठ, सीपीआई के चार, सीपीआई (एमएल) के छव आ सीपीआई के एगो उम्मीदवार किस्मत आजमा रहल बा लोग। जनसुराज पार्टी के 120 प्रत्याशी चुनावी मैदान में बा लोग। एह चरण में पूर्व डिप्टी सीएम तारकिशोर प्रसाद, रेणु देवी, मंत्री विजेंद्र यादव, नीतीश मिश्रा, प्रेम कुमार, कृष्णनंदन पासवान, प्रमोद कुमार, शीला मंडल, लेशी सिंह, जयंत राज, कांग्रेस प्रदेश अध्यक्ष राजेश राम, लोजपा (रामविलास) के प्रदेश अध्यक्ष राजू तिवारी, राजद के वरिष्ठ नेता उदय नारायण चौधरी, रालोमो प्रमुख उपेंद्र कुशवाहा के पत्नी स्नेहलता, कांग्रेस विधायक दल के नेता शकील अहमद खान आ भाकपा (माले) विधायक दल के नेता महबूब आलम जइसन नेता लोग के प्रतिष्ठा दांव पs बा। आरजेडी नेता तेजस्वी यादव कहलें कि पहिला चरण के बाद एनडीए में मायूसी साफ देखल जा रहल बा। अबकी बिहार के जनता बदलाव के मूड में बिया। ऊ कहलें कि अबकि बेर बिहार के अधिकारी लोग दबाव में ना आके संविधान के मर्यादा निभावे लोग। तेजस्वी यादव दुगो गुजराती पs तंज कसत कहलें कि ऊ लोग बिहार पs कब्जा कइल चाहत बा आ बिहार के उपनिवेश बनावे के साजिश में लागल बा। बाकिर बिहार के जनता अबकि बेर लोकतंत्र के डकैती ना होखे दी। एनडीए के नेता आ भाजपा प्रत्याशी सम्राट चौधरी कहलें कि बिहार के जनता पूरा तरे एनडीए के संगे बिया। ऊ दावा कइलें कि 11 नवंबर के वोटिंग में एनडीए प्रचंड बहुमत से जीत हासिल करी। ऊ जनता से अपील कइलें कि विकास, सुरक्षा आ स्थिरता खातिर बड़ संख्या में वोट देके एनडीए के सरकार दोबारा बनाईं। ऊ कहलें कि भाजपा के राज में रोजगार, शिक्षा आ उद्योग के क्षेत्र में ठोस काम भइल बा। विपक्ष पs तंज कसत ऊ कहलें- “ई लोकतंत्र हs, राजतंत्र ना। जनता तय करी कि राजा के बनी, परिवार ना।”","बिहार विधानसभा चुनाव 2025 के दूसरका चरण के मतदान 11 नवंबर के होखे वाला बा, जहाँ 20 जिला के 122 सीटन पs वोटिंग होई। एनडीए आ महागठबंधन के 122 आ 126 प्रत्याशी मैदान में बा लोग। आरजेडी नेता तेजस्वी यादव कहलें कि बिहार के जनता बदलाव के मूड में बिया आ एनडीए में मायूसी देखल जा रहल बा। एनडीए के नेता सम्राट चौधरी दावा कइलें कि जनता एनडीए के संगे बा आ 11 नवंबर के प्रचंड बहुमत से जीत हासिल करी।","Bihar Election 2025 : दुसरका चरण में एनडीए के 122 आ महागठबंधन के 126 उम्मीदवार मैदान में, बड़-बड़ नेता लोग के इज्जत दांव पs",Neutral,neutral,"दा कायम रखे। बिहार के मुख्यमंत्री नीतिश कुमार ने कहा कि बिहार की जनता का भरोसा हम पर है। हमारी सरकार ने बिहार को विकास के रास्ते पर अग्रसर किया है। जनता हमारी नीतियों और कार्यप्रणाली से संतुष्ट है। राष्ट्रीय जनता दल (राजद) के राष्ट्रीय अध्यक्ष लालू यादव के बेटे और बिहार में विपक्षी दलों के नेतृत्वकर्ता, तेजसवी यादव ने दावा किया है कि पहला चरण का मतदान परिणाम दिखा रहा है कि बिहारी जनता एनडीडी से निराश है। उन्होंने कहा कि अब बिहार का माहौल बदल गया है और जनता बदलने की तैयारी में है। उन्होंने यह भी कहा कि इस बार अधिकारी वर्ग"
2462f3a84d4a6db0,"लखनऊ। प्रदेश के मुस्लिम राजनीति एक बेर फेर बड़ राजनीतिक पुनर्संयोजन के संकेत दे रहल बा। कांग्रेस के वरिष्ठ नेता आ कबो बसपा सरकार में प्रभावशाली चेहरा रहल नसीमुद्दीन सिद्दीकी के इस्तीफा ना खाली कांग्रेस के प्रदेश इकाई के कमजोर कइले बा, बलुक 2027 के विधान सभा चुनाव से पहिले मुस्लिम सियासत के लेके नया बहसो छेड़ देले बा। सवाल ई बा कि का प्रदेश में कवनो नया मुस्लिम-केंद्रित भा सपा के इतर पीडीए (पिछड़ा-दलित-अल्पसंख्यक) राजनीतिक विकल्प उभरी भा फेर मुस्लिम मतदाता एक बेर फेर पुरान आ आजमावल दलन पs भरोसा जताई। राजनीतिक गलियारलन में चरचा बा कि नसीमुद्दीन सिद्दीकी, एआइएमआइएम प्रमुख असदुद्दीन ओवैसी, आजाद समाज पार्टी के चंद्रशेखर आजाद, अपना दल (कमेरावादी) के पल्लवी पटेल आ वरिष्ठ नेता स्वामी प्रसाद मौर्य मिलके एगो नया पीडीए मोरचा बना सकत बा लोग। जदि ई प्रयोग आकार लेत बा तs ई प्रदेश के राजनीति में एगो नया समीकरण पेश कs सकत बा, हालांकि एकर सफलता के लेके अभी संशय बनल बा। प्रदेश में मुस्लिम आबादी लगभग 20 प्रतिशत मानल जाले, जवना के सीधा असर करीब 140 विधानसभा सीटन पs पड़ेला। कांग्रेस आ बसपा के लगातार कमजोर होखला के बाद बीतल कुछ चुनावन में मुस्लिम मतदाता के रुझान मुख्य रूप से सपा के ओर रहल बा। हालांकि सपा के सामने चुनौती बा, आजम खां के जेल में होखला के कारण पार्टी के लगे फिलहाल कवनो बड़ मुस्लिम चेहरा नइखे जवन पूरा समुदाय के एकजुट कs सके। दूसरका ओर, नसीमुद्दीन के इस्तीफा के बाद कांग्रेस में केहू प्रभावशाली मुस्लिम नेता नइखे बचल। राजनीतिक विश्लेषकन के माने के बा कि जदि नसीमुद्दीन आ आउर नेता मिलके नया मोर्चा बनावत बा लोग बा तs ओकर परीक्षा 2027 के चुनाव होई। 2024 के लोक सभा चुनाव में पल्लवी आ ओवैसी द्वारा आजमावल गइल पिछड़ा-दलित-मुस्लिम (पीडीएम) मोर्चा कवनो खास प्रभाव ना छोड़ सकल रहे। एकरा पहिले पीस पार्टी आ कौमी एकता दल जइसन प्रयोग कुछ सीमित सीटन तक सिमट के रह गइल रहे। सेंटर फार आब्जेक्टिव रिसर्च एंड डेवलपमेंट के निदेशक अतहर हुसैन के कहनाम बा कि मुस्लिम समाज खुद के भाजपा शासन में सबसे जादे असुरक्षित महसूस करेला, एहिसे ओकर प्राथमिकता इहे रहेला कि जवन दल भाजपा के सीधा चुनौती देवे के इस्थिति में होखे, ओकर समर्थन कइल जावs। प्रदेश के राजनीति में मुस्लिम प्रतिनिधित्व लगातार घटल बा। 2024 के चुनाव में मुस्लिम मतदाता ओवैसी के बजाय सपा पs भरोसा जतवले रहे लोग। इस्लामिक सेंटर आफ इंडिया के चेयरमैन मौलाना खालिद रशीद फरंगी महली के अनुसार, मुस्लिम समाज में शिक्षा के स्तर बढ़ल बा आ अब मतदाता ई समझे लागल बा लोग कि कवन दल ओकरा हित में बा आ कवन सही ना। उनका मोताबिक, ओही दल के मुस्लिम समाज वोट दी जवन बेवहारिक रूप से उनका हितन के रक्षा करता नजर आई। ओहिजा, सुन्नी वक्फ बोर्ड के पूर्व मुख्य कार्यपालक अधिकारी एमएम शोएब के माने के बा कि मुस्लिम समाज में आजो ई धारणा मजबूत बा कि भाजपा के हरावे के क्षमता रखे वाला दल के वोट दिहल जावs, हालांकि इहो संभव बा कि एआइएमआइएम भा कवनो नया मोर्चा के कुछ हद तक मुस्लिम समर्थन मिल जाई।","लखनऊ। प्रदेश के मुस्लिम राजनीति में बड़ बदलाव के संकेत मिल रहल बा। नसीमुद्दीन सिद्दीकी के कांग्रेस से इस्तीफा देवे के बाद मुस्लिम सियासत में नया बहस शुरू हो गइल बा। राजनीतिक गलियारन में चर्चा बा कि सिद्दीकी, ओवैसी, चंद्रशेखर आजाद आ पल्लवी पटेल मिलके नया पीडीए मोर्चा बना सकत बाड़ें। मुस्लिम मतदाता के रुझान मुख्य रूप से सपा के ओर रहल बा, लेकिन सपा के सामने आजम खां के जेल में होखला के कारण चुनौती बा। राजनीतिक विश्लेषकन के माने तs 2027 के चुनाव में नया मोर्चा के परीक्षा होई।",UP News : यूपी में नया मुस्लिम विकल्प भा पुरान मजबूरी? विधान सभा चुनाव 2027 से पहिले बड़ बदलाव के संकेत!,Neutral,fear,"िन सिद्दिकी के नेतृत्व में नई पार्टी बनाई जात बा तो ई प्रदेश की राजनीत में एक नई दिशा दे सकेला। **सारंश:** नसीमुदीन सिद्धीकी के कांग्रेसे से इस्तीफी के बाद, उत्तर प्रदेश की मुसलमान राजनीती में बड़ा बदलाव आने वाला बा। २०२७ के चुनाव के पहले, मुसल्‍मान मतदाताओं के लिए नया विकल्प बनने की उम्मीद बा। कुछ लोगो के मानना बा कि सिद्दिकी, ओव्‍ऐसी, आज़ाद, पत्‍तेल, आ मौर्य जैसे नेताओं के मिलकर एक नया पार्टी बनेला। मुस्‍लमानों की जनसंख्या उत्तर प्रदेश में लगभग २० प्रतिशत बा, जो लगभग १४० सीटों पर"
197b25ff0825287c,"(जेकर नाम चू, चे, चो, ला, ली, लू,ले,लो,अ से सुरू होला) (जेकर नाम से इ,उ,ए, ओ,वा ,वी ,वू ,वे,वो से सुरू होला) वृषभ राशि के लोगन के आज के दिन धन लाभ देवे वाला बा। रुकल काम पूरा होई, निवेश में फायदा मिली। दांपत्य जिनगी में सामंजस्य बनल रही। विद्यार्थी लोगन के पढ़ाई में सफलता मिली। पुरनका संघतिया से मुलाकात खुसी दी। वाहन चलावत घरी सावधानी रखीं। सांझ के बेरा कवनो सुभ समाचार मिल सकेला। स्वास्थ्य सामान्य रही। (जेकर नाम का,की,कु,घ,ड़,छ, के, को,हा से सुरू होला) मिथुन राशि के लोग आज मानसिक शांति पाई। काम में रचनात्मक सोच सराहल जाई। धन लाभ के योग बा। परिवार में कवनो सुभ चरचा हो सकेला। प्रेम संबंध में नयापन आई। स्वास्थ्य ठीक रही, बाकिर खानपान पs ध्यान दीं। यात्रा लाभकारी रही। भाग्य साथ देवे वाला बा। दिन के अंत खुशहाल रही। कर्क राशि के लोगन खातिर आज मिलल-जुलल दिन रही। काम में देरी हो सकेला, बाकिर सफलता मिली। परिवार में बुजुर्ग लोग के सहयोग मिली। आर्थिक इस्थिति बेहतर होई। जीवनसाथी के संगे संबंध मधुर रही। स्वास्थ्य पs ध्यान दीं। सांझ में कवनो सुभ समाचार मिल सकेला। धैर्य रखीं, दिन धीरे-धीरे सफल बनत जाई। (जेकर नाम मा,मी,मू,मे,मो,टा,टी, टू,टे से सुरू होला) सिंह राशि के लोग आज ऊर्जा से भरल रही। काम में मेहनत रंग ले आई। समाज में प्रतिष्ठा बढ़ी। आर्थिक दृष्टि से दिन सुभ बा। प्रेम जीवन में नया सुरुआत के योग बा। विद्यार्थी लोग पढ़ाई में ध्यान केंद्रित करी। स्वास्थ्य उत्तम रही। संतान से खुसी मिली। दिन भर उत्साह बनल रही। कन्या राशि के लोगन खातिर आज मेहनत आ सफलता के दिन बा। नौकरी में सम्मान भा प्रमोशन मिल सकेला। परिवार में खुसी के माहौल रही। आर्थिक इस्थिति मजबूत होई। प्रेम जीवन में दिन अनुकूल बा। स्वास्थ्य सामान्य रही, थकान महसूस हो सकेला। यात्रा लाभकारी रही। दिन संतोषजनक आ उत्साह से भरल रही। (जेकर नाम रा,री,रु,रे,रो,ता,ती,तू,ते से सुरू होला) तुला राशि के लोग आज सहयोग आ सम्मान पाई। भाग्य साथ दी। व्यापार में लाभ के योग बा। परिवार में सौहार्द बनल रही। प्रेम संबंधन में सकारात्मक बदलाव आई। नया जिम्मेदारी उत्साह बढ़ाई। आर्थिक इस्थिति मजबूत रही। स्वास्थ्य पs ध्यान दीं, खास कs के आंख आ नींद पs। दिन सुखद आ लाभकारी रही। (जेकर नाम तो,ना, नी,नू,ने,नो,या,यी,यूं से सुरू होला) वृश्चिक राशि के लोग आज आत्ममंथन करी। पुरनका काम के समीक्षा होई। धन लाभ बा, बाकिर खर्चा बढ़ सकेला। परिवार में शांति बनल रही। प्रेम संबंध में ईमानदारी जरूरी बा। मानसिक शांति मिली। ध्यान आ योग से लाभ होई। यात्रा से बचीं, थकान हो सकेला। दिन संतुलित आ सोच-विचार वाला रही। धनु राशि के लोगन खातिर आज के दिन सुभ बा। काम में सफलता आ मान-सम्मान बढ़ी। आर्थिक लाभ मिली। परिवार के संगे समय बितावे के मौका मिली। प्रेम संबंध मजबूत होई। स्वास्थ्य में सुधार आई। विद्यार्थी लोगन के पढ़ाई में सफलता मिली। यात्रा भा धार्मिक काम लाभकारी रही। दिन उत्साहपूर्ण आ भाग्यशाली रही। (जेकर नाम भो,जा, जी,खी,खू,खे,खो,गा,गी से सुरू होला) मकर राशि के लोग आज योजनाबद्ध काम में सफलता पाई। पदोन्नति के योग बा। आर्थिक इस्थिति अनुकूल बा। परिवार में सुख-शांति बनल रही। प्रेम जिनगी मधुर होई। स्वास्थ्य सामान्य रही, खानपान पs ध्यान दीं। सांझि खा कवनो सुभ आयोजन में भाग ले सकेनी। दिन संतोषजनक आ लाभकारी रही। (जेकर नाम गू, गे,गो,सा,सी,सू, से,सो,दा से सुरू होला) कुंभ राशि वाला लोग आज भाग्यशाली रही। रुकल काम पूरा होई। व्यापार में लाभ मिली। संघतिया लोग के सहयोग रही। परिवार में सुख-शांति बनल रही। प्रेम संबंध मजबूत होई। आर्थिक इस्थिति सुधरी। स्वास्थ्य के प्रति जागरूक रहेम। सांझा के समय आनंद मिल सकेला। दिन उत्साह आ सफलता से भरल रही। मीन राशि वाला आज नया अवसर पाई लोग। काम में प्रगति होई, अधिकारी खुस रही लोग। आर्थिक इस्थिति मजबूत होई। परिवार में खुसी बनल रही। प्रेम जीवन में नसा ऊर्जा आई। स्वास्थ्य अच्छा रही। यात्रा लाभकारी रही। भाग्य साथ दी। आत्मविश्वास बढ़ी। दिन खुशहाल आ उत्साह से भरल रही।","आज वृषभ राशि के लोग धन लाभ आ दांपत्य जीवन में सामंजस्य पाई। मिथुन राशि के लोग मानसिक शांति आ धन लाभ के योग देखी। कर्क राशि के लोगन के काम में देरी हो सकेला, लेकिन सफलता मिली। सिंह राशि के लोग ऊर्जा से भरल रही आ समाज में प्रतिष्ठा बढ़ी। तुला राशि के लोग सहयोग आ सम्मान पाई, जबकि वृश्चिक राशि के लोग आत्ममंथन करी आ मानसिक शांति मिली। धनु राशि के लोगन खातिर दिन सुभ बा, जबकि मकर राशि के लोग योजनाबद्ध काम में सफलता पाई। कुंभ राशि वाला लोग व्यापार में लाभ आ मीन राशि वाला लोग नया अवसर पाई।",19 अक्टूबर 2025 के राशिफल,Positive,joy,सुख-शांति रही। आध्यात्मिक गतिविधियों में रुचि बढ़ी। धार्मिक स्थलों के दर्शन लाभदायक रहे। दिन का अंत खुशी से भरा रहा। वृषभ रसि के लोग के आज धन लाभ मिलल। काम पूरा भइल आ निवेश से फायदामिलल। परिवार में प्यार बनल रहा। छात्रों के लिए पढ़ाई सफल रही। पुराने दोस्त से मिलन खुशी दी। गाड़ी चलाते समय सावधान रहें। शाम के समय सुखद खबर मिलसकेल। मिथुन रसि के लोग के मन शांत रहा। काम में रचनाशील सोच के लिए प्रशंसा मिले। धन लाभ के अवसर रहे। घर में खुशियों की चर्चा हुई। प
c6236e159f5910f9,"हाल ही में भदोही में सपा विधायक जाहिद बैग के आवास में एगो कमरा में पंखा से लटकत 17 साल के बच्ची के शव मिलल बा। नाजिया नाम के एगो लईकी पछिला कई साल से विधायक के घरे रह के घरेलू काम करत रहली। भदोही कोतवाली इलाका के मोहल्ला मलिकाना के घटना। अब श्रम प्रवर्तन विभाग अवुरी पुलिस टीम विधायक जाहिद बैग के आवास से बाल श्रम के आरोप में एगो किशोरी बरामद कs लेले बिया। बता दीं कि सपा विधायक जाहिद बेग भदोही विधानसभा सीट से विधायक बाड़े। पुलिस लाश के अपना कब्जा में लेके मरेवाला के परिवार के लोग के मौजूदगी में जरूरी कानूनी कार्रवाई कईलस। घटना स्थल के निरीक्षण कईल गईल। पुलिस मामला के छानबीन करत घटना के पीछे के कारण के पता लगावे के कोशिश करतिया। शुरुआती जांच में मामला के आत्महत्या से जोड़ल जाता। पुलिस मामला के जांच खातीर टीम बनवले बिया। भदोही विधानसभा सीट से समाजवादी पार्टी के विधायक जाहिद बेग के समस्या बढ़त लउकत बा. मंगल के देर सांझ के लाश मिलला के दूसरा दिन प्रशासन के टीम एगो नाबालिग लईकी के बरामद कs लेलस, बतावल जाता कि लईकी बहुत दिन से विधायक के आवास पs घर के काम करत रहे। ए मामला में लईकी के मेडिकल जांच अवुरी बाकी कानूनी कार्रवाई प्रशासन टीम के ओर से कईल जाता।","हाल ही में भदोही में सपा विधायक जाहिद बैग के आवास में 17 साल के बच्ची नाजिया के शव पंखा से लटकत मिलल बा। नाजिया कई साल से विधायक के घरे घरेलू काम करत रहली। पुलिस लाश के कब्जा में लेके कानूनी कार्रवाई कईलस आ मामला के आत्महत्या से जोड़ल जाता। प्रशासन के टीम एगो नाबालिग लईकी के बरामद कs लेले बिया, जे भी विधायक के आवास पs काम करत रहली।",सपा विधायक के घरे पंखा से लटकल मिलल नाबालिग लइकी के शव,Negative,sadness,भदोही के मलिकना मोहलले में एखन एक दुखद घटना घटी। सपा विधानायक जाहिर बैग के घर में एक कमरे में पंखे से लटका १७ साल की नाज़िया नाम की लड़की का शव मिला। नाज़िया पिछले कई सालों से विधानायक के घर में घर का काम कर रही थी। श्रम विभाग और पुलिस ने विधानयक के घर से एक किशोर लड़की को बचाया है। पुलिस ने लाश को अपने कब्जे में ले लिया है और मृतका के परिजनों को सूचित किया है। पुलिस मामले की जांच कर रही है और शुरुआत में यह मामला खुदकुशी के रूप में माना जा रहा है।
ae65e9d1be3b1a00,"मुख्यमंत्री योगी आदित्यनाथ सोमार के दिने मुरादाबाद में 401 करोड़ रुपिया के परियोजना के उद्घाटन आ शिलान्यास करीहें। इहाँ के डॉ. भीमराव अम्बेडकर पुलिस अकादमी में डिप्टी एसपी के बैच के पासिंग आउट परेड में उऽ सलामियो लीहें। एकरा संगे-संगे उऽ लोग रोजगार मेला में भाग लीहें, जहां पांच हजार से जादे युवा के नियुक्ति पत्र दिहल जाई। सीएम शहर में करीब साढ़े चार घंटा बितईहें। डीएम अनुज सिंह बतवले कि सीएम 2 सितंबर के सबेरे 10:40 बजे पुलिस अकादमी पहुंच जइहें। उहाँ उऽ डिप्टी एसपी के परेड के सलामी लीहे। एकरा बाद उऽ आर्यभट्ट इंटरनेशनल स्कूल पहुंच के दुपहरिया 12.30 से उहाँ आयोजित रोजगार मेला में भाग लीहें। ए दौरान सीएम से 11 युवक के नियुक्ति पत्र मिली। एकरा अलावे अलग-अलग योजना के पांच लाभार्थी के टैबलेट, चेक, घर के चाभी देवे के कार्यक्रम बा। सीएम के ओर से विकास परियोजना के उद्घाटन आ शिलान्यास के कार्यक्रम अवुरी जनसभो उहाँ होई। एकरा बाद सीएम भाजपा के नेता लोग के संगे मुलाकात करीहें। उऽ अधिकारी के संगे समीक्षा बइठको कर सकऽतारे। मूंढापांडे हवाई अड्डा खातिर उनकर प्रस्थान दुपहरिया 3:15 बजे प्रस्तावित बा। मुख्यमंत्री योगी आदित्यनाथ के सुरक्षा खातिर शहर में डेढ़ हजार पुलिस बल के अलावे आर्यभट्ट स्कूल से ढाई कंपनी पीएसी के तैनाती कइल गइल बा। डीआईजी मुनिराजजी जिला के सुरक्षा व्यवस्था के बारे में भी जानकारी लेले। एसएसपी सतपाल अंटिल एतवार के रात आर्यभट्ट इंटर नेशनल स्कूल में पुलिस अधिकारियन से बइठक कइलन। सुरक्षा खातिर 10 एएसपी, 30 सीओ, 55 एसएचओ आ इंस्पेक्टर, 300 इंस्पेक्टर, 900 पुलिसकर्मी आ 2.5 कंपनी पीएसी सैनिक के तैनात कइल गइल बा। स्कूल के छतो पs जवान के तैनाती कइल गइल बा। पुलिस अधिकारी रात में सुरक्षा के रिहर्सलो कइले ताकि अनजाने में कवनो घटना ना होखे। पुलिस प्रशासन योगी के मुरादाबाद यात्रा के लेके सुरक्षा के इंतजाम कड़ा करे में व्यस्त बा। सुरक्षा के ध्यान में राखत पुलिस अधिकारी रूट डायवर्सन करे के फैसला कइले बाड़े। सोमार के दिने शहर के डायवर्ट मार्ग पर रोडवेज बस सबेरे आठ बजे से दुपहरिया में कार्यक्रम खतम होखे ले चली।","मुख्यमंत्री योगी आदित्यनाथ सोमार के दिने मुरादाबाद में 401 करोड़ रुपिया के परियोजना के उद्घाटन आ शिलान्यास करीहें। उऽ डॉ. भीमराव अम्बेडकर पुलिस अकादमी में डिप्टी एसपी के बैच के पासिंग आउट परेड में सलामी लीहें आ रोजगार मेला में भाग लीहें, जहाँ 5000 से जादे युवा के नियुक्ति पत्र दिहल जाई। सुरक्षा खातिर डेढ़ हजार पुलिस बल आ 2.5 कंपनी पीएसी के तैनाती कइल गइल बा। सीएम के यात्रा के दौरान सुरक्षा के इंतजाम कड़ा कइल गइल बा आ रूट डायवर्सन के फैसला भी कइल गइल बा।",CM Yogi Visit: मुरादाबाद में 401 करोड़ परियोजना के दीहें सौगात सीएम योगी,Positive,joy,"कांस्टेबल, 150 सिपाही, 200 सहायक पुलिस अधिकारी आ 500 स्वयंसेवक तैनात कइले गइले। मुरादाबाबाद के दौरे पर सीएम योगी के साथ मुख्य सचिव डा. आर.के. तिवारी, अपर मुख्य सेक्रेटरी राजेश्वर सिंह आ अन्य अधिकारी भी रहलें। मुख्य मन्त्री योगी आदित्य नाथ सोमवार के दिवस 2 सेप्टेम्बर को मुराडाबाद आइलें, जहाँ उन्हे डिप्‍टी एसपी बॅच के पॅसिंगआउट पॅरेड में आमंत्रित किया गया था। मुख्य मंत्री ने इस मौके पर डिप्ट्‍य एसपी की पॅरड में शामिल होकर"
0f06e56e73690907,"टेक्नोलॉजी डेस्क। जदि रउआ करीब 30 हजार रुपिया के बजट में बढ़िया 5G स्मार्टफोन खोजत बानी, तs ई खबर रउआ खातिर खुसखबरी हs। Xiaomi के प्रीमियम फोन Xiaomi 14 Civi पs अभी Flipkart पs जबरदस्त डिस्काउंट मिल रहल बा। ई डील खास ओह लोग खातिर बढ़िया बा, जवन कम दाम में रोजमर्रा के इस्तेमाल खातिर पावरफुल फोन चाहत बा। ई ऑफर में बैंक डिस्काउंट आ एक्सचेंज ऑफर के फायदो मिल रहल बा। ऑनलाइन ऑफर जल्दिये बदल जाला, एह से जवन लोग सही मवका के इंतजार में रहे, ऊ लोग ई डील बिल्कुल मिस मत करीं। फ्लिपकार्ट पs Xiaomi 14 Civi के असली कीमत 54,998 रुपिया बा, बाकिर अभी ई फोन खाली 29,999 रुपिया में खरीदे के मवका मिल रहल बा। फ्लिपकार्ट एक्सिस बैंक आ SBI क्रेडिट कार्ड से भुगतान कइला पs 1500 रुपिया तक के अतिरिक्त छूट मिल रहल बा। एकरा के संगही एक्सचेंज ऑफरो चालू बा, जवन फोन के कंडीशन आ मॉडल के हिसाब से 24,350 रुपिया तक के एक्सचेंज वैल्यू दे रहल बा। एह फोन में 6.55 इंच के AMOLED डिस्प्ले मिलेला, जवन वीडियो देखे आ इंटरनेट ब्राउजिंग खातिर बढ़िया ब्राइटनेस आ सानदार कलर आउटपुट देला। परफॉर्मेंस खातिर फोन में दमदार Snapdragon 8s Gen 3 ऑक्टा-कोर प्रोसेसर दिहल गइल बा। बैटरी के बात करीं तs एह में 4700mAh के बैटरी आ फास्ट चार्जिंग सपोर्टो मिलेला। फोटोग्राफी के शौकीन लोग खातिर Xiaomi 14 Civi बढ़िया ऑप्शन बा। फोन में तीन गो रियर कैमरा मिलेला- 50MP के प्राइमरी कैमरा, 2x जूम खातिर 50MP के टेलीफोटो लेंस आ 12MP के अल्ट्रा-वाइड लेंस। सामने के ओर से खास बात ई बा कि एह फोन में एगो ना, बलुक दू-दू गो 32MP के सेल्फी कैमरा दिहल गइल बा, जवन शार्प आ क्लियर फोटो खींचे में मदद करेला।","जदि रउआ 30 हजार रुपिया के बजट में बढ़िया 5G स्मार्टफोन खोजत बानी, तs Xiaomi 14 Civi पर Flipkart पs जबरदस्त डिस्काउंट मिल रहल बा। ई फोन के असली कीमत 54,998 रुपिया बा, लेकिन अब ई खाली 29,999 रुपिया में मिल रहल बा। एक्सिस बैंक आ SBI क्रेडिट कार्ड से भुगतान कइला पs 1500 रुपिया तक के अतिरिक्त छूट मिल रहल बा। फोन में 6.55 इंच के AMOLED डिस्प्ले, Snapdragon 8s Gen 3 प्रोसेसर, आ 4700mAh के बैटरी बा। फोटोग्राफी खातिर तीन गो रियर कैमरा आ दू गो 32MP के सेल्फी कैमरा दिहल गइल बा।","Xiaomi के 54,998 रुपिया वाला 5G फोन अब खाली 29,999 में, दमदार स्नैपड्रैगन प्रोसेसर आ दूगो 32MP सेल्फी कैमरा",Positive,joy,"की 32MP का फ्रंट फेशियल रिकॉग्निशन सेंसर बा। Xiaomi के फ़ोन ख़रीदने के लिए Flipkart पर बेहतरीन ऑफर चल रहा है। फ़िलहाल, Xiaomi के ज़्यादातर फ़ोन्स पर 20% तक की छूट दी जा रही है। यह ऑफर सभी ग्राहकों के लिए लागू है, चाहे वे Flipkart Plus सदस्य हों या नहीं। इस ऑफर का लाभ उठाने के लिए, ग्राहकों को Flipkart ऐप या वेबसाइट पर जाना होगा और अपने पसंदीदा Xiaomi फोन का चयन करना होगा। Xiaomi 13 Pro के लिए विशेष रूप से, Flipkart द्वारा 25% तक का छूट दिया जा रहा है, जिसका मूल्य 74,499 रूपये था, अब यह 55,849 रुपये में उपलब्ध है"
928533b366a37f01,"स्पोर्ट्स डेस्क। एसीसी मेंस अंडर-19 एशिया कप 2025 के फाइनल में अतवार के दिने पाकिस्तान अंडर-19 टीम भारत अंडर-19 टीम के 191 रन से हराके पहिला बेर खिताब जीत लेलस। एह हार के बादो साल 2025 में कुल मिला के भारत-पाकिस्तान के भिड़ंत में टीम इंडिया के पलड़ा भारी रहल। साल 2025 में क्रिकेट के मैदान पs भारत आ पाकिस्तान के बीच कुल 8 बेर मुकाबला भइल। एह दौरान भारत 6 मैच जीत के दबदबा बना के रखलस, जबकि पाकिस्तान खाली 2 मुकाबला जीत सकल। माने साफ बा कि पूरा साल टीम इंडिया पाकिस्तान पs भारी पड़ल। चैंपियंस ट्रॉफी 2025 के ग्रुप स्टेज में भारत आ पाकिस्तान के बीच कड़ा मुकाबला देखे के मिलल। पहिले बैटिंग करत पाकिस्तान टीम 241 रन पs सिमट गइल। जवाब में विराट कोहली के नाबाद शतक के दम पs भारत 42.3 ओवर में लक्ष्य हासिल कs लेलस आ 6 विकेट से जीत दर्ज कइलस। एशिया कप 2025 में भारत आ पाकिस्तान के तीन बेर टक्कर भइल। तीनो मुकाबला में टीम इंडिया जीत हासिल कइलस। ग्रुप स्टेज में भारत 7 विकेट से जीतल, सुपर-4 में 6 विकेट से हरवलस आ फाइनल में मैन इन ब्लू, मैन इन ग्रीन के 5 विकेट से शिकस्त दे देलस। राइजिंग स्टार एशिया कप के ग्रुप स्टेज मुकाबला में पाकिस्तान ए टीम इंडिया ए के 8 विकेट से हरवले रहे। ई पाकिस्तान के साल के गिनल-चुनल जीतन में से एगो रहे। हरमनप्रीत कौर के कप्तानी में भारतीय महिला टीम विमेंस वर्ल्ड कप 2025 के खिताब जीत लेलस। ग्रुप स्टेज में भारतीय महिला टीम पाकिस्तानी महिला टीम के 88 रन से शिकस्त देलस। अंडर-19 एशिया कप में भारत आ पाकिस्तान के बीच 2 बेर मुकाबला भइल। ग्रुप स्टेज में भारत 90 रन से जीत दर्ज कइलस, जबकि फाइनल में पाकिस्तान भारत के 191 रन से हराके बदला लेलस।","एसीसी मेंस अंडर-19 एशिया कप 2025 के फाइनल में पाकिस्तान अंडर-19 टीम भारत के 191 रन से हराके पहिला बेर खिताब जीतलस। साल 2025 में भारत आ पाकिस्तान के बीच कुल 8 मुकाबला भइल, जवन में भारत 6 मैच जीतल आ पाकिस्तान 2 मैच। चैंपियंस ट्रॉफी में भारत ने पाकिस्तान के 6 विकेट से हरवले। भारतीय महिला टीम हरमनप्रीत कौर के कप्तानी में विमेंस वर्ल्ड कप 2025 के खिताब जीतलस आ ग्रुप स्टेज में पाकिस्तान के 88 रन से हरवले।","Year Ender 2025 : क्रिकेट मैदान पs 8 बेर भिड़ल भारत-पाकिस्तान, टीम इंडिया रहल पाक पs भारी",Negative,joy,"बलों में भारत ने 2 जीत कइली। एसीसी मेन्स अउर-१९ एशियन कप २०२५ के फाइनल में पाकिस्तान अउंडर १९ टीम ने भारत अउनडर१९ टीम कें १९१ रनसे हरा के पहिली बेर किताब जीत ली। २०२५ साल में कुल ८ मैच खेले गये, जहाँ भारत ने ६ मैच जितलस जबकि पाकिस्टान के सिर्फ़ २ मैच जिता सके। चैंपियन ट्रॉफ़ी ग्रुप स्तर पर भारत आणि पाकिस्थान के बीच एक कड़ा मैच देखे गेला जहाँ पाकिस्‍तान ने २०४ रन बनाए। भारत ने 4२.३ ओवर में 2४५ रन बनाने के साथ"
fcbd19caf2d23977,"अमेरिका के जॉर्जिया के एगो हाई स्कूल में गोली चलावे वाला एगो छात्र के पिता के हत्या के आरोप समेत कई तरह के आरोप में गिरफ्तार कs लिहल गईल बा। छात्र गोलीबारी में चार लोग के मउत हो गईल अवुरी 9 लोग घाही हो गईले। अधिकारी एकरा बारे में जानकारी देले बाड़े। जॉर्जिया ब्यूरो ऑफ इन्वेस्टिगेशन (जीबीआई) बियफ़ें के सोशल मीडिया पs जारी एगो पोस्ट में कहलस कि, आरोपी कोल्ट ग्रे के पिता 54 साल के कॉलिन ग्रे पs हत्या अवुरी बच्चा के संगे क्रूरता के आरोप लगावल गईल बा। जीबीआई के निदेशक क्रिस होजी ने प्रेस कॉन्फ्रेंस में कहले कि, इs आरोप एहसे लगावल गईल बा काहेकी ग्रे, सबकुछ जानत अपना बेटा के हथियार राखे के अनुमति देले रहले, होजी कहले कि,” उनुका पs लगावल आरोप सीधा-सीधा से जुड़ल बा लेकिन इs सभ गतिविधि बेटा के हथियार रखले के अनुमति देले से जुड़ल बा.” एह आरोपन में दोषी के दस से 30 साल के सजा हो सकेला जबकि एह हत्या के मामिला में न्यूनतम आजीवन कारावास के सजा हो सकेला. शेरिफ कार्यालय से जारी रिपोर्ट में कोलिन ग्रे कहले कि, उनुका मालूम रहे कि इs हथियार का कs सकता, एकर इस्तेमाल कईसे कईल जा सकता अवुरी एs हथियार के इस्तेमाल काहें ना करे के चाही.मृतक के श्रद्धांजलि देवे पहुंचल रहे।","अमेरिका के जॉर्जिया के एगो हाई स्कूल में गोली चलावे वाला छात्र के पिता के हत्या के आरोप में गिरफ्तार कइल गइल बा। गोलीबारी में चार लोग के मउत हो गइल अवुरी 9 लोग घाही हो गइल बाड़ें। आरोपी कोल्ट ग्रे के पिता कॉलिन ग्रे पर हत्या आ बच्चा के संगे क्रूरता के आरोप लगावल गइल बा। जीबीआई के निदेशक क्रिस होजी बतवले कि ग्रे अपने बेटा के हथियार राखे के अनुमति देले रहले। एह आरोपन में दोषी के दस से 30 साल के सजा हो सकेला, जबकि हत्या के मामिला में न्यूनतम आजीवन कारावास के सजा हो सकेला।","America Firing: स्कूल में गोलीबारी करे वाला छात्र के पिता गिरफ्तार, हत्या के मामिला दर्ज",Negative,sadness,"गजिया राज्य अमेरिका में एगो स्कूल गोलीवारी के बाद, गोली चलाईने वाला छात्र कोलट ग्रे के पिता कॉलिं ग्रे पर हत्या आ बच्चे के साथ क्रूड़ता के कई गंभीर आरोप लगे हैं। जॉर्जीया ब्युरो ऑफ़ इन्‍वेस्‍टीगेशन के मुताबिक, कॉलिन ने अपने बेटे को हथियाार रखने की अनुमति दी थी, जो इस घटना के लिए सीधा कारण माना जा रहा है। इस मामले में कोलिन को दस से तीस साल तक की सजा मिल सकती है, जबकि बेटे के खिलाफ हत्या के मामले में न्यूनीतम उम्र कैद हो सकती है।"
426ab753ea19a098,"नई दिल्ली। फ्रांस के राजधानी पेरिस के प्रतिष्ठित लूव्र म्यूजियम में हाले में भइल हाई-प्रोफाइल चोरी ममिला में पुलिस के अहम सफलता मिलल बा। कीमती आभूषण चोरी केस में फ्रेंच पुलिस दूगो संदिग्धन के गिरफ्तार कइले बिया। हालांकि, दूनो संदिग्धन के पहचान अभी तक सार्वजनिक नइखे कइल गइल। रिपोर्ट के अनुसार, पुलिस सनिचर के रात पेरिस-चार्ल्स डी गॉल एयरपोर्ट से एक संदिग्ध को ओह समय हिरासत में लेलस, जब ऊ बिदेस भागे के कोसिस करत रहे। दूसरका आरोपी तनिका देर बाद पेरिस शहर से पकड़ लिहल गइल। चोर म्यूजियम खुलला के कुछे समय बाद ऊपरी मंजिल के जंगला तोड़के अंदर प्रवेश कइलें सs आ 8 मूल्यवान रत्न चोरी कs लेलें सs। एह रत्नन के कीमत लगभग 10.2 करोड़ डॉलर (₹850 करोड़ से जादे) आंकल गइल बा। चोरी कइला के बाद चोर मोटरसाइकिल पs फरार हो गइल, जवना के बाद देसभर में तलाशी अभियान चलावल गइल। चोरी के कुछे समय बाद एसोसिएटेड प्रेस के फोटोग्राफर थिबॉल्ट कामू पेरिस के सड़कन पs एगो संदिग्ध जुवक के तस्वीर खींचलें, जवन पुलिस के लगे से गुजरता दिखल। हालांकि तस्वीर में व्यक्ति स्पष्ट ना लउकत रहे, एकरा बादो सोशल मीडिया पs तेजी से वायरल हो गइल। चोरी के घटना के बाद एगो चउकावे वाला बयान टेलीग्राम के CEO पावेल डुरोव के ओर से सामने आइल। ऊ कहलें: > “चोरी भइल आभूषणन के किनके ओकरा के वापस लूव्र म्यूजियम के दान करे में हमरा खुसी होई… हमार मतलब लूव्र संग्रहालय से बा- ओकरा से केहू चोरी ना करेला।” उनकर ई बयान सोशल मीडिया में नया बहस छेड़ देले बा। फ्रांसीसी अधिकारियन के माने के बा कि ई कवनो अंतरराष्ट्रीय संगठित अपराध गिरोह के बड़ साजिश हो सकत बा। फिलहाल जांच जारी बा आ पुलिस आउर आरोपियन के तलाश में जुटल बिया।","फ्रांस के राजधानी पेरिस के लूव्र म्यूजियम में भइल हाई-प्रोफाइल चोरी ममिला में पुलिस दूगो संदिग्धन के गिरफ्तार कइले बिया। चोर म्यूजियम के ऊपरी मंजिल के जंगला तोड़के 8 मूल्यवान रत्न चुरा ले गइलन, जिनकर कीमत लगभग 10.2 करोड़ डॉलर बा। चोरी के बाद चोर मोटरसाइकिल पs फरार हो गइल आ पुलिस के जांच जारी बा। टेलीग्राम के CEO पावेल डुरोव के बयान से सोशल मीडिया पs नया बहस छिड़ गइल बा।","Louvre Heist : लूव्र म्यूजियम में चोरी भइल 10.2 करोड़ डॉलर के आभूषण किने के पेशकश! टेलीग्राम CEO के बड़ बयान, 2 संदिग्ध गिरफ्तार",Negative,neutral,"देल। **सारांप:** फ्रांसीसी पुलिस ने लूवर म्यूज़ियम में हुई लूट की जाँच में दो लोगों को गिरफ़्तार कर लिया है। लूट के बाद दोनों आरोपियों ने फ्रान्स से भागने की कोशिश की थी, लेकिन पुलिस ने उन्हें पकड़ लिया। चोरों ने 8 रत्नों को चुराया था, जिनकी कीमत करीब 85 करोड़ रुपए है। लूट के कुछ समय बाद, एक फोटो पत्रकार ने एक संदेहास्पद युवक की फोटो ली थी, जो पुलिस के लिए मददगार साबित हुई। Telegram के सीईओ ने लूटे गए गहनों को लौटाने की पेशकश की है।"
cb892a5809b38340,"एह इंजेक्शन के मदद से महिला के एचआईवी संक्रमण से बचावे में मदद मिली कि वैज्ञानिक दक्षिण अफ्रीका आ युगांडा के महिला पS ए इंजेक्शन के परीक्षण कइले बाड़े, जवन कि शत-प्रतिशत सफल रहल। HIV संक्रमण के टीका : हाल के एगो अध्ययन में कहल गइल बा कि महिला लोग के घातक एड्स यानी एचआईवी संक्रमण से बचावे खातिर साल में दू बेर दिहल जाए वाला इंजेक्शन अपना परीक्षण में शत-प्रतिशत सफल रहल बा। मतलब कि अब एचआईवी संक्रमण के इंजेक्शन के माध्यम से रोकल जा सकता। वैज्ञानिक लोग के कहनाम बा कि साल में दु बेर दिहल जाए वाला ए इंजेक्शन के मदद से महिला के एचआईवी संक्रमण से बचावे में मदद मिली। बता दीं कि वैज्ञानिक दक्षिण अफ्रीका आ युगांडा के महिला आ किशोर लईकिन पसे ए इंजेक्शन के परीक्षण कइले रहले, जवन कि शत-प्रतिशत सफल भइल। एचआईवी संक्रमण के रोके में ई दवाई शत-प्रतिशत कारगर बा। एह इंजेक्शन के परीक्षण दक्षिण अफ्रीका आ युगांडा के 5 हजार से अधिका महिला पर भइल जवन बहुते सफल रहल न्यू इंग्लैंड जर्नल में प्रकाशित एगो रिपोर्ट में एह दवाई के बनावे वाली अमेरिकी कंपनी गिलियड के कहना बा कि एह दवाई के नाम हS लेनाकापाविर ( lenacapavir) आ ई अपना तिसरका परीक्षण में पूरा तरह से सफल साबित भइल बा। कंपनी के कहनाम बा कि, ऊ ए एचआईवी दवाई के इस्तेमाल के अनुमति लेवे से पहिले पुरुष पS भइल परीक्षण के नतीजा के इंतजार करतिया। बता दीं कि दवाई के सफलता के मापे खातीर भइल अध्ययन में करीब पांच हजार एचआईवी नेगेटिव महिला के अध्ययन भइल। एह दवाई में से एको मेहरारू एचआईवी के शिकार ना भइल। 26 सप्ताह तक चलल ए शोध में लेनकापाविर के खुराक लेवे वाली एको महिला के संक्रमण ना भइल, जबकि दूसरा समूह में, जवना में महिला के ई दवाई ना दिहल गइ Mल, संक्रमण के मामला सामने आइल। एकरा से पहिले एगो अवुरी अध्ययन में महिला के एगो समूह के एचआईवी से बचाव के गोली दिहल गइल रहे, बाकी ए गोली के खइला के बावजूद 2% महिला एचआईवी के शिकार हो गइली। हालांकि एह दवाई के अभी तक अमेरिकी खाद्य आ औषधि प्रशासन के मंजूरी नइखे मिलल, बाकी मानल जाता कि एकरा के जल्दीए मंजूरी मिल जाई आ एकरा माध्यम से एचआईवी संक्रमण से बचाव कइल जा सकता। लेनकापाविर दवाई के लागत भी बहुत कम राखल जा रहल बा। कंपनी के कहना बा कि जल्दिए एह नया दवाई के दाम महज चालीस डॉलर (3350 रुपिया) ले आवे के लक्ष्य तय हो गइल बा। फिलहाल लेनाकापाविर के एक खुराक के लागत करीब 35 लाख रुपया बा, जवन कि आम जनता खातीर काफी जादा बा। कहल जा रहल बा कि जदी एह दवाई के मंजूरी मिल गइल तS मेहरारू लोग बहुते कम दाम पर एचआईवी संक्रमण से बचे में सक्षम होखी। एह दवाई के परीक्षण पुरुषन पर भी हो रहल बा आ अगर ई रिजल्ट भी सफल हो गइल तS दुनिया एड्स आ एचआईवी के चंगुल से बचावल जाई।","महिला लोग के एचआईवी संक्रमण से बचावे खातिर साल में दू बेर दिहल जाए वाला इंजेक्शन के परीक्षण दक्षिण अफ्रीका आ युगांडा में शत-प्रतिशत सफल रहल बा। ई इंजेक्शन, लेनाकापाविर, 5 हजार से अधिका महिला पर परीक्षण कइल गइल आ एको महिला एचआईवी के शिकार ना भइल। जबकि दुसरा समूह में, जवना में ई दवाई ना दिहल गइल, संक्रमण के मामला सामने आइल। कंपनी के कहना बा कि जल्दीए एह दवाई के दाम चालीस डॉलर रखे के लक्ष्य बा, जवन कि आम जनता खातिर सस्ता होई। अगर ई दवाई के मंजूरी मिल गइल तS महिला लोग एचआईवी संक्रमण से बच सकेली।","HIV Vaccine: अब महिला के HIV संक्रमण के खतरा ना होई! AIDS से बचावे के दवाई आ गइल बा, दाम भी बहुत कम बा",Positive,joy,"के प्लेसबो देल गेल, उनमे 12 महिला एचआइवी से संक्रमित हो गइले। **सारंश:** एह रपोर्ट में बताईल बा की एगो नई दवाई लेनाकपाविर (lenacapavire) एचीवी संक्रामक रोग से महिलाओं के बचाव में मदद कर सके। दक्षीण अफ़्रीका और युगाँडा में 5000 से ज़्यादा महिलाओं पर इस दवा का परीक्षण किया गया, जहाँ यह शत प्रतिशत सफल रहा। दवा साल में दो बार इंजेक्ट करने पर महिलाओं को एचIV से बचाने में मदद करती है।"
d43987799d878820,"सेंट्रल डेस्क : इंडोनेशिया के राष्ट्रपति प्रबोवो सुबियांतो आज राष्ट्रपति भवन के प्रांगण में राष्ट्रपति द्रौपदी मुर्मू आ प्रधानमंत्री नरेंद्र मोदी से मुलाकात कइलें। ऊ पीएम मोदी से गला मिलले। सुबियांतो 76वां गणतंत्र दिवस समारोह में बतौर मुख्य अतिथि के रूप में सामिल होखे खातिर भारत आइल बाड़ें। ऊ बियफे के रात नई दिल्ली पहुंचलें, जहां एयरपोर्ट पs बिदेस राज्य मंत्री पावित्रा मार्गेरिटा उनकर स्वागत कइलें। प्रबोवो सुबियांतो गणतंत्र दिवस में मुख्य अतिथि के तौर पs हिस्सा लेवे वाला इंडोनेशिया के चउथा राष्ट्रपति हवे। इंडोनेशिया के पहिला राष्ट्रपति सुकर्णो 1950 में भारत के पहिले गणतंत्र दिवस समारोह के मुख्य अतिथि रहस। इंडोनेशिया भारत से ब्रह्मोस सुपरसोनिक क्रूज मिसाइलन के किने खातिर इच्छुक बा। अइसन में राष्ट्रपति सुबियांतो अपना एह यात्रा के दौरान ब्रह्मोस मिसाइलन खातिर चरचा जरूर करिहें। अतवार के इंडोनेशिया के 352 सदस्यीय मार्चिंग आ बैंड दल कर्तव्य पथ पs गणतंत्र दिवस परेड में भाग लिहें। ई पहिला बेर होई जब इंडोनेशिया के दल बिदेस में राष्ट्रीय दिवस परेड में सामिल होइहें। पिछला कुछ बरिसन में भारत-इंडोनेशिया संबंधन में तेजी आइल बा। पीएम मोदी 2018 में इंडोनेशिया के यात्रा कइले रहस, एह दौरान भारत-इंडोनेशिया संबंधन के व्यापक रणनीतिक साझेदारी तक बढ़ावल गइल। प्रबोवो सुबियांतो एकरा पहिले प्रधानमंत्री नरेंद्र मोदी से बातचीत कs चुकल बाडें। इंडोनेशिया में राष्ट्रपति चुनस गइला के बाद सुबियांतो पीएम मोदी के फोन कइले रहस। एह दौरान दुनो के बीच भारत-इंडोनेशिया के संबंधन के आगे बढ़ावे से लेके कूटनीतिक संबंधन के मजबूत करे पs बात भइल रहे। एकरा अलावा दुनो नेता 2024 में ब्राजील के रियो डी जेनेरो में जी-20 सम्मेलन के दौरान मुलाकातो कइले रहस। 2018 में रक्षा सहयोग समझौता पs हस्ताक्षर के बाद दुनो देसन में द्विपक्षीय रक्षा आ सुरक्षा संबंधन में लगातार विस्तार देखल गइल बा। 2023 में भारत-इंडोनेशिया बेयपार के मात्रा 29.40 बिलियन अमेरिकी डॉलर दर्ज कइल गइल। इंडोनेशिया में बुनियादी ढांचा, बिजली, कपड़ा, इस्पात, मोटर वाहन, खनन, बैंकिंग आ उपभोक्ता सामान क्षेत्रन में भारतीय निवेश 1.56 बिलियन अमेरिकी डॉलर बा। इंडोनेशिया में भारतीय मूल के लगभग 150,000 व्यक्ति रहेला लो।",इंडोनेशिया के राष्ट्रपति प्रबोवो सुबियांतो आज राष्ट्रपति भवन में राष्ट्रपति द्रौपदी मुर्मू आ प्रधानमंत्री नरेंद्र मोदी से मुलाकात कइलें। ऊ 76वां गणतंत्र दिवस समारोह में मुख्य अतिथि के रूप में शामिल होखे खातिर भारत आइल बाड़ें। सुबियांतो भारत से ब्रह्मोस सुपरसोनिक क्रूज मिसाइलन के खरीदारी के इच्छुक बाड़ें आ एह यात्रा के दौरान ई विषय पर चर्चा करिहें। अतवार के इंडोनेशिया के 352 सदस्यीय मार्चिंग आ बैंड दल गणतंत्र दिवस परेड में भाग लीहें। भारत-इंडोनेशिया के संबंधन में तेजी आइल बा आ 2023 में द्विपक्षीय व्यापार 29.40 बिलियन अमेरिकी डॉलर दर्ज कइल गइल।,"Prabowo Subianto: राष्ट्रपति मुर्मू-PM मोदी से मिललें इंडोनेशियाई राष्ट्रपति, गणतंत्र दिवस में होइहें मुख्य अतिथि",Positive,neutral,"या संबंधन को मजबूत बनावे के बारे में चर्चा कइली गइली। इंडोनिसिया के प्रेसिडेंट प्रोबो सुब्‍यां‍तो आज भारत आये बा। उनका भारत आगमन के साथ ही भारत-भारत के बीच के रिश्ते में एक नया अध्याय शुरू हो गया है। उनके भारत आने के पीछे कई कारण हैं। सबसे पहले, इंडोन‍िसिया भारत के साथ अपने व्यापारिक संबंधों को मज़बूत करना चाहता है। दूसरा, दोनों देशों के बीच रक्षा सहयोग को बढ़ावा देना भी एक प्रमुख उद्देश्य है। तीसरा, भारत में ब्रह्‍मोस म्‍यूजाइल खरीदने की इच्छा भी है। इंडों‍न‍िस‍िया का राष्ट्र"
163e2c0a4921bd88,"सेंट्रल डेस्क। जम्मू-कश्मीर पुलिस के स्टेट इन्वेस्टिगेशन एजेंसी (SIA) जम्मू में एगो अंग्रेजी अखबार के दफ्तर पs छापामारी कइले बा। अखबार पs आरोप बा कि ऊ देस विरोधी गतिविधियन में सामिल बा, देस के खिलाफ नफरत फइलावत बा आ देस के संप्रभुता के खतरा पहुंचा रहल बा। SIA के दर्ज एफआईआर में अंग्रेजी अखबार कश्मीर टाइम्स के एडिटर के नामो सामिल बा, जेकरा से लिंक्स आ गतिविधियन के बारे में पूछताछ हो सकेला। सूत्र बतावल लोग कि SIA के छापेमारी में जम्मू इस्थित कश्मीर टाइम्स के ऑफिस से AK-47 आ पिस्तौल के कुछ राउंड गोली, संगही ग्रेनेड के एगो लीवर बरामद भइल बा। जम्मू-कश्मीर पुलिस के SIA बियफे के दिन देस विरोधी गतिविधियन के बढ़ावा देवे के आरोप में कश्मीर टाइम्स के ऑफिस पs छापा मरलस। एगो अधिकारी बतवलें कि अखबार पs “देस के हितन के खिलाफ एक्टिविटीज के महिमामंडन” करे खातिर केस दर्ज कइल गइल बा। अधिकारियन के मोताबिक SIA के टीम अखबार के दफ्तर, कंप्यूटर आ पूरा पब्लिकेशन सिस्टम के बारीकी से तलाशी लेलस। पब्लिकेशन आ ओकरा प्रमोटर्स के खिलाफ केस दर्ज कइल गइल बा आ जल्दिये पूछताछो हो सकेला। दिल्ली ब्लास्ट के घटना के बाद जम्मू-कश्मीर में आतंकवाद के खिलाफ सुरक्षा एजेंसियन के कार्रवाई तेज हो गइल बा। दु दिन पहिले काउंटर इंटेलिजेंस कश्मीर (CIK) एगो बड़ आतंकवादी साजिश के ममिला में कार्रवाई कइलस। श्रीनगर, अनंतनाग आ कुलगाम जिला में बड़ पैमाना पs छापामारी भइल बा। सूत्र से मिलल जानकारी के अनुसार, श्रीनगर के शिरीन बाग इस्थित सुपर स्पेशियलिटी अस्पताल में छापेमारी कइल गइल। CIK आतंकवाद में सामिल लोग, आतंकवादियन के महिमामंडन करे वाला आ आतंकवादी संगठन में भर्ती खातिर कट्टरपंथ फइलावे वाला लोग के खिलाफ दर्ज नया केस में तलाशी करत रहे। एह तलाशी खातिर कोर्ट से बाकायदा सर्च वारंट लिहल गइल रहे।","जम्मू-कश्मीर पुलिस के स्टेट इन्वेस्टिगेशन एजेंसी (SIA) जम्मू में कश्मीर टाइम्स के दफ्तर पs छापामारी कइले बा। अखबार पs आरोप बा कि ऊ देस विरोधी गतिविधियन में सामिल बा आ देस के संप्रभुता के खतरा पहुंचा रहल बा। छापेमारी में AK-47 आ पिस्तौल के कुछ राउंड गोली, संगही ग्रेनेड के एगो लीवर बरामद भइल बा। अधिकारी बतवलें कि अखबार पs “देस के हितन के खिलाफ एक्टिविटीज के महिमामंडन” करे खातिर केस दर्ज कइल गइल बा। जम्मू-कश्मीर में आतंकवाद के खिलाफ सुरक्षा एजेंसियन के कार्रवाई तेज हो गइल बा।","Jammu : पुलिस आ SIA के अंग्रेजी अखबार के दफ्तर पs छापा, AK-47, पिस्टल के गोली आ ग्रेनेड के लीवर बरामद",Negative,anger,"ली गइली बा। जम्मू कश्मिरी पुलिस के एसआईए ने अंगरेजी अख़बार ""द कश्मिर टाइमस"" के दफ़्तर पर छपामारी करी है। अख़बार के खिलाफ़ देशी विरोध गतिविधि में शामिल होने, देश के विरुद्ध नफ़रत फैलाने और देश की संप्रभुतता को खतरे में डालने के आलोग लगाए गए हैं। एसआईए के दर्ज FIR में अख़बार के संपादक का नाम भी शामिल है। छापामारियों के दौरान AK- 47, पिस्टल की कुछ गोलियां, और एक हथियार का एक हिस्सा (ग्रैनड) बरमद हुआ है। एसआइए के मुताबिक, अख्बार ने देश की हितों को नुकसान"
d0cb8aabdf545c12,"एगो बड़ फैसला लेके गूगल करोड़ों जीमेल अकाउंट बंद करे के फैसला कईले बा। गूगल आपन ब्लॉग पोस्ट के माध्यम से इs जानकारी देले बा। वर्तमान में दुनिया भर में लाखों यूजर लोग के जीमेल अकाउंट बा आ ई दुनिया के सभसे ढेर इस्तेमाल होखे वाली ई-मेल सेवा हवे। एतने ना, एंड्रॉयड यूजर के अपना फोन के सभ फीचर के एक्सेस करे खातीर जीमेल अकाउंट के भी जरूरत बा। गूगल अपना ब्लॉगपोस्ट में कहलस कि दुनिया भर में लाखों यूजर बाड़े जवन कि बहुत दिन से अपना जीमेल अकाउंट के इस्तेमाल नईखन कईले। ई लेखा-जोखा क्रिएट के बाद जइसन बा ओइसने छोड़ दिहल गइल बा। ई अकाउंट गूगल के सर्वर पs बेवजह जगह घेरले बा. एतने ना, हैकर भी एह बेकार अकाउंट के फायदा उठा सकेले। गूगल अब एगो बड़ कदम उठवले बा अवुरी एs अकाउंट के बंद करे के फैसला कईले बिया। जइसहीं ई करोड़ों अनयूज्ड अकाउंट्स बंद हो जाई गूगल के सर्वर स्पेस खाली हो जाई जवना से नया यूजर के फायदा होखी. गूगल अपना ब्लॉग में कहलस कि उs फिलहाल ओ जीमेल अकाउंट के ब्लॉक कs दिही, जवना के इस्तेमाल 2 साल चाहे ओकरा से जादे समय से नईखे होखत। अगर अकाउंट के लंबा समय ले इस्तेमाल ना होखे तs इs इनेक्टिव हो जाला। अगर रउआ जीमेल खाता भी बनवले बानी जवना के रउआ बहुत दिन से इस्तेमाल नईखी करत, तs राउर जीमेल अकाउंट भी बंद हो सकता। हालाँकि, प्रयोगकर्ता लोग चाहे तs एह अकाउंट सभ के बचा सके ला। एकरा खातिर यूजर के अपना जीमेल अकाउंट में लॉग इन कs के इनबॉक्स में मिलल ई-मेल के पढ़े के होई चाहे केहु के मेल करे के होई। अइसना में ई अकाउंट एक्टिव हो जाई आ गूगल के एह बड़हन कार्रवाई से बचावल जा सकेला. एकरा अलावे यूजर अपना जीमेल खाता में लॉग इन कs के अवुरी गूगल के कवनो सेवा के इस्तेमाल कs के भी आपन पुरान खाता सक्रिय कs सकतारे। हालांकि, जदी आप चाहतानी कि आपके सभ पुरान जीमेल अकाउंट बंद हो जाए, तs आप ओकरा के जईसन बा ओसही छोड़ सकतानी चाहे गूगल के सेटिंग में जाके अकाउंट के डिएक्टिवेट कs सकतानी।","गूगल करोड़ों जीमेल अकाउंट बंद करे के फैसला कईले बा। ई फैसला ओह यूजर खातिर बा जवन बहुत दिन से अपना अकाउंट के इस्तेमाल नईखे कइले। अगर रउआ जीमेल खाता के इस्तेमाल 2 साल से ना कइले बानी, तs उ अकाउंट इनएक्टिव हो जाई। यूजर लोग चाही तs अपना अकाउंट के बचा सकेला, बस उनकरा के लॉग इन कs के ई-मेल पढ़े के होई। जदी रउआ चाहतानी कि पुरान अकाउंट बंद हो जाए, तs उहे छोड़ सकतानी।","Google के बड़ फैसला, आज से बंद कs देई करोड़न यूजर्स के Gmail अकाउंट",Neutral,neutral,"के अलावा, यूजर चाहे एगो नया ईमेल आईडी बनावे। गूग़ल करोड़न जीमेल एकाउंट बंद करत बा। ई जानकारी गूग़ल के ब्लॉग पॉस्ट में देल गेल बा। दुनिया भर के लाखन यूजर जीमेल इस्तेमाल करेले बा, जवन की दुनिया के सबसे लोकप्रिय ईमेल सेवा बा। लेकिन, लाखन एकाउन्ट बहुत दिनों से बेकार पड़े रहेले बा जवन के यूजर इस्तेमाल नही करत। गूग्ल के अनुसार, ई एकाउनट सर्वर में बेकार जगह घेरे बा आ हैकरन के लालच का वजह बन सकेल। अब गूग्ले करोड़न बेकार एकाउनंट बंद करने के लिए बड़ा कदाम उठाए बा। जो एकौन्ट दो साल से ज्यादा समय"
4e7e93f401dea3ce,"स्पोर्ट्स डेस्क : Indian Team Test Squad For England: रोहित शर्मा आ विराट कोहली के संन्यास लेला के बाद भारतीय टेस्ट क्रिकेट में नया जुग के आरंभ हो गइल बा। एकर सुरुआत 20 जून से इंग्लैंड दौरा से होई। बीसीसीआई सनीचर के टेस्ट सीरीज खातिर टीम के एलान कs देलस। शुभमन गिल के नया कप्तान बनावल गइल बा। भारतीय टीम वर्ल्ड टेस्ट चैंपियनशिप के चउथा संस्करण के आगाज नवहा टीम के संगे करी। कप्तान रोहित शर्मा के टेस्ट से रिटायरमेंट लेला के बाद युवा शुभमन गिल के नया कप्तान बनावल गइल बा। ओहिजा, ऋषभ पंत के उनकर डिप्टी नियुक्त कइल गइल बा। विराट कोहली के टेस्ट संन्यास लेला के बाद उनकर जगह भरे खातिर साई सुदर्शन के चुनल गइल बा। भारतीय टीम में रवींद्र जडेजा आ जसप्रीत बुमराह मात्र दुगो अनुभवी खिलाड़ी के रूप में मवजूद हबा लोग। इंग्लैंड दौरे खातिर भारतीय टीम: शुभमन गिल (कप्तान), ऋषभ पंत (विकेटकीपर/उपकप्तान), यशस्वी जायसवाल, केएल राहुल, साई सुदर्शन, अभिमन्यू ईश्वरन, करुण नायर, नीतीश रेड्डी, रवींद्र जडेजा, ध्रुव जुरेल (विकेटकीपर), वॉशिंगटन सुंदर, शार्दुल ठाकुर, जसप्रीत बुमराह, मोहम्मद सिराज, प्रसिद्ध कृष्णा, आकाश दीप, अर्शदीप सिंह आ कुलदीप यादव।",भारतीय टेस्ट क्रिकेट में नया जुग के आरंभ रोहित शर्मा आ विराट कोहली के संन्यास के बाद हो रहल बा। इंग्लैंड दौरा 20 जून से शुरू होई आ बीसीसीआई टेस्ट सीरीज खातिर टीम के एलान कइले बा। शुभमन गिल के नया कप्तान बनावल गइल बा आ ऋषभ पंत के डिप्टी नियुक्त कइल गइल बा। विराट कोहली के जगह साई सुदर्शन के चुनल गइल बा। टीम में रवींद्र जडेजा आ जसप्रीत बुमराह मात्र दुगो अनुभवी खिलाड़ी बाड़ें।,"India Test Squad For England: भारतीय टेस्ट टीम के भइल एलान, शुभमन गिल के मिलल कप्तानी, पंत उपकप्तान",Positive,joy,"भारतीय टेस्ट टीम में एक नया युग आरंभ भइल है। रोहित शर्मा आ विराट कोहली के टेस्ट क्रिकेट से अलविदा लेल के बाद, शुभमन गिल नए क्‍प्टन बनल हैं। उनका डिप्टी रहलेंगा ऋष्‍भ पंत। साई सुदर्शन ने वि‍राट के स्थान पर टीम में जगह बनाई है। 20 जून से इंग्‍लैंड दौरा शुरू होगे। भारतीय टीम वर्ल्ड टेस्‍ट चैंपियन्‍शिप के चौथे संस्करण में भाग लेंगी"
5b8c1c111183700b,"उत्तर प्रदेश के मुख्यमंत्री योगी आदित्यनाथ आजु आपन पूरा मंत्रिमंडल के साथे प्रयागराज चहुँपत बाड़न. आजु प्रयागराज में यूपी कैबिनेट के बइठक होखी जवन दुपहरिया बारह बजे से शुरू होखी. एह बइठक में 12 से अधिका प्रस्ताव के मंजूरी दिहल जा सकेला. एह बइठक के बाद मुख्यमंत्री योगी आदित्यनाथ आ उनुकर सगरी 54 मंत्री संगम में डुबकी लगा के माई गंगा से प्रार्थना करीहें. अबकी बेर भक्तन के सुविधा के ध्यान में राखत अरैल में बइठक करावे के फैसला भइल बा. बैठक के बाद सभ मंत्री अरैल वीआईपी घाट से मोटर बोट से संगम जईहे, जहां सीएम योगी समेत सभ मंत्री पूजा करीहे। कई गो महत्वपूर्ण प्रस्ताव पs मंत्रिमंडल के बइठक में चर्चा भइलआज के मंत्रिमंडल के बैठक में बहुत महत्वपूर्ण प्रस्ताव पs चर्चा अवुरी मंजूरी दिहल जा सकता। एहमें सबसे खास बा यूपी के 40 लाख विद्यार्थियन के टैबलेट आ स्मार्टफोन उपलब्ध करावे के प्रस्ताव. प्रयागराज, वाराणसी अवुरी आगरा नगर निगम के बॉंड जारी करे के भी फैसला लिहल जा सकता, जवन कि बुनियादी ढांचा अवुरी शिक्षा के सुधार में एगो महत्वपूर्ण कदम होई। एकरा अलावे हाथरस, बागपत अवुरी कासगंज के मेडिकल कॉलेज पीपीपी मोड पs, आगरा में नाया आवासीय परियोजना, बलरामपुर के सरकारी मेडिकल कॉलेज अवुरी यूपी एयरोस्पेस अवुरी रक्षा इकाई के प्रोत्साहन नीति पs भी फैसला लिहल जा सकता। 7 जिला के मिला के धार्मिक सर्किट बनावे के प्रस्ताव के भी मंजूरी दिहल जा सकता।","उत्तर प्रदेश के मुख्यमंत्री योगी आदित्यनाथ आजु अपन पूरा मंत्रिमंडल के साथे प्रयागराज चहुँपत बाड़न। आजु दुपहरिया बारह बजे से यूपी कैबिनेट के बइठक होखी, जहाँ 12 से अधिका प्रस्ताव के मंजूरी दिहल जा सकेला। बइठक के बाद मुख्यमंत्री आ 54 मंत्री संगम में डुबकी लगा के माई गंगा से प्रार्थना करीहें। एह बइठक में यूपी के 40 लाख विद्यार्थियन के टैबलेट आ स्मार्टफोन उपलब्ध करावे के प्रस्ताव आ कई गो महत्वपूर्ण प्रस्ताव पर चर्चा होई। धार्मिक सर्किट बनावे के प्रस्ताव के भी मंजूरी दिहल जा सकेला।","Mahakumbh 2025: प्रयागराज में आज योगी कैबिनेट के अहम बैठक, 54 मंत्रियन के संगे गंगा में डुबकी लगइहें सीएम",Positive,joy,"उत्तराखंड के मुख्‍य मंत्री योग्‍जी आदित्‍यन‍ाथ आज प्रयाग्रज में अपने पूरे मंत्रीमंडल संग बैठक कर रहे बा। दुपहरी बारह बज के बाद बैठक शुरू होइल जहाँ १२ से ज़्यादा प्रस्‍ताव मंजूर हो सकेल। बैठक बाद मंत्रीगण गंगा में स्‍नान कर के पूजा करेहें। इस बैठक मे ४० लाख छात्रों के लिए टैब्‍लेट और स्‍मार्टफ़ोन देना, प्रयाग्‍राज, बनारस और आग्रा नगर निकायों के बॉन्‍ड जारी करना, हथरास, बाग़पत और कस्‍गंज में मेड‍िकल कालेज बनाना, आग्रा में नई आवा"
ba62dd46082b0e80,"भारत सोमार का दिने अग्नि 5 मिसाइल के सफलतापूर्वक परीक्षण कइलसि । पीएम मोदी ‘एक्स’ पs इ जानकारी देले। अग्नि 5 मिसाइल परीक्षण पs दुनिया भर से प्रतिक्रिया आ रहल बा। जान लीं कि अमेरिका के प्रतिक्रिया का रहे? अग्नि-5 मिसाइल परीक्षण पs अमेरिका : भारत एक बेर फेरू अग्नि-5 मिसाइल के सफलतापूर्वक परीक्षण कऽ के दुनिया के सामने भारत के ताकत के इजहार कइले बा। एह परीक्षण से भारत के आत्मविश्वास बढ़ गइल बा। एही बीच अमेरिका अग्नि 5 मिसाइल के परीक्षण के भारत के बढ़त ताकत बतवले बा। भारत के एह उपलब्धि आ बढ़त ताकत पs अमेरिकी सांसद कहलन कि दुनिया में ‘बरी ताकत के सम्मान मिलेला’। जानकारी के मुताबिक भारत सोमवार के एमआईआरवी तकनीक के संगे अग्नि-5 मिसाइल के सफलतापूर्वक परीक्षण कईलस। भारतीय प्रधानमंत्री नरेंद्र मोदी सोशल मीडिया प्लेटफॉर्म ‘एक्स’ पs इ जानकारी देले। भारत के एह सफलता पs दुनिया भर से प्रतिक्रिया आ रहल बा । अमेरिकी सांसद रिक मैकॉर्मिको भारत के एह उपलब्धि खातिर बधाई दिहले। उ कहले कि, ‘हमरा लागता कि एकरा से भारत कूटनीतिक आ सामरिक मामला में बड़ खिलाड़ी बन जाई। अमेरिकी सांसद रिक मैकॉर्मिक कहले कि, ‘जब रउवा लगे जादा तकनीक होखेला तऽ रउवा अर्थव्यवस्था बढ़ेला अवुरी सेना में निवेशो बढ़ेला।’ लोग ताकत के सम्मान करेला। अमेरिकी सांसद आगे कहले कि ‘भारत अभी शुरू भईल बा।’ पीएम मोदी अंतरराष्ट्रीय स्तर पs भी भूमिका निभा रहल बाड़े। जेतना ताकतवर होखब, ओतने लोग आपके बात सुनी। उ कहले कि ‘पुतिनो के परमाणु ऊर्जा होखे के फायदा मिलेला।’ मिशन दिव्यास्त्र के सफलता के बाद अब अग्नि 5 मिसाइल से एक बेर में कई गो निशाना के निशाना बनावल जा सकेला। मिसाइल पs एगो सिस्टम लगावल जाई, जवना के माध्यम से एक संगे तीन अलग-अलग निशाना के लगावल जा सकता। मिशन दिव्यास्त्र के परीक्षण से भारत ओह देशन के चुनिंदा समूह में शामिल हो गइलऽ बा जवना में एमआईआरवी क्षमता बा । अग्नि-5 एगो उन्नत सतह से सतह तक बैलिस्टिक मिसाइल बा जे इंटीग्रेटेड गाइडेड मिसाइल डेवलपमेंट प्रोग्राम (IGMDP) के तहत बिकसित कइलऽ गइलऽ बा। एह मिसाइल में 5000 किलोमीटर के दूरी से बाहर के निशाना पs हमला करे के क्षमता बा आ भारत के आत्मरक्षा प्रणाली खातिर ई महत्वपूर्ण बा। फायरिंग के बाद एह मिसाइल के बिना इंटरसेप्टर मिसाइल के ना रोकल जा सके। अग्नि मिसाइल सिस्टम नामी वैज्ञानिक आ देश के पूर्व राष्ट्रपति डॉ. एपीजे अब्दुल कलाम के दिमाग के उपज रहे।",भारत सोमार का दिने अग्नि 5 मिसाइल के सफलतापूर्वक परीक्षण कइलसि। पीएम मोदी ‘एक्स’ पs इ जानकारी देले। अमेरिका अग्नि 5 मिसाइल के परीक्षण के भारत के बढ़त ताकत बतवले बा आ अमेरिकी सांसद रिक मैकॉर्मिको भारत के एह उपलब्धि खातिर बधाई दिहले। अग्नि-5 मिसाइल में 5000 किलोमीटर के दूरी से हमला करे के क्षमता बा आ ई भारत के आत्मरक्षा प्रणाली खातिर महत्वपूर्ण बा। मिशन दिव्यास्त्र के सफलता के बाद अब अग्नि 5 से एक बेर में कई गो निशाना के निशाना बनावल जा सकेला।,"अग्नि 5 मिसाइल परीक्षण पऽ दुनिया में भारत के प्रतिष्ठा बढ़ल, अमेरिका कहलस कि ‘ खाली ताकत के सम्मान मिलेला’।",Positive,joy,"वना के मदद से कई गो लक्ष्य एक साथ निशाने पर लगा सकल। अग्नि - 5 परीक्षण सफल, भारत के सामरिक क्षमता में बढ़ोतरी भारत ने सोमारवार को अग्नी-5 बैलिस्टिक मिसिल का सफल परीक्षण किया। इस परीक्षण में एमआइआरवी (मल्टीपल इंडिपेंडेंट रे-एन्‍ट्री व्‍ह्‍यिकल्स) टेक्‍नोलॉजी का भी इस्तेमाल किया गया। प्रधान मंत्री नरेन्द्र मोदी ने सोशल मिडिया पर इस जानकारी को साझा किया। भारत की इस उपलब्धि पर दुनियाभर से बधाइयां आ रही हैं। अमेरिका ने भी भारत के इस सफल प्रयास की सराहना की है और कहा है कि यह भारत की बढ़ती ताक"
6d648750ae2db506,"सड़क चौड़ा करे अवुरी बिजली के तार-पोल शिफ्टिंग अवुरी फीडर विभक्तिकरण के काम के चलते बिजली उपकेन्द्र मोहद्दीपर उपकेंद्र के फीडर के आपूर्ति बंद रही। एह दौरान सबेरे 11 बजे से दुपहरिया 2 बजे ले ओरियन मॉल के पीछे राय कॉलोनी, मोहद्दीपुर, ओरियन मॉल के पीछे, दरगहिया, नंदा नगर,उचवां, झरना टोला, गायत्री नगर, कोदइया, नीना थापा वगैरह इलाकन के बिजली आपूर्ति बाधित रही। इs जानकारी एक्सईएन मोहद्दीपुर के ओर से दिहल गईल बा। एकरा अलावे टाउनहॉल खंड के तारामंडल पावर सबस्टेशन के कुछ फीडर सबेरे दस बजे से सांझम चार बजे ले बंद रही। एह दौरान पंचमुखी हनुमान मंदिर के नजदीक जीडीए कार्यालय के सामने, तारामंडल, दाउदपुर, नहर रोड, विवेकपुरम, जीडीए कार्यालय, गौम विहार क्षेत्र के सामने जीडीए कार्यालय के सामने बिजली आपूर्ति बंद रही। खोराबर उपकेंद्र से निकले वाला दिव्या नगर फर्स्ट फीडर सबेरे दस बजे से सांझ 4 बजे ले बंद रही। एह दौरान मरम्मत के काम विभिन्न क्षेत्र में कइल जा सकेला। एकरा से स्थानीय लोग के गरमी में बिजली के बेहतर आपूर्ति मिल पाई। ई जानकारी एसडीओ खोराबर दिहले बाड़न।","सड़क चौड़ा करे, बिजली के तार-पोल शिफ्टिंग आ फीडर विभक्तिकरण के काम के चलते मोहद्दीपुर उपकेंद्र के फीडर के आपूर्ति सबेरे 11 बजे से दुपहरिया 2 बजे ले बंद रहल। एह दौरान राय कॉलोनी, मोहद्दीपुर, ओरियन मॉल के पीछे, दरगहिया, नंदा नगर आ अन्य इलाकन में बिजली आपूर्ति बाधित रहल। टाउनहॉल खंड के तारामंडल पावर सबस्टेशन के कुछ फीडर भी सबेरे 10 बजे से सांझ 4 बजे ले बंद रहल। खोराबर उपकेंद्र से निकले वाला दिव्या नगर फर्स्ट फीडर भी एह दौरान बंद रहल। ई सब मरम्मत के काम खातिर कइल गइल बा।",Gorakhpur News: शहर के एह इलाकन में देर सांझ ले रही बिजली गुल,Neutral,neutral,"सड़क चौड़ा करावे आ बिज्ली के टाँर-पोले शिफ़्टिंग के काम चलल रहे बा। उसके चलते मोहददीपुर उपकेंदर के कई फीडर्स बंद रहल। सबेरे ११ बाजे से दोपहर २ बजे तक ओरियन माल के पिछवाड़े, राय कालोनी, मोहद्दूपुर, दरगाहिया, आदि इलाका में बिजली बंद रहे। टाँवहाल खंड में भी तारा मंडल पॉवर सबस्टेसन के कुछ फीडर्स दस बजे से शाम ४ बजे तक बंद रहे, जिससे पंचमूखी हनुमान मंदिर के पास, तारा मंडल, दाउदपुर आदि"
996d675c3d87817d,ईरान के 180 मिसाइल हमला के जवाब में इजरायल हिजबुल्लाह अवुरी हमास पs हमला शुरू कs देले बा। बेरूत हवाई अड्डा के लगे इजरायल देर रात हमला कइलस. बेरूत के आसमान एक के बाद एक 10 गो हवाई हमला से गूंजत रहे। एकरा संगे इजरायली सेना के जमीनी अभियान भी चलता। इजरायल हमास प्रमुख जही यासर अब्द अल-रजेक औफी के मार गिराए के दावा भी कईले बा। एकरा संगे समाचार एजेंसी रॉयटर्स एगो रिपोर्टर के हवाला से कहलस कि इजरायली हमला में हिजबुल्लाह के वरिष्ठ अधिकारी हाशेम सफीदीन के भी निशाना बनावल गईल। एही बीच हिजबुल्लाह इजरायली सेना के 17 गो अफसर आ जवानन के मारले के दावा भी कइले बा। इजरायली सेना बियफे के दिने कहलस कि ऊ पश्चिमी तट के तुलकरम पs हमला में हमास नेटवर्क के प्रमुख के हत्या कs दिहले बिया. सेना एगो बयान में हमास के आतंकी के पहचान जही यासर अब्द अल-रजेक औफी के रूप में कईले बिया। एकरा साथे एक्सियोस के रिपोर्टर बराक रविद सुक के दिने सोशल मीडिया प्लेटफार्म एक्स पs एगो पोस्ट में इजरायली सूत्र के हवाला देत कहले बाड़न कि बेरूत पs इजरायली हमला में हिजबुल्लाह के वरिष्ठ अधिकारी हाशेम सफीदीन के निशाना बनावल गइल बा. सफीदीन ऊ आदमी हउवें जिनका के हिजबुल्लाह नेता हसन नसरल्लाह के उत्तराधिकारी मानल जाला. एs मामला में कवनो पार्टी के ओर से कवनो आधिकारिक बयान नईखे आईल।,"ईरान के 180 मिसाइल हमला के जवाब में इजरायल हिजबुल्लाह आ हमास पs हमला शुरू कइलस। बेरूत हवाई अड्डा के लगे इजरायल देर रात 10 गो हवाई हमला कइलस आ जमीनी अभियान भी चलावल। इजरायल हमास प्रमुख जही यासर अब्द अल-रजेक औफी के मार गिराए के दावा कइलस। हिजबुल्लाह इजरायली सेना के 17 अफसर आ जवानन के मारले के दावा कइले बा। इजरायली सूत्र के अनुसार, हिजबुल्लाह के वरिष्ठ अधिकारी हाशेम सफीदीन के निशाना बनावल गइल बा।","इजरायल शुरू कइलस जवाबी हमला, हिजबुल्लाह आ हमास दुनु के नया चीफ ढेर, बेरूत में 10 एयरस्ट्राइक",Negative,anger,"इराण के १८० मिसेल हमले के बाद, इज़राइल हामस आ हिजबुललाह पर हमला कर देले। बेरुूत हवाइ अड़्डे के पास रात में कई बार हवाई जहाज से हमला भइल। इज़राइली सैनिक जमीन पर भी आक्रमण कर रहल बा। इज़रायिल दावा करत बा कि हामास के प्रमुख जाहि यासर अबद अल रज़ेक औफी मार दियल गेल बा। रिपोर्ट्स के हिसाब से, हिज़बुल्लह के बड़े नेता हाशेम् सफीदीन भी इज़्रायली हमले में मारल गेले। हिज़बुल्लाह दावा करता बा कि ऊ लोगो ने १७ इज़रयली सिपाही"
87f6cd040bbf3757,"टेक डेस्क। जी एंटरटेनमेंट एंटरप्राइजेज (जील) के मुख्य कार्यकारी अधिकारी (सीईओ) पुनीत गोयनका सनीचर के जी सिने अवार्ड्स 2025 में कंपनी आ एकर आउर ब्रांड, जी टीवी, जी 5, जी म्यूजिक कंपनी आ जी स्टूडियोज के लिए लोगो के नया सेट के घोषणा कइलें। एकर उद्देश्य अपना मनोरंजन प्लेटफार्मन पs प्रीमियम गुणवत्ता वाला सामग्री पेश कइल बा। विज्ञप्ति में कहल गइल बा कि जील के अंतर्गत सब चैनलन आ प्लेटफार्मन खातिर ब्रांड लोगो 8 जून के लॉन्च कइल जाई, जबकि कॉर्पोरेट ब्रांड पहिलही आपन लोगो बदल देले बा। “जइसन कि हमनी के कंटेंट आ तकनीक पs मजबूत फोकस के संगे विकास के चरण में प्रवेश कs रहल बानी सs, कंपनी खातिर जवन नया रूप परिकल्पित कइल गइल बा, उ भविष्योन्मुखी, गतिशील आ चुस्त बा, जवन उभरत अवसरन के लाभ उठावे खातिर हमनी के टीम के क्षमता के एगो दृढ़ प्रतिनिधित्व बा। ई समग्र उपभोक्ता अनुभव के बढ़ावे खातिर उभरत प्रौद्योगिकियन के अपनावे के हमनी के प्रतिबद्धता के दरसावेला। नया ब्रांड ब्रह्मांड हमनी के साहसिक भावना आ तेजी से विकसित हो रहे परिदृश्य में चुस्त आउर अनुकूल बनल रहे के संकल्प के रेखांकित करेला,” गोयनका कहलें।","जी एंटरटेनमेंट एंटरप्राइजेज (जील) के सीईओ पुनीत गोयनका सनीचर के जी सिने अवार्ड्स 2025 में कंपनी आ ओकर ब्रांडन के नया लोगो के घोषणा कइलें। ई नया लोगो 8 जून के लॉन्च होई आ एकर उद्देश्य प्रीमियम गुणवत्ता वाला सामग्री पेश कइल बा। गोयनका कहलें कि नया रूप भविष्योन्मुखी आ गतिशील बा, जवन उपभोक्ता अनुभव के बढ़ावे खातिर उभरत प्रौद्योगिकियन के अपनावे के प्रतिबद्धता के दरसावेला।","ZEE: जी एंटरटेनमेंट नया लोगो के अनावरण कइलस, प्रीमियम कंटेंट देहल बा लक्ष्य",Positive,joy,"जी एंटरटेन्मेंट के सीईओ पुणित गोयन्का ने सन्याचर के जे सीने अवॉर्ड्स में जी एल के नवनवीन लोगो का अनावरण कइला। ई नया लोगो जी टीभी, जी फाइव, जी संगीत, जी स्टुडिओज आ अन्य ब्राँड्स के लागू होईल। गोयनका के मुताबिक, ई लोगो कंपनी के भविष्य की ओर बढ़ने, नई टेक्नोलॉजी अपनाने आ बेहतर दर्शक अनुभव प्रदान करने के प्रति समर्पण को दर्शाता है। नया ब्रैंड लोगो आठ जून से सभी चॅनेल आ प्लॅटफॉर्म पर लांच होइल।"
6d469e73b12e476e,"अंतरिक्ष में 12 हफ्ता बितवला के बाद बोइंग के स्टारलाइनर अंतरिक्ष यान अंतरराष्ट्रीय स्पेस स्टेशन (आईएसएस) से घर लवटला खातिर अब तइयार बा। अमेरिकी अंतरिक्ष एजेंसी नासा बतवलस कि स्टारलाइनर सुनीता विलियम्स आ बुच विल्मोर के बिना छव सितंबर के अंतरिक्ष से धरती पs लवटी। अंतरिक्ष यान अमेरिका के स्थानीय समयानुसार छह सितंबर, सांझ छव बजे के आसपास परिक्रमा प्रयोगशाला से अलग हो जाई। छव घंटा हवा में रहत न्यू मेक्सिको के वॉइट सैंड्स स्पेस हार्बर में उतरी। सुनीता विलियम्स और बुच विल्मोर – फोटो : NASAओने नासा दुनो के सुरक्षित वापसी खातिर आवे वाला स्पेसएक्स उड़ान से दुगो अंतरिक्ष यात्रियन के संख्या कम कs देले बा। अब नासा के निक हेग आ रूसी अलेक्जेंडर गोरबुनोव सितंबर में स्पेसएक्स रॉकेट से आईएसएस जाई लो। दुनो फरवरी 2025 में सुनीता आ विल्मोर के संगे वापस लवटी लो। नासा कहलस कि स्पेसएक्स से हटावल गइल अंतरिक्ष यात्री जेना कार्डमैन आ स्टेफनी विल्सन बा लो। नासा के भारतीय मूल के अंतरिक्ष यात्री सुनीता विलियम्स अपना साथी बैरी विल्मोर के संगे दु महीना से जादे समय से अंतरिक्ष में फंसल बाड़ी। फिलहाल सुनीता विलियम्स आ बैरी विल्मोर अंतरराष्ट्रीय अंतरिक्ष स्टेशन (आईएसएस) पs मवजूद बा लो। बोइंग स्टारलाइनर में खराबी के कारण अभी तक ओह लोगन के वापसी नइखे हो पाइल। अंतरिक्ष यान बोइंग स्टारलाइनर 5 जून के सुनीता विलियम्स आ बैरी विल्मोर के लेके अंतरिक्ष में गइल रहे। स्टारलाइनर में हीलियम लीक आ थ्रस्टर में खराबी के कारण अंतरिक्ष यात्रियन के वापसी नइखे हो पाइल। अंतरिक्ष आ जमीन पs मवजूद इंजीनियर खराबी के ठीक करावे आ अंतरिक्ष यात्रियन के सुरक्षित वापसी खातिर कड़ा मेहनत कs रहल बा लो। सुनीता विलियम्स आ बैरी विल्मोर के ई अंतरिक्ष यात्रा खाली आठ दिन के रहे, बाकिर स्टारलाइनर में खराबी के कारण अभी तक नासा ओह लोगन के वापसी के समय नइखे तय कs पाइल। ओह लोगन के वापसी के लेके अमेरिकी अंतरिक्ष एजेंसी नासा के चिंताएं बढ़ रहल बा। अब एह बीच अंतरिक्ष यात्रियन के लेके बड़ खतरा के आशंका जतावल जा रहल बा।",बोइंग के स्टारलाइनर अंतरिक्ष यान 12 हफ्ता बितवला के बाद अब आईएसएस से घर लवटला खातिर तइयार बा। सुनीता विलियम्स आ बुच विल्मोर बिना छव सितंबर के धरती पs लवटी। अंतरिक्ष यान न्यू मेक्सिको के वॉइट सैंड्स स्पेस हार्बर में उतरी। नासा के चिंता बढ़ रहल बा काहे कि स्टारलाइनर में खराबी के कारण वापसी के समय नइखे तय भइल। सुनीता आ विल्मोर के सुरक्षित वापसी खातिर इंजीनियर लोग मेहनत कs रहल बा।,"Sunita Williams: सुनीता आ विल्मोर के बिना छव सितंबर के उतरी स्टारलाइनर, दु महीना से अंतरिक्ष में फंसल बाड़ी",Negative,fear,से निपटने के तरीका ढूंढ रहे बा। बोइंग कम्पनी द्वारा बनाया गया स्टारलाइन्‍र अंतराष्‍ट्रीय अंतरीक्ष स्‍टेशन (ISS) से वापसी के लिए तैयार हो गया है। अमेरिका की अंतरिक्‍श एजेंसियों ने बताया है कि स्टारलि‍नर छठे सितम्‍बर को शाम छह बजे (स्थानीय समय) अंतर्राष्ट्रीय स्‍पेश्‍स स्टेशन्‍स से अलग होगा। छह घंटे बाद यह न्यू मेक्‍सिको में व्‍हाइट स्‍ैंड्स स्‍पेस हर्बर में लैंड करेगा। इस यान में सन्‍यता विल्‍यम्‍स और ब्‍यूच्‍ विलमोर यात्रा कर रहे थे। उन
749848be41d2496c,"रांची। झारखंड में सामने आइल शराब घोटाला ममिला में भ्रष्टाचार निरोधक ब्यूरो (एसीबी) बड़ कार्रवाई कइले बिया। एसीबी बियफे के छत्तीसगढ़ के शराब कारोबारी नवीन केडिया के गोवा से धर दबोचलस। गिरफ्तारी के बाद अब एसीबी ओकरा के ट्रांजिट रिमांड पs रांची ले आवे के तइयारी में लागल बिया, जहां ओकरा से रिमांड पs गहिराह पूछताछ कइल जाई। जानकारी के मोताबिक, नवीन केडिया पs एसीबी पहिले से गिरफ्तारी वारंट जारी कइले रहे। वारंट निकलला के बादे से ऊ फरार चलत रहे आ कोर्ट में जमानत खातिर अर्जियो देले रहे। अब गिरफ्तारी के बाद एसीबी के जांच में कइयन गो अहम खुलासा होखे के उम्मेद जतावल जा रहल बा। बतावल जा रहल बा कि उत्पाद आ मद्य निषेध विभाग के पूर्व प्रधान सचिव विनय कुमार चौबे के कार्यकाल में मई 2022 में लागू भइल नया उत्पाद नीति के दौरान छत्तीसगढ़ के शराब कारोबारी आ प्लेसमेंट एजेंसियन के झारखंड में काम दिहल गइल रहे। आरोप बा कि एह काम के बदले मोट कमीशन वसूलल गइल। नवीन केडिया के विनय कुमार चौबे के करीबी मानल जात बा, एकरा चलते जांच एजेंसी ओकर भूमिका पs खास नजर रखले बिया। एसीबी के सूत्र बता रहल बा कि नवीन केडिया के पूछताछ से शराब घोटाला के नेटवर्क आ पईसन के लेनदेन से जुड़ल कइयन गो अहम कड़ी सामने आ सकेला। बतावल जा रहल कि 13 अक्टूबर 2025 के बाद से एह ममिला में नवीन केडिया छठा गिरफ्तार कारोबारी हवे। एकरा से पहिले एसीबी 13 अक्टूबर 2025 के गुजरात के अहमदाबाद से प्लेसमेंट एजेंसी विजन हॉस्पिटालिटी सर्विसेज एंड कंस्ल्टेंट्स से जुड़ल तीन आरोपी- परेश अभेसिंह ठाकोर, विक्रमासिंह, अभेसिंह ठाकोर आ महेश शिडगे के गिरफ्तार कइले रहे। एकरा बाद 14 नवंबर के छत्तीसगढ़ के बिलासपुर से शराब कारोबारी राजेंद्र जायसवाल उर्फ चुन्नू जायसवाल के धइले रहे। 13 दिसंबर के महाराष्ट्र के ठाणे से प्लेसमेंट एजेंसी मेसर्स मार्शन के निदेशक जगन तुकाराम देसाई के गिरफ्तारी भइल रहे। अब गोवा से नवीन केडिया के गिरफ्तारी के संगे झारखंड शराब घोटाला ममिला में एसीबी के शिकंजा आउर कस गइल बा।",झारखंड में शराब घोटाला ममिला में एसीबी बड़ कार्रवाई कइले बिया। एसीबी बियफे के छत्तीसगढ़ के शराब कारोबारी नवीन केडिया के गोवा से धर दबोचलस आ ओकरा के रांची ले आवे के तइयारी में बिया। नवीन केडिया पर पहिले से गिरफ्तारी वारंट जारी रहे आ ऊ फरार चलत रहे। एसीबी के जांच में विनय कुमार चौबे के भूमिका पs खास नजर रखल जा रहल बा। नवीन के पूछताछ से शराब घोटाला के नेटवर्क आ पईसन के लेनदेन के कड़ी सामने आ सकेला।,"Jharkhand Liquor Scam : एसीबी के कार्रवाई, गोवा से गिरफ्तार भइल कारोबारी नवीन केडिया",Negative,disgust,", राहुल शर्मा आ अमित कुमार पांडेय गिरफतार कइला। रंची में शराब गोटाला मामला में एसिबी बड़ी कार्रवाही कइली बा। एएससीबी छत्तीगढ़ के शराबा कारोबाड़ी नवीन कैडिया कें गोवा सें धरदबोचे बा। नवीन कैदिया पं एस्सीबी द्वारा पहले से ही गिरफ़्तारी वॉरंट जारी हो चुका रहल। वह फरारी चलत रहल आ अदालत में जमानात के लिए अर्जियां देत रहा। एसीसीबी अब नवीन कें ट्रान्जिट रीमांड पर रंची ले आये के तैयारी करत बा जहाँ ओकर से पूछाछ कही जा"
59bed1b58d0cee36,"Gaganyaan Mission: पीएम मोदी आज गगनयान मानव अंतरिक्ष उड़ान मिशन के अंतरिक्ष यात्रियन के नाम के घोषणा कइले। ई भारत के पहिला अइसन अंतरिक्ष मिशन होई जवना में अंतरिक्ष यात्रियन के कुछ समय खातिर निम्न कक्षा में अंतरिक्ष ले जावल जाई। गगनयान मिशन के 2025 में लॉन्च कइल जाई आ एकरा तहत दू से तीन गो अंतरिक्ष यात्रियन के 400 किलोमीटर के निम्न कक्षा में अंतरिक्ष में भेजल जाई। Gaganyaan Mission। प्रधानमंत्री नरेंद्र मोदी केरल के तिरुवनंतपुरम में मौजूद इसरो के विक्रम साराभाई स्पेस सेंटर के दौरा कइले। एही दौरान उऽ ए सेंटर से ट्राइसोनिक विंड टनल प्रोजेक्ट के शुभारंभ कइले। पीएम मोदी इसरो चीफ एस सोमनाथ के साथे मिशन गगनयान मिशन के रिव्यू कइले। एकरा साथे पीएम गगनयान मानव अंतरिक्ष उड़ान मिशन के अंतरिक्ष यात्रियन के नाम के घोषणा कइले। अंतरिक्ष यात्रियन के नाम के एलान के बाद पीएम मोदी कहले, “हम चाहत बानी कि हर कोई हमनी के अंतरिक्ष यात्रियन के खड़ा होके अभिनंदन करे।” पीएम मोदी आगे कहले,”हमनीं के आज एगो ऐतिहासिक सफर के साक्षी बनत बानी। अब से कुछ देर पहले देश पहिला बार आपन 4 गो गगनयान यात्रियन से परिचित भइल। ई खाली 4 हो नाम आ 4 गो इंसान नइखन, ई 140 करोड़ aspirations के स्पेस में ले जाए वाला 4 गो शक्ति बा। 40 बरिस के बाद कवनो भारतीय अंतरिक्ष में जाए वाला बा। बाकिर अबकी बेर टाइमो हमनी के बा, काउंटडाउनो हमनीं के बा आ रॉकेटो हमनीं के बा।” ई भारत के पहिला अइसन अंतरिक्ष मिशन होइ, जेमें अंतरिक्ष यात्रियन के कुछ समय खातिर निम्न कक्षा में अंतरिक्ष ले जाइल जाई। गगनयान मिशन के 2025 में लॉन्च कइल जाई जाएगा आ एकरा तहत दू से तीन अंतरिक्ष यात्रियन के 400 किलोमीटर के निम्न कक्षा में अंतरिक्ष में भेजल जाई। दू से तीन दिन अंतरिक्ष में बितवला के बाद ओहन के सुरक्षित वापस हिंद महासागर में समुद्र के भीतर उतारल जाई। एकरा तहत ई वर्ष काफी महत्वपूर्ण बा आ मिशन से जुड़ल कई गो परीक्षण उड़ान ए बरिस पूरा कर लिहल जाईं।","गगनयान मिशन के तहत पीएम मोदी आज मानव अंतरिक्ष उड़ान के अंतरिक्ष यात्रियन के नाम के घोषणा कइले। ई भारत के पहिला अइसन मिशन होई, जवना में अंतरिक्ष यात्रियन के 2025 में 400 किलोमीटर के निम्न कक्षा में भेजल जाई। पीएम मोदी केरल के तिरुवनंतपुरम में इसरो के विक्रम साराभाई स्पेस सेंटर के दौरा कइले आ एही दौरान ट्राइसोनिक विंड टनल प्रोजेक्ट के शुभारंभ कइले। अंतरिक्ष यात्रियन के नाम के एलान के बाद पीएम मोदी कहले कि ई 140 करोड़ aspirations के स्पेस में ले जाए वाला 4 गो शक्ति बा। मिशन के तहत अंतरिक्ष यात्रियन के दू से तीन दिन बाद सुरक्षित वापस हिंद महासागर में उतारल जाई।","Gaganyaan Mission खातिर अंतरिक्ष में जाई ई चार एस्ट्रोनॉट्स, PM मोदी कइले नाम के एलान",Positive,joy,"ट्रियन के चार सौ किलोमिटर के निचले कक्षे में भेजा जाईल। ** प्रधानमन्त्री नरेन्द्र मोदी ने कर्नाटक के त्रिवेंद्रम में इजरो के विक्रम सारभाई अंतःरिक्ष केन्द्र में गगन्यान मिसन के बारे में जानकारी दी। उन्होंने इसरो प्रमुख एस. सोमनथ के साथ मिलकर इस मसन की समीक्षा की। इस मौके पर, मोदी जी ने गगान्यान अंतरीक्ष यात्रियों के नाम भी घोषित किए। मोदी ने कहा कि ये 4 यात्री सिर्फ़ 4 नाम और 4 इन्सान नहीं हैं, बल्कि ये 1.40 अरब लोगों के सपनों को अंतःक्ष में ले जाने वाले 4 शक्तियां हैं।"
254da89f2d8f108e,"गूगल मैप दु दोस्तन के आधा रात के गेहूं के खेत में पहुंचा देलस। मदद खातिर कुछ लोग आइल तs ऊ कार लूटके फरार हो गइल। पुलिस रिपोर्ट दर्ज के ममिला के जांच में जुट गइल बिया। मेरठ के शास्त्रीनगर निवासी फिरोज कोतवाली में दिहल तहरीर में बतवलें कि पांच फरवरी के साथी नौशाद के संगे अपना वैगनआर कार से शामली जात रहस। एकरा पहिले रोहाना टोल प्लाजा पs उनका दोस्त लियाकत से मिले के रहे। मुजफ्फरनगर पहुंचला पs ऊ फोन कइलें, जवना पs लियाकत उनका के गूगल मैप से लोकेशन भेजलें आ सहारनपुर रोड पs चले के कहलें। फिरोज के मुताबिक ऊ लोकेशन लगाके चले लगल। कुछ देर में ऊ खेतन के बीच से गुजर रहल रास्ता पs पहुंच गइल। ऊ लियाकत से फेर संपर्क कइलें तs ऊ हाईवे पs वापस आवे के कहलें। एह दौरान उनकर कार एगो गेहूं के खेत मे फंस गइल। उहां से गुजर रहल बाइक सवार से मदद मंगलें। बाइक सवार अपना कइयन गो आउर साथियन के बुला लेलस। ओह लोगन में से एगो कार के ड्राइविंग सीट पs बइठलें, जबकि ऊ आउर लोगन के संगे कार के धक्का लगावे लगलें। फिरोज के आरोप बा कि खेत से बाहर निकलतही ऊ लोग कार लेके फरार हो गइल। जबकि आउर लोग बाइक पs सवार होके भाग गइल। पुलिस के कहनाम बा कि रिपोर्ट दर्ज कs के ममिला के जांच सुरू कs दिहल गइल बा।",गूगल मैप के सहारा लेके फिरोज आ उनका दोस्त नौशाद आधा रात में गेहूं के खेत में पहुंच गइलन। जब मदद खातिर कुछ लोग आइल त ऊ लोग कार लूट के भाग गइल। फिरोज पुलिस में रिपोर्ट दर्ज करवलें आ पुलिस ममिला के जांच में जुट गइल बिया। ऊ बतवलें कि लियाकत से मिले के बाद ऊ खेत में फंस गइल रहलन आ मदद मांगलन। पुलिस के कहना बा कि मामला के जांच सुरू कइल गइल बा।,"Saharanpur: गूगल मैप भटकवलस, गेंहू के खेत में फंसल दु दोस्तन के कार… निकलला के बहाने लूटके भगलें सs मददगार",Negative,anger,फिरोज नामक एक युवक आफ्नो दोस्त नाउशाद संगे शामली गइत रहल। रास्ते में उनका साथी लियाकट उनका लोकेसन भेजे के कहला की गूग्ले मैप के माध्यम से। उनका कार एक गेंहूँ के खेती में फंसल। खेती से गुजरे एक बाइक्सवार ने उनका मदद के लिए कुछ साथी बुलाए। एक साथी कार में बैठल और बाकी लोग कार धकेलने लगे। लेकिन बाद में उन लोगो ने कार लुटके फारार हो गए। पुलिस ने मामला दर्ज कर लिया है और जांच शुरू कर दी है।
2d19e9841cf0bb52,"आरक्षण में वर्गीकरण के विरोध करे खातिर 21 अगस्त के बोलावल गइल भारत बंद के असर वाराणसी में भी देखल गइल। बुध के दुपहरिया में बसपा कार्यकर्ता आ भीम आर्मी के कार्यकर्ता के भीड़ से सड़क पs जमा हो गइल। कार्यकर्ता जिला मुख्यालय में विरोध प्रदर्शन कइले आ राष्ट्रपति के संबोधित ज्ञापनो देले। एह दौरान कार्यकर्ता लो के पुलिस से झगड़ो हो गइल। प्रदर्शनकारी हाथ में नीला झंडा आ बाबा साहेब डॉ. भीमराव अम्बेडकर आ मायावती के तस्वीर वाला प्लेकार्ड लेके जिला मुख्यालय पहुंचले आ आरक्षण के वर्गीकरण खतम करे के मांग जतवले। बसपा के जिला अध्यक्ष रवि कुमार एडवोकेट संविधान के नौवीं अनुसूची में आरक्षण के वर्गीकरण के संविधान के सूची में शामिल होखे के बात कहले। सरकार अइसन नइखे करत। सरकार के विशेष सत्र बोलावे के चाही आ आरक्षण के वर्गीकरण के फैसला के रद्द करे के फैसला लेवे के चाही। दूसर ओर रामनगर में समाजवादी पार्टी के ओर से फुट मार्च निकालल गइल। मार्च करत कार्यकर्ता पीडीए यूनिटी जिन्दाबाद, सुप्रीम कोर्ट अपना फैसला पर फेर से विचार करे, पिछड़ल दलित के अधिकार आ अधिकार पs हमला कइल बंद करऽ, कोटा आरक्षण देके बंटवारा के राजनीति बंद कर देव आदि नारा लगावत रहले किला से शुरू भइल मार्च शहर में समाप्त हो गइल। वक्ता लोग के कहनाम बा कि कॉलेजियम सिस्टम बंद कर दीं, पार्श्व प्रवेश बंद कर दीं, ना तऽ देशव्यापी बंदी आगे जारी रही। आखिर में एगो बइठक भइल। एह दौरान पिछड़ा प्रकोष्ठ महानगर अध्यक्ष विवेक कहार, महिला सभा महानगर अध्यक्ष आरती यादव, पूर्व अध्यक्ष जितेन्द्र मलिक, पूर्व पार्षद संजय यादव, विनोद यादव, रामबाबू सोनकर आदि मौजूद रहले।","आरक्षण में वर्गीकरण के विरोध में 21 अगस्त के भारत बंद के असर वाराणसी में देखल गइल। बसपा आ भीम आर्मी के कार्यकर्ता सड़क पs जमा होके जिला मुख्यालय पर प्रदर्शन कइले आ राष्ट्रपति के ज्ञापन देले। कार्यकर्ता नीला झंडा आ बाबा साहेब डॉ. भीमराव अम्बेडकर आ मायावती के तस्वीर वाला प्लेकार्ड लेके आरक्षण के वर्गीकरण खतम करे के मांग कइलें। रामनगर में समाजवादी पार्टी के ओर से फुट मार्च निकालल गइल, जहाँ कार्यकर्ता कई नारा लगावत मार्च कइलें। अंत में एगो बइठक भइल, जहाँ कई नेता मौजूद रहले।","Bharat Bandh 2024: वाराणसी में लउकल भारत बंद के असर, सड़क पऽ उतरले बसपा कार्यकर्ता, सपा निकलस पैदल मार्च",Negative,anger,२१ अगस्त के भारत बंद के असर से वारंसी में भीड़ भड़क उठी। बसपा आ भीम आर्मी के कार्यकर्ता जिला मुख्यालय में विरोध प्रदर्शन कइले। उन लोग ने पुलिस से झगड़ा भी किया। वे आरक्षण के वर्गीकरण खत्म करने की मांग लगावत रहले। बसपा के जिला अध्यक्ष रवि कुमार ने कहा कि सरकार को विशेष सत्र बोलावे चाहिए आ इस फैसले को रद्द कर देवें। रामनगर में समा
d17f0185291c12f6,"नई दिल्ली। आंध्र प्रदेश के श्रीकाकुलम जिला में एगो बड़ हादसा हो गइल बा। जानकारी के मोताबिक, एकादशी के दिन काशीबुग्गा इस्थित वेंकटेश्वर स्वामी मंदिर में बड़ भीड़ जुटल रहे। भीड़ बढ़ला के चलते अचानक भगदड़ मच गइल, जवना में सात श्रद्धालुअन के मौत हो गइल आ कई लोग घायल हो गइल बानी। राज्य के मुख्यमंत्री एन चंद्रबाबू नायडू एह घटना पs गहिराह दुख जतावत कहलें कि ई बहुते दुखद घटना बा। ऊ एक्स पs लिखलें- “श्रीकाकुलम के काशीबुग्गा वेंकटेश्वर मंदिर में भगदड़ के घटना से हम बहुते दुखी बानी। श्रद्धालुअन के मौत दिल तुड़ देवे वाला बा। हम मृतक परिवारन के प्रति आपन संवेदना जतावत बानी।” ऊ इहो कहलें कि घायलन के बेहतर इलाज के निरदस दे दिहल गइल बा आ अधिकारी लोगन के राहत के काम पs नजर रखे के आदेस दिहल गइल बा। स्थानीय प्रशासन आ पुलिस टीम मंदिर परिसर में राहत आ बचाव के काम में जुटल बा। मृतक आ घायलन के सही संख्या के आधिकारिक पुष्टि अभी बाकी बा। आंध्र प्रदेश के मंत्री नारा लोकेश एह हादसा पर गहिराह दुख जतवलें। ऊ कहलें- “आज एकादशी के पावन दिन पs ई दुखद घटना हमनी सभे के हिला देले बा। हम मृतक परिवारन के प्रति संवेदना जतावत बानी। सरकार घायलन के बेहतर इलाज खातिर पूरा मदद के रहल बिया।”","आंध्र प्रदेश के श्रीकाकुलम जिला में एगो बड़ हादसा हो गइल बा, जहाँ काशीबुग्गा वेंकटेश्वर मंदिर में भीड़ के चलते भगदड़ मच गइल। एह घटना में सात श्रद्धालुअन के मौत हो गइल आ कई लोग घायल हो गइल बानी। मुख्यमंत्री एन चंद्रबाबू नायडू आ मंत्री नारा लोकेश एह घटना पर गहिराह दुख जतवले बाड़ें आ घायलन के बेहतर इलाज खातिर मदद के बात कहलें। स्थानीय प्रशासन आ पुलिस राहत आ बचाव के काम में जुटल बाड़ी।","Andhra Pradesh Stampede : आंध्र प्रदेश के वेंकटेश्वर मंदिर में भगदड़, 7 श्रद्धालुअन के मौत",Negative,sadness,"आंध्रप्रदेश के श्रीकालम जिले में काशी बूग्गा में स्थित वेंकेश्वर मन्दिर में एका दिवस बड़ी भीड़ जुटली रहे। भीड़ बढ़ल के कारण भगडड़ मचल गई, जहाँ सात भक्त मर गइले आ कई घाए। मुख्यमन्त्री एन. चन्द्र बाबू ने इस घटना पर गहरा दुख जाहिर कर के मृतकों के परिवारों के प्रति अपनी सहानुभूति जताई। उन्होंने घायलों के लिए बेहतर उपचार सुनिश्चित करने के आदेश दिए हैं। मंत्री नारायण लॉकेश ने भी इस दुर्भाग्यपूर्ण घटना पर दुःख व्यक्त किया है।"
68dc06a0f85b189c,स्मार्टफोन के बाजार बहुत तेजी से बढ़ रहल बा। फोन के बढ़त बाजार के बीच एकरा से जुड़ल एक्सेसरीज के मांग में काफी बढ़ोतरी भइल बा। अक्सर जब फोन के चार्जर काम ना करे भा चार्जर में कवनो दिक्कत होखे तऽ लोग ओकरा के मरम्मत करावे के बजाय नाया फोन के चार्जर लेवे के पसंद करेले। हालांकि ए दौरान एक बात के ध्यान में राखल बहुत जरूरी बा। बाजार में बहुत नकली चार्जर आ रहल बा। अइसना में जदी आप फर्जी चार्जर के इस्तेमाल करतानी तऽ एकरा से फोन के भारी नुकसान हो सकऽता। बहुत मामला में इ फोन के विस्फोट के एगो बड़ कारण बन जाला। नकली चार्जर के समस्या से बचे खातिर आप बीआईएस केयर ऐप के मदद ले सकतानी। रउरा जानकारी खातिर हम बता दीं कि बीआईएस यानी ब्यूरो ऑफ इंडियन स्टैंडर्ड केयर ऐप एगो सरकारी ऐप हऽ। इ ऐप भारत सरकार के तहत काम करेला। ई एगो अइसन संगठन हऽ जवन देश में बिकाए वाला चीजन के मानक के साथे क्वालिटी सर्टिफिकेट देला। बीआईएस केयर ऐप एंड्रॉयड आ आईओएस दुनो यूजर खातिर उपलब्ध बा। एकरा के गूगल प्ले आ एप्पल स्टोर से डाउनलोड कइल जा सकऽता। जदि रउआ समझ नइखे आवत तऽ बता दी कि नया चार्जर में प्रोडक्ट नंबर भा क्यूआर कोड होला। एकरा स्कैन कऽ के चार्जर के बारे में सबकुछ मिल जाईं।,"स्मार्टफोन के बाजार तेजी से बढ़ रहल बा आ एकरा से जुड़ल एक्सेसरीज के मांग में बढ़ोतरी भइल बा। लोग अक्सर चार्जर के मरम्मत करावे के बजाय नया चार्जर लेवे के पसंद करेलें। लेकिन नकली चार्जर के इस्तेमाल से फोन के भारी नुकसान हो सकऽता, जेकरा से विस्फोट के खतरा भी बा। नकली चार्जर से बचे खातिर बीआईएस केयर ऐप के मदद ले सकतानी, जे सरकारी ऐप हऽ आ एंड्रॉयड आ आईओएस दुनो पर उपलब्ध बा। नया चार्जर में प्रोडक्ट नंबर भा क्यूआर कोड होला, जवन स्कैन कऽ के चार्जर के जानकारी मिल जाई।",Tech Tips: फर्जी मोबाइल चार्जर से फोन के हो सकऽता बड़ नुकसान,Neutral,fear,"मोबाईल फोनों के बढ़ते बाज़ार में चार्जर्स के भी मांग बढ़ी बा। लोग बार-बार नया चार्जर खरीदत बाक़े पुराना मरम्त कराना पसंद नही करेले । लेकिन बाजा़र में फर्ज़ी चार्ज़र भी बहुतायत में आ रहे बा, जवन फोन को नुक़सान पहुँचा सके। इसे बचाने के लिए भारत सरकार ने ""बीआईएस क़ेयर"" ऐप लॉन्च क़िया है। यह ऐप एंड्रायड और आईफोन दोनों के लिए उपलब्ध है और इसे गूँगल प्ले स्टोर और ऐपल स्टोअर से डाउनलोड किया जा सकेला। नए चार्ज़र में प्रॉडक्ट नंबर या क्यू"
e6a28e8a9421ee6e,"स्पोर्ट्स डेस्क। अबू धाबी में आज आईपीएल 2026 के मिनी ऑक्शन होखे जा रहल बा। एक बेर फेर आईपीएल ऑक्शन करावे के जिम्मा मल्लिका सागर के हाथ में बा। एह ऑक्शन में ऊ कुल 369 खिलाड़ियन के नीलामी करइहें आ फ्रेंचाइजी लोगन से करोड़न रुपिया खर्च करइहें। पहिले आईपीएल ऑक्शन करावे के जिम्मेदारी रिचर्ड मैडले संभालत रहलन। ओकरा बाद ह्यूग एडमीड्स ऑक्शनर बनलें, बाकिर 2024 सीजन से मल्लिका सागर लगातार आईपीएल ऑक्शन करावत आ रहल बाड़ी। आज के समय में ऊ आईपीएल नीलामी के एगो अहम चेहरा बन चुकल बाड़ी। आईपीएल 2026 के मिनी ऑक्शन में मल्लिका सागर ऑक्शनर के भूमिका निभइहें। मल्लिका सागर आर्ट के दुनिया के जानल-मानल नाम बाड़ी। ऊ कइयन गो इंटरनेशनल आर्ट ऑक्शनन के कंडक्ट कs चुकल बाड़ी। मल्लिका फिलाडेल्फिया के ब्रायन मावर कॉलेज से आर्ट हिस्ट्री के पढ़ाई कइले बाड़ी। साल 2001 में 26 साल के उमिर में ऊ मशहूर ऑक्शन कंपनी क्रिस्टीज से आपन करिअर सुरू कइली। मल्लिका सागर क्रिस्टीज के पहिला भारतीय महिला ऑक्शनर रहली। ऑक्शनिंग के फील्ड में उनका 25 साल से जादे के अनुभव बा। आईपीएल आ डब्ल्यूपीएल के अलावे ऊ प्रो कबड्डी लीग में ऑक्शनर रह चुकल बाड़ी। स्पोर्ट्स ऑक्शनर के रूप में उनकर डेब्यू प्रो कबड्डी लीग से भइल रहे, जहां पीकेएल के आठवां सीजन में ऊ ऑक्शनर रहली। आईपीएल 2026 ऑक्शन में मल्लिका सागर खिलाड़ियन पs बोली लगवइहें। जदि उनकर नेटवर्थ के बात कइल जावs, तs मल्लिका सागर के कुल संपत्ति करीब 15 मिलियन डॉलर, माने लगभग 126 करोड़ रुपिया बतावल जाला। ऊ बहुते लग्जरी आ सानदार जिनगी जीयेली। आईपीएल 2026 के ऑक्शनर मल्लिका सागर मुंबई के एगो नामी बिजनेस परिवार से ताल्लुक रखेली। उनकर पढ़ाई-लिखाई अमेरिका के ब्रिन मॉर कॉलेज, फिलाडेल्फिया से आर्ट हिस्ट्री में भइल बा। मल्लिका 2023 में तब खासा चरचा में आइल रहली, जब ह्यूग एडमीड्स के अचानक तबीयत खराब हो गइल रहे आ मल्लिका सागर ऑक्शन संभाल लेले रहली। उनकर निडरता आ आत्मविश्वास सब केहू के दिल जीत लेलस। एकरा बाद बीसीसीआई 2024 से उनका के आईपीएल के स्थायी ऑक्शनर बना देलस। ऊ डब्ल्यूपीएल के पिछला सीजन में सफलतापूर्वक ऑक्शनर के जिम्मेदारी निभा चुकल बाड़ी।","अबू धाबी में आज आईपीएल 2026 के मिनी ऑक्शन हो रहल बा, जवन मल्लिका सागर के हाथ में बा। ऊ कुल 369 खिलाड़ियन के नीलामी करइहें आ फ्रेंचाइजी लोगन से करोड़न रुपिया खर्च करइहें। मल्लिका सागर, जेकरा पास 25 साल से जादे के अनुभव बा, आईपीएल आ डब्ल्यूपीएल के अलावे प्रो कबड्डी लीग में भी ऑक्शनर रह चुकल बाड़ी। उनकर कुल संपत्ति करीब 15 मिलियन डॉलर बतावल जाला आ ऊ मुंबई के एगो नामी बिजनेस परिवार से ताल्लुक रखेली। 2023 में ह्यूग एडमीड्स के तबीयत खराब होखला पर मल्लिका सागर ऑक्शन संभाल लेले रहली, जवन बाद में बीसीसीआई द्वारा उनकर स्थायी ऑक्शनर बना देवे के फैसला भइल।",TATA IPL 2026 Auction : के हई मल्लिका सागर? 369 खिलाड़ियन के पुकार के फ्रेंचाइजियन से खर्चा करइहें रकम,Positive,joy,"ोड़ रुपया के आसपास बा। ## अबू धबी में आयपील २०२६ का मिनी आक्शन आज होत रहे। मल्लिक सागर एक बार फिर से आईपील के खिलाड़ी नीलाम कराएंगी। उनके हाथ में कुल ३६९ खिलाड़ियों के नीलम करवाने का काम बा। फ्रैंचाइजियां करोड़ों रुपया खर्च करेगी। पहले रिचार्ड मैडल, बाद में ह्यूज एडमिड्स ने ऑक्शंस का काम किया। लेकिन २०२४ के सीज़न से मलिलका सागर इस काम को करत आ रही बा। मलिलक सागर कला जगत में मशहर नाम बा। उन्होंने कई अंतरराष्ट्रीय कला नीलमी का संचालन किया।"
b84aacd56e924199,"Google आपन एगो सर्विस के हमेशा खातिर बंद करे जा रहल बा। हम Google One VPN सेवा के बात करऽ तानी जवना के 20 जून 2024 के बंद कर दिहल जाई। इहाँ हम रउआ के बता दी कि एह फीचर के काहे बंद कइल जा रहल बा। एकरा अलावा हम रउआ के बताइब कि Google One से VPN के कइसे हटाइब। Google अपना एगो आउर सेवा के बंद करे जा रहल बा, कवना के डेट के घोषणा कऽ दिहल गइल बा। हम Google One VPN सेवा के बात कर रहल बानी। बता दी कि Google One VPN सेवा 20 जून 2024 से काम कइल बंद कर दिही। हालांकि एह फीचर के 2020 में अक्टूबर में लॉन्च कइल गइल रहे। Google अपना सपोर्ट पेज पs बतवलस कि 20 जून, 2024 से, Google One द्वारा VPN बंद कर दिहल जाई। कंपनी इहो बतवलस कि उपयोगकर्ता अपना डिवाइस से Google One VPN के कइसे हटा सकत बाड़े। आई एकरा बारे में जानल जाव। Google बतवलस कि Pixel 8 आ नया डिवाइस अपना सिस्टम सेटिंग्स के तहत एगो इन-बिल्ड VPN सर्विस देत रहे। Google One द्वारा VPN के Google One ऐप से हटा देहला के बाद Pixel 7 यूजर अपना सिस्टम सॉफ़्टवेयर के अपडेट कइला के बादो VPN फक्शनालिटी के उपयोग जारी राख सकिहें। कंपनी 3 जून, 2024 के Pixel 7, 7 Pro, 7a आ फोल्ड खातिर एगो इन बिल्ड वीपीएन के सिस्टम अपडेट जारी कइले बा। सबसे पहिले फॉइंडर के खोली। एकरा बाद साइडबार में एप्लिकेशन पs क्लिक करी। अब ‘वीपीएन बाय गूगल वन’ के ट्रैश में ड्रैग करीं। एकरा बाद ‘वीपीएन बाय गूगल वन’ पs राइट-क्लिक करीं। अब ब्रिंग टू ट्रैश के सलेक्ट करीं। जदि रउआ से यूजरनेम आ पासवर्ड मांगल जाता, तऽ अपना मैक पs एडमिन अकाउंट के क्रेडेंशियल दर्ज करीं।",Google One VPN सेवा 20 जून 2024 के हमेशा खातिर बंद होखे जा रहल बा। ई सेवा 2020 में अक्टूबर में लॉन्च कइल गइल रहे। Google अपना सपोर्ट पेज पर बतवलस कि उपयोगकर्ता अपना डिवाइस से VPN के कइसे हटा सकत बाड़े। Pixel 8 आ नया डिवाइस में इन-बिल्ड VPN सर्विस होई। Pixel 7 यूजर सिस्टम सॉफ़्टवेयर अपडेट कइला के बादो VPN फंक्शनालिटी के उपयोग जारी रख सकीले।,"Google बंद करे जा रहल बा आपन ई सर्विस, 4 साल पुरान बा ई सेवा, जानीं पूरा डिटेल",Negative,neutral,"90 शब्द) Google आपना एकर VPN सेवा ""Google One VPN"" बंद कर देहल बा. एह सेवा के आखिरी दिनांक 20 जून, २०२४ रहे. Google एकर कारण बताईल बा कि ओकर नया Pixel डिवाइस में इनबिल्ट VPN सर्विस होगी. उपयोगकर्ता अपना Google One ऐप से VPN हटा सकत बाड़े. Pixel 7 यूजर अपने सिस्टम अपडेट के बाद भी VPN फंक्शनलिटी का इस्तेमाल कर सकिहें. Google ने 3 जुलाई, २०२४ को Pixel 7, 7 Pro, 7a आ फ"
3e37dd5f62afef3f,"स्‍पोर्ट्स डेस्‍क। भारतीय टीम के पूर्व हेड कोच रवि शास्‍त्री के माने के बा कि विराट कोहली के टेस्‍ट संन्‍यास के बेहतर ढंग से संभारल जा सकत रहे काहेकि ऊ अच्‍छा विदाई के हकदार बाड़ें। शास्‍त्री संगही कहलें कि पिछला साल ऑस्‍ट्रेलिया सीरीज के बाद कोहली के दोबारा कप्‍तान बना देवे के चाहत रहे। इयाद दिला दीं कि 12 मई 2025 के विराट कोहली टेस्‍ट क्रिकेट से संन्‍यास लेले रहस। ऊ सोशल मीडिया पोस्‍ट के माध्यम से संन्‍यास के घोषणा कइले रहस। किंग कोहली 123 टेस्‍ट में 30 शतकन के मदद से 9230 रन बनवलें। कोहली के टेस्‍ट संन्‍यास से क्रिकेट जगत हैरान रहे। रवि शास्‍त्री के सोशल मीडिया पs सोनी लिव एगो क्लिप शेयर कइलें, जेमे पूर्व हेड कोच कहत नजर अइलें, ‘जब रउआ चल जात बानी, तब लोग के एहसास होला कि केतना बड़ खिलाड़ी रहस। हमरा दुख भइल कि ऊ चल गइलें आ जे तरे ऊ गइलें, हमरा ख्‍याल से एकरा के बेहतर ढंग से संभारल जा सकत रहे। उहां से जादे संवाद होखे के चाहत रहे।’ रवि शास्‍त्री इहो कहलें कि ऑस्‍ट्रेलिया दौरा पs 1-3 कs करारी हार के बाद ऊ विराट कोहली के दोबारा कप्‍तान बना देते। इयाद होखे कि शास्‍त्री आ कोहली के जोड़ी भारत के ऑस्‍ट्रेलिया में ऐतिहासिक टेस्‍ट सीरीज जीत दिलवले रहस। शास्‍त्री कहलें, ‘जदि हमरा एकरा से कुछुओ लिहल-दिहल रहित तs हम एह साल ऑस्‍ट्रेलिया सीरीज के बाद सीधे कोहली के कप्‍तान बना देती।’ कोहली आ रोहित शर्मा के टेस्‍ट संन्‍यास लेला के बाद शुभमन गिल के नया कप्‍तान बनावल गइल बा। भारतीय टीम 20 जून से इंग्‍लैंड के खिलाफ टेस्‍ट सीरीज खेली। शुभमन गिल (कप्‍तान), ऋषभ पंत, यशस्‍वी जायसवाल, केएल राहुल, साई सुदर्शन, अभिमन्‍यु ईस्‍वरन, करुण नायर, नीतिश रेड्डी, रवींद्र जडेजा, ध्रुव जुरैल, वॉशिंगटन सुंदर, शार्दुल ठाकुर, जसप्रीत बुमराह, मोहम्‍मद सिराज, प्रसिद्ध कृष्‍णा, आकाशदीप, अर्शदीप सिंह आ कुलदीप यादव।","भारतीय टीम के पूर्व हेड कोच रवि शास्‍त्री के माने के बा कि विराट कोहली के टेस्‍ट संन्‍यास के बेहतर ढंग से संभारल जा सकत रहे। ऊ कहलें कि पिछला साल ऑस्‍ट्रेलिया सीरीज के बाद कोहली के दोबारा कप्‍तान बना देवे के चाहत रहे। कोहली 123 टेस्‍ट में 30 शतकन के मदद से 9230 रन बनवलें आ उनकर संन्‍यास से क्रिकेट जगत हैरान रहे। शास्‍त्री के अनुसार, जदि ऊ कुछुओ लिहल-दिहल रहित त ऊ कोहली के कप्‍तान बना देते। अब शुभमन गिल के नया कप्‍तान बनावल गइल बा आ भारतीय टीम 20 जून से इंग्‍लैंड के खिलाफ टेस्‍ट सीरीज खेली।","‘Virat Kohli जइसे गइलें, ओसे दुख भइल’, रवि शास्‍त्री बीसीसीआई के घेरलें; नया बहस छेड़लें",Neutral,sadness,"राहुल, अजिंक्य रहाणे, अक्षर पटेल, रविचंद्रन अश्विन, मोहम्मद सिराज, उमेश यादव, जयदेव उनादकट, मुकेश कुमार, शार्दुल ठाकुर, कुलदीप यादव। रविशास्त्री भोजपुरिया बा, उनहुं कहललें की विराटकोहली के टेस्ट क्रीकेट से सन्‍यास लेलने के तरीका ठीक नही रहल। उनहें एक बेहतर तरीके से बिदाई देनी चाहत रहलें। उनहें याद दिलाई की पिछले साल ऑस्‍ट्रलिया के दौरे के बाद उनको फिर से कप्‍तान बनाना चाहल रहल थे। रवि"
6e58a231128223a0,"वायनाड के लोकसभा उपचुनाव खातिर भारतीय जनता पार्टी (भाजपा) नाव्या हरिदास के मैदान में उतरले बिया, जहां उनकर मुकाबला कांग्रेस नेता प्रियंका गांधी वाड्रा से होई। पार्टी असम, बिहार, छत्तीसगढ़, कर्नाटक, केरल, मध्य प्रदेश, राजस्थान आ पश्चिम बंगाल के विधानसभा उप चुनावन खातिर उम्मीदवारन के सूची जारी कइलस। असम के विधानसभा उपचुनाव में भाजपा ढोलाई (अनुसूचित जाति) सीट से निहार रंजन दास, बेहाली सीट से दिंगता घाटोवर आ समागुरी सीट से दीप्लु रंजन शर्मा के उम्मीदवार बनवले बिया। जबकि बिहार के उपचुनाव में तरारी सीट से विशाल प्रशांत आ रामगढ़ सीट से अशोक कुमार सिंह के उम्मीदवार बनवले बिया। छत्तीसगढ़ के उपचुनाव में रायपुर शहर दक्षिण सीट से सुनील सोनी के उम्मीदवार बनावल गइल बा। ओहिजा, दक्षिण राज्य कर्नाटक के उपचुनाव में पार्टी शिग्गांव से भरत बसवराज बोम्मई आ संदूर (अनुसूचित जनजाति) सीट से बंगारू हनुमंतु के उम्मीदवार बनवले बिया। केरल के उपचुनाव में पार्टी पलक्कड़ सीट से सी कृष्णकुमार आ चेलक्कारा (अनुसूचित जाति) सीट से के बालकृष्णन के उम्मीदवार बनवले बिया। जबकि, मध्य प्रदेश के उपचुनाव में भाजपा विजयपुर सीट से रामनिवास रावत आ बुधनी सीट से रमाकांत भार्गव के उम्मीदवार बनवले बिया। रमाकांत भार्गव 2019 लोकसभा चुनाव में विदिशा सीट से सांसद चुनल गइल रहस। राजस्थान के झुंझुनू सीट पs राजेंद्र भांबू आ रामगढ़ सीट पs सुखवंत सिंह के उम्मीदवार बनावल गइल बा। राजस्थान के दौसा सीट से जगमनोहन मीणा, देवली उनियारा से राजेंद्र गुर्जर, खींवसर से रेवंत राम डांगा, सलूंबर (अनुसूचित जनजाति) से शांता देवी मीणा के भाजपा उम्मीदवार बनवले बिया। ओहिजा, पश्चिम बंगाल के सिताई सीट (अनुसूचित जाति) से दीपक कुमार रॉय, मदारीहाट (अनुसूचित जनजाति) से राहुल लोहार, नैहाटी से रूपक मिश्रा, हरोआ से बिमल दास, मेदिनीपुर से सुभजित रॉय, तालडांगरा से अनन्या रॉय चक्रवर्ती के उम्मीदवार बनावल गइल बा।","वायनाड के लोकसभा उपचुनाव खातिर भाजपा नाव्या हरिदास के उम्मीदवार बनवले बिया, जिनकर मुकाबला प्रियंका गांधी वाड्रा से होई। पार्टी असम, बिहार, छत्तीसगढ़, कर्नाटक, केरल, मध्य प्रदेश, राजस्थान आ पश्चिम बंगाल के विधानसभा उपचुनाव खातिर उम्मीदवारन के सूची जारी कइलस। असम में भाजपा निहार रंजन दास, विशाल प्रशांत आ अशोक कुमार सिंह के उम्मीदवार बनवले बिया। कर्नाटक में भरत बसवराज बोम्मई आ केरल में सी कृष्णकुमार के उम्मीदवार बनावल गइल बा। पश्चिम बंगाल में दीपक कुमार रॉय आ अन्य के उम्मीदवार बनावल गइल बा।","BJP: भाजपा उपचुनावन खातिर जारी कइलस उम्मीदवारन के सूची, वायनाड से प्रियंका के खिलाफ नाव्या मैदान में",Neutral,neutral,"खेतड़ी से रमेश कुमार मीणा आ अजमेर से अमित कुमार के उम्मदवार बने। पश्चिमी राज्य पंजाब में उप चुनाव के लिये पार्टी जालंधर सीट पर रविंद्र कुमार, लुधियाना से अमरजीत सिंह, फतेहगढ़ से गुरप्रीत सिंह आ अमृतसर से जसविंदर सिंह के नाम घोषित कइले बा। रूआ वायनाड लोक सभा उपनिवेश खातीर भाजपामे नौव्या हरियादास मैदान मे उतरलें। ओकर सामने प्रियांका गाँधी वाड़ा रहल। भाजपाने असम , बिहार , छतीसगढ़ , कर्णाटक , केरळ , मध्य"
4d5b8f0b5568f157,"लखनऊ: प्रदेश सरकार सांसद आ विधायक लेखा यूपी में जिला पंचायत अध्यक्ष आ ब्लॉक प्रमुख के चुनाव सीधे जनता से करावे पs मंथन कs रहल बिया। सूत्रन के मानल जाव तs प्रदेश सरकार जल्दिये एह बारे में केंद्र सरकार के प्रस्ताव भेज सकत बिया। मानल जा रहल बा कि जदि केंद्र राज्य सरकार के एह प्रस्ताव पs मुहर लगा देलस तs आवे वाला पंचायत चुनाव में एह नया चुनाव प्रक्रिया के लागू कs दिहल जाई। प्रदेश के पंचायती राज मंत्री ओम प्रकाश राजभर एकर पुष्टि कइले बाड़ें। ऊ बतवलें कि एह संबंध में ऊ सुक के मुख्यमंत्री योगी आदित्यनाथ से मुलाकात कs के चरचा कइले बाड़ें। ऊ मुख्यमंत्री के सोझा प्रस्ताव रखलें कि ऊ अधिकारियन के निर्देशित करस कि जिला पंचायत अध्यक्ष आ ब्लाक प्रमुख के चुनाव सीधे जनता से करावे के संबंध में प्रस्ताव तइयार करे लोग। प्रस्ताव तइयार कs के एकरा के जल्दी से जल्दी केंद्र सरकार के भेजल जाव जवना से समय रहते एकर तइयारी कइल जा सके। राजभर के कहनाम बा कि मुख्यमंत्री ने उनका एह प्रस्ताव से सहमति जतवलें बाड़ें आ जल्दिये प्रस्ताव केंद्र के भेजे के आश्वासनो देले बाड़ें। ऊ कहलें कि ऊ पिछलके चुनाव में ई चाहत रहस। अधिकारी एकरा खातिर प्रस्ताव तइयार करावे खातिर कहिहें। एह मुलाकात के दौरान ओम प्रकाश राजभर के पुत्र सुभासपा के प्रमुख राष्ट्रीय महासचिव अरविंद राजभरो संगे रहस। राजभर बतवलें कि पिछलका महीना ऊ दिल्ली में केंद्रीय गृह मंत्री अमित शाह से मिलके एह मुद्दा पs चरचा कइले रहे, तs शाह जिला पंचायत अध्यक्ष आ ब्लॉक प्रमुख के चुनाव सीधे जनता से करावे पs हामी भरले रहे। ऊ राज्य सरकार से प्रस्ताव भिजवावे के कहले रहे। राजभर कहलें कि एही कड़ी में ऊ मुख्यमंत्री से मिलके अनुरोध कइले बाड़ें।","लखनऊ: प्रदेश सरकार सांसद आ विधायक लोगन के संग यूपी में जिला पंचायत अध्यक्ष आ ब्लॉक प्रमुख के चुनाव सीधे जनता से करावे के बारे में विचार क रहल बिया। सूत्रन के अनुसार, प्रदेश सरकार जल्दी ही केंद्र सरकार के प्रस्ताव भेज सकेला। पंचायती राज मंत्री ओम प्रकाश राजभर एकर पुष्टि कइले बाड़ें आ बतवले बाड़ें कि ऊ मुख्यमंत्री योगी आदित्यनाथ से मुलाकात क के ई प्रस्ताव रखले बाड़ें। ऊ कहलें कि पिछला चुनाव में ई चाहत रहस आ केंद्रीय गृह मंत्री अमित शाह भी सीधे चुनाव के समर्थन कइले बाड़ें।","UP News: प्रदेश में चुनाव बेवस्था में बड़ बदलाव के तइयारी, आम जनता चुनी जिला पंचायत अध्यक्ष आ ब्लॉक प्रमुख",Positive,neutral,") यूपी सरकार जिलापंचायट अध्यक्ष आणि ब्लॉक प्रमुखच्या निवडणुकीत जनतेच्या हातून करवण्याचा प्रयत्न करत आहे. सूत्रांच्या म्हणण्यानुसार, सरकार जवळजवळ केंद्र सरकारला याबाबतचा प्रस्तावा प्रस्तुत करणार आहे. जर केंद्र सरकार या प्रस्तावास मान्यता देत असेल तर येत्या पंचाऱ्यात या नवीन पद्धतीची अंमलबजावणी केली जाईल. पंचरात मंत्र्यांनी या बाबतची पुष्टी केली आहे. त्यांनी सांगितले की मुख्यमंत्र्यांसोबत चर्चा झाली आहे आणि त्यांना या प्रश्नावर सहमती आहे."
56c73ac4baf341ba,"भारतीय क्रिकेट टीम आपन घरेलू मैदान पs इंग्लैंड के मेजबानी करे खातिर तइयार बिया. दुनो टीम के बीच 5 मैच के टी-20आई सीरीज 22 जनवरी से शुरू होई। पहिला टी-20 मैच कोलकाता के ऐतिहासिक क्रिकेट मैदान ईडन गार्डन में खेलल जाई. तीन साल बाद ईडन गार्डन में टी20आई मैच के आयोजन कइल जा रहल बा. अइसना में क्रिकेट एसोसिएशन ऑफ बंगाल (सीएबी) पहिला टी-20 मैच के तइयारी में व्यस्त बा. पिछला टी-20 मैच 20 फरवरी 2022 के कोलकाता में भइल रहे आ अब तीन साल बाद टी-20 मैच के आयोजन होखे वाला बा. अब जानीं कि हमनी के पहिला टी20आई मैच कब, कहाँ आ कइसे देख सकीले… मैच कहाँ देखे के मिलीभारत बनाम इंग्लैंड टी-20आई सीरीज के सगरी मैच स्टार स्पोर्ट्स नेटवर्क पs लाइव प्रसारित कइल जाई. भारत बनाम इंग्लैंड के मैच के आनंद स्टार स्पोर्ट्स के अलग अलग चैनल पs टीवी पर देखल जा सकेला. एकरा साथे ही एह सीरीज के मैच के लाइव स्ट्रीमिंग डिज्नी प्लस हॉटस्टार पs भी उपलब्ध होई। लाइव मैच के प्रसारण डीडी फ्री डिश पs भी कइल जाई। भारत आ इंग्लैंड के बीच होखे वाला टी-20आई सीरीज के सगरी मैच भारतीय समय साँझ सात बजे से खेलल जाई. टॉस एकरा से आधा घंटा पहिले यानी 6.30 बजे होई। एह टी-20 सीरीज के बाद दुनु टीम के मुकाबला वनडे सीरीज में होखी. भारत बनाम इंग्लैंड T20I सीरीज के पूरा शेड्यूल (5 T20I)भारत बनाम इंग्लैंड, पहला T20I: 22 जनवरी 2025, कोलकाता (ईडन गार्डन्स)भारत बनाम इंग्लैंड, दूसरा T20I: 25 जनवरी 2025, चेन्नई (एमए चिदंबरम स्टेडियम)भारत बनाम इंग्लैंड, तीसरा T20I: 28 जनवरी 2025, राजकोट (सौराष्ट्र क्रिकेट एसोसिएशन स्टेडियम)भारत बनाम इंग्लैंड, चौथा T20I: 31 जनवरी 2025, पुणे (महाराष्ट्र क्रिकेट एसोसिएशन स्टेडियम)भारत बनाम इंग्लैंड, 5वां T20I: 02 फरवरी 2025, मुंबई (वानखेड़े स्टेडियम) भारत: सूर्यकुमार यादव (कप्तान), संजू सैमसन (विकेटकीपर), अभिषेक शर्मा, तिलक वर्मा, हार्दिक पंड्या, रिंकू सिंह, नितीश कुमार रेड्डी, अक्षर पटेल (उपकप्तान), हर्षित राणा, अर्शदीप सिंह, मोहम्मद शमी, वरुण चक्रवर्ती, रवि बिश्नोई , वाशिंगटन सुंदर, ध्रुव जुरेल (विकेटकीपर)। इंग्लैंड: जोस बटलर (कप्तान), रेहान अहमद, जोफ्रा आर्चर, गस एटकिंसन, जैकब बेथेल, हैरी ब्रूक, ब्रायडन कार्स, बेन डकेट, जेमी ओवरटन, जेमी स्मिथ, लियाम लिविंगस्टोन, आदिल राशिद, साकिब महमूद, फिल साल्ट, मार्क वुड।","भारतीय क्रिकेट टीम इंग्लैंड के मेजबानी खातिर तइयार बिया आ 22 जनवरी से 5 मैच के टी-20आई सीरीज शुरू होई। पहिला मैच कोलकाता के ईडन गार्डन में खेलल जाई, जवन तीन साल बाद हो रहल बा। सगरी मैच स्टार स्पोर्ट्स नेटवर्क पर लाइव प्रसारित होई आ डिज्नी प्लस हॉटस्टार पर भी स्ट्रीमिंग उपलब्ध होई। मैच भारतीय समय अनुसार साँझ सात बजे से खेलल जाई आ टॉस 6.30 बजे होई। सीरीज के बाद दुनु टीम के वनडे सीरीज में मुकाबला होई।","IND vs ENG: भारत बनाम इंग्लैंड पहला T20I मुकाबला कब, कहां आ कइसे देख पाएब, ईहां जानीं",Positive,joy,"ियम) **भारतीय टीम के खिलाड़ी:** रोहित शर्मा (कप्तान), विराट कोहली, सूर्यकुमार यादव, ऋषभ पंत, हार्दिक पांड्या, अक्षर पटेल, युजवेंद्र चहल, मोहम्मद सिराज, भुवनेश्वर कुमार, रविचंद्रन अश्विन, जसप्रीत बुमराह, शार्दुल ठाकुर, दीपक चाहर, संजू सैमसन, ईशान किशन **इंग्लिश टीम:** जोस बटलर, बेन स्टोक्स, जॉनी बेयरस्टो, डेविड मलान, लियाम लिविंगस्टोन, मोईन अली, एडम रॉबिन्सन, क्रिस वोक्स, मार्क व"
1fbe1ebebc4c9dac,छपरा में मानसून के बरसात के बीच पावर ट्रिप आ ट्रांसफार्मर लोड के समस्या पेश आवे लागल बा। जवना के लेके बिजली विभाग के ओर से पावर मेंटनेंस के काम कइल जाये के बा। एही क्रम में डोरीगंज पीएसएस में बिजली कट कs के मेंटनेंस के काम कइल जाई। जवना के लेके आज सुक के चिरांद फीडर से पावर कट कइल जाये के बा।,छपरा में मानसून के बरसात के बीच पावर ट्रिप आ ट्रांसफार्मर लोड के समस्या आ रहल बा। बिजली विभाग पावर मेंटनेंस के काम कइल जाई। डोरीगंज पीएसएस में बिजली कट कs के मेंटनेंस के काम होई। आज सुक के चिरांद फीडर से पावर कट कइल जाई।,डोरीगंज फीडर में 3 घंटा के पावर कट: मेंटेनेंस आ वायर एक्सचेंज के लेके दुपहरिया 1 बजे तक सप्लाई रही बाधित,Neutral,neutral,मानसून की बारिश के मौसम में छपरा के कई जगहों पर पॉवर ट्रिप और ट्रान्सफॉर्मर लोड की समस्या हो रही बा। बिले विभाग की ओर से इस समस्या से निपटने के लिए पॉवर्स मेंटेनेंस का काम करवाया जा रहा बा। इस क्रम में आज सुबह डोरिंगंज पी.एस.एस में भी बिजल कट कर के मेंन्टेनेंस काम कराया जाईल। जिसके चलते सुबह से चिरांड फीडर से बिजली कटी रहेगी।
3ec229bf32ec7fa5,"देवरिया। जिला में पुलिस अपराध नियंत्रण के मुहिम में एगो बड़ सफलता हासिल कइले बिया। सलेमपुर इलाका के कुख्यात अपराधी राजेश यादव के पुलिस मुठभेड़ के बाद दोबारा गिरफ्तार कइले बिया। राजेश यादव पेट दर्द के बहाना बना के अस्पताल ले जाये के दौरान दरोगा के पिस्टल छीने के कोसिस कइलस आ भागे लागल, बाकिर पुलिस के फुर्ती से ओकर सब चाल नाकाम पड़ गइल। लार थाना के जगदीशपुर गांव के रहेवाला राजेश यादव, जे गैंगस्टर एक्ट में वांछित रहे, पुलिस पहिले ओकरा के पकड़ चुकल रहे। गिरफ्तारी के बाद ऊ अचानक पेट दर्द के नाटक कइलस। इस्थिति गंभीर देखत दरोगा धर्मेंद्र मिश्र आ दुगाे सिपाही ओकरा के सामुदायिक स्वास्थ्य केंद्र सलेमपुर ले जात रहे लाेग। रास्ता में मौका मिलतही राजेश यादव दरोगा धर्मेंद्र मिश्र के सरकारी पिस्टल छीनला के बाद पुलिस टीम पs फायरिंग कs के भाग गइल। एह खबर से पुलिस विभाग में हड़कंप मच गइल। तनी देर में कइयन गो टीम बनावल गइल आ पीछा सुरू भइल। पुलिस पीछा करत-करत आरोपी के चकरवा-बहोरदास रोड पs घेर लेलस। ओहिजा, दुनो तरफ से फायरिंग भइल। जवाबी कार्रवाई में पुलिस गैंगस्टर राजेश यादव के दहिना पैर में गोली मार के घायल कइलेस आ दोबारा धर दबोचलस। पुलिस ओकरा लगे से सरकारी पिस्टल (9 एमएम), एगो खाली खोखा कारतूस आ सात जिंदा कारतूस बरामद कइले बिया। घायल अपराधी के तुरंते देवरिया मेडिकल कॉलेज इलाज खातिर भेजल गइल। राजेश यादव पs गोवध निवारण अधिनियम आ गैंगस्टर एक्ट सहित कइयन गो संगीन ममिला दर्ज बा। अपार पुलिस अधीक्षक (दक्षिणी) सुनील कुमार सिंह बतवलें कि राजेश यादव दरोगा के पिस्टल छीने के बाद भागत रहे, बाकिर मुठभेड़ में गोली लगला के बाद पकड़ लिहल गइल।","देवरिया में पुलिस अपराध नियंत्रण के मुहिम में बड़ सफलता पवले बिया। सलेमपुर इलाका के कुख्यात अपराधी राजेश यादव के मुठभेड़ के बाद दोबारा गिरफ्तार कइल गइल। ऊ पेट दर्द के बहाना बना के अस्पताल ले जाए के दौरान दरोगा के पिस्टल छीने के कोशिश कइलस आ भागे लागल, लेकिन पुलिस के फुर्ती से ओकर चाल नाकाम हो गइल। पुलिस ओकरा के चकरवा-बहोरदास रोड पर घेर के जवाबी फायरिंग में दहिना पैर में गोली मार के पकड़ लिहलस। राजेश यादव पs गोवध निवारण अधिनियम आ गैंगस्टर एक्ट के तहत कई ममिला दर्ज बा।","Deoria Encounter : पेट दर्द के बहाना बना के छीनलस दरोगा के पिस्टल, पुलिस गोली मार के गैंगस्टर राजेश यादव के पकड़लस",Negative,neutral,"पर हमला कर के भागल, परंतु पुलिस के जल्दबाजी से कार्यवाही कर के ओकर पकड़ कर के न्याय दिलाया। ** ** देवराया के सलम्पुर इलाके में राजेस यादव नाम के एक खूंखार बदमाश को पुलिस ने फिर से पकड़ा है। राजेश यादव गैंगेस्टर अक्ट में शामिल बा। पुलिस पहले से ही राजेश को ढूंढ रही थी। एक बार फिर राजेश पकड़े जाने के बाद, उसने पेट में दर्द होने का नाटक किया। दरोगा और दो सिपाहियों ने उसे सलम्पुर के स्वास्थय केंद्र ले जा रहे थे। रास्ते में राजेश ने दरोगे के पिस्तौल छिनने की कोशिश की और भागने लगा।"
e84ab05695481bb9,"स्पोर्ट्स डेस्क। धर्मशाला के खूबसूरत मैदान पs खेलल गइल तीसरका टी20 मुकाबला में भारतीय टीम जबरदस्त प्रदर्शन करत साउथ अफ्रीका के 7 विकेट से हरा देलस। एह जीत के संगही भारत पांच मैच के टी20 सीरीज में 2-1 के बढ़त बना लेलस आ धर्मशाला में जीत के हैट्रिक पूरा कs लेलस। भारत लगातार तीसरा टी20 मुकाबला एह मैदान पs जीतलस, जवन टीम इंडिया के आत्मविश्वास के साफ झलक देखवलस। पहिले बल्लेबाजी करत साउथ अफ्रीका के टीम भारतीय गेंदबाजन के साेझा टिक ना पाइल। भारत टॉस जीत के पहिले गेंदबाजी के फैसला कइलस आ सुरुआत से दबाव बना देलस। वरुण चक्रवर्ती, अर्शदीप सिंह, हर्षित राणा आ कुलदीप यादव लगातार झटका देत रहस। पूरा साउथ अफ्रीकी टीम 20 ओवर में मात्र 117 रन पs ऑलआउट हो गइल। कप्तान एडेन मार्करम जरूर अकेले डट के खेललें आ 46 गेना पs 61 रन बना के अर्धशतक लगवलें, बाकिर उनका अलावा कवनो बल्लेबाज दहाई अंक तक पार ना कs सकल। भारत के तरफ से वरुण, अर्शदीप, हर्षित आ कुलदीप के दु-दु विकेट मिलल, जबकि हार्दिक पांड्या आ शिवम दुबे के एक-एक सफलता मिलल। 118 रन के आसान लक्ष्य के पीछा में भारत के सुरुआत सानदार रहल। अभिषेक शर्मा आ शुभमन गिल मैदान पs उतरतही साउथ अफ्रीकी गेंदबाजन पs टूट पड़ल लोग। दुनो मिल के पहिलका विकेट खातिर 60 रन जोड़ देलें। अभिषेक शर्मा 18 गेना में 3 चौका आ 3 छक्का लगावत 35 रन के ताबड़तोड़ पारी खेललें। गिल संयम से खेलत 28 रन बनवलें। एह साझेदारी के बाद तिलक वर्मा आ गिल, आउर बाद में तिलक वर्मा आ शिवम दुबे टीम के जीत तक ले गइल लोग। तिलक वर्मा 34 गेंद में नाबाद 25 रन बनवले आ शिवम दुबे 4 गेना में चौका-छक्का लगाके मैच खत्म कs देलें। कप्तान सूर्यकुमार यादव एक बेर फेर खास कमाल ना देखवा पवलें आ 12 रन बनाके आउट हो गइलें। एह मैच में तिलक वर्मा टी20 क्रिकेट में 4000 रन पूरा करे वाला तीसरका सबसे तेज बल्लेबाज बन गइलें। उ 125 पारी में ई उपलब्धि हासिल कइलें। गेंदबाजी में हार्दिक पांड्या टी20 इंटरनेशनल में 100 विकेट पूरा करे वाला तीसरा भारतीय बन गइलें, जबकि वरुण चक्रवर्ती तेजी से 50 विकेट पूरा कइलें।","धर्मशाला में खेलल गइल तीसरका टी20 मुकाबला में भारतीय टीम साउथ अफ्रीका के 7 विकेट से हरा देलस आ सीरीज में 2-1 के बढ़त बना लेलस। साउथ अफ्रीका के टीम 20 ओवर में मात्र 117 रन पs ऑलआउट हो गइल, जबकि भारत 118 रन के लक्ष्य के आसानी से हासिल कइलस। अभिषेक शर्मा आ शुभमन गिल के शानदार शुरुआत के बाद तिलक वर्मा आ शिवम दुबे टीम के जीत तक ले गइल लोग। तिलक वर्मा टी20 क्रिकेट में 4000 रन पूरा करे वाला तीसरका सबसे तेज बल्लेबाज बन गइलें। हार्दिक पांड्या टी20 इंटरनेशनल में 100 विकेट पूरा करे वाला तीसरा भारतीय बनलें।","IND vs SA 3rd T20I : धर्मशाला में भारत के जीत के हैट्रिक, गेंदबाजन के बाद अभिषेक शर्मा के बल्ला से दिखल दम",Positive,joy,"क वर्मा आ सूर्यकुमार यादव ने भी शानदार पारी खेली आ भारत को आसानी से जीत दिलाई। भारत ने 15.4 ओवर में ही 120 रनों का लक्ष्‍य हासिल कर लिया। भारतीय टीम ने धर्माशाला मैदान पर दक्षिण अफ़्रीका को सात विकेटों से पराजित कर दिया। इस जीत से भारत ने पाँच मैचों की टी-20 श्रृंखला में २-१ की बढ़त ले ली है। भारत ने पहले गेंदबाज़ी चुनी और दक्षीण अफ़्रीका की टीम को ७८ रन पर ऑल आउट कर दिया था। वरुण चाकवर्टी ने 3 विकेट लिए, जबकि अर्शदीन सिंह और हर्षीत राणा ने 2 - 2"
5e12c11b680c1819,"सीएम योगी आदित्यनाथ कहले कि पूरा दुनिया के लोग के एह भूमि के प्रति अपार आकर्षण बा। प्रधानमंत्री नरेंद्र मोदीयो ओही विकास आ विरासत के बात करेलें जवन रउरा लगे बा। हमनी के भगवान श्रीकृष्ण के 5251वां जन्मदिन मनावे जा रहल बानी जा। दुनिया में कवनो अइसन देश, धर्म भा संप्रदाय नइखे जवना के मूल एतना पुरान बा। सीएम योगी आदित्यनाथ एतवार के दिने फेर सपा आ कांग्रेस पर हमला कइलन। कहलन कि जे दुनिया के हर मुद्दा पs मुखर बा, बांग्लादेश के घटना पर मुँह बंद बा, काहे कि वोट बैंक गँवावे के डर बा। एह लोग के फिलिस्तीन लउकत बा बाकिर बांग्लादेश ना, काहे कि ओहिजा मंदिर गिरावल जा रहल बा आ हिन्दू के मारल जात बा। मुख्यमंत्री एतवार के इहाँ 5251वां श्री कृष्ण जन्मोत्सव के उद्घाटन कइले। संगही, उऽ ब्रज खाती 1037 करोड़ रुपया के 178 विकास परियोजना के उद्घाटन अवुरी शिलान्यास कइले। सीएम कहले कि हमनी के वर्तमान चुनौती के समझे के होई। सनातन धर्म के सामने जवन चुनौती बा उऽ भारत के चुनौती हऽ। भारत के चुनौती सनातन धर्म के बा। दुनु एक दोसरा से अलगा ना हो सके। हमनी के एकजुट रहे के बा। जदि हमनी से गलती हो जाई अवुरी समाज फेर से बंटवारा हो जाई तऽ हालात अउरी खराब हो जाई। सीएम कहले कि हमनी खाती राष्ट्र सर्वोपरि बा। राष्ट्र के कीमत पs राजनीति ना होई। सात साल पहिले गुंडागर्दी, दंगा, अराजकता, जवाहर बाग के चलते यूपी पs चर्चा भईल रहे, आज रंगोत्सव, जन्मोत्सव, जन्माष्टमी के चलते यूपी पs चर्चा होखता। हमनी के भगवान श्रीकृष्ण के 5251वीं जयंती मनावे जा रहल बानी जा। दुनिया में कवनो अइसन देश, धर्म भा संप्रदाय नइखे जेकर मूल एतना पुरान होखे।",सीएम योगी आदित्यनाथ कहले कि पूरा दुनिया के लोग के एह भूमि के प्रति अपार आकर्षण बा आ प्रधानमंत्री नरेंद्र मोदीयो विकास आ विरासत के बात करेलें। उऽ 5251वां श्री कृष्ण जन्मोत्सव के उद्घाटन कइले आ ब्रज खाती 1037 करोड़ रुपया के 178 विकास परियोजना के उद्घाटन कइलन। सीएम सपा आ कांग्रेस पर हमला कइले आ कहलन कि ओह लोग के बांग्लादेश के घटना पर मुँह बंद बा। उऽ कहले कि हमनी के एकजुट रहे के बा आ राष्ट्र सर्वोपरि बा।,"फलस्तीन पऽ बोले वाला बांग्लादेश पऽ चुप… उनका खातिर राजनीति, हमनीं खातिर राष्ट्र महत्वपूर्ण- विपक्ष पऽ गरजले योगी",Positive,joy,"धर्म, देश, भा समुदाय नाही जवन के मूल इतना पुराना बा। ** ## CM योगी एह कहलें की दुनिया भर के लोग एह धरती के प्रति आकर्षित हो रहे बा। PM मोदी जी विकास आ परंपरा के बारे में बात करलें। हमनी के श्रीकृष्णा जी के ५२५१वें जन्मदिवस मनाए जा रहे बा, जवन दुनिया के सबसे पुराने धर्म बा। योगी जी ने सपा और काँग्रेस पर निशाना साधा, कहलल की ओ लोग दुनिया के मुद्दों पर बोलते रहलें, पर बाँग्लादेश में हिन्दुओं के साथ हुए अन्याय पर चुप्पी साधे रहे। उन्होंने ब्रज क्षेत्र में १०३७ करोड़ रुपए के १७८ विकास"
ec715a25a1a4881f,"भाजपा सांसद आ प्रवक्ता सुधांशु त्रिवेदी कोलकाता में एगो प्रशिक्षु डॉक्टर के संगे बलात्कार अउरी हत्या के मामला के लेके कांग्रेस आ सपा पs सवाल उठवले। उ कहले कि यूपी के दुनो लइका अब काहे चुप बाड़े? उऽ कहले कि इ कवनो घटना ना बलुक मानसिकता हऽ। कोलकाता के बलात्कार के मामला पs सपा आ कांग्रेस के नेता चुप बाड़े। सपा अपराधी के सुरक्षा देवेले। इहे कारण बा कि कन्नौज आ अयोध्या के मामला में सपा के असली चेहरा सोझा आइल बा। उऽ कहले कि प्रियंका गांधी इ नारा देले रहली कि हम लईकी हई, हम लड़ सकऽतानी। उऽ काहे चुप बाड़ी? मुँह में दही काहे बा ? का राहुल गांधी के प्रेम के दोकान में खाली भ्रष्टाचारी बाचल बा? कांग्रेस के चुप्पी खूब बोल रहल बा। मुख्यमंत्री योगी आदित्यनाथ के शासनकाल पs उऽ कहले कि याद राखीं कि जब मुख्तार अंसारी पंजाब जेल में रहले तऽ उऽ निहोरा कइले रहले कि उनका के यूपी ना भेजल जाए। मुख्यमंत्री योगी आदित्यनाथ मायावती आ अखिलेश यादव के छोड़ के सबसे लंबा समय तक मुख्यमंत्री के रूप में काम करे के रिकॉर्ड बनवले बाड़े। उ यूपी के सबसे लंबा सीएम बाड़े। मुख्यमंत्री योगी आदित्यनाथ 15 अगस्त के अपना कार्यकाल के 7 साल 148 दिन पूरा कइले। योगी से पहिले कांग्रेस के पहिला मुख्यमंत्री डॉ. संपूर्णानंद सबसे लंबा समय तक एह पद प रहले।",भाजपा सांसद आ प्रवक्ता सुधांशु त्रिवेदी कोलकाता में एगो प्रशिक्षु डॉक्टर के बलात्कार आ हत्या के मामला पर कांग्रेस आ सपा पs सवाल उठवले। उ कहले कि यूपी के दुनो लइका काहे चुप बाड़े आ सपा अपराधी के सुरक्षा देवेले। प्रियंका गांधी के चुप्पी पर उ सवाल उठवले आ मुख्यमंत्री योगी आदित्यनाथ के शासनकाल के बारे में बतवले कि उ सबसे लंबा समय तक मुख्यमंत्री रहल बाड़े।,"कोलकाता दुष्कर्म कांड: भाजपा नेता कहले- ई घटना ना मानसिकता हऽ, कहले- यूपी के दू लइका चुप काहे",Negative,anger,"सुधांसु त्रिबेदी, भाजपा संसद सदस्य, कोलकत्ता के एगो डॉक्टर हत्या मामला पर काँग्रेस आ समाजवादी पार्टी से सवाल कर रहे बा। उनका कहल बा कि ये घटना नाही, बल्कि एक मनोवैज्ञानिक समस्या ह। उनका आरोप बा कि काँगेस आ समजवादी चुप रह रहे बा क्यूंकि उनका अपराधियों के संरक्षण करत बा। त्रिवेदिको कहलें कि प्रियांका गाँधी के ""हम लड़कियाँ हैं, हम लड़ सकती हैं"" का नारा अब कहाँ गया? उन्होंने योगी सरकार के कामों की तारीफ की और कहा कि योगी जी योप में सबसे लंबे समय तक सीएम रहे।"
e0e4819c8ce84d04,"कोलंबिया के दिग्गज फुटबॉल खिलाड़ी अउर पूर्व कप्तान फ्रेडी रिनकोन के गुरुवार बिहाने निधन हो गइल। सोमवार के कार हादसा के शिकार होखले के बाद रिनकोन जिंदगी अउर मौत के बीच जूझ रहल रहने, लेकिन गुरुवार के ऊ दम तोड़ देहने। कोलंबिया के काली में उनकर कार सोमवार के दिन एगो बस से टकरा गइल रहल। एह हादसा में उनके सिर पर गंभीर चोट आइल रहल। एकरे तीन दिन बाद अस्पताल में इलाज के दौरान उनकर निधन हो गइल। उनकर उम्र 55 बरिस रहल। रियल मैड्रिड खातिर खेले वाले ई मिडफील्डर कोलंबिया खातिर 17 गोल कइले रहने अउर तीन विश्व कप में अपने देश के टीम के प्रतिनिधित्व कइले रहने। फ्रेडी रिनकोन 1990, 1994 अउर 1998 विश्व कप में अपने देश खातिर खेलले रहने। उनकर नाम संयुक्त रूप से विश्व कप में अपने देश खातिर सबसे ज्यादा मैच खेलले के रिकॉर्ड बनवले बाने। ऊ विश्व कप में कोलंबिया खातिर 10 मैच खेलले। उनके अलावा कार्लोस वालडेर्मा ई कारनामा कइले बाने। 1990 में कोलंबिया के टीम 28 साल बाद विश्व कप के फाइनल में पहुंचल रहल। रिनकोन एह टीम के हिस्सा रहने अउर पश्चिमी जर्मनी के खिलाफ मैच में ई टीम 1-1 से ड्रॉ खेलले रहने। एह मैच में रिनकोन यादगार गोल कइले रहने। उहवें क्लब फुटबॉल में ऊ नपोली, पैलमेइरस अउर सैंटोस के हिस्सा रहने। बरिस 2000 में पहिले क्लब विश्व कप में ऊ कोरिनथिएंस के जीत दिलवले रहने। तब एह टूर्नामेंट के फीफा क्लब विश्व चैंपियनशिप के नाम से जानल जात रहने। 1993 में कोलंबिया के टीम अर्जेंटीना के 5-0 के बड़ अंतर से हराकर विश्व कप में जगह बनवले रहने। एह मैच में रिनकोन गोल कइले रहने अउर अपना टीम के जीत दिलवले में अहम योगदान देहले रहने। उनके निधन के बाद डॉक्टर कहने कि हर संभव प्रयास कइले के बावजूद ऊ रिनकोन के नाइ बचा पवने। उनके सिर में लागल गंभीर चोट उन के मौत के वजह बनल रहे।","कोलंबिया के दिग्गज फुटबॉल खिलाड़ी अउर पूर्व कप्तान फ्रेडी रिनकोन के गुरुवार बिहाने निधन हो गइल। ऊ सोमवार के कार हादसा में गंभीर चोट लगला के बाद जिंदगी अउर मौत के बीच जूझ रहल बाड़ें। रिनकोन के उम्र 55 बरिस रहल आ ऊ कोलंबिया खातिर 17 गोल कइले रहलें। ऊ 1990, 1994 अउर 1998 विश्व कप में अपने देश के टीम के प्रतिनिधित्व कइले रहलें। डॉक्टर लोग कहले कि हर संभव प्रयास कइला के बावजूद ऊ बचा ना पवले।",कोलंबिया के फुटबॉल खिलाड़ी फ्रेडी रिनकोन के निधन,Negative,sadness,"कर्ता रहल रहे। फ्रेडी रिंकोन, कोलम्बिया के प्रसिद्ध फुटबल खिलाड़ी, सोमबार के दिन एक कार दुर्घटना में घायल हो गेले थे। उनका उपचार चल रहा था, पर गुरूवार को उनकी मृत्यु हो गयी। उनका जन्म १९६८ में हुआ था और वे ५५ वर्ष के थे। फ्रेंडी रिन्कोन ने कोलमबिया के लिए १७ गोल दागे थे और तीन बार विश्व कप खेले थे (१९९०, १९९४, १८९८)। उनके नाम विश्व कप मैचों में सबसे ज़्यादा खेलने वाले खिलाड़ी के रूप में दर्ज है। उन्होंने १० मैच खेले हैं। उन्होंने क्लब स्तर पर नोपली, पेलेमेरस"
6e392e7a42fe9434,स्पोर्ट्स डेस्क। इंडियन प्रीमियर लीग (IPL) 2026 से पहिले 16 दिसंबर के मिनी ऑक्‍शन होई। आबू धाबी में होखे वाला एह नीलामी खातिर 350 प्‍लेयर्स के शॉर्ट लिस्‍ट कइल गइल बा। एमे 240 भारतीय आ 110 बिदेसी सामिल बा। दक्षिण अफ्रीका के विकेटकीपर-बल्लेबाज क्विंटन डी कॉक नीलामी में नजर अइहें। ऑस्ट्रेलियाई बल्लेबाज स्टीव स्मिथ ऑक्‍शन में उतर रहल बाडें। उनकर बेस प्राइस 2 करोड़ रुपिया बा। स्मिथ आखिरी बेर 2021 में आईपीएल खेलले रहस। मिनी ऑक्‍शन खातिर कुल 1390 खिलाड़ी रजिस्‍ट्रेशन करवले रहे लोग। आईपीएल के 19वां सीजन खातिर 10 टीमन के लगे अधिकतम 77 स्‍थान खाली बा। आईं आईपीएल 2026 के नीलामी में सामिल होखे वाला खिलाड़ियन के नाम आ ओह लोगन के बेस प्राइस पs एगो नजर डाललइ जावs…..,"इंडियन प्रीमियर लीग (IPL) 2026 से पहिले 16 दिसंबर के मिनी ऑक्‍शन होई। एह नीलामी खातिर 350 प्‍लेयर्स के शॉर्ट लिस्‍ट कइल गइल बा, जेमे 240 भारतीय आ 110 बिदेसी शामिल बाड़ें। क्विंटन डी कॉक आ स्टीव स्मिथ जइसन खिलाड़ी नीलामी में नजर अइहें, जहाँ स्मिथ के बेस प्राइस 2 करोड़ रुपिया बा। कुल 1390 खिलाड़ी रजिस्‍ट्रेशन करवले बाड़ें आ 10 टीमन के लगे 77 स्‍थान खाली बा।","IPL 2026 Auction : 350 खिलाड़ियन के किस्‍मत के होई फैसला, देखीं सभन के नाम आ बेस प्राइस",Neutral,neutral,२०२६ साल के IPL के लिए १६ डिसेम्बर के दिन आबु धाबी में मिनी नीलाम होईल। ३५० खिलाड़ियों के लिस्ट में २४० भारतीय आ ११० विदेशी खिलाड़ी शामिल बा। क्विन्टन डी कोक आ स्टीफ स्मिठ जैसे बड़े खिलाड़ी भी शामिल हो रहे बाड़ें। स्टीफस्मिथ का बेस प्राइस २ करोड़ रुपया बा। उनकर आखिर बार २०२१ में IPL खेले रहल। १३९० खिलाड़ी इस नीलामे में भाग ले रहे बा। IPL के १९वें सीजन में १० टीम के लिए ७७ जगह खाली रहे।
c516949fe898d51a,"लिस्ट में 81 खिलाड़ियन के आधार मूल्य दु करोड़ रुपिया बा, जबकि 27 खिलाड़ियन के आधार मूल्य 1.5 करोड़ रुपिया रखल गइल बा। एकरा अलावे सूची में 1.25 करोड़, 1 करोड़, 75 लाख, 50 लाख, 40 लाख आ 30 लाख रुपिया के आधार मूल्य वाला खिलाड़ियों बा लो। अबकी बेर के नीलामी एहु से दिलचस्प होई काहेकि सूची में ऋषभ पंत, केएल राहुल, मोहम्मद शमी, श्रेयस अय्यर, रविचंद्रन अश्विन यजवेंद्र चहल जइसन बड़े खिलाड़ी उतरी लो। एह लोगन के आधार मूल्य दु करोड़ रुपिया बा। बिदेसी खिलाड़ियन में नीलामी में ग्लेन मैक्सवेल, मिचेल स्टार्क, जोस बटलर, डेविड वॉर्नर, जेम्स एंडरसन, ट्रेंट बोल्ट, फाफ डु प्लेसिस जइसन खिलाड़ी लउकी लो। बेन स्टोक्स खुद के रजिस्टर ना करवले रहस। अब ऊ तीन सीजन तक आईपीएल में खेलत ना लउकिहें।","लिस्ट में 81 खिलाड़ियन के आधार मूल्य दु करोड़ रुपिया बा, जबकि 27 खिलाड़ियन के आधार मूल्य 1.5 करोड़ रुपिया बा। सूची में ऋषभ पंत, केएल राहुल, मोहम्मद शमी, श्रेयस अय्यर, रविचंद्रन अश्विन आ यजवेंद्र चहल जइसन बड़े खिलाड़ी बा लोगन के आधार मूल्य दु करोड़ रुपिया बा। बिदेसी खिलाड़ियन में ग्लेन मैक्सवेल, मिचेल स्टार्क, जोस बटलर, डेविड वॉर्नर आ जेम्स एंडरसन जइसन खिलाड़ी लउकी लो। बेन स्टोक्स खुद के रजिस्टर ना करवले रहस आ ऊ तीन सीजन तक आईपीएल में ना खेली।","IPL 2025 Auction: 574 में से 81 खिलाड़ियन के आधार मूल्य दु करोड़ आ 27 के 1.5 करोड़ रुपिया, देखीं पूरा लिस्ट",Neutral,joy,"अबकी IPL नीलाम दिलचस्पी भरा होईल। ८१ खिलाड़ी 2 करोड़ रुपया के मूल्य से, २७ खिलाड़ी १.५ करोड रुपया, आ बाकी खिलाड़ी अलग-अलग मूल्य (१.२५, १, ७५ लाख, ५० लाख, ४० लाख आ ३० लाख रुपया) से लिस्ट में शामिल बा। सूची में बड़े-बड़े खिलाड़ी जइसन ऋष्यभ पांट, के.एल. राहूल, मो. शमी , श्रेयस् अयर, रवीन्द्र अशविं, यजुवेंद्र चाहल आदि उतरी बा। उनका मूल्य २ करोड बा। विदेशी खिलाड़ियों में ग्लैन मैक्स्वेल, मिट्चेल स्टारक, जॉस ब"
bd449cee1ad891c9,पूर्व मुख्यमंत्री लालू प्रसाद यादव के खिलाफ सोमार के शिकायत दर्ज करावल गइल बा। एह में बलात्कार के मामला के लेके आपत्तिजनक तरीका से बिहार के जिक्र करे के आरोप लागल बा। ई शिकायत अधिवक्ता सुधीर कुमार ओझा कइले बाड़न। कोर्ट एकरा के सुनवाई में रखले बिया। एकर अगिला सुनवाई 24 अक्टूबर के होई। बता दीं कि लालू यादव एतवार के ट्वीट कइले रहले। जवना में उऽ राज्य में बलात्कार के बहुत मामला के पर्दाफाश कइले रहले। एकरा संगे उ अइसन कैप्शन लिखले जवना से बिहार के राजनीति में बवाल मच गइल बा। एह कैप्शन के लेके जदयू लालू यादव के घेर लिहलस। जदयू के प्रदेश अध्यक्ष उमेश सिंह कुशवाहा एतवार के दिने कहलन कि राजद सुप्रीमो लालू प्रसाद बिहार के तुलना बलात्कार शब्द से कऽ के राज्य के जन भावना के ठेस पहुँचा दिहले बाड़न। राजद मुखिया अपना एक्स हैंडल पs जवन लिखले बाड़े उऽ सीधा बिहार के संस्कृति आ पहचान पs हमला बा। उऽ आगे कहले कि लालू के पोस्ट से पूरा राज्य शर्मिंदा हो गइल बा। उऽ कहले कि लालू-राबरी के शासन में सत्ता से सुरक्षित अपराधी के एतना डर रहे कि राज्य के महिला अपना घर के दुआर से बहरी तक ना कदम रखली। उमेश कहले कि वर्तमान कानून व्यवस्था के संबंध में कवनो बयान देवे से पहिले लालू आ परिवार के अपना कार्यकाल के इतिहास जरूर पलटे के चाहीं।,"पूर्व मुख्यमंत्री लालू प्रसाद यादव के खिलाफ सोमार के शिकायत दर्ज करावल गइल बा, जवना में बलात्कार के मामला के लेके बिहार के आपत्तिजनक तरीका से जिक्र करे के आरोप लागल बा। ई शिकायत अधिवक्ता सुधीर कुमार ओझा कइले बाड़न आ एकर अगिला सुनवाई 24 अक्टूबर के होई। जदयू के प्रदेश अध्यक्ष उमेश सिंह कुशवाहा कहलन कि लालू यादव के ट्वीट से बिहार के संस्कृति आ पहचान पर हमला भइल बा आ राज्य के जन भावना के ठेस पहुँचल बा। उऽ कहले कि लालू-राबरी के शासन में महिला लोग सुरक्षित ना रहल बाड़ी।","लालू यादव के ट्वीट से बिहार में बवाल, अदालत तक पहुंचल मामला",Negative,sadness,सोमार के पूर्व मुख्मंत्री लालू प्रसाद यादव के खिलाफ बलातकार के मामले मे आपत्तीजनक तरीका से बिहार का जिक्र करे के आरोप लेके एक शिकयत दर्ज कइल गइल बा। एह शिायत अधीवक्ता सुधीर कुमार ओझा कइले बाड़न आ कोर्ट एकर सुनवाई में रखले बिया। एकरा की अगली सुनवाई 24 अक्टूवर को होई। ललू यादव ने एतवार ट्वीट किया था जिसमे उ
175fa6a8d8588783,"रूस के कड़ा जवाबी हमला के कोशिश में यूक्रेन के सेना नाकाम हो गइल बिया. बता दीं कि यूक्रेन के सैनिकन के अपना सीमा में घुसपैठ के बाद रूस कीव पs कड़ा जवाबी हमला कs दिहले रहुवे. रूसी सेना रात भर कई गो ड्रोन छोड़ दिहलस. बाकिर यूक्रेन के दावा बा कि रूस के ओर से चलावल गइल सगरी 27 गो रूसी हमलावर ड्रोन नष्ट हो गइल. आज लगातार तीसरा दिन रूस के सीमा क्षेत्र में दुनो सेना के बीच भयंकर लड़ाई चल रहल बा। यूक्रेन के वायु सेना प्रमुख आ निप्रॉपेट्रोस क्षेत्र,” कमांडर शुक के कहले कि, ‘हवाई-विरोधी लड़ाई के परिणामस्वरूप, कीव, पोल्टावा, सुमी, मायकोलाइव, खेरसॉन, दोनेत्स्क वायु सेना आरईबी संपत्ति सभ ड्रोन के मोबाइल फायर समूह के ओर से गिरावल गईल।","रूस के कड़ा जवाबी हमला के कोशिश में यूक्रेन के सेना नाकाम हो गइल बिया। यूक्रेन के सैनिकन के सीमा में घुसपैठ के बाद रूस कीव पs हमला कइलस। यूक्रेन के दावा बा कि रूस के 27 गो ड्रोन नष्ट हो गइल। आज लगातार तीसरा दिन रूस के सीमा क्षेत्र में दुनो सेना के बीच भयंकर लड़ाई चल रहल बा। वायु सेना प्रमुख शुक के अनुसार, कई गो जगह पर ड्रोन के गिरावल गइल।","कीव पs पुतिन के भीषण पलटवार के कोशिश नाकाम, यूक्रेन मार गिरवलस रूस के 27 गो ड्रोन",Negative,anger,"युक्रेन की सेना ने रूस पर कड़ा जवाब देने की कोशिश की, लेकिन रूस ने कीव पर रातभर कई ड्रोनों से हमला कर दिया। यूक्रेनी सेना का दावा है कि रूस ने 28 ड्रोन्स छोड़े थे, जिनमें से सभी को नष्ट कर दिया गया। तीसरे दिन भी रूस सीमा के पास युद्ध चल रहा है। यूक्रेन के एयर फोर्स प्रमुख, कमांंडर शुक् ने बताया कि कीव सहित कई शहरों पर ड्रॉन हमले हुए।"
108755fc8158f53f,"गाजियाबाद। उत्तर प्रदेश विकास प्राधिकरण भवन निर्माण आ विकास उपविधियां आउर आदर्श जोनिंग रेगुलेशंस 2025 लागू कइला के शासनादेश विशेष सचिव राजेश कुमार राय के ओर से कैबिनेट के मंजूरी के बाद जारी कइल गइल बा। जीडीए सहित आवास विकास परिषद के हजार आवंटियन के एकर लाभ मिली। नया बायलाज के मोताबिक अब नियमानुसार एक हजार वर्ग मीटर में ग्रुप हाउसिंग आ घर में दुकान खोले के मंजूरी दिहल गइल बा। फ्लोर एरिया रेशियो (एफएआर) ढाई से पांच होखला पऽ सहर में उंच इमारत क निर्माण हो सकेला। मकान निर्माण के खातिर ग्राउंड कवरेज के बाध्यता समाप्त होखला के संगे अब सैटबैक के छोड़ के लोग पूरा भूखंड पऽ घर बना सकी। एकरा संगही छोट भूखंड पऽ अपार्टमेंट के निर्माण कइल जा सकेला। एकरा से मध्यम आ निम्न आय वर्ग के लोग लाभांवित होई, जे कम बजट में घर बना सकी, जवना से निर्माण के प्रक्रिया आसान होई। शासनादेश के मोताबिक नव मीटर चौड़ा सड़क पऽ बिना बेड के अस्पताल आ प्राइमरी स्कूल आउर सड़क किनारे 12 मीटर मार्ग पऽ इंटर कालेज आ डिग्री कालेज आउर तकनीकी संस्थान खातिर पांच हजार वर्ग मीटर भूखंड में निर्माण हो सकी। शासनादेश के मोताबिक औद्योगिक इकाई आ चिकित्सालय के पूर्णता प्रमाण पत्र देवे के तिथि से 10 वर्ष में भवन के स्ट्रक्चरल आडिट करावल अनिवार्य होई। एकरा अलावे आवासीय परिसर में दुकान के मंजूरी दिहल गइल बा, बाकिर एकरा खातिर 90 मीटर के भूखंड आ सामने नव मीटर चौड़ा सड़क पऽ दुकान के निर्माण कइल जा सकेला। बड़हन भूखंड होखला पऽ सड़क के चौड़ाई 12 मीटर होखल जरूरी रही। नया बायलाज के अनुसार अब ग्रुप हाउसिंग एक हजार वर्ग मीटर के भूखंड पऽ कइल जा सकी। पहले एकरे खातिर दू हजार वर्ग मीटर भूखंड होखले क बाध्यता रहे। पुरान शहरी क्षेत्र (बिल्टअप एरिया) में एक हजार आउर क्षेत्रन में 1500 वर्गमीटर भूखंड पऽ ग्रुप हाउसिंग के अनुमति होई। औद्योगिक इकाइयन खातिर 300 के जगह 150 वर्गमीटर भूखंड आ चिकित्सालय आ शापिंग माल के खातिर 20 हजार वर्ग मीटर के जगह तीन हजार वर्गमीटर भूखंड के निर्माण हो सकी। अब पहिला मंजिल पs पार्किंग माने स्टिल्ट पार्किंग के नयका बायलाज के अनुसार मंजूरी मिलल बा। लोग अपना मकानन में एकर निर्माण कs सकी। ओहिजा, अब शत प्रतिशत बेसमेंट के निर्माण के सुविधा मिली। भवन निर्माण खातिर सरकारी विभाग के अब सात से 15 दिन में अनापत्ति प्रमाण पत्र देवे के होई। देरी होखला पऽ अ इसही स्वत: एनओसी मिलल मानल जाई। ओहिजा, 100 वर्ग मीटर के आवासीय आ 30 वर्ग मीटर के बेवसायिक भवन निर्माण खातिर खाली पंजीकरण करावे के होई। महायोजना में आवासीय भू उपयोग के तहत 300 वर्गमीटर के भूखंड पऽ एकल आवासीय भवन नक्शा तय शुल्क अदा कइला पs पास हो जाई। एकरा अलावे स्वीकृत लेआउट वाला क्षेत्र में 500 वर्गमीटर के आवासीय आ 200 वर्ग मीटर के बेवसायिक भवन निर्माण खातिर लाइसेंस प्राप्त आर्किटेक्ट के बनावल नक्शा आनलाइन प्रक्रिया के तहत पास होई। अइसे में भ्रष्टाचार पs लगाम कसला के संगही समय के बचत होई।","गाजियाबाद में उत्तर प्रदेश विकास प्राधिकरण द्वारा नया भवन निर्माण आ विकास उपविधियां आउर आदर्श जोनिंग रेगुलेशंस 2025 लागू कइल गइल बा। एकरा से जीडीए आ आवास विकास परिषद के हजार आवंटियन के लाभ मिली। नया बायलाज के अनुसार अब एक हजार वर्ग मीटर में ग्रुप हाउसिंग आ दुकान खोलल जा सकेला। औद्योगिक इकाइयन आ चिकित्सालय खातिर भवन के स्ट्रक्चरल आडिट 10 वर्ष में करावल अनिवार्य होई। सरकारी विभाग अब 7 से 15 दिन में अनापत्ति प्रमाण पत्र देवे के होई, आ देरी पर स्वत: एनओसी मानल जाई।","Ghaziabad Construction Bylaws: गाजियाबाद में अब घर बनवावल होई आसान, नया भवन निर्माण नियम लागू",Positive,neutral,"त बा। **भोजपुरि भाषा में सारंश:** उत्तर प्रदेश विकास प्रधिकरण के नवनियुक्त बिल्डिंग आ डेवलपमेंट रूल्स आउट लाइनिंग ज़ोनिंग रेग्युलेशन्स २०२५ लागू हो गइले बा। शासन के आदेश के मुताबिक, अब एक हज़ार स्क्वायर मीटर जमीन पर ग्रुप हाऊसिंग अउर कमर्शियल प्रॉपर्टी बना सकल। फ्लोर स्पेस रेश्यो (F.A.R.) ढाई टा पाँच तक हो सकल, जे से ऊँची इमारते बन सकलें। ग्राउण्ड कव्हरेज के नियम खत्म हो गेले बा, अब लोग पूरा जमीं पर घर बना सकेल। छोटे जमीनों पर भी अप्पार्ट"
adeb188c959a3e8c,"नई दिल्ली। एक तरफ पूरा दुनिया में जंगल के जीवन के बचावे के मुहिम छिड़ल बा। जंगली जानवरन खातिर काम करे वाला संगठन आ सरकार एकर कुनबा बढ़ावे के योजनाएं बना रहल बा। ओहिजा, एगो देस अइसनो बा, जहां लगभग 50 हाथियन के मारे के फरमान जारी कइल गइल बा। फरमान खाली एतने नइखे, एह हाथियन के मरला के बाद, एकनी के काटल जाई आ मांस स्थानीय समुदायन के बीच बांटल जाई। ओहिजा, हाथियन के दांत सरकार के सउप दिहल जाई। आईं, रउआ के बतावत बानी कि का बा एह फरमान के वजह? एह देस के नाम हs जिंबाब्वे, जहां सेव वैली कंजर्वेंसी में 50 हाथियन के मारे के ई फैसला लिहल गइल बा। दरअसल, एह फैसला के पीछे वजह बा कि इहां हाथियन के बढ़त संख्या। वन्यजीव अधिकारियन के मोताबिक, एह प्राइवेट रिजर्व में हाथियन के संख्या बहुत जादे हो गइल बा, जवना से ईको सिस्टम पs दबाव बढ़ रहल बा आ मानव-वन्यजीव संघर्ष के खतरा पैदा हो रहल बा। जिंबाब्वे पार्क आ वन्यजीव प्रबंधन प्राधिकरण बतवले बा कि एह रिजर्व के भीतर वर्तमान में लगभग 2,550 हाथी बा, जबकि एकर पारिस्थितिक क्षमता खाली 800 बा। अइसे में हाथियन के मारे के कड़ा फैसला लिहल गइल बा। ई डेग पारिस्थितिकी तंत्र आ आसपास के समुदायन के रक्षा खातिर आवश्यक बतावल गइल बा। मरला के बाद हाथियन के मांस स्थानीय समुदायन के बीच बांट दिहल जाई। एकरा अलावा एह जानवरन से मिलल हाथी दांत सरकार के सउप दिहल जाई। हाथी दांत के बेयपार पs दुनियाभर में लागल बैन के वजह से जिंबाब्वे के आपन हाथी दांत बेचे के अनुमति नइखे। पिछला पांच बरिसन में अधिकारी दबाव के कम करे के कोसिस के तहत 200 हाथियन के दोसरा पार्कन में ट्रांसफर कइल गइल बा, बाकिर ई प्रयास पर्याप्त नइखे रहल। बोत्सवाना के बाद जिंबाब्वे दुनिया में हाथियन के आबादी के सबसे बड़ घर हs। हाल के दिनन में, जलवायु में जवन बदलाव देखे के मिलल बा आ सूखा के जवन इस्थिति बनल बा, ओकर हालात आउर खराब भइल बा। अपना भोजन आ पानी के तलाश में हाथी मानव बस्तियन में घूमे खातिर मजबूर हो रहल बा लोग। पिछला कुछ बरिसन में ई दूसरका बेर बा, जब जिंबाब्वे एह हालातन से बचे खातिर हाथियन के मारे के सहारा लेले बा। 2024 में जिंबाब्वे में ऐतिहासिक सूखा पड़ल आ ओह दौरान 200 हाथियन के मारे के अनुमति दिहल गइल बा। 1988 के बाद अइसन पहिला बेर भइल रहे। ओहिजा, वन्यजीवन आ पर्यटन से जुड़ल लोगन के तर्क बा कि हाथियन के मारल देस के छवि के नुकसान पहुंचा सकत बा। एकरा संगही वन्यजीवन के सरंक्षण से जुड़ल कोसिसन के कमजोर कs सकत बा।","जिंबाब्वे में लगभग 50 हाथियन के मारे के फरमान जारी कइल गइल बा, काहेकि हाथियन के संख्या बहुत बढ़ गइल बा। ई फैसला सेव वैली कंजर्वेंसी में पारिस्थितिकी तंत्र के रक्षा खातिर लिहल गइल बा। हाथियन के मांस स्थानीय समुदायन के बीच बांटल जाई आ हाथी दांत सरकार के सउप दिहल जाई। पिछला कुछ बरिसन में ई दूसरका बेर बा जब जिंबाब्वे एह हालातन से बचे खातिर हाथियन के मारे के सहारा लेले बा। वन्यजीव अधिकारियन के अनुसार, ई कदम मानव-वन्यजीव संघर्ष के खतरा कम करे खातिर जरूरी बा।","काटल जाई 50 हाथी आ घर-घर बंटी मांस, एह देस में जारी भइल फरमान… बहुते दर्दनाक बा वजह",Negative,sadness,"पकड़ के इलाका से बाहर भगा दिहले बा। **भोजपुरि समाचार राउआ:** जिम्बावे देस में सेवैली कंज़र्वेन्सी में लगभग ५० हाथी मारल जावत बा। एह काम के बाद ओकर मांस लोकन में बाँटल जाएँगे आ दांत सरकारी हात में जावेंगे। हाथियन की संख्या बढ़त जा रही बा आ इकोसिस्टम पर दाब बढ़ रहा बा, मानव आ हाथी के बीच झगड़ा हो रहा बा। जिंबावे सरकार के कहना बा कि हाथी की संख्या २,५५० हो गई बा जबकि एह इलाके के लिए ८०० ही हाथी पर्याप्त बा।"
49968f31d63b8d0c,"PKL 8 में पुणेरी पलटन के एगो अउरी जबरजस्त जीत मीलल| दूनों टीम के परदर्सन पहिला हाफ में काफी निम्मन रहल और केहू एक दूसरे को ढेर आगे नहीं निकल पावल। तमिल थलाइवाज जरूर पुनेरी पलटन के ऑल-आउट कइले के निगचइनें लेकिन पुणे की टीम खुद को बचवनें। एही बीच राहुल चौधरी के भी पहिलका हाफ में सब्सटीट्यूट करत रेड कइले के मौका मिलल अउर ऊ दू रेड में एगो पॉइंट हासिल कइलें। सबसे खास बात ई रहल कि ऊ रेड करत में आउट नाइ भइनें। तमिल थलाइवाज के लग्गे दुसरका हाफ में पुनेरी पलटन के ऑल-आउट कइले के कई मौके मिलल, लेकिन पुनेरी पलटन जबरदस्त तरीका से अपना के बचवनें सब। अबिनेश नादराजन और मोहित गोयत पहिले रेड करत अपना टीम के बचवनें | मोहित गोयत मंजीत के भी सुपर टैकल क के आउट कइनें। यही के नतीजा रहल कि मैच के 29वा मिनट में पहिला बेर पुनेरी पलटन तमिल थलाइवाज के ऑल-आउट क देहलस और एही के संगे आपन बढ़त में इजाफा क लेहलस। तमिल के डिफेंस कुछ खास नहीं कर पाइल और पुणे एकर फायदा उठवलस। भवानी राजपूत सुपर रेड लगावत तीन पॉइंट्स हासिल करत अपना टीम के मैच में वापस लौटवले के कोसिस कइनें।","PKL 8 में पुणेरी पलटन के एगो अउरी जबरजस्त जीत मिलल। पहिला हाफ में दूनों टीम के परदर्शन निम्मन रहल, लेकिन तमिल थलाइवाज पुनेरी पलटन के ऑल-आउट कइले के कोशिश कइलें। दुसरका हाफ में पुनेरी पलटन जबरदस्त तरीका से अपना के बचवलस आ 29वा मिनट में तमिल थलाइवाज के ऑल-आउट क देहलस। भवानी राजपूत सुपर रेड लगावत तीन पॉइंट्स हासिल क के अपना टीम के मैच में वापस लौटवले के कोशिश कइलें।",PKL 8 में पुणेरी पलटन के एगो अउरी जीत,Positive,joy,"पीकेएल ८ में पुण्यारी पाल्टन ने तमिळ थलाईवाज टीम के खिलाफ एक और जबरदार जीत पाई। पहिली पारी में दोनों टीमों ने कमजोर प्रदर्शन किया और कोई भी टीम दूसरे पर भारी नहीं पड़ सका। राहुल चौहान को पहली पारी के दौरान रेड कार्ड दिखाया गया, लेकिन वो रेड के दौरान भी एक अंक जुटाने में कामयाब रहे। दूसरी पारी शुरू होने के बाद पुण्यारी पल्टन को कई बार तमिल् थलैवाज को ऑल आऊट करने का मौका मिला, लेकिन उन्होंने शानदार तरीके से खुद को बचा लिया। अबिनेश नादरजान और मोहत गॉयत ने पहले रेड करते हुए अपनी टीम की रक्षा की। मोहित ने मंजित को"
fd000d59d9d81256,"सत्ताधारी भारतीय जनता पार्टी गुजरात में होखे वाला विधानसभा उपचुनाव खातिर दू गो सीट पs उम्मीदवारन के नाम एलान कइले बिया. गुजरात के कड़ी आ विसावदार विधानसभा क्षेत्र में उपचुनाव हो रहल बा. एकरा खातीर मतदान के तारीख 19 जून के तय कs दिहल गईल बा।भाजपा अतवार के उपचुनाव खातीर राजेंद्र चावड़ा अवुरी किरीटभाई पटेल के उम्मीदवारी एलान कs देलस। एगो विज्ञप्ति में कहल गइल बा कि पार्टी कड़ी से चावड़ा आ विसावदार से पटेल के मैदान में उतरले बिया. चुनाव काहे हो रहल बा? अनुसूचित जाति खातिर आरक्षित मेहसाणा जिला के कड़ी सीट भाजपा विधायक करसनभाई सोलंकी के निधन के चलते चार फरवरी के खाली हो गइल. जून 2023 में आप विधायक भूपेंद्र भयानी के इस्तीफा देला के बाद जूनागढ़ जिला के विसावदार सीट खाली हो गईल।बाद में सत्ताधारी भाजपा में शामिल हो गईले। गुजरात विधानसभा उपचुनाव में आम आदमी पार्टी भी धक्का दे रहल बिया। हालांकि एs चुनाव के सरकार पs कवनो असर ना पड़ी, काहेंकी भाजपा पहिलही से पूर्ण बहुमत के संगे सत्ता में बिया। गुजरात विधान सभा में कुल 182 सीट बाड़ी सs जवना में से 13 सीट अनुसूचित जाति खातिर आ 27 गो अनुसूचित जनजाति खातिर आरक्षित बाड़ी सs, बाकी 142 सीट सामान्य सीट बाड़ी सs। इहाँ 2022 के विधानसभा चुनाव में भाजपा बहुमत जीत के सरकार बनवलस। भाजपा के 156 सीट मिलल. साथही कांग्रेस के घट के महज 17 सीट हो गइल. आम आदमी पार्टी के पांच सीट मिलल अवुरी एक सीट समाजवादी पार्टी के खाता में चल गईल। निर्दलीय उम्मीदवारन के तीन सीट मिलल. भाजपा 1995 से गुजरात में लगातार सत्ता बनवले रखले बिया अवुरी 2022 में सातवीं बेर जीत हासिल कईले बिया। गुजरात के राजनीति में जाति आ सामाजिक समीकरण के अहम भूमिका बा। 2017 आ 2022 के चुनाव में भी जाति समीकरण के महत्व रहे। इहाँ कोली समुदाय के आबादी सबसे जादा बा। एकर संख्या 24 प्रतिशत बा। एकरा संगे पाटीदार के संख्या 15 प्रतिशत अवुरी मुसलमान के संख्या 10 प्रतिशत बा। अनुसूचित जनजाति के मतदाता के संख्या 15 प्रतिशत बा, जबकि अनुसूचित जनजाति के लोग के संख्या 7 प्रतिशत बा। ब्राह्मण (4%), राजपूत (5%), वैश्य (3%), आ अउरी समुदाय के लोग (17%) बा।","सत्ताधारी भारतीय जनता पार्टी गुजरात में विधानसभा उपचुनाव खातिर दू गो सीट पs उम्मीदवारन के नाम एलान कइले बिया। कड़ी आ विसावदार विधानसभा क्षेत्र में उपचुनाव 19 जून के होई। भाजपा कड़ी से राजेंद्र चावड़ा आ विसावदार से किरीटभाई पटेल के उम्मीदवार बनवले बिया। कड़ी सीट भाजपा विधायक करसनभाई सोलंकी के निधन आ विसावदार सीट आप विधायक भूपेंद्र भयानी के इस्तीफा के चलते खाली भइल। गुजरात विधानसभा में कुल 182 सीट बाड़ी सs, जहाँ भाजपा 2022 में 156 सीट जीत के सरकार बनवले बिया।","Gujarat By Election: विसावदर आ कड़ी सीट खातीर बीजेपी तय कइलस नाव, देखीं केकरा मिलल टिकट",Neutral,neutral,या. भारतीय जनता पक्ष (भाजप) ने गुजरत में दोनो विधासभा सीट के लिये उमेदवारों के नाम घोषित किए हैं। कड़ी सीट पर राजेन्द्र चावड़ा और विसावाड़र पर किरितभाई पाटेल उतर रहे हैं। ये चुनाव करसणभाई सोळंकी (कड़ी) और भूपेन्द्र भयाणी (विसावड़र) के मृत्यु और त्यागपत्र के बाद हुए हैं। मतदान १९ जून को होगा।
416f606138de43cd,"भारत में क्रिकेट के एगो धर्म मानल जाला। क्रिकेट के प्रति भारतीयन में एगो अलगे जुनून बा, काहे कि दुनिया के सबसे जादा देखल जाए वाला क्रिकेट लीग आईपीएल भारत में होला। एह लीग में खेल के खिलाड़ियन के पइसा आ प्रसिद्धि दुनु मिलेला. कई गो स्टार खिलाड़ी आईपीएल में खेल के आपन कैरियर बनवले बाड़े. प्रशंसक बेसब्री से आईपीएल 2025 के इंतजार में बाड़े। अब बीसीसीआई के उपाध्यक्ष राजीव शुक्ला आईपीएल 2025 के शुरुआत के तारीख के खुलासा कइले बाड़न. उs कहले बाड़न कि आईपीएल 2025 23 मार्च से शुरू हो जाई. बीसीसीआई के उपाध्यक्ष राजीव शुक्ला बतवले महिला प्रीमियर लीग के आयोजन स्थल के संबंध में स्पष्टता लगभग तय बा, एकरा संबंध में एगो प्रेस नोट जल्दिए जारी कईल जाई। चैंपियंस ट्रॉफी 2025 में भारतीय टीम के बारे में उs कहले कि एकरा संबंध में बैठक 18 चाहे 19 तारीख के होई। एकरा बाद उs कहले कि आईपीएल 23 मार्च से शुरू होई। जय शाह के आईसीसी के अध्यक्ष बनला के बाद असम के क्रिकेटर रहल देवजीत सैकिया बीसीसीआई के अंतरिम सचिव चुनल गइलन. अब 12 जनवरी के देवजीत विशेष महासभा (एसजीएम) में सचिव चुनल गईले। आशीष शेलार के जगह प्रभतेज सिंह भाटिया के कोषाध्यक्ष बनावल गईल। आशीष फिलहाल भारतीय जनता पार्टी के विधायक अवुरी महाराष्ट्र सरकार में मंत्री बाड़े। एही कारन से कोषाध्यक्ष के पद खाली हो गईल रहे| एसजीएम के बईठक के बाद राजीव शुक्ला बाहर अईले अवुरी पत्रकारन से बात करत उs कहले कि एs बैठक में दुनो उम्मीदवार के चयन एक सिंगल प्वाइंट रहे।","भारत में क्रिकेट के प्रति एगो अलगे जुनून बा आ आईपीएल 2025 के शुरुआत 23 मार्च से होखे वाला बा, ई जानकारी बीसीसीआई के उपाध्यक्ष राजीव शुक्ला बतवले बाड़न। महिला प्रीमियर लीग के आयोजन स्थल के बारे में जल्दी प्रेस नोट जारी होई। चैंपियंस ट्रॉफी 2025 के बैठक 18 चाहे 19 तारीख के होई। देवजीत सैकिया के बीसीसीआई के अंतरिम सचिव बनावल गइल बाड़न आ प्रभतेज सिंह भाटिया कोषाध्यक्ष बनल बाड़न।","एह तारीख से शुरू होई IPL 2025 के सीजन, BCCI वाइस प्रेसीडेंट राजीव शुक्ला कइले ऐलान",Positive,joy,"बोलीवुड स्टार खिलाड़ी लोगो के पसंदीदा क्रिकट लीग, आईपिएल, २३ मार्च से शुरू होत रहे। बीसीसीई उपाध्यक्ष राजीव शुक्ला ने एह खुलासा किया। उनहें महिला प्रीमियर लीग के आयोजन स्थल बारे में भी स्पष्टता मिल गई हैं, जिसका प्रेस नोट जल्द ही निकलल जाएगा। चैंपियन ट्रॉफी २०२५ के बारे में बैठक १८ या १९ जनवरी को होगी। जय शाह आईसीसी के अध्यक्ष"
ad1998b034dee360,"भारत के पड़ोसी देश अफगानिस्तान में आइल भूकंप के चलते लोग के घर से बाहर आवे के पड़ल. राष्ट्रीय भूकंप विज्ञान केंद्र के मुताबिक शनिचर के सबेरे 5:16 बजे अफगानिस्तान में तेज भूकंप के झटका महसूस भईल। एह भूकंप के तीव्रता रिक्टर पैमाना पs 4.7 दर्ज भइल। एह भूकंप के केन्द्र काबुल के लगे रहे। अफगानिस्तान के अलावा पाकिस्तान के कई इलाका में भी भूकंप के असर महसूस भइल। फिलहाल एs भूकंप के चलते कवनो नुकसान के सूचना नईखे मिलल, bakirr सबेरे-सबेरे भईल भूकंप के चलते लोग में दहशत के माहौल बा। एहसे पहिले बियफे के दिने भारत से आपन सीमा साझा करे वाला म्यांमार में एक के बाद एक कई गो भूकंप आइल. एह में सभसे ताकतवर भूकंप 7.7 तीव्रता के रहल। म्यांमार में आइल भूकंप के केन्द्र मांडले शहर के लगे रहे. एह भूकंप के चलते म्यांमार में 144 लोग के मउत हो चुकल बा जबकि 730 लोग घवाहिल होखे के खबर बा. मरेवाला अवुरी घाही के संख्या अवुरी बढ़ सकता। एह भूकंप में म्यांमार के कई गो भवन, पुल आ बांध के नुकसान भइल बा.","अफगानिस्तान में शनिचर के सबेरे 5:16 बजे तेज भूकंप के झटका महसूस भईल, जवन के तीव्रता रिक्टर पैमाना पs 4.7 दर्ज भइल। भूकंप के केन्द्र काबुल के लगे रहे आ पाकिस्तान के कई इलाका में भी असर भइल। फिलहाल कवनो नुकसान के सूचना नईखे मिलल, लेकिन लोग में दहशत के माहौल बा। एहसे पहिले म्यांमार में बियफे के दिने कई गो भूकंप आइल, जवन में सभसे ताकतवर 7.7 तीव्रता के रहल आ ओहिजा 144 लोग के मउत आ 730 लोग घवाहिल हो चुकल बा।","म्यांमार के बाद भारत के एगो अउरी पड़ोसी देश में जोरदार भूकंप, जानीं केतना रहल तीव्रता",Negative,sadness,"शनिवार के सुबह 5 बजकर 16 मिनट पर अफगाणिस्तान मे एक तेज जमीन हिलावट भया। जिसके केंद्र काबूल के पास रहे। इस जमींदहिलावट की तीब्रता रिक्टर स्केल पर 4 .7 दर्ज की गयी। अफगांनिस्तान के साथ-साथ पाकिस्तान के कुछ इलाकों में भी इसका एहसास हुआ। इससे पहले, बियफ़े के दिन म्यानमार में कई जमीं हिलावतें आई थीं। सबसे तेज जमीन हिलावत 7. 7 तीव्रता की थी। म्यानमार के मांडले शहर के पास इसके केंद्र रहे। इसमें मृतकों की"
7e562c9e00fcef7c,"‘ऑपरेशन सिंदूर’ के तहत भारतीय सेना पाकिस्तान में लुकाइल 9 गो आतंकी छिपल जगहन पर मिसाइल से हमला कइलस। एह हमला में बहुते आतंकियन के मौत होखे के खबर बा. बता दीं कि ई हमला लश्कर-ए-तैबा आ जैश-ए-मोहम्मद के लुकाइल जगहन पs भइल बा. एकरा अलावे भारतीय सेना एगो पाकिस्तानी लड़ाकू विमान के गिरा देले बिया जवन भारत के सीमा में घुसे के कोशिश करत रहे। बता दीं कि पहलगाम में भइल आतंकी हमला में 26 लोग के मौत हो गइल. अइसना में हमनी के बताईं जा कि ऑपरेशन सिंदूर के योजना कईसे बनल रहे। पहलगाम में भईल आतंकी हमला के तुरंत बाद ऑपरेशन सिंदूर के योजना शुरू भईल, जवना में पीएम मोदी के अध्यक्षता में बैठक बोलावल गईल। राष्ट्रीय सुरक्षा सलाहकार अजीत डोवल एह पूरा मिशन के कमान संभालत रहले. लगातार वायुसेना, नौसेना अवुरी सेना के संपर्क में रहले। पहलगाम हमला के बाद पीएम नरेंद्र मोदी खुफिया एजेंसी अवुरी एनटीआरओ के संगे पाकिस्तान के भीतर उच्च मूल्य के आतंकी शिविरन के पहचान करे के जिम्मेवारी अजीत डोवल के दे देले रहले। संगही, एकरा के कहाँ बा, एकरा के ध्यान में राखे के जरूरत नईखे। उनुकर चयन पाकिस्तान में जहां भी होखे के चाही। पाकिस्तान में अइसन आतंकी शिविरन के चयन के जिम्मेवारी अजीत डोवल के दिहल गइल. अंतिम निगरानी के बाद कुल 9 अयीसन स्थान के फैसला भईल। एनएसए अजीत डोवल ऑपरेशन सिंदूर खातिर एगो छोट टीम बनवले रहले जवना में तीनों सेना के चुनल अधिकारी शामिल रहले अवुरी ओ लोग के समन्वय से ऑपरेशन शुरू हो गईल। एकरा बाद 9 गो हाई वैल्यू लोकेशन के निगरानी कइल गइल आ निगरानी में रखल गइल कि वर्णित तरीका सही बा कि ना आ हाई वैल्यू के टारगेट बा कि ना। पाकिस्तान में अयीसन जगह प कार्रवाई करे के योजना रहे, जवना से आतंकवाद के असर पड़े। एकरा बाद जब अजीत डोवल पीएम मोदी के सोझा एs प्लानिंग के ब्लू प्रिंट पेश कईले तs फेर एs प्लान के पीएम मोदी के मंजूरी मिल गईल। बता दीं कि एह दौरान पीएम मोदी आ अजीत डोवल के बीच कई गो बातचीत भइल. दुनो लोग हमला के दौरान भी एs ऑपरेशन पs नजर रखले बाड़े।",‘ऑपरेशन सिंदूर’ के तहत भारतीय सेना पाकिस्तान में 9 गो लुकाइल आतंकी ठिकाना पर मिसाइल से हमला कइलस। एह हमला में कई आतंकियन के मौत होखे के खबर बा आ ई हमला लश्कर-ए-तैबा आ जैश-ए-मोहम्मद के ठिकाना प भइल बा। पीएम मोदी के अध्यक्षता में बैठक के बाद अजीत डोवल के नेतृत्व में ऑपरेशन के योजना बनल आ 9 गो हाई वैल्यू लोकेशन के निगरानी कइल गइल। पीएम मोदी आ अजीत डोवल के बीच कई गो बातचीत भइल आ दुनो लोग हमला के दौरान ऑपरेशन प नजर रखले बाड़े।,"Operation Sindoor: कइसे कइल गइल ‘ऑपरेशन सिंदूर’ के प्लानिंग, कवने तरीका से कलइ गईल हमला",Negative,anger,"ओ लोग कइसे काम करत रहलें। भारतीय सेना ने ऑपरेशन्स सिंदूअर के तहत पाकिस्तान में 9 आतंकियों के छिपे हुए ठिकानों पर मिसाइल हमला किया। एह हमले में बहुत सारे आतंखियों की मौत हुई। लश्कर ए तैबा आ जैश ए मोहम्‍मद के ठिकाने पर हमला भइल। भारतीय सेना ने एक पाकिस्‍तानी युद्ध विमान को भी गिरा दिया, जो भारत की सीमा में घुसने की कोशिश कर रहा था। पहलगाम में भयानक आतँकी हमले के बाद ऑपरेशंस सिंद"
7e7e48d4bab2f4e3,"फुटबॉल के दिग्गज अउर मैनचेस्टर यूनाइटेड के पूर्व खिलाड़ी क्रिस्टियानो रोनाल्डो के अपने फैन के फोन तूड़ल महंग पड़ गइल बा। ऊ एही साल एवर्टन में एगो फैन के हाथ से मोबाइल फोन छीन लिहले रहनें अउर ओके तूड़ दिहले रहनें। एह मामिल पर फुटबॉल एसोसिएशन कार्रवाई करत उनका पर 50,000 पाउंड (लगभग 49.43 लाख रुपया) जुर्माना लगावल गइल बा। एकरे अलावा उनका पर दू मैच के प्रतिबंधो लगावल गइल बा। रोनाल्डो हालही में मैनचेस्टर यूनाइटेड के साथ आपन अनुबंध खत्म कइले बाड़ी। क्लब जानकारी देत मंगर के बतवले रहनें कि दूनों पक्ष आपसी सहमति के बाद ई अनुबंध समय से पहिलही खत्म कs दिहले बा। एही साल नौ अप्रैल के रोनाल्डो के टीम गुडिसन पार्क में एवर्टन से 1-0 से हार गइल रहे। एकरे बाद रोनाल्डो मैदान से बाहर निकलनें त एगो फैन उनकर वीडियो बनावत रहनें। टीम के हार से खिसियाइल रोनाल्डो के ई पसंद नाइ आइल। ऊ, फैन के मोबाइनल छीना अउर ओके तूड़ दिहलें। एह विवाद के बाद उनका पर एफए अनुचित आचरण के आरोप लगवले बानें। एगो स्वतंत्र पैनल उनके दू मैच खातिर सस्पेंड कइल गइल अउर जुर्मानो लगवलस। एह मामिला पर उनके मर्सीसाइड पुलिस आगाह कइले रहे। रोनाल्डो भी ई स्वीकार कइलस कि उनकर आचरण अनुचित रहल। ई प्रतिबंध विश्व कप में लागू नाइ होई अउर जब भी ऊ कौनो क्लब में शामिल होइहें त उनके ट्रांसफर कs दिहल जाई, चाहे ऊ कौनो देश में काहे न होखे। एह घटना के बाद, रोनाल्डो इंस्टाग्राम पर माफी मांगत कहनें, “मुश्किल क्षण में भावना से निपटल कब्बो आसान नाइ होला, जेकर हम सामना कs रहल बानीं। फिर भी, हमनींके हमेशा सम्मानजनक, धैर्यवान रहे के होई अउर ओ सब युवा लोग खातिर उदाहरण स्थापित करे के होई जौन एह खेल के पसंद करेनी। हम अपने गुस्सा खातिर माफी मांगल चाहsता अउर अगर संभव होखे त, हम एह समर्थक के निष्पक्ष खेल अउर खेल भावना के संकेत के रूप में ओल्ड ट्रैफर्ड में एगो मैच देखे खातिर आमंत्रित कइल चाहsतनीं।” रोनाल्डो आरोप स्वीकार कs लिहलें लेकिन निलंबन से बचे खातिर व्यक्तिगत सुनवाई के अनुरोध कइले रहनें। आठ नवंबर के स्वतंत्र सुनवाई के दौरान, रोनाल्डो कहनें कि ऊ चिंता, अपने शारीरिक सुरक्षा अउर भलाई खातिर अइसन कइले रहनें। मैदान पर एवर्टन के फैंस इकट्ठा हो गइल रहनें अउर उनके खातिर मैदान छोड़ल जरूरी रहल। उनके दावा खारिज करत, पैनल कहनें कि ई “उनके भलाई खातिर डर चाहे चिंता के बजाय निराशा अउर झुंझलाहट के वजह से भइल रहे।” पैनल रोनाल्डो पर तीन मैच पs प्रतिबंध लगावे के एफए के दलील के भी खारिज कs दिहल गइल बा। पुर्तगाली सुपरस्टार फिलहाल कतर में 2022 फीफा विश्व कप में भाग ले रहल बानें, जहवाँ, उनकर टीम घाना के खिलाफ अपने अभियान के शुरुआत करी।","फुटबॉल के दिग्गज क्रिस्टियानो रोनाल्डो के एगो फैन के फोन तूड़ल महंग पड़ गइल बा। उनकरा पर 50,000 पाउंड जुर्माना अउर दू मैच के प्रतिबंध लगावल गइल बा। रोनाल्डो हालही में मैनचेस्टर यूनाइटेड के साथ अनुबंध खत्म कइले बाड़ें। ऊ इंस्टाग्राम पर माफी मांगत कहले कि उनकर आचरण अनुचित रहल। फिलहाल ऊ कतर में 2022 फीफा विश्व कप में भाग ले रहल बाड़ें।","रोनाल्डो के फैन के फोन तूड़ल पड़ल भारी, दू मैच खातिर भइलें बैन, 50 लाख के जुर्मानो लागल",Negative,anger,"तरीके से व्यवहार करना चाहे। मेरी गलती के लिए माफ़ी माँगता हूँ।” क्रिस्तियानो रोनल्डो ने एवन्टन के एक फैन का मोबाइल फोन तोड़ दियल। उनका एह काम 4 अप्रिल 2023 के गुडिसेन पड़क मैदान पर एवंटन के साथ मैच हारने के बाद भया। एफए ने रोनाल्डो के खिलाफ अनुचित व्यवहार का मामला दर्ज कराया। एक स्वतन्त्र पैनल ने उनको दो मैचों के लिए सस्‍पेंड कर दिया और ५०,००० पौंड (करीब ४९.४३ लाख रुपए) का जुर्‍माना भी लगाया।"
f216f1874cb9442b,दिल्ली विधानसभा चुनाव के नतीजा घोषित भइला के दस दिन से अधिका हो गइल बा आ भाजपा आजु मुख्यमंत्री के नाव एलान करे जा रहल बिया. दिल्ली के नयका सीएम के नाव भाजपा विधानमंडल पार्टी के बइठक में मंजूरी मिल जाई. दिल्ली के मुख्यमंत्री के बनी? एह सस्पेंस के आजु पर्दाफाश होखे वाला बा. भारतीय जनता पार्टी आजु दिल्ली के मुख्यमंत्री के नाव मंजूर करे जा रहल बिया. नयका सीएम के नाव भाजपा विधायिका पार्टी के बइठक में तय कइल जाई. नयका मुख्यमंत्री के शपथ ग्रहण काल्हु रामलीला मैदान में होखी. बता दीं कि 27 साल बाद दिल्ली में भाजपा सत्ता में आ गईल बिया। कुछ देर बाद दिल्ली के अगिला सीएम के नाव के एलान हो जाई. एकरा से पहिले भाजपा कार्यालय के बहरी जश्न के माहौल बा अवुरी ढोल बजावल जाता।,दिल्ली विधानसभा चुनाव के नतीजा आइल के दस दिन बाद भाजपा आजु नया मुख्यमंत्री के नाव एलान करे जा रहल बिया। नया सीएम के नाव भाजपा विधानमंडल पार्टी के बइठक में मंजूरी मिल जाई। नया मुख्यमंत्री के शपथ ग्रहण काल्हु रामलीला मैदान में होखी। 27 साल बाद दिल्ली में भाजपा सत्ता में आ गईल बिया। भाजपा कार्यालय के बहरी जश्न के माहौल बा।,के होई दिल्ली के सीएम? बस थोड़े देर में हो जाई नाव के ऐलान,Positive,joy,"भाजपा दिल्ली में सत्ता हासिल करे के बाद से दस दिवस से भी जादा समय बीतल बा। आज दिल्ली के नवोन्मेष मुख्यमन्त्री के नाम का ऐलान कइला जात बा। भाजपात के विधायक दल की बैठक में नवनिर्वाचित सीएम का नाम तय होला। शपथग्रहण समारोह रमलीला ग्राउंड में आयोजित होखेल। 27 वर्ष बाद भाजपाई दिल्ली में शासन करे के सफल भइल। भोजपात कार्यालय में जश्न मनाई जा रही बा, ढोल बजाए जा रहे बा।"
2c3ed27673b81d71,"पिछला कुछ दिन से पूरा भारत में वनप्लस स्मार्टफोन के बिक्री बंद होखे के खबर आवत बा। एगो रिपोर्ट में दावा कईल गईल बा कि मोबाइल रिटेल चेन वनप्लस स्मार्टफोन, टैबलेट अवुरी पहिरल जाए वाला सामान के बिक्री 1 मई 2024 से यानी आज से बंद करे के फैसला कईले बिया। रिपोर्ट के मुताबिक, साउथ इंडियन ऑर्गेनाइज्ड रिटेलर्स एसोसिएशन (ओआरए) वनप्लस इंडिया के सेल्स डायरेक्टर रंजीत सिंह के चिट्ठी लिख के आपन उत्पाद ना बेचे के फैसला कईले बिया। अब एह मामिला में कंपनी के बयान सामने आइल बा. हाल ही में रिपोर्ट में दावा कईल गईल रहे कि पूरा भारत में खुदरा विक्रेता वनप्लस के उत्पाद के ऑफलाइन बिक्री पs रोक लगावे के फैसला कईले बा। बहुत रिटेलर के कंपनी से शिकायत रहे. अब एह मामिला में कंपनी के बयान सामने आइल बा. वनप्लस के कहनाम बा कि कंपनी खुदरा विक्रेता के संगे मिल के एs मुद्दा के समाधान खोजे के कोशिश करतिया। वनप्लस अपना बयान में कहलस कि कंपनी के पछिला 7 साल से भारत के भरोसेमंद खुदरा विक्रेता के समर्थन मिलल बा अवुरी वनप्लस एकर सराहना करता। फिलहाल कंपनी अपना साझेदार खुदरा विक्रेता के संगे मिल के चिन्हित मुद्दा के हल करे के काम करतिया। हमनी के एह साझेदारी के अउरी मजबूत करे खातिर पूरा तरह से प्रतिबद्ध बानी जा. हालांकि कंपनी के ओर से एs बारे में कुछूओ नईखे कहल गईल कि ऑफलाइन चैनल के माध्यम से कंपनी के फोन के बिक्री 1 मई यानी आज से बंद होई कि ना। संगठित रिटेलर्स एसोसिएशन के कहना बा कि पिछला साल ओह लोग के वनप्लस के उत्पाद बेचे में बहुते समस्या के सामना करे के पड़ल जवना के समाधान अबहीं ले नइखे भइल. कंपनी के ओर से वारंटी अवुरी दावा के प्रक्रिया में देरी के चलते ग्राहक के नाराजगी के सामना करे के पड़ेला, जवन कि उनुका खातीर एगो अवुरी अतिरिक्त बोझ बन गईल बा। कंपनी के सामने आ रहल समस्या के चलते खुदरा विक्रेता आपन इनवेंटरी क्लियर नईखन कs पावत अवुरी बिक्री में घाटा होखता। यूजर अमेजन इंडिया से वनप्लस स्मार्टफोन अवुरी बाकी उत्पाद ऑनलाइन खरीद सकतारे।","पिछला कुछ दिन से भारत में वनप्लस स्मार्टफोन के बिक्री बंद होखे के खबर आ रहल बा। रिपोर्ट में कहल गइल बा कि 1 मई 2024 से मोबाइल रिटेल चेन वनप्लस के उत्पाद के बिक्री रोक देवे के फैसला कईले बिया। साउथ इंडियन ऑर्गेनाइज्ड रिटेलर्स एसोसिएशन (ओआरए) के चिट्ठी के बाद कंपनी के बयान आइल बा कि ऊ खुदरा विक्रेता के संगे मिल के समस्या के समाधान खोजे के कोशिश करत बिया। हालांकि, कंपनी के ओर से ई साफ नइखे कहल गइल कि ऑफलाइन बिक्री आज से बंद होई कि ना। ग्राहक के नाराजगी आ बिक्री में घाटा के चलते खुदरा विक्रेता के दिक्कत हो रहल बा।",आज से पूरा भारत में बंद हो जाई OnePlus स्मार्टफोन के बिक्री? जानीं कंपनी का कहलस,Negative,sadness,". ** ** वनप्लूस के मोबाइल, टॅबलेट आ पहिरले जावले सामान के बेचने के बारे में भारत में बहस चल रहल बा। साउद इंडियन् ऑर्जेनाइज़्ड रीटेलर्स असोसिएसन (ओ.आर.ए.) के कहने पर, 1 मे २०२४ (आज) से खुदरा दुकानदार ओह सामान ना बेचेंगे। ओआरए के कहल बा की पिछले साल से वनप्‍लस के साथ काम करने में बहुत सारे मुश्किलें आइली, जवन अब तक हल नही भइली। ओह मुश्किले में वॉरंटी आ दावा प्रक्रिया की देरी आ ग्राहक की नाराज़गी शामिल बा। वनपलस कंपनी ने कहा की ओह खुदरा व्याप"
db8309a5accc3f52,"सेंट्रल डेस्क। इंडोनेशिया में एगो बहुते भयानक सड़क हादसा भइल बा, जवना मे 16 लाेगन के जान चल गइल बा। ई हादसा स्थानीय समय के मोताबिक सोमार के आधा रात भइल, जब 34 सवारियन के लेके जा रहल एगो बस कंक्रीट के बैरियर से टकरा गइल। टक्कर एतना तेज रहे कि बस पलट गइल आ कइयन गो लोग बुरा तरे घायल हो गइल। नेशनल सर्च आ राहत एजेंसी के प्रमुख बुडियोनो बतवलें कि बस ड्राइवर के बस पs से नियंत्रण छूट गइल रहे, एह चलते बस सीधे कंक्रीट के बैरियर से जा टकराइल आ पलट गइल। हादसा के बाद मौका पs अफरातफरी मच गइल। पुलिस के मोताबिक, हादसा के शिकार बस राजधानी जकार्ता से प्राचीन शाही शहर योग्यकार्ता जात रहे। टक्कर के बाद कइयन गो यात्री बस से बाहर जा गिरल लोग तs कुछ लोग बस के बॉडी में फंस गइल। बुडियोनो बतवलें कि तेज झटका से कइयन गो सवारी सड़क पs गिर पड़ल लाेग। हादसा के करीब 40 मिनट बाद पुलिस आ बचाव दल मौका पs पहुंचल। घटनास्थल से छव गो यात्रियन के शव बरामद भइल। बाकी 10 लोगन के हालत बहुते नाजुक रहे, जेकर मौत अस्पताल ले जात घरी भा इलाज के दौरान हो गइल। एह हादसा में कुल 18 लोग घायल भइल बा। एमे से पांच के हालत बहुते गंभीर बतावल जा रहल बा, जबकि 13 आउर लोगन के गंभीर चोट लागल बा। मीडिया रिपोर्ट में देखावल गइल कि पियर रंग के बस सड़क किनारे पलटल हालत में पड़न रहे, जवन पुलिस, रेस्क्यू कर्मी आ राहगीर लोगन से घिरल रहे। एम्बुलेंस लगातार घायलन आ मृतकन के अस्पताल ले जाये में लागल रहे। प्रशासन हादसा के कारणन के जांच में जुटल बा।","इंडोनेशिया में एगो भयानक सड़क हादसा भइल बा, जवना में 16 लोगन के जान चल गइल बा। ई हादसा सोमार के आधा रात भइल, जब 34 सवारियन के लेके जा रहल एगो बस कंक्रीट के बैरियर से टकरा गइल। बस ड्राइवर के नियंत्रण छूट गइल रहे, आ बस पलट गइल। हादसा के बाद 18 लोग घायल भइल, जिनमें से पांच के हालत गंभीर बा। प्रशासन हादसा के कारणन के जांच में जुटल बा।","Indonesia Bus Accident : इंडोनेशिया में भीषण सड़क हादसा, कंक्रीट के बैरियर से टकराइल बस; 16 लोगन के मौत",Negative,sadness,"आ जल्द ही कार्रवाई करे के बा। इंडोणेशिया में एक भयंकर सड़क दुर्घटना घटी, जहाँ १६ लोगों की जान चली गयी। यह दुर्भाग्यपूर्ण घटना सोमवार की आधी रात को हुई, जब एक बस, जो ३४ यात्रियों को ले जा रही थी, एक कंक्रिट बार्‍यायर से टक्‍कर मार गई। बस इतनी तेज गति से ट‍कराई कि वह उलट गई और कई लोगों को बुरी तरह से चोटें लगीं। राष्ट्रीय खोज और बचाव एजेंसियों के प्रमुख बूढ़ियोनो ने बताया कि बस चालक को बस पर नियत्रण खो गया था, जिसके कारण बस सीधा कंक्‍रिट ब्‍यारीयर से जाकर टक‍रा गई और पल"
dd4555a137724cb8,"व्हाट्सएप आ टेलीग्राम जइसन ओटीटी प्लेटफार्मन पर बढ़त फर्जी कॉल पर लगाम लगावे खातिर सरकार बड़हन तइयारी कइले बिया. इलेक्ट्रॉनिक्स आ सूचना प्रौद्योगिकी मंत्रालय एकरा खातिर एगो व्यापक अभियान चलावे के फैसला कइले बा. एकरा खातिर सरकार हालही में स्केट धारकन से बइठक कइले बिया. आजकल घोटालाबाज व्हाट्सएप, टेलीग्राम जईसन ओटीटी प्लेटफॉर्म के मदद से लोग के धोखा देतारे, जवना के लेके सरकार इs बड़ कदम उठवले बिया। व्हाट्सएप, टेलीग्राम जईसन ऐप इंटरनेट के माध्यम से चलावल जाला। एह प्लेटफार्मन पर आवे वाला कॉल आ मैसेज के दूरसंचार कंपनी नियंत्रित ना कर सके. अयीसना में घोटालाबाज एs प्लेटफार्म के माध्यम से लोग के फर्जी कॉल अवुरी मैसेज के निशाना बनावे के फैसला कईले बाड़े। हाल ही में सरकार दूरसंचार नियामक ट्राई के साथे अउरी नियामकन के साथे एगो संयुक्त समिति बनवले बिया जवन ओटीटी आ आरसीएस के माध्यम से होखे वाला घोटाला के रोके के काम करी। पिछला साल अगस्त में दूरसंचार नियामक ट्राई दूरसंचार उपयोगकर्ता के सेवा के गुणवत्ता में सुधार खातिर कड़ा दिशानिर्देश जारी कइले रहुवे. इनहन में बिना माँगल वाणिज्यिक संचार (यूसीसी) खातिर एगो नियामक रूपरेखा तइयार कइल गइल बा। हालांकि ओटीटी खिलाड़ी एहमें शामिल नइखन. टीसीसीसीपीआर के नया नियमन के तहत यूजर के स्पैम कॉल के रिपोर्ट कईल आसान हो गईल बा। एतने ना, यूजर अपना फोन प आवे वाला फर्जी कॉल के आसानी से पहचान क सकतारे। एकरा खातिर दूरसंचार संचालक नेटवर्क स्तर प एआई आधारित फिल्टर भी लगवले बाड़े, जवना से बिना निर्धारित संदेश हेडर के आवे वाला व्यावसायिक संचार के रोकल जाई। सरकारी आंकड़ा के मुताबिक, नाया नियमावली के बाद 90 प्रतिशत तक के फर्जी कॉल अवुरी मैसेज खुद नेटवर्क स्तर पs बंद हो जाला।","सरकार व्हाट्सएप आ टेलीग्राम जइसन ओटीटी प्लेटफार्मन पर फर्जी कॉल पर लगाम लगावे खातिर बड़हन तइयारी कइले बिया। इलेक्ट्रॉनिक्स आ सूचना प्रौद्योगिकी मंत्रालय एकरा खातिर एगो व्यापक अभियान चलावे के फैसला कइले बा। हाल ही में सरकार दूरसंचार नियामक ट्राई के साथे एगो संयुक्त समिति बनवले बिया, जवन ओटीटी आ आरसीएस के माध्यम से होखे वाला घोटाला के रोके के काम करी। नया नियमन के तहत यूजर के स्पैम कॉल के रिपोर्ट कईल आसान हो गईल बा आ 90 प्रतिशत तक के फर्जी कॉल खुद नेटवर्क स्तर प बंद हो जाला।","WhatsApp, Telegram पs नाहीं आई फर्जी कॉल्स आ मैसेज, सरकार कइलस बड़ तैयारी",Positive,neutral,"ल जा सके। सरकार फर्ज कॉल से निपटने के लिए बड़हन तयारी कर रही बा। गवर्नमेंट घोटालेबाज लोगन द्वारा व्हॉट्सऐप, टेलिग्राम जैसन ऑनलाइन प्लॅटफॉर्म्स के इस्तेमाल से हो रहे धोखे से निजात पाने के लिये बड़ी तैयारी करे रहे बा। इलेकट्रोनिक्स एंड इन्फॉरमेशन टेक्नोलॉजी मिनिस्ट्री एगो बड़ा अभ्यासन चलाने के बारे में सोच रहे बा, जहाँ स्मार्टफोन धारकों के साथ बैठक भी हो चुकी बा। सरकार के मुताबिक, घोटालू लोग इन प्लैटफार्म्स का इस्तेमाल कर के लोगों को धोका दे रहे बा"
f735a3837f62026b,"सेंट्रल डेस्क। गुजरात के भरूच में इस्थित एगो फैक्ट्री में भीषण आग (Gujrat Fire) लाग गइल। आग के सूचना मिलतही दमकल के 15 गाड़ी मवका पs पहुंचली सs। आग पs काबू पाये के पूरा कोसिस कइल जा रहल बा। हालांकि, आग तेजी से फइलत जा रहल बा। आग के लपट आ करिया धुंआ से इलाका में हड़कंप मच गइल बा। एह घटना में कवनो जानमाल के हानि के सूचना नइखे। ई हादसा भरूच के GIDC पानोली इस्थित संघवी ऑर्गेनिक्स प्राइवेट लिमिटेड में भइल। आग धीरे-धीरे एगो बड़ हिस्सा के अपना चपेट में ले लेलस। आग के लपटन से उठत धुंआ के कइयन किलोमीटर दूर से देखल जा सकत बा। एह हादसा में केहू के जान गइला के सूचना नइखे। हालांकि, आग से फैक्ट्री के बहुते नुकसान भइल बा। फायर ब्रिगेड के कर्मचारी आग बुझावे के कोसिस कs रहल बा। आग बुझला के बादे नुकसान के अंदाजा लगावल जा सकी। ओहिजा, आग लगला के वजह अभी सामने नइखे आइल। हालांकि, ई पहिला बेर नइखे जब गुजरात में एतना भीषण आग लागल बा। 2 अप्रैल के बानसकांडा के दीसा में इस्थित पटाखा फैक्ट्री में धमाका होखला से भीषण आग लाग गइल रहे। एह घटना में मध्य प्रदेश के 21 मजदूरन के मौत हो गइल रहे।","गुजरात के भरूच में एगो फैक्ट्री में भीषण आग लाग गइल बा। दमकल के 15 गाड़ी मवका पs पहुंचके आग पs काबू पावे के कोसिस क रहल बाड़ी स। आग तेजी से फइलत जा रहल बा आ धुंआ के कइयन किलोमीटर दूर से देखल जा सकत बा। घटना में कवनो जानमाल के हानि के सूचना नइखे, लेकिन फैक्ट्री के बहुते नुकसान भइल बा। आग लगला के वजह अभी पता नइखे चलल।","Gujrat Fire : गुजरात के फैक्ट्री में लागल भीषण आग, दमकल के 15 गाड़ी मवका पs पहुंचली सs",Negative,neutral,भरूच क जिले के एक फैक्टरी में भयानक आग लगी। आग के खबर मिलत ही दमकल के १५ गाड़ी मौके पर पहुँचल। हालाँकि आग बहुत तेज़ी से फैल रही बा। धुआँ इलाके में फैलल बा आ लोगों में डर मचलल। इस हादसे में अभी तक किसी की जान नही गइली। फैक्टरी के बहुत बड़े हिस्से को आग ने नष्ट कर डाला। फायर फोर्स लगातार कोशिश कर रही बा आग को बुझाने के लिए। आग लगने का कारण अभी तक पता नही चलल।
9313eb35843491d4,"टेक्नोलॉजी डेस्क। वनप्लस हाले में आपन एगो कॉम्पैक्ट फ्लैगशिप OnePlus 13s पेश कइलस, जवना के बाद अब कंपनी मिड-रेंज सेगमेंट में दुगो नया फोन लॉन्च करे जात बिया। कंपनी आज भारत में दुगो नया डिवाइस नॉर्ड 5 आ नॉर्ड सीई 5 के पेश करी। फोन के लॉन्च इवेंट 2:00 बजे लाइव कइल जाई। एह इवेंट के कंपनी के YouTube चैनल पऽ स्ट्रीम कइल जाई। स्मार्टफोन के संगे-संगे कंपनी एह इवेंट में नया स्मार्टवॉच, एगो टैबलेट आ नया TWS ईयरबड्स पेश कs सकेले। चलीं वनप्लस के एह दुनो अपकमिंग डिवाइस के बारे में विस्तार से जानल जाव। नॉर्ड 5 में अबकी बेर 7,000mAh के बड़हन बैटरी देखे के मिली, जवन यूजर्स के बहुत जादे पसंद आई, जे पूरा दिन काम, मनोरंजन आ गेमिंग खातिर अपना डिवाइस पऽ बहुते डिपेंड रहेला। संगही डिवाइस में 100W वायर्ड फास्ट चार्जिंग के सपोर्ट मिल सकेला, जवन एकरा के सेगमेंट में सबसे फास्ट चार्जिंग वाला डिवाइस में से एगो बना दी। नॉर्ड 5 में क्वालकॉम के स्नैपड्रैगन 8s जेन 3 चिप देखे के मिली। रिपोर्ट्स से पता चलल कि फोन में एगो फ्लैट OLED पैनल होई जवन 120Hz रिफ्रेश रेट ऑफर करी। स्क्रीन के साइज 6.74 इंच हो सकेला। डिजाइन के ममिला में डिवाइस पिछिला मॉडल के डुअल-टोन बैक से हट के एगो क्लीन लुक ऑफर करी। डिवाइस में वर्टिकल पिल-शेप्ड कैमरा मिली। कैमरा के ममिला में फोन बहुते सानदार होखे वाला बा। जेमे 50-मेगापिक्सल के प्राइमरी रियर कैमरा, 8-मेगापिक्सल के अल्ट्रा-वाइड आ 16-मेगापिक्सल के फ्रंट कैमरा मिल सकेला । Nord CE 5 ढेर किफायती ऑप्शन होखे वाला बा, जेमे 120Hz रिफ्रेश रेट के संगे 6.7-इंच OLED डिस्प्ले मिली। डिवाइस में पावरफुल MediaTek Dimensity 8350 चिपसेट देखे के मिल सकेला, जवना के संगे 8GB RAM आ 256GB स्टोरेज मिली। संगही ई फोन 7,100mAh क बड़हन बैटरी ऑफर करी। जेमे 80W तक के फास्ट चार्जिंग देखे के मिल सकेला। एह डिवाइस में सानदार 50-मेगापिक्सल के प्राइमरी आ 8-मेगापिक्सल के अल्ट्रा-वाइड कैमरा मिल सकेला। जबकि सेल्फी आ वीडियो कॉल खातिर डिवाइस में 16-मेगापिक्सल के फ्रंट कैमरा हो सकेला।","वनप्लस हाले में अपना नया कॉम्पैक्ट फ्लैगशिप OnePlus 13s के बाद मिड-रेंज सेगमेंट में दुगो नया फोन, नॉर्ड 5 आ नॉर्ड सीई 5, लॉन्च करे जा रहल बा। ई फोन के लॉन्च इवेंट आज 2:00 बजे कंपनी के YouTube चैनल पऽ लाइव होई। नॉर्ड 5 में 7,000mAh के बैटरी आ 100W वायर्ड फास्ट चार्जिंग के सपोर्ट होई, जबकि नॉर्ड CE 5 में 7,100mAh के बैटरी आ 80W फास्ट चार्जिंग के सुविधा होई। दुनो डिवाइस में बेहतरीन कैमरा सेटअप आ पावरफुल चिपसेट होई।","OnePlus आज लॉन्च करी 7,000mAh बैटरी वाला दुगो दमदार 5G फोन, मिली 100W फास्ट चार्जिंग",Positive,joy,"िखल के टेलीफोटो कैमरे के साथ आइला। नॉर्ड CE 5 भी एगो बेहतरीन फोन होई जात बा। ओकर में 6,7-इंच के फुल एचडी+ डिस्प्ले होई, जहाँ पर 90Hz रिजॉल्यूशन होई। फोन में 5G कनेक्टिविटी के साथ 8GB रैम आ 256GB स्टोरेज मिलेला। वनपलस कंपनी ने भारत में दोनो नया फोन्स, नोर्ड ५ आ नोर्ड़ सीई ५, आज दोपहर २ बजे पेश करेला। नोर्ड ५ में ७,०००mAh बड़हन बॅटरी आ १००W वायरलेस चार्जरिंग होला। ओह में स्नॅपड्रेग"
69b293c77593d2a3,"कुछ महीना बाद बिहार में विधानसभा चुनाव होखे जा रहल बा आ चुनाव के तइयारी पूरा जोर शोर से शुरू हो गइल बा. एs चुनाव में बहुत खास बात होई बाकिर सबसे खास बात इs होई कि अबकी बेर नाया ईवीएम के इस्तेमाल कs के वोट दिहल जाई। एकरा खातिर बिहार के बहुत जिला में जल्दिए ईवीएम मशीन मिले जा रहल बा। अब बिहार में चुनाव करावे खातिर कर्मी के सत्यापन हो रहल बा आ जिल्ला चुनाव कार्यालय से कर्मी के सूची सगरी विभागन के भेज दिहल गइल बा. चुनाव कार्यालय से सभके सत्यापन कईला के बाद रिपोर्ट देवे के कहल गईल बा। एम-3 ईवीएम एगो नवीनतम तकनीक से लैस ईवीएम हs अवुरी बिहार चुनाव के देखत 21 मई तक इs उपलब्ध होखे के संभावना बा। एकरा बाद 25 मई से पहिला स्तर के जांच शुरू हो जाई। करीब एक महीना ले 25 इंजीनियर एक संगे काम करीहे। रउरा एह ईवीएम के विशेषता जान के भी खुश होखब अवुरी उs इs कि जदी एकरा से छेड़छाड़ कईल गईल चाहे एक पेंच ले खोलल गईल तs इs निष्क्रिय हो जाई। अब आवे वाला विधानसभा चुनाव में इहे ईवीएम के इस्तेमाल होई। चुनाव कार्यालय से रिपोर्ट मिलला के बाद चुनाव के दौरान ही चुनाव कर्मी के तैनाती कईल जा सकता। जिला निर्वाचन कार्यालय इहो पूछले बा कि चुनाव के काम में भाग लेबे वाला कार्यकर्ता फिलहाल कहाँ तैनात बाड़े, चाहे उ काम करत बाड़े कि सेवानिवृत्त बाड़े। एकरा संगे इहो पूछल गईल बा कि का उनुका स्वास्थ्य से जुड़ल कवनो समस्या बा। एह तरह से कर्मी के लेके कई तरह के रिपोर्ट मांगल गईल बा। एह तरह से अब चुनाव के तइयारी शुरू हो गइल बा.","कुछ महीना बाद बिहार में विधानसभा चुनाव होखे जा रहल बा आ चुनाव के तइयारी जोर शोर से शुरू हो गइल बा। अबकी बेर नाया ईवीएम के इस्तेमाल कs के वोट दिहल जाई, जेकरा खातिर बहुत जिला में ईवीएम मशीन जल्दिए मिले जा रहल बा। चुनाव कार्यालय से कर्मी के सत्यापन हो रहल बा आ रिपोर्ट भेजल गइल बा। एम-3 ईवीएम के विशेषता इ बा कि जदी एकरा से छेड़छाड़ कईल गईल तs इ निष्क्रिय हो जाई। चुनाव के तइयारी के तहत कर्मी के स्वास्थ्य आ तैनाती के जानकारी भी मांगल गइल बा।","बिहार विधानसभा चुनाव में होई एह स्पेशल EVM के इस्तेमाल, खासियत जान के कहब-अरे वाह!",Positive,joy,"बिहार में कुछ महिना बाद ही विधान सभा चनाव होत बा। एह चनाव में पहिली बेर नया इवीएम इस्तेमाल होत रहे। बिहार के बहुतेरे जिलों में इईवीएम मशीन पहुँच चुकी बा। चयन कार्यालय में कर्मियों का सत्यापन चल रहा बा आ उनका सूची सब विभागों में भेजे जा चुके बा। एम-3 इवीएम एक नई तकनीकी से लस बा आ एकरा में छेड़छाड़ होने पर इट बंद हो जाए। 25 मे से पहिलो स्तर की जाँच शुरू हो जाएगी। चुनाव कार्यकर्ताओं के बारे में भी जानकारी इकट्ठा की जा रही बा, जैसे की उनका वर्तमान कार्यस्थल, स्वास्थ्य स्थिति आदि।"
79a31a4f20a1ceab,"(जेकर नाम चू, चे, चो, ला, ली, लू,ले,लो,अ से सुरू होला) आज नया विचारन से मन खुस रही। कवनो रुकल काम के करे के योजना बनी। काम के पूरा करे खातिर कवनो प्रभावशाली व्यक्ति के संपर्क में आयेम। विद्यार्थियन खातिर आज के दिन अच्छा रहे वाला बा, पढ़ाई में सफलता प्राप्त होई। हनुमान जी के पूजा कइला से मनोकामना पूरा होई। (जेकर नाम से इ,उ,ए, ओ,वा ,वी ,वू ,वे,वो से सुरू होला) आज के दिन जातक खातिर खुशनुमा रही। वैवाहिक जिनगी में प्रेम, आदर आ स्नेह बढ़ी, संगही मानसिक चिंता रही। भाग मजबूत रही बाकिर माई-बाबूजी के स्वास्थ के नजरअंदाज मत करीं। काम के सिलसिला में नतीजा बेहतर रही। (जेकर नाम का,की,कु,घ,ड़,छ, के, को,हा से सुरू होला) आज के दिन आर्थिक रूप से मजबूत रही आ स्वास्थ बेहतर रही। घर के बड़ लोगन के गोड़ छूके आशीर्वाद लीं, कामन के पूरा करे में आ रहल समस्यन के समाधान मिली, बिजनेस में सफलता के जोग बा। जातक के सतर्क आ सावधान रहे के चाहीं, कवनो अपने आदमी धोखा दे सकत बा। धन खर्च जादा होखला से आर्थिक परेसानी के अनुभव करेम, कर्जा लेवे के पड़ सकत बा। काम पs जाये के मन ना होई, आलस हावी रही। दुष्टजन हानि पहुंचा सकत बा। (जेकर नाम मा,मी,मू,मे,मो,टा,टी, टू,टे से सुरू होला) दांपत्य जिनगी आज खुशनुमा रहे वाला बा। काम के सिलसिला में बढ़िया नतीजा मिली। भाग्य प्रबल होई, कवनो रुकल काम होखे के सम्भावना बा। वैवाहिक जीवन में नीरस्ता महसूस करेम, समय ना देला के कारण विवाद हो सकत बा, उचित होई कि एक दूसरा से बात करत घरी समय संयम रखीं। स्वास्थ के लेकर लापरवाही मत बरती। महामृत्युंजय मंत्र का २१ बार जप करीं, मानसिक इस्थिति मजबूत होई। (जेकर नाम रा,री,रु,रे,रो,ता,ती,तू,ते से सुरू होला) आज अपना भविष्य के लेके चिन्तित रहेम। डर के भ्रम महसूस कs सकत बानी। परिवारिक सम्बंधित ममिलन में चतुराई से निपटला के जरूरत बा। सम्पति निवेश रउआ के उमेद के मोतबिक लाभ ना दिला पाई। कवनो कठिन पेशवर इस्थिति में रास्ता निकाले में कामयाब रहेम। वाणी पs नियंत्रण रखीं। (जेकर नाम तो,ना, नी,नू,ने,नो,या,यी,यूं से सुरू होला) आज के दिन जातक ला लाभदायक रहे वाला बा। रउआ नौकरी में प्रशंसा आ पदोन्नति दुनो मिल सकत बा। विरोधियन पs रउआ भारी पड़ेम। सेहत मजबूत रही, जवना से लाना में सफलता मिलला के संभावना बढ़ जाई। आज कवनो पुरान कानूनी विवाद सुलझ सकत बा। जीवनसाथी से कवनो शुभ समाचार मिलला से पूरा दिन मन प्रसन्न रही। सफलता प्रप्ति खातिर आज घर पs सत्यनारायण भगवान जी के पूजा करीं आ ॐ नमोः भग्वते वसुदेवाय् नमः मंत्र के जाप करीं। (जेकर नाम भो,जा, जी,खी,खू,खे,खो,गा,गी से सुरू होला) आज जातक के मन उदास रही, वाहन चलावत घरी सावधानी बरती। दूसरन पs अतिविश्वास मत करीं। प्रेम-प्रसंग में अनुकूलता रही। शिवजी पs दूध से अभिषेक करीं। (जेकर नाम गू, गे,गो,सा,सी,सू, से,सो,दा से सुरू होला) आज प्रेमी जोड़ा खातिर दिन अच्छा रहे वाला बा। नया योजना बनाएम। लोग रउआ से प्रभावित होई। जे लोग बियहल बा, ओकरा जिनगी में सुख बढ़ी आ जीवनसाथी के माध्यम से लाभ के जोग बनी। धार्मिक कामन में बाझल रहेम। घर पs अलग- अलग पकवानन के आनंद उठाएम। आज रउआ कवनो नया काम सुरू करे के योजना बनायेम। रउआ ओह विषय से जुड़ल लोगन से संपर्क करेमे। आज रुकल कामन में सफलता मिली।","आज के दिन जातक खातिर नया विचार आ योजना बनावे के समय बा। विद्यार्थियन के पढ़ाई में सफलता मिली आ हनुमान जी के पूजा से मनोकामना पूरा होई। दांपत्य जीवन में प्रेम आ आदर बढ़ी, लेकिन स्वास्थ्य के ध्यान रखे के जरूरत बा। आर्थिक स्थिति मजबूत रही, लेकिन खर्च पर ध्यान देवे के चाहीं। प्रेमी जोड़ा खातिर दिन अच्छा रही आ नया काम शुरू करे के योजना बनावल जाई।",27 नवंबर 2025 के राशिफल,Positive,joy,"ूती के लिए। आज के दिन मन खुश रहल बा। नया काम के योजना बनल बा, आ प्रभावी लोगन से संपर्क करे के प्लान बा। विद्यार्थी के लिए सफल दिन रहेला। हनूमान जी की पूजा से मनोरंजन पूरा होइल। जातक के लिए आज खुशियों से भरा दिन रहेल। वैवाहिक जिंदगी में प्यार, सम्मान आ स्‍नेह बढ़ेला। मनोवैज्ञानिक तौर पर थोड़ा चिंतित रहल। काम में बेहतरीन परिणाम मिले, पर माता-पिता का स्वास्थ्य पर ध्यान देना न भूले। आर्थिक और शारीरिक रूप से बेहतर दिन रहे। बड़ों के आशीष प्राप्त करल, काम के समस्या का"
ccf26a04333d3ed8,उत्तर मध्य मैक्सिको में सड़क के किनारे एगो दुकान के लगे बंदूकधारी ग्राहकन आ राहगीरन पs गोलीबारी कइला से आठ लोग के मउत हो गइल आ दू लोग घवाहिल हो गइल. अधिकारी एs घटना के बारे में जानकारी देले बाड़े। गोलीबारी अपेसियो एल ग्रांडे शहर में भइल बा. एह प्रांत में गिरोह के बीच गोलीबारी के घटना सामने आवत रहेला। गोलीबारी में एगो आदमी अवुरी एगो महिला भी घाही हो गईल लोग। घायल लोग के हालत के बारे में फिलहाल कवनो जानकारी उपलब्ध नईखे। एगो स्वास्थ्यकर्मी के मउत हो गईलस्थानीय मीडिया रिपोर्ट के मुताबिक फायरिंग में एगो स्वास्थ्यकर्मी के भी मउत हो गईल बा। हालांकि मीडिया एह बात के पुष्टि नइखे कइले कि स्वास्थ्यकर्मी एह हमला में मरे वालन में से एगो हs कि ना. सोशल मीडिया पs फैलल एगो वीडियो में दोकान के बहरी खड़ा मोटरसाइकिल के बीच माथा पs चोट के निशान वाला आदमी के शव देखाई देता।,"उत्तर मध्य मैक्सिको में एगो दुकान के लगे गोलीबारी में आठ लोग के मउत हो गइल आ दू लोग घवाहिल हो गइल। ई घटना अपेसियो एल ग्रांडे शहर में भइल बा, जहाँ गिरोह के बीच गोलीबारी के मामला आम बा। गोलीबारी में एगो आदमी आ एगो महिला भी घवाहिल भइल लोग। स्थानीय मीडिया के रिपोर्ट के अनुसार, एगो स्वास्थ्यकर्मी के भी मउत हो गइल बा, लेकिन एह बात के पुष्टि नइखे भइल कि ऊ मरे वालन में से हउवें कि ना। सोशल मीडिया पर एगो वीडियो में मोटरसाइकिल के बीच चोट के निशान वाला आदमी के शव देखाई देत बा।","मेक्सिको में बंदूकधारी कुल बरसवले अंधाधुंध गोली, 8 लोगन के मउत",Negative,sadness,"उत्तर मध्‍य मैक्‍सिको के एगो शहर, एल ग्‍रान्‍डे में सड़क के पास एक दुकां के सामने गोलीवारी भइली। इस गोलीबार में आठ लोगों के मृत्यु हो गई आ दो लोग घायलों के रूप में अस्पताल ले जाइल गइले। गोलीबार के बाद एक महिला और एक आदमी घायिल हो गए। घायलों की हालत बारे में अभी तक कोई जानकारी नहीं मिल पाई है। एक स्थानीय अखबार के अनुसार, गोलीमार में एक डॉक्टर भी मारा गया है, लेकिन यह स्पष्ट नहीं है कि वो मारे गए लोगों में से एक है या नहीं। सोशल मिडिया पर एक वीडियो में एक मोटारसाइकल के बीच दुकन के बाहर एक व्यक्ति का शव दिखाई दे रहा है जिसके"
e859916077504dd3,"स्पोर्ट्स डेस्क। आईसीसी विश्व टेस्ट चैंपियनशिप फाइनल 2025 के तारीख अब निचिका आ गइल बा, फैंस के मन में एह मैच के लेके उत्सुकता आउर बढ़त जा रहल बा। 11 जून से लॉर्ड्स के मैदान में खेलल जाये वाला एह फाइनल के इनामी राशि के खुलासा आईसीसी मई में कइले रहे। आईसीसी विजेता टीम खातिर जवन राशि तय कइले रहे, ऊ पिछला संस्कण से दोगुना बा। अबकी बेर विजेता टीम के बंपर पईसा मिली आ आईपीएल विजेता से जादे मिली। एह साल विजेता टीम के 3.6 मिलियन यूएस डॉलर माने 30.81 करोड़ रुपिया मिली। ओहिजा, ऑस्ट्रेलिया जब 2023 में फाइनल जीतले रहे तs ओकरा 1.6 मिलियन डॉलर माने 13.69 करोड़ रुपिया मिलल रहे। फाइनल में हारे वाली टीम यानी रनर अप के 2.1 मिलियन अमेरिकी डॉलर (17.96 करोड़ रुपिया) मिली, जवन कि पिछला दु बेर के विजेता राशि से कहीं जादे बा। ओहिजा, पिछला दु संस्करण के उपविजेता के 800,000 अमेरिकी डॉलर माने 6.84 करोड़ रुपिया मिलल रहे। आईसीसी अपना बयान में कहलस, ‘पुरस्कार राशि में बढ़न्ती टेस्ट क्रिकेट के प्राथमिकता देवे के आईसीसी के प्रयासन के दरसावत बा, काहेकि ई नव टीमन के प्रतियोगिता के पहिला तीन चक्रन के गति के बना के रखी।’ एह डब्ल्यूटीसी चक्र में दक्षिण अफ्रीका श्रीलंका आ पाकिस्तान पs 2-0 के घरेलू सीरीज जीत के संगे 69.44 प्रतिशत अंकन के संगे शीर्ष स्थान हासिल कइलस। गत चैंपियन ऑस्ट्रेलिया 67.54 अंक प्रतिशत हासिल कइलस, जबकि भारत अधिकांश समय तालिका में शीर्ष स्थान हासिल कइला के बाद 50.00 अंक प्रतिशत हासिल कइलस। ऑस्ट्रेलियाई कप्तान पैट कमिंस कहलें, ‘हमनी के विश्व टेस्ट चैंपियनशिप के बचाव करे के अवसर पाके बहुत गरब बा। खास कs के लॉर्ड्स में खेलल ऐतिहासिक होई। ई पिछला दु बरिसन में हमनी के सब खिलाड़ियन के मेहनत बा, जे फाइनल में पहुंचे में मदद कइलस। ई हमनी खातिर सम्मान के बात बा।’ दक्षिण अफ्रीकी कप्तान तेम्बा बावुमा कहलें, ‘हर केहू टेस्ट क्रिकेट के महत्व के समझत बा आ विश्व टेस्ट चैंपियनशिप खेल के एह महत्वपूर्ण प्रारूप के संदर्भ प्रदान करत बा। ऊ कहलें, ‘लॉर्ड्स एह मेगा फिक्सचर खातिर एगो उपयुक्त स्थान बा हमनी सब खिलाड़ी ऑस्ट्रेलिया के खिलाफ आपन सर्वश्रेष्ठ देवे के कोसिस करेम सs।’","आईसीसी विश्व टेस्ट चैंपियनशिप फाइनल 2025 के तारीख 11 जून के लॉर्ड्स में खेलल जाई। विजेता टीम के इनामी राशि 3.6 मिलियन यूएस डॉलर, जवन कि पिछला संस्करण से दोगुना बा। रनर अप के 2.1 मिलियन अमेरिकी डॉलर मिली। ऑस्ट्रेलिया के कप्तान पैट कमिंस आ दक्षिण अफ्रीका के कप्तान तेम्बा बावुमा दुनो अपना-अपना टीम के महत्व बतवले बाड़ें।","WTC Final Prize Money: विश्व टेस्ट चैंपियनशिप के विजेता पs होई पईसन के बरखा, IPL विजेता से जादे बा इनाम",Positive,joy,", ‘हमारा लक्ष्य टेस्ट मैच जीतना बा, न कि पैसे कमाना।’ **सारंश:** आईसीसी वर्ल्ड टेस्ट कप फाइनल २०२५ दिनांक ११ जून को लॉर्ड़्स मैदान पर खेला जावे वाला बा। इस बार फाइनल्स के इनाम राशि पिछले संस्करण से दो गुना बढ़ा के ३०.८१ करोड़ रुपया रखल गेल बा। विजयी टीम को ३.६ मिलियन अमरीकी डालर मिलेगा, जबकि रनर्स-अप को २.१ मिलियन डालर मिलल। आई.सी.सी ने बताया की यह राशि बढ़ाने का उद्देश्य टेस्ट क्रीकट को प्रोत्साहित करना बा। वर्तमान चक्र के अंकतालिका के अनुसार, दक्ष"
b7b02a9e6f2f30df,"स्पोर्ट्स डेस्क। भारतीय महिला वेटलिफ्टर मीराबाई चानू वर्ल्ड वेटलिफ्टिंग चैंपियनशिप के 48 किलो वर्ग में देस खातिर सिल्वर मेडल जीत लेले बाड़ी। ई मीराबाई के एह प्रतिष्ठित प्रतियोगिता में तीसरका मेडल हs। साल 2017 में गोल्ड जीत चुकल चानू, अब दूसरा बेर सिल्वर अपना नामे कइली। उत्तर कोरिया के री सोंग-गम कुल 213 किलो (91 किलो + 122 किलो) भार उठाके गोल्ड मेडल जीतली। ऊ क्लीन एंड जर्क में नया वर्ल्ड रिकॉर्ड बनवली। थाईलैंड के थान्याथोन सुकचातरोएन 198 किलो (88 किलो स्नैच + 110 किलो क्लीन एंड जर्क) उठाके ब्रॉन्ज मेडल अपना नामे कइली। ओलंपिक पदक विजेता मीराबाई चानू अगस्त 2024 में कॉमनवेल्थ वेटलिफ्टिंग चैंपियनशिप में गोल्ड जीत चुकल बाड़ी। एह प्रतियोगिता में चानू कुल 199 किलो (84 किलो स्नैच + 115 किलो क्लीन एंड जर्क) उठवली। हालांकि, 87 किलो स्नैच में दू बेर उनकर प्रयास असफल भइल, बाकिर क्लीन एंड जर्क में उनकर तीनो प्रयास सफल रहल। 109 किलो से सुरू कs के, चानू 112 किलो आ फेर 115 किलो उठवली। 31 बरिस के मीराबाई 2017 में अमेरिका के अनाहेम में वर्ल्ड वेटलिफ्टिंग चैंपियनशिप में 48 किलो वर्ग में गोल्ड जितले रहली। 2022 में बोगोटा में ऊ 49 किलो वर्ग में सिल्वर मेडल अपना नामे कइली। 11 अक्टूबर तक चले वाला ई चैंपियनशिप, कॉमनवेल्थ गेम्स 2026 खातिर क्वालिफाइंग स्पर्धा बा। भारत से 14 सदस्यीय टीम भेजल गइल बा। महिला वर्ग में मीराबाई चानू के अलावे कोयल बार (53 किलो), बिंद्यारानी देवी (58 किलो), निरुपमा देवी (63 किलो), हरजिंदर कौर (69 किलो), वंशिता वर्मा (86 किलो), महक शर्मा (86 किलो+ वर्ग) सामिल बा लोग। पुरुष वर्ग में कॉमनवेल्थ गेम्स ब्रॉन्ज मेडलिस्ट लवप्रीत सिंह भारत के नेतृत्व कs रहल बाड़ें।","भारतीय महिला वेटलिफ्टर मीराबाई चानू वर्ल्ड वेटलिफ्टिंग चैंपियनशिप के 48 किलो वर्ग में सिल्वर मेडल जीत लेले बाड़ी। ई उनकर तीसरा मेडल हs, पहिले 2017 में गोल्ड जीत चुकल रहली। उत्तर कोरिया के री सोंग-गम गोल्ड मेडल जीतली आ नया वर्ल्ड रिकॉर्ड बनवली। मीराबाई चानू अगिला कॉमनवेल्थ वेटलिफ्टिंग चैंपियनशिप में गोल्ड जीत चुकल बाड़ी। भारत से 14 सदस्यीय टीम भेजल गइल बा, जेमे महिला आ पुरुष दूनो वर्ग के वेटलिफ्टर शामिल बाड़ें।","World Weightlifting Championship : वर्ल्ड वेटलिफ्टिंग चैंपियनशिप में मीराबाई चानू के जलवा, भारत खातिर जीतली सिल्वर मेडल",Positive,joy,"59 किलोग्राम वर्ग) भी भाग ले रही बा। ## मीराबाई चानू ने वर्ल्ड वेटलिफ़्टिंग चैंपियन्सशिप में 48 किलो वर्ग में सिलव्हर मेडल जीतल बाड़ी। उन्होंने कुल 1 99 किल्‍लो (84 किलो स्‍नेच + 11 5 कि लो क्‍लीन एंड जर्क) उठावली। उत्तर कोरिया की री सोंग गम ने गोल्ड जीता हुआ, वहने क्लीन एंड जर्क में नया वर्ल्‍ड रिकॉर्ड ब"
eb5d37ef3bee30d2,"अयोध्या। रामनगरी अयोध्या आज (8 अक्टूबर) एगो आउर ऐतिहासिक पल के गवाह बनी। एह मौका पs केंद्रीय वित्त मंत्री निर्मला सीतारमण आ मुख्यमंत्री योगी आदित्यनाथ एक दिवसीय दौरा पs अयोध्या पहुंची लोग। दूनो नेता इहां टेढ़ी बाजार चौराहा इस्थित बृहस्पति कुंड के भव्य लोकार्पण करी लोग। बृहस्पति कुंड के दक्षिण भारतीय श्रद्धालुअन के आस्था के केंद्र मानल जा रहल बा। इहां दक्षिण भारत के तीन महान संगीतज्ञ संतन के प्रतिमा स्थापित कइल गइल बा। ई प्रतिमा दक्षिण भारत के सांस्कृतिक आ भक्ति परंपरा के समर्पित बा, जवन उत्तर आ दक्षिण भारत के बीच सांस्कृतिक सेतु के प्रतीक मानल जा रहल बा। एही कार्यक्रम के तहत टेढ़ी बाजार चौराहा के नाम बदलके अब निषादराज चौराहा रखल गइल बा। मुख्यमंत्री योगी आदित्यनाथ इहां निषादराज के भव्य प्रतिमा के अनावरण करिहें। एह ऐतिहासिक अवसर पs दूनो नेता राम मंदिर में दर्शन-पूजन करी लोग आ श्रद्धालुअन के संगे आध्यात्मिक अनुष्ठानन में सामिल होई लोग। राम मंदिर परिसर इस्थित यात्री सुविधा केंद्र में विशेष सांस्कृतिक कार्यक्रम आयोजित कइल जाई, जेमे अयोध्या के भक्ति परंपरा आ दक्षिण भारतीय संस्कृति के सुंदर संगम देखे के मिली। पूरा कार्यक्रम के लेके पुलिस आ प्रशासन तइयारी पूरा कs लेले बा। कमिश्नर राजेश कुमार बतवलें कि बियफे के कुंड के सुंदरीकरण काम पूरा हो चुकल बा आ वित्त मंत्री सीतारमण प्रतिमा के उद्घाटन करिहें। ओहिजा, आईजी प्रवीण कुमार कहलें कि वीवीआईपी मूवमेंट के देखत सुरक्षा आ यातायात बेवस्था के सख्त कs दिहल गइल बा ताकि श्रद्धालुअन के कवनो असुविधा के सामना ना करे के पड़े।","अयोध्या में 8 अक्टूबर के केंद्रीय वित्त मंत्री निर्मला सीतारमण आ मुख्यमंत्री योगी आदित्यनाथ एक दिवसीय दौरा पर आइल लोग। दूनो नेता बृहस्पति कुंड के भव्य लोकार्पण कइल लोग, जवन दक्षिण भारतीय श्रद्धालुअन के आस्था के केंद्र बा। एह कार्यक्रम में टेढ़ी बाजार चौराहा के नाम बदलके निषादराज चौराहा रखल गइल आ मुख्यमंत्री निषादराज के प्रतिमा के अनावरण करिहें। राम मंदिर में दर्शन-पूजन के बाद श्रद्धालुअन के संगे आध्यात्मिक अनुष्ठानन में सामिल होई लोग। सुरक्षा आ यातायात बेवस्था के सख्त कइल गइल बा ताकि श्रद्धालुअन के कवनो असुविधा ना होखे।","Ayodhya News: अयोध्या में आज दक्षिण भारतीय संतन के प्रतिमा के अनावरण करिहें CM योगी आ निर्मला सीतारमण, रामनगरी में उत्सव के माहौल",Positive,joy,): केंद्रीय फाइनेंस मिनिस्टर निर्मला सीता रामन आ उत्तर प्रदेश के मुख्यमिनिस्टर योगी अदित्य नाथ अयाद्या आइलन। उन लोगन ने टेढ़ी बजाड़ चौराहे पर भव्य ब्रह्स्‍पति कुन्‍ड के उद्धाटन क‍िया। बृह्‍स्पति क‍ुंड दक्‍खिन भारत के श्रध्‍धालुओं के लिए एक पवित्र स्थल मानल जाला। एह मौके पर दक्खिन भारतीय संगीतकार संतों की प्रतिमाएं भी स्थापित की गइली। टेढ़ी बाज़ार को अब निशाद राज चौराह के नाम से जानल जावेगा। योगी जी ने निशाड़ राज की एक भव्य मूर्ति का अनावरण भी क‍
21d36de5506be53f,"भारत आ आस्ट्रेलिया के बीच खेलल गइल बॉर्डर-गावस्कर ट्रॉफी 5 जनवरी के खतम हो गइल. 5 मैच के एह टेस्ट सीरीज में टीम इंडिया के 1-3 से हार के सामना करे के पड़ल। एह सीरीज के आखिरी टेस्ट मैच सिडनी में भइल जवना के दुसरका दिने जसप्रीत बुमराह कमर में चोट के चलते मैदान से बाहर हो गइलन आ ओकरा बाद ऊ गेंदबाजी ना कs पवले. टीम इंडिया के तिसरका दिन गेंदबाजी में एकर नतीजा भोगे के पड़ल। बुमराह के अनुपस्थिति में भारतीय गेंदबाजी कमजोर हो गइल आ आस्ट्रेलिया 6 विकेट से मैच जीत के सीरीज पs कब्जा कs लिहलस आ विश्व टेस्ट चैम्पियनशिप के फाइनल में आपन जगहा पक्का कs लिहलस. एही बीच जसप्रीत बुमराह के कमर के चोट के लेके एगो बड़ अपडेट सामने आईल बा। जानकारी के मुताबिक बुमराह के चोट के संबंध आस्ट्रेलिया के खिलाफ टेस्ट सीरीज में काम के बोझ से बा। अइसना में बीसीसीआई के मेडिकल टीम के कोशिश बा कि बुमराह के आईसीसी चैंपियंस ट्रॉफी 2025 खातिर तइयार कइल जा सके काहे कि एह टूर्नामेंट में उनुकर खेल टीम इंडिया खातिर बहुते जरूरी बा. आस्ट्रेलिया के खिलाफ 5 मैच के टेस्ट सीरीज में जसप्रीत बुमराह 150 ओवर से अधिका गेंदबाजी कइलन आ 32 गो विकेट लिहलन. एह घटनाक्रम से जुड़ल सूत्र के मुताबिक पीटीआई के रिपोर्ट में कहल गईल कि, बुमराह के पीठ के ऐंठन के ग्रेड के बारे में अबे ले कवनो जानकारी नईखे मिलल। अगर बुमराह के चोट ग्रेड 1 के श्रेणी में बा तs ओकरा खेल में लवट आवे से पहिले कम से कम दू से तीन हफ्ता के रिहैब के जरूरत पड़ी. ग्रेड 2 के चोट के स्थिति में ठीक होखे में 6 सप्ताह ले के समय लाग सकता जबकि ग्रेड 3 जवन कि सबसे गंभीर प्रकृति के होखेला, ओकरा में कम से कम तीन महीना के आराम अवुरी पुनर्वास कार्यक्रम के जरूरत होखेला। ध्यान देवे वाला बात बा कि भारत अवुरी इंग्लैंड के बीच 5 मैच के टी-20 सीरीज 22 जनवरी से शुरू होखे वाला बा। एकरा बाद 6 फरवरी से दुनो टीम के बीच 3 मैच के वनडे सीरीज खेलल जाई। वनडे सीरीज के बाद भारतीय टीम 20 फरवरी से चैंपियंस ट्रॉफी में भाग ली. अइसना में बुमराह के चोट से टीम इंडिया तनाव में पड़ गइल बा. अगर बुमराह चोट के चलते एक महीना ले भी मैदान से बाहर बाड़न तs इंग्लैंड के खिलाफ वनडे सीरीज ना खेल पइहें. अगर उनुकर चोट अउरी गंभीर हो गइल तs उनुका चैंपियंस ट्रॉफी से बाहर होखे के खतरा हो सकेला.","भारत आ आस्ट्रेलिया के बीच खेलल गइल बॉर्डर-गावस्कर ट्रॉफी 5 जनवरी के खतम भइल, जहाँ टीम इंडिया के 1-3 से हार भइल। आखिरी टेस्ट में जसप्रीत बुमराह कमर में चोट के चलते मैदान से बाहर हो गइलन, जेकरा चलते भारतीय गेंदबाजी कमजोर पड़ गइल आ आस्ट्रेलिया 6 विकेट से जीत गइल। बुमराह के चोट के कारण बीसीसीआई के मेडिकल टीम उनकर रिहैब पर ध्यान दे रहल बा ताकि ऊ आईसीसी चैंपियंस ट्रॉफी 2025 खातिर तइयार हो सकें। अगर बुमराह के चोट गंभीर भइल तs ऊ इंग्लैंड के खिलाफ वनडे सीरीज आ चैंपियंस ट्रॉफी से बाहर हो सकेलन।","जसप्रीत बुमराह के चोट पs आइल सबसे बड़ अपडेट, एतना महीना खातीर हो सकेले बाहर",Negative,sadness,से 3 महीने तक का समय लगे सके। ** भारत आणि ऑस्ट्रलिया यांच्या दरम्यान झालेल्या बॉर्‍डर-गॉवस्‍कर ट्राफीमध्ये भारताला १-३ असे पराभव झाला. ५ मैचांच्या या टेस्ट मालिकेचा शेवटचा सामना सिड्‍नी येथे खेळला गेला जिथे दुसऱ्या दिवशी Jasprit Bumrah कमर दुखापत झाल्यामुळे मैदानावरून बाहेर पडले आणि त्यांनी पुढे गेंद फेकू शकले नाहीत. भारतीय गोलंदाजी तिसऱ्यादिवशी त्यांच्या अभावामुळे कमकुवत झाली आणि ऑस्‍ट्रे‍लियाने ६ ग
3146ce78d08e0afc,"“बांटोगे तो काटोगे यात्रा” पs सीमांचल के दौरा पs निकलल केंद्रीय मंत्री आ बेगूसराय के सांसद गिरिराज सिंह राहुल गांधी सहित विपक्ष के नेता लोगन पs बड़ हमला बोलले बाड़ें। गिरिराज सिंह बेगूसराय में मीडिया के संबोधित करत कहलें कि राहुल गांधी देस में गृह युद्ध करावल चाहत बाड़ें। ऊ वक्फ बोर्ड के कांग्रेस के नाजायज औलाद कहलें बाड़ें। राहुल गांधी पs हमला बोलत गिरिराज सिंह कहलें कि राहुल गांधी देस में गृह युद्ध करावल चाहत बाड़ें। एहिसे ऊ हलुका बात करत रहलें। ऊ कानून के ना मामेले। जदि उनको एतनही रहे तs जम्मू कश्मीर चुनाव के बहिष्कार करे के चाहत रहे। ऊ कहलें कि वक्फ बोर्ड कांग्रेस के नाजायज औलाद के तरे बा, के कहत बाड़ें कि वक्फ बोर्ड जवन कहे उहे सही बा। ऊ कहलें कि वक्फ बोर्ड देस के अइसन संस्था हs जवन जे कहे उहे सही, एहिसे एकरा के खत्म करे के चाहीं। केंद्रीय मंत्री गिरिराज सिंह अपना यात्रा के संबंध में बतवलें कि ई 18 अक्टूबर के भागलपुर से सुरू होके 22 अक्टूबर के खत्म होई। आज से हिंदू स्वाभिमान यात्रा पs हमनी के निकल रहल बानी सs। कुछ लोग एह यात्रा के अपना वोट बैंक के लेके विरोध कs रहल बा लो।। वोट के सौदागर के विरोध कइला से कुछ नइखे होखे वाला। एक दौरान केंद्रीय मंत्री गिरिराज सिंह लालू आ तेजस्वी यादव पs सब लोगन पs जमके हमला बोलल। केंद्रीय मंत्री गिरिराज सिंह कहलें कि ई राजनीतिक यात्रा नइखे। ई हिंदुत्व के जगावे के यात्रा हs। ऊ कहलें कि एकर पार्टी से कवनो लेवे देवे के नइखे। ई हिंदू के जगावे खातिर यात्रा कइल जा रहल बा।","केंद्रीय मंत्री आ बेगूसराय के सांसद गिरिराज सिंह ""बांटोगे तो काटोगे यात्रा"" के दौरान राहुल गांधी पs बड़ हमला बोलले बाड़ें। ऊ कहलें कि राहुल गांधी देस में गृह युद्ध करावल चाहत बाड़ें आ वक्फ बोर्ड के कांग्रेस के नाजायज औलाद बतवलें। गिरिराज सिंह कहलें कि ई यात्रा 18 अक्टूबर से भागलपुर से शुरू होके 22 अक्टूबर के खत्म होई आ ई हिंदुत्व के जगावे के यात्रा हs। ऊ लालू आ तेजस्वी यादव पs भी हमला कइले बाड़ें आ कहलें कि ई राजनीतिक यात्रा नइखे।","Bihar: ‘बांटोगे तो काटोगे यात्रा’ पs जा रहल गिरिराज सिंह, राहुल गांधी आ वक्फ बोर्ड के बारे में कह देलें ई बात",Negative,anger,): गिरीराज सिंह के सीमांंचल दौरे पर राहु गांधी आ विपक्श के नेताओं पर बड़ा हमला बोला। गिरी राज सिंह ने कहा की राहूल गांधी देश में घरेलू युद्ध करना चाहते हैं। उन्होंने वक़फ़ बोर्ड को काँग्रेस की नाज़ायज़ संतान कहा और कहा की वो देश की ऐसी संस्था है जो जो बोले उसी को सही मानती है। उनका कहना है की वक्फ़ बोर्ड को खत्म करना चाहिए। गिरिराज सिंह ने बताया की उनका यह यात्रा १८ अक्टुबर को भागलपूर से शुरू होकर २२ अक्टोबर को खत्म होगी। उन्होंने कहा की कुछ लोग इस यात्रा का विरोध कर रहे हैं लेकिन उनका मतलब कुछ नहीं है। उन्होंने ल
76c607e28cd0f4ef,"लोगन के जिनगी के अहम हिस्सा बन चुकल स्मार्टफोन के संभारके रखल बहुत जरूरी बा। फोन में आइल तनिको खराबी से कइयन गो काम रुक जाला। अइसन में फोन के अंदर आ बाहर दुनो तरफ से सुरक्षित रखे के पड़ेला। एह डिवाइस के वजह से लोग चटिंग, दस्तावेजन के शेयर कइल, अपना करीबियन के संगे बनल रहल आ रोज के कइयन गो कामन में बहुते इस्तेमाल होला। अइसन में फोन के स्क्रीन के सेफ रखल बहुते जरूरी बा। इहे वजह बा कि स्क्रीन के सेफ रखे खातिर सही स्क्रीनगार्ड के चयन कइल बहुते जरूरी बा। जदि नया स्मार्टफोन बा तs राउर फोन के स्क्रीन के साफ आ सुरक्षित रखे खातिर आ स्क्रैच से बचावे, अइसन स्क्रीनगार्ड के इस्तेमाल करे के बा। फोन के स्क्रीन के स्क्रैच के संगे कैंची जइसन नुकीला चीज से नुकसान ना होखे, अइसन स्क्रीनगार्ड के चुनाव करी। फोन नया होखे भा फेर पुराना होखे, बाकिर फोन के स्क्रीन के सेफ रखे खातिर अइसन स्क्रीनगार्ड के चुनाव करी, जवना के स्क्रीन पs लगवला के बाद फोन चलावे में कवनो तरे के दिक्कत ना होखे। मतलब फोन चलावे के एक्सपीरियंस पs कवनो फरक ना पड़ें। फोन के टच कंट्रोल बेहतर बनल रहे। अक्सर लोग दुकान वाला से भा फेर ऑनलाइन गलत साइज के स्क्रीनगार्ड ले लेवे ला। अइसन में फोन के स्क्रीन के सही से सुरक्षा ना मिल पावेला। अइसन में फोन के स्क्रीन के नुकसान हो सकत बा। अइसन में स्क्रीनगार्ड के साइज बहुते मायने रखत बा। स्मार्टफोन के जरूरत कबो-कबो कवनो समय पs पड़ सकत बा। अइसन में फोन के स्क्रीन पs लागे वाला स्क्रीनगार्ड एंटी फिंगरप्रिंट आ ऑयल के दूर करे वाला होखे, मतलब स्क्रीन पs कवनो तरे के फिंगरप्रिंट के निशान आ ऑयल टिक न सके। जदि स्क्रीन पs फिंगरप्रिंट आ ऑयल के निशान लग जात बा तs फेर स्क्रीन धुंधला हो जाला। अइसन में एह बात के खास ध्यान रखीं।","स्मार्टफोन के संभारके रखल बहुत जरूरी बा, काहेकि फोन में खराबी से काम रुक जाला। स्क्रीन के सेफ रखे खातिर सही स्क्रीनगार्ड के चयन कइल जरूरी बा। नया भा पुराना फोन होखे, स्क्रीन के सुरक्षा खातिर सही साइज के स्क्रीनगार्ड लगावल जाव, ताकि फोन चलावे में दिक्कत ना होखे। एंटी फिंगरप्रिंट आ ऑयल दूर करे वाला स्क्रीनगार्ड के इस्तेमाल से स्क्रीन साफ आ धुंधला ना होई। सही स्क्रीनगार्ड के चुनाव से फोन के स्क्रीन के नुकसान से बचावल जा सकेला।","Smartphone Tips: स्मार्टफोन में स्क्रीनगार्ड लगावे से पहिले जान लीं ई टिप्स, बाद में ना होई पछतावा",Neutral,neutral,"ओयल जमा हो जाए तs स्क्रीन के स्पष्टता कम हो जाए। **भोजपुरि भाषा में सारंश:** स्मार्टफ़ोन अब आम जनता के जिंदगी का एक अहम भाग बन गया है। फोन खराब होने से बहुत सारे काम बंद हो जायेंगे। इसीलिए फोन को अंदर और बाहर दोनों तरफ सुरक्षा के साथ रखना ज़रूरी है। फ़ोन के ज़रिए लोग चैटिंग करते हैं, डॉक्युमेंट शेयर करते हैं और अपने प्रियजनों से जुड़े रहते हैं। इसलिए फोन की स्क्रीन की सुरक्षा बहुत ज़रूरती है। सही स्क्रीन गार्ड चुनना बहुत जरुरी है, खासकर अगर फोन नये है। नये फोन की सुरक्षार्थ और खरोंच से बचाने के लिए एक अच्छे क्वालिटी के स्क्रीन गारड का"
2927b6bcf9edeb3a,"गोरखपुर। 17 से 24 दिसंबर तक रीजनल स्पोर्ट्स स्टेडियम में आयोजित होखे जा रहल अखिल भारतीय आमंत्रण प्राइजमनी फुटबॉल चैंपियनशिप प्रतियोगिता के उद्घाटन मुकाबला 17 दिसंबर के उत्तर प्रदेश संयुक्त छात्रावास आ नावेल्टी कश्मीर के बीच खेलल जाई। दु बजे से सुरू होखे वाला एह मुकाबला के लेके तइयारी जोरन पs बा। कश्मीर के टीम अतवार के देर रात गोरखपुर पहुंच गइल बा। ओहिजा, उत्तर प्रदेश आ आउर टीम सोमार आ मंगर तक पहुंच जइहें सs। एह कृष्ण भजन के एक बेर जरुर सुनीं: Bhor Bhail Mohan|भोर भइल मोहन| @theshalinidubey |folk | Krishna Bhajan | Yayawari Via Bhojpuri| गौर करे वाला बात बा कि गोरखपुर, अखिल भारतीय आमंत्रण प्राइजमनी फुटबॉल चैंपियनशिप के मेजबानी दूसरका बेर कs रहल बा। साल 2018 में एह प्रतियोगिता के गोरखपुर में सफलता पूर्वक आयोजन हो चुकल बा। एह बार के आयोजन के भव्य आ आकर्षक बनावे के लेके खेल विभाग के तइयारी अंतिम पड़ाव पs है। फुटबॉल के मानकन के अनुसार गोलपोस्ट आ मैदान के तइयार करे खातिर ग्राउंड स्टाफ लगातार काम में जुटल बा लो। हालांकि, प्रतियोगिता के उद्घाटन आ समापन सत्र खातिर मुख्य अतिथि सहित आउर अतिथि लोगन के नाम अभी तय नइखे कइल जा सकल। दरअसल, 16 दिसंबर से उत्तर प्रदेश विधानसभा के शीत सत्र शुरू हो रहल बा। खेल विभाग के कोसिस मुख्य अतिथि के रूप में प्रदेश के कवनो मंत्री के बुलावे के बा। सुभारंभ आ समापन समारोह के अतिथियन के नाम आज सांझ के तय होई। प्रतियोगिता में सीआरपीएफ जालंधर, नावेल्टी कश्मीर, कम्बाइंड हॉस्टल यूपी, बीएसएफ सिलीगुड़ी, लुका सॉकर केरल, मां कामाख्या स्पोर्टिंग बक्सर, उत्तर प्रदेश फुटबॉल संघ, पंजाब पुलिस, एफसीआई दिल्ली, उत्तराखंड एकादश, सहारा फुटबॉल क्लब, केरल पुलिस के टीम प्रतिभाग करिहें सs। एह टीमन के दु भागन में बांटल गइल बा। प्रतियोगिता के विजेता के दु लाख, उप विजेता के एक लाख आ तीसरका स्थान पs रहे वाली टीम के 50 हजार रुपिया के पुरस्कार राशि मिली। प्रतियोगिता के लेके तइयारी अंतिम चरण में बा। बाहर से आ रहल टीमन के स्वागत करे खातिर अलग-अलग लोगन के जिम्मेदारी दिहल गइल गइल बा। उद्घाटन आ समापन सत्र के मुख्य अतिथि के नाम आज तय हो जाई। इहो पढ़ीं: Bhojpuri Award: पवन सिंह से निरहुआ ले एह भोजपुरी स्टार्स के उदित नारायण से मिलल अवॉर्ड","गोरखपुर में 17 से 24 दिसंबर तक अखिल भारतीय आमंत्रण प्राइजमनी फुटबॉल चैंपियनशिप प्रतियोगिता होखे जा रहल बा। उद्घाटन मुकाबला 17 दिसंबर के उत्तर प्रदेश संयुक्त छात्रावास आ नावेल्टी कश्मीर के बीच होई। कश्मीर के टीम गोरखपुर पहुंच गइल बा आ बाकी टीम सोमार आ मंगर तक आई। प्रतियोगिता में सीआरपीएफ जालंधर, बीएसएफ सिलीगुड़ी, आ अन्य टीम शामिल होइहें। विजेता के दू लाख, उप विजेता के एक लाख, आ तिसरका स्थान पs 50 हजार रुपिया के पुरस्कार राशि मिली।",अखिल भारतीय आमंत्रण प्राइजमनी फुटबॉल चैंपियनशिप: यूपी आ कश्मीर के बीच उद्घाटन मुकाबला काल्ह,Positive,joy,"बल एसोसिएशन लखनऊ, एनटीपीसी रांची, एलआईसी बेंगलुरु, एयर इंडिया दिल्ली, इत्यादि टीम शामिल होइल। रीजनल स्‍पोर्ट्‍स स्‍टेडियम गोर्खपुर मे १७ से २४ डिस्‍सेम्बर तक अखिल भारतिय आमंत्रित प्राइज़मनी फ़ुटबाल्‍चैंपियन्‍शिप होखे ला। उत्‍तर प्रदेश संयुक्‍त छात्रवास आ नवेल्ट्‍य कश्‍मीर के बीच १७ दिसम्‍बर को दोपहर २ बजे उद्‍घाट्‍न मैच खेला जाइएगा। कश्‍मिर की टीम देर रात्रि गौरखपुर पहुँच"
a31860922f821971,"गोरखपुर: मोहद्दीपुर क्षेत्र के लोगन के तीन दिन ले विद्युत आपूर्ति में कटौती के सामना करे के पड़ी.बिजली विभाग के ओर से दिहल गइल जानकारी के अनुसार 132 के०वी० मोतीराम अड्डा-मोहद्दीपुर ग्रिड लाइन के कण्डक्टर (तार) के क्षमतावृद्धि के कार्य कइला के कारन इs कटौती होई. उक्त लाइन के सहारा लीलो प्वाइंट पs कण्डक्टरिंग कार्य के दौरान 132 के०वी० मोहद्दीपुर-बरहुआ लाइन सुरक्षा के दृष्टिकोण से दिनांक 23.12.2024, 24.12.2024 आ 26.12.2024 के सांझ के 11:00 से 15:00 बजे ले विद्युत आपूर्ति के कटौती होई. मोहद्दीपुर ओल्ड -33 के0वी0 एयरफोर्स, 33 के०वी० जी०आर०डी०, 33 के0वी0 सहारा, 33 के०वी० तारामण्डल, 33 के०वी० यूनिवर्सिटी, 33 के०वी० एम्स, 33 के०वी० रेलवे आ 33 के०वी० कोर्ट डी०एच० लाइन ना रही. मोहद्दीपुर-न्यू -33 के०वी० खोराबार, 33 के०वी० बिग बाजार, 33 के०वी० मोहद्दीपुर, 33 के०वी० बक्शीपुर, 33 के०वी० जी०डी०ए०, 33 के०वी० धर्मशाला, 33 के0वी0 टाउनहाल, 33 के०वी० शाहपुर, 33 के०वी० लोकोशेड आ 33 के०वी० ऐश्प्रा से निर्गत समस्त फीडर के लाइन के आपूर्ति ना होई.","गोरखपुर के मोहद्दीपुर क्षेत्र के लोगन के तीन दिन ले बिजली के कटौती के सामना करे के पड़ी. बिजली विभाग के जानकारी अनुसार, 132 के०वी० मोतीराम अड्डा-मोहद्दीपुर ग्रिड लाइन के कण्डक्टर के क्षमतावृद्धि के काम के चलते ई कटौती होई. कटौती 23, 24 आ 26 दिसंबर 2024 के सांझ 11:00 से 15:00 बजे ले होई, जवन मोहद्दीपुर ओल्ड आ मोहद्दीपुर-न्यू के कई फीडर पर असर डाली.",Bijli Cut: गोरखपुर में आजु से तीन दिन ले एह इलाकन में बाधित रही बिजली आपूर्ति,Negative,anger,"गोरोखपुर के मोहददीपुर इलाका के लोगो के तीन दिवस ले बिजली ना रहे। बिजल विभाग ने बताया की 1३२ के.वी. मोती राम अड्ढा - मोहदीपुर ग्रीड लाईन के तार बढ़ाने के काम के चलते 2३, २४ आ २६ दिसंबर को शाम ११ बजे से १५ बजे तक बिज्ली बंद रहेगी। मोहदी पुर ओल्ड आ न्यू के कई इलाके, जहाँ ३३ के. वी. लाइन्स बा, उन सबके लाइन बंद रहल।"
9d931772c83b13f6,"भारत के एशियन हॉकी चैंपियंस ट्रॉफी में बादशाहत बरकरार बा। हरमनप्रीत सिंह के कप्तानी वाली भारतीय टीम फाइनल में मेजबान चीन के 1-0 से हरवलस। एकरा संगे भारत रिकॉर्ड पांचवां बेर ट्रॉफी पs कब्जा कs लेलस। छठा बेर फाइनल खेले उतरल भारतीय टीम के ओर से इकलौता गोल जुगराज सिंह कइलें। भारत के ओर से ई गोल चउथा क्वार्टर में आइल। जुगराज सिंह मैच के 51वां मिनट में फील्ड गोल दगलें। टीम इंडिया डिफेंडिंग चैंपियन के हैसियत से टूर्नामेंट में उतरल रहे। भारतीय टीम अजेय रहत आपन खिताब बरकरार रखले बिया। पेरिस ओलंपिक 2024 के बाद भारतीय टीम के ई बड़ उपलब्धि बा। एह टूर्नामेंट में कइयन बेर सीनियर खिलाड़ियन के आराम दिहल गइल। भारत (IND vs CHA) अजेय रहत फाइनल में प्रवेश कइले रहे। हरमनप्रीत सिंह (Harmanpreet Singh) के कप्तानी वाली भारतीय टीम सेमीफाइनल में दक्षिण कोरिया के जबकि चीन पाकिस्तान के हराके खिताबी मुकाबला में जगह बनवले रहे। भारत लीग में आपन सब पांच मैच जीतले रहे। जेमे चीन के खिलाफ 3-0 के जीत सामिल बा। चीन के टीम के पहिला बेर फाइनल के टिकट मिलल रहे। दुनो टीम एशियन चैंपियंस ट्रॉफी (Asian Champions Trophy 2024) में सातवां बेर भिड़ल रहे। एसे पहिले छव में से पांच में भारत विजयी रहल रहे, जबकि एगो मैच में चीन जीतले रहे। चीन 2006 में भारत के हरववले रहे। सुरुआती तीन क्वार्टर में दुनो टीम जबरदस्त खेल के प्रदर्शन कइले रहे। भारत लीग के अपना पहिला मैच में चीन के 3-0 से हरवले रहे, जबकि जापान के 5-1 ओहीजा मलेशिया के 8-1 से रउदले रहे। भारत साउथ कोरिया के 3-1 से मात देलस। ओहिजा, सेमीफाइनल में फेर इंडिया कोरिया के 4-1 से धोवलस। चीन के लीग में दु मैचन में जीत मिलल रहे, जबकि तीन गो मुकाबला ऊ गंववले रहे। सेमीफाइनल में शूटआउट में पाकिस्तान के पस्त कs के फाइनल में जगह बनवले रहे।",भारत एशियन हॉकी चैंपियंस ट्रॉफी में बादशाहत बरकरार रखले बा। हरमनप्रीत सिंह के कप्तानी में भारतीय टीम फाइनल में चीन के 1-0 से हरवलस। जुगराज सिंह के इकलौता गोल चउथा क्वार्टर में 51वां मिनट में भइल। भारत ई ट्रॉफी के पांचवां बेर जीतल बा आ अजेय रहत खिताब बरकरार रखले बिया। भारतीय टीम लीग में सब पांच मैच जीतल रहे आ सेमीफाइनल में दक्षिण कोरिया के हराके फाइनल में पहुँचल रहे।,"भारत के एशिया में बादशाहत बरकरार, चीन के घर में घुसके पीटलस, रिकॉर्ड पांचवां बेर बनल चैंपियन",Positive,joy,"चीन से 2-0 की जीत हासिल कइली। ** भारत ने एशियाई हाकी चैम्पियन्स ट्राफी में फिर से जीत कमा ली बा। हरमनप्रीत सिंह के नेतृत्व में भारतीय टीम चीन को 1 - 0 से हरा के पाँचवां बार ट्राफ़ी अपने नाम कर ली। चीन के मैदान पर खेले गये फाइनल्स में जुगराज़ सिंह ने चतुर्थ चरण में गोल कर के भारत को जीत दिलाई। भारतीय टीम ने लीग स्टेज में सभी पाँच मैचे जीते, जिसमें चीन पर ३-० की शानदार जीत भी शामिल बा।"
d5ab3652b3cfcbd0,"प्राइवेट पब्लिक पार्टरनरशिप के अंतर्गत पूर्वांचल अवुरी दक्षिणांचल बिजली निगम के चलावे खातीर लेनदेन सलाहकार (टीए) के नियुक्ति के खिलाफ बिजली मजदूर के ओर से चरणबद्ध तरीका से आंदोलन शुरू कs दिहल गईल बा। पिछला अतवार के दिने बिजली मजदूर अलग अलग अपार्टमेंट में रेजिडेंट वेलफेयर एसोसिएशन (आरडब्ल्यूए) के अधिकारियन से भेंट कइले आ निजीकरण से होखे वाला नुकसान के बारे में बतवले. बता दी कि कर्मचारी सोमार यानी आज करिया पट्टी पहिन के काम करीहे। निजीकरण से होखे वाला नुकसान पs चर्चा अधिकारी अतवार के दिने आरडब्ल्यूए से भेंट कइले आ निजीकरण से होखे वाला नुकसान के बारे में जानकारी दिहले. निजीकरण के खिलाफ बिजली मजदूरन के साथ देबे के भरोसा दिहलस जवना के तहत सोमार के दिने सगरी ऊर्जा निगम, ठेका मजदूर आ इंजीनियर के बिजली मजदूर दिन भर विरोध प्रदर्शन करीहें आ करिया पट्टी पहिन के काम करीहें. लखनऊ समेत सगरी जिला में परियोजना के विरोध में बइठक करावल जाई. शाम पांच बजे शक्ति भवन में विरोध सभा के आयोजन कईल जाई। सीएम योगी के पत्रउपभोक्ता परिषद के अध्यक्ष अवधेश कुमार वर्मा एकरा बारे में सीएम योगी आदित्यनाथ के चिट्ठी लिखले बाड़े। एह चिट्ठी में पावर कॉरपोरेशन में ट्रांजेक्शन एडवाइजर (टीए) के नियुक्ति प्रक्रिया के जांच करे के मांग उठावल गईल बा। कहल जात रहे कि आवे वाला समय में इs मुद्दा कैग ऑडिट के बड़ मुद्दा बने वाला बा। राजस्व के ब्योराराज्य विद्युत परिषद अभियंता संघ के प्रदेश महासचिव जितेन्द्र सिंह गुर्जर के कहनाम बा कि राज्य में लाइन लास प्रदेश लगातार घटत जाता। राजस्व वसूली बढ़ रहल बा। उs कहले कि एटी एंड सी लॉसेस वित्तीय वर्ष 2016-17 के घाटा 40.79 प्रतिशत रहे, जवन कि साल 2023-24 में घट के मात्र 16.92 प्रतिशत हो गईल। साल 2019-20 में राजस्व वसूली 41219 करोड़ रुपिया दर्ज भइल आ साल 2023-24 में ई बढ़ के 62069 करोड़ रुपिया हो गइल. एहमें सरकारी सब्सिडी के साथे सरकारी विभागन के बकाया धन शामिल बा. एह आंकड़ा से पता चलत बा कि बिजली के कर्मचारी बिजली के चोरी रोके आ राजस्व वसूली बढ़ावे खातिर लगातार मेहनत कइले बाड़े. उs इs जानकारी देले बाड़े कि 1 अप्रैल 2023 से 31 मार्च 2025 ले बुनियादी ढांचा के सुधारे में 40,000 करोड़ रुपया से जादा खर्च भईल, जवन भारत सरकार के रिवैंप योजना के तहत भईल रहे।","प्राइवेट पब्लिक पार्टरनरशिप के तहत पूर्वांचल आ दक्षिणांचल बिजली निगम के लेनदेन सलाहकार के नियुक्ति के खिलाफ बिजली मजदूरन के आंदोलन शुरू भइल बा। बिजली मजदूर अलग-अलग अपार्टमेंट में आरडब्ल्यूए के अधिकारियन से भेंट कइले आ निजीकरण के नुकसान बतवले। सोमार के दिन सगरी ऊर्जा निगम, ठेका मजदूर आ इंजीनियर विरोध प्रदर्शन करीहें आ करिया पट्टी पहिन के काम करीहें। सीएम योगी के पत्र में टीए के नियुक्ति प्रक्रिया के जांच के मांग उठावल गइल बा। राजस्व वसूली में बढ़ोतरी आ लाइन लास में कमी के जानकारी भी दिहल गइल बा।","UP News: यूपी में बिजली निजीकरण पs प्रदेशभर में संघर्ष तेज, करीया पट्टी बांधके बिजलीकर्मियन के विरोध",Negative,anger,एम के माध्यम से राजस्व बढ़ावा देने के प्रयास करील जा रहा बा। पूर्वान्चल और दक्कन क्षेत्रीय विद्युत् वितरण कंपनी लिमिटेड (पीईवीडीसीएल) के प्रबंध निदेशक (एमडी) के रूप में नियुक्त किया गया है। पीईडीवीडीएल के एमडी के पद पर रविंद्र कुमार सिंह को पदोन्नति दी गयी है। उनका कार्यकाल 1 अप्रैल 2023 से प्रभावी होगा। बिजली मज़दूर निगाम के निजिकरण के विरुद्ध आन्दोलन कर रहे बा। ओह लोग कहत रहे की निजिकरण से कर्मचारियों के साथ अन्याय होईल। सोमार (आज) के दिन बि
f7cd62cc6ba5b3c8,"देवरिया/अखिलेश कुमार सिंह। श्रीअनन्त इंटरमीडिएट कॉलेज सतरांव के खेल मैदान में आयोजित फुटबॉल मैच के क्वार्टर फाइनल के चउथा मुकाबला मोहमदिया स्पोर्टिंग क्लब कोपागंज मऊ आ बहादुर यादव पीजी कॉलेज भटनी के बीच खेलल गइल। एमे मऊ के टीम भटनी के एक गोल से हराके सेमीफाइनल में प्रवेश कइलस। सईयन के संख्या में लोग खिलाड़ियन के हौंसला बढ़ावल। मुख्य अतिथि अनंत विक्रम सिंह ‘निकू’ कहलें कि खेल हमनी के जिनगी के आवश्यक हिस्सा बा। स्वस्थ देह आ दिमाग के विकसित करे खातिर खेल महत्वपूर्ण भूमिका निभावेला। खेल कइयन प्रकार के होला, जवन हमनी के शारीरिक आ मानसिक विकास में मदद करत हवे। लगातार पढ़ाई के दौरान कइयन बेर तनाव के इस्थिति होला। अइसन में खेल एह तनाव के दूर करे के बेहतर माध्यम बा। हमनी के देस में खेल के ओतना प्राथमिकता ना मिलेला, जेतना शिक्षा के दिहल जाला। मुख्य निर्णायक मकसूद आलम रहलें। मैच के पहिला हाफ में कवनो गोल ना भइल। दूसरका का हाफ के 7वां मिनट में ताहिर गोल कs के अपना टीम के 1-0 से विजय दिलवलें। जिला स्तरीय फुटबाल प्रतियोगिता के आयोजक वरिष्ठ खिलाड़ी विजय यादव, गोरखनाथ यादव सियाराम कमेंट्री कइल लो। एह मैच में डॉ. जितेंद्र अग्रहरि, सरोज कुमार, संतोष यादव, बालमुकुंद चौधरी, राघवेंद्र चौधरी, मुकेश यादव, रणविजय, शारदा कुशवाहा, मुलायम, जगरो, बासु आदि लोग खिलाड़ियन के उत्साहवर्धन कइल लो।",देवरिया में श्रीअनन्त इंटरमीडिएट कॉलेज के खेल मैदान पर फुटबॉल मैच के क्वार्टर फाइनल में मोहमदिया स्पोर्टिंग क्लब मऊ आ बहादुर यादव पीजी कॉलेज भटनी के बीच मुकाबला भइल। मऊ के टीम भटनी के एक गोल से हराके सेमीफाइनल में पहुँच गइल। मुख्य अतिथि अनंत विक्रम सिंह ‘निकू’ खेल के महत्व पर जोर दिहलें आ कहलें कि खेल मानसिक आ शारीरिक विकास में मददगार बा। मैच के निर्णायक मकसूद आलम रहलें आ ताहिर 7वां मिनट में गोल क के मऊ के टीम के जीत दिलवलें।,"फुटबॉल: भटनी के हराके सेमीफाइनल में पहुंचल मऊ; अनंत विक्रम सिंह बोललें, खेल हमनी के जिनगी के अनिवार्य हिस्सा",Positive,joy,"देवराया के श्री अन्नत इंटरमिटिएट कालेज में खेलेल फुटबल मैच क्वाटर फाइनल्स में मोहम्मदिया स्‍पोर्टिंग क्‍लब, कोपागांव, मऊ आ बहादूर यादव पीडीजी कलेज, भट्‍नी के बीच खेला गेल। मऊ की टीम ने भटनी की टीम को 1 - 0 से हरा के सेमीफाइनल्‍स में जगह बनाई। मुख्य अतिथि अन्‍त विक्‍्रम सिन्‍ह 'निकू' ने खेल को जिंदगी का अहम हिस्‍सा बताया। पहिली हाफ में कोई गोल नहीं हुआ। दूसरी हाफ की सातवें मिनट में ताहिर ने गोल"
5b7c40403311bebb,"उत्तर प्रदेश के अमरोहा जिला में एगो बड़हन मनरेगा घोटाला सोझा आइल बा. दरअसल इहाँ बेहद प्रभावशाली लोग मनरेगा के लेबर कार्ड बना के सरकारी पईसा के गबन कईले बाड़े। भारतीय क्रिकेट टीम के तेज गेंदबाज मोहम्मद शमी के बहिन आ जीजा के नाम भी एहमें शामिल बा. एह घटना के सोझा अईला के बाद मनरेगा योजना पs सवाल उठल शुरू हो गईल बा। मनरेगा योजना में भईल घोटाला के बारे में सुन के भारतीय किसान यूनियन (शंकर) कार्रवाई के मांग कईले बिया अवुरी आंदोलन के चेतावनी देले बिया। एs संबंध में अमरोहा के जिला मजिस्ट्रेट के कहनाम बा कि गांव प्रमुख अपना निजी रिश्तेदार के खाता में मनरेगा के धन जमा कs देले बाड़े, जवना के जांच उहे मनरेगा के माध्यम से होई। जे एह धोखाधड़ी के दोषी चाहे जवन स्तर पर होखे ओकरा से वसूली हो जाई आ ओकरा खिलाफ कार्रवाई कइल जाई. मोहम्मद शमी के परिजन पs मनरेगा में धांधली के आरोप उत्तर प्रदेश के अमरोहा में मनरेगा के नाम पs हो रहल घोटाला तब अउरी बड़हन हो गइल जब अमरोहा निवासी आ भारतीय क्रिकेट टीम के तेज गेंदबाज मोहम्मद शमी के बहिन शबीना आ उनुकर जीजा गज़नवी के नाम सामने आइल. एतने ना, भारी रकम के मजदूरी भी ओ लोग के खाता में ट्रांसफर हो गईल बा। इलाका में अयीसन बहुत लोग बाड़े जवन कि मजदूरी कार्ड के माध्यम से मनरेगा के पईसा के गबन कईले बाड़े। बतावल जाता कि प्रधान गुले आयशा शमी के बहिन शबीना के सास हई। अमरोहा के पलौला गांव के लोग के कहनाम बा कि, उनुका कवनो शिकायत पs ध्यान ना दिहल जाला, काहेंकी प्रधान गुले आयशा मोहम्मद शमी के बहिन के सास हई। उनुका अपना रिश्तेदारन खातिर, अपना परिवार के लोग खातिर, आ असल में अपना सगरी करीबी लोग खातिर मनरेगा जॉब कार्ड बना लिहले बा.","उत्तर प्रदेश के अमरोहा जिला में एगो बड़हन मनरेगा घोटाला सामने आइल बा, जहाँ प्रभावशाली लोग मनरेगा के लेबर कार्ड बना के सरकारी पईसा के गबन कईले बाड़े। मोहम्मद शमी के बहिन आ जीजा के नाम भी एह घोटाला में शामिल बा। भारतीय किसान यूनियन (शंकर) कार्रवाई के मांग कईले बिया आ आंदोलन के चेतावनी देले बिया। जिला मजिस्ट्रेट के कहनाम बा कि जांच होई आ दोषी लोग से वसूली कइल जाई। पलौला गांव के लोग बतावत बाड़े कि प्रधान गुले आयशा शमी के बहिन के सास हई आ ऊ अपना रिश्तेदारन खातिर मनरेगा जॉब कार्ड बना लिहले बाड़ी।","मोहम्मद शमी के रिश्तेदारन पs मनरेगा में धांधली के लागल आरोप, जांच आ कार्यवाही के बात",Negative,anger,"का पईसों के गब्न कईल रहे बा. **भोजपुरि समाचार के ८०-१०० शब्दन का सारंश:** उत्तर प्रदेश में अमरौहा जिले में एक बड़ा मन्‍रेगा गोटाला उजागर भइल है। यहाँ बहुत से लोगो ने मनरेगामे लेबर कर्ड बना के सरकार के पैसे गबन्‍न कइले बा। भारतीय क्रिकेत्‍ टीम के तेज़ गेंदबाज़ मोहम्‍मद श्‍मी की बहिन और जीजा का नाम भी इस गोटाले में शामिल बा। इस गोटाल के बारे मे सुने के बाद, भारत के किसान संघ ने कार्रवाही की मांग की है और आन्दोलन की चेतावन‍ी भी दी है। अम्रौहा के डी"
7263b96def84f8c8,"जदि रउआ आईफोन के इस्तेमाल करत बानीं तs रउआ खातिर ई खबर काम के हो सकत बा। दरअसल, एपल के तकनीक भलही बहुत अच्छा होखे, बाकिर एकरा बादो कुछ सालन बाद आईफोन बहुत धीमा गति से काम करे लागत बा। जदि रउओ एह दिक्कत से जूझ रहल बानी तs अब रउआ एकर समाधान मिल सकत बा। आगे खबर में जानीं कवना तरे से स्लो आईफोन के फास्ट कइल जा सकत बा। जदि रउआ अक्सर अपना फोन के बेकार फाइल्स के फोन से हटावेनी ना तs एह वजह से फोन स्लो हो सकत बा। बहुत कम लोग समय-समय पs अपना-अपना फोन से गैर-जरूरी फाइल्स आ कैशे के रिमूव करेला। आईफोन में जवना फाइल्स के जरूरत नइखे भा फेर जवन फाइल्स ट्रैश बिन में पड़ल बा, ओकरा के फोन से हटा देवे के चाहीं। दरअसल, फोन से कैशे हटावे से फोन के स्पीड बढ़ जाला। हालांकि, कइयन बेर अइसन ना होला तब परेसानी कुछ आउर हो सकत बा। अक्सर लोगन के एह बात के जानकारी ना होला आ आईफोन के बैकग्राउंड में कइयन एप्स चलत रहत बा। एह वजह से आईफोन के स्पीड बहुते धीमा हो जाला। एकरा खातिर आईफोन के सेटिंग में जाये के होई, एकरा बाद एह सेटिंग के बंद कs सकत बानी। बाकिर नया आईफोन में बैकग्राउंड एप रिफ्रेश सिस्टम के ऑन रखे के सलाह दिहल जात बा। जदि राउर आईफोन कुछ साल पुरान हो गइल बा तs मुमकिन बा कि ओकर स्पीड बहुते धीमा हो गइल बा। कइयन बेर लोग फोन खातिर जरूरी सॉफ्टवेयर अपडेट के डिवाइस में इंस्टाल ना करेला। एह वजह से आईफोन के स्पीड स्लो हो जाला। आईफोन के गति बहुत कम हो गइल बा आ कवनो काम करे में जादे समय लागत बा तs परेसान होखला के बजाय आईफोन से गैर-जरूरी एप, फाइल्स, फोटो आ वीडियो के डिलीट कs दीं। अइसन कइला से आईफोन में स्टोरेज बढ़ जाई। संगही एह ट्रिक से आईफोन के स्पीडो में सुधार आ सकत बा।","जदि रउआ आईफोन के इस्तेमाल करत बानीं तs रउआ के पता चलल होई कि समय के साथ आईफोन धीमा हो जाला। एह दिक्कत के समाधान खातिर रउआ के बेकार फाइल्स आ कैशे हटावे के चाहीं। बैकग्राउंड में चल रहल एप्स के सेटिंग बंद कs के भी स्पीड बढ़ावल जा सकत बा। सॉफ्टवेयर अपडेट ना कइला से भी आईफोन के गति कम हो जाला। गैर-जरूरी एप, फाइल्स, फोटो आ वीडियो के डिलीट कs के रउआ आईफोन के स्टोरेज आ स्पीड में सुधार क सकीला।",iPhone Tips: रेंग-रेंगके चलेला आईफोन? परेसान होखला के बजाय तुरंत अपनाई ई टिप्स,Neutral,neutral,"डिलीट कर देवे। अप्पल के आईफोन्स के बादो सालन के बाद धीमे काम करे लगत बा. अगर आपका फोन धीरे काम करत बा, तो आप कुछ काम कर के ओकर गति बढ़ा सके। फोन पर गैर जरुरी फाइलस हटा देने से फोन की गति बढ़ सकती है। कई बार लोग फोन पर चल रहे एप्स के बारे में नहीं जानते। ऐसे एप्स को बंद कर देना भी मददगार हो सकता है। नए आईफोंस में बैकड्राउंड ऐप्स को रिफ़्रेश करने की सुविधा ऑन रहती है, लेकिन पुराने आईफ़ोन्स में यह बंद कर सकते हैं। पुराने आईफोन को तेज करने के लिए सॉफ़्टवेअर अप्डेट"
069124ff5b9b135e,"Russia Ukraine War: रूस यूक्रेन पs एगो इंटर कॉ​न्टिनेंटल माने अंतरमहाद्वीपीय मिसाइल (ICBM) दगले बा। यूक्रेन दावा कइले बा कि युद्ध में पहिला बेर रूस इंटर कॉन्टिनेंटल मिसाइलन से हमला कइले बा। जानकारी के मोताबिक, आज (21 नवंबर) के सबेरे 5 से 7 बजे के बीच रूस के ओर से ई हमला कइल गइल। आशंका जतावल जा रहल बा कि रूस RS-26 Rubezh मिसाइलन के इस्तेमाल कइले बा। एह मिसाइल के रेंज 5,800 किमी बा। यूक्रेन के वायुसेना एह हमला के पुष्टि कइले बा। एह मिसाइल के अलावे किंझल हापरसोनिक आ केएच-101 क्रूज मिसाइलन से हमला कइल गइल बा। गौर करे वाला बात कि 20 नवंबर के यूक्रेन के इंटेलिजेंस दावा कइले रहे कि रूसी सेना इंटरकॉन्टीनेंटल बैलिस्टिक मिसाइल RS-26 Rubezh के दागे के तइयारी कs रहल बा। हाले में रूस दावा कइले रहे कि ओकरा हवाई डिफेंस सिस्टम दुगो ब्रिटिश स्टॉर्म शैडो मिसाइलन के मार गिरवले बा। सोशल मीडिया पs एह हमला के वीडियो शेयर कइल जा रहल बा। रूस बीतल रात यूक्रेनी शहर निप्रो (Dnipro) के निशाना बनवले रहे। क्रेन के वायुसेना बियफे के टेलीग्राम पs एगो बयान में कहल गइल कि रूस के अस्त्रखान क्षेत्र से ई मिसाइल दागल गइल बा। हाले में अमरेकी राष्ट्रपति जो बाइडन यूक्रेन के अमेरिका निर्मित लमहर दूरी के मिसाइलन के उपयोग के हरियर झंडी देले रहे। एकरा बाद यूक्रेन रूस पs मिसाइल दगले रहे। मानल जा रहल बा कि यूक्रेन के हमला के रूस जवाब देले बा। बता दीं कि आईसीबीएम रणनीतिक हथियार हs, परमाणु हथियार पहुंचावे खातिर डिजाइन कइल गइल बा आ ई रूस के परमाणु निवारक के एगो महत्वपूर्ण हिस्सा बा। रूस आ यूक्रेन के बीच फरवरी 2022 में युद्ध छिड़ गइल रहे। हाले में युद्द 1000 दिन पूरा हो गइल।","रूस यूक्रेन युद्ध में रूस पहिला बेर इंटर कॉन्टिनेंटल मिसाइल (ICBM) दगले बा। 21 नवंबर के सबेरे 5 से 7 बजे के बीच ई हमला कइल गइल, जवन RS-26 Rubezh मिसाइल से कइल गइल बा। यूक्रेन के वायुसेना एह हमला के पुष्टि कइले बा आ रूस निप्रो शहर के निशाना बनवले रहे। अमेरिका के राष्ट्रपति जो बाइडन यूक्रेन के लमहर दूरी के मिसाइलन के उपयोग के अनुमति देले रहलें। युद्ध फरवरी 2022 से चल रहल बा आ हाल में 1000 दिन पूरा हो गइल।","Russia Ukraine War: रूस के यूक्रेन पs बड़ हमला, पहिला बेर दागी इंटरकॉन्टिनेंटल बैलिस्टिक मिसाइल",Negative,sadness,"ुक क्षमता के प्रदर्शन के रूप में देखल जा सके। रूसी हमले के बाद यूनाइटेड स्टेट्स, यूरोपियन यूनियन, ब्रिटेन, कनाडा, ऑस्ट्रेलिया, जापान, दक्षिण कोरिया, न्यूजीलैंड आ इंडोनेशिया के नेताओन के साथ मिलकर संयुक्त राष्ट्र सुरक्षा परिषद (UNSC) में बैठक कइली गइली। यूक्रेना के प्रेसिडेंट वोलोदिमीर ज़ेलेंस्की ने कहा कि यह हमला एक बड़ा अपराध है और रूस को इसके लिए जिम्मेदार ठहराया जाना चाहिए। रूस ने आज दिनांक २१ नवंबर, सवेरे ५ से ७ बजे बीच में युद्ध के इतिहास में पहिले बेर"
3503c6a38ad6e06b,"भारतीय महिला हॉकी टीम बिहार महिला एशियन चैंपियंस ट्रॉफी राजगीर 2024 के अपना तीसरका ग्रुप स्टेज मैच में थाईलैंड के 13-0 से हराके एगो बड़ जीत दर्ज कइलस। एह मुकाबला में 21 बरिस के फारवर्ड दीपिका सानदार प्रदर्शन करत भारत खातिर पांच गोल (3’, 19’, 43’, 45’, 45+’) कइली। एह मैच में लालरेमसियामी भारतीय महिला हॉकी टीम खातिर आपन 150 मैच पूरा कइके, जबकि प्रीति दुबे आ 50वां कैप हासिल कइली, जवन उनका खातिर एगो महत्वपूर्ण उपलब्धि रहल। पहिला क्वार्टर में भारत जबरदस्त सुरुआत कइलस, जेमे दीपिका मैच के सुरुआती मिनट में गोल कs के भारत के खाता खोलली। थाईलैंड गेना के अपना लगे रखे के कोसिस कइल, बाकिर भारत लगातार आक्रमण कs के आपन पकड़ मजबूत बना के रखलस। प्रीति दुबे अपना 50वां मैच में गोल कs के भारत के बढ़त के दोगुना कs देली। लालरेमसियामी ने गोल कs के स्कोर के 3-0 कs देली। दूसरका क्वार्टर में भारतीय टीम आपन आक्रामक खेल जारी रखलें। दीपिका आपन उत्कृष्ट फॉर्म जारी रखत एगो आ गोल दगली। ब्यूटी डुंगडुंग एगो पेनल्टी कॉर्नर से गोल कs के पहिला हाफ के अंत 5-0 के स्कोर के संगे कइलें। तीसरका क्वार्टर में भारत के आक्रमण आउर तेज हो गइल। प्रीति दुबे आ दीपिका के लगातार गोलन से भारत अपना बढ़त के 9-0 तक पहुंचा देलस। चउथा क्वार्टर में नवनीत कौर, मनीषा चौहान आ लालरेमसियामी गोल कs के स्कोर के 13-0 तक पहुंचा दिहल लो, जवना से भारत एगो सानदार जीत दर्ज कइलस। भारत के अगिला मुकाबला 16 नवंबर के सांझ 4:45 बजे चीन के खिलाफ होई। एह मैच के प्रसारण सोनी स्पोर्ट्स टेन 1 आ डीडी स्पोर्ट्स पs कइल जाई आ सोनीलिव पर लाइव स्ट्रीमिंगो उपलब्ध होई।","भारतीय महिला हॉकी टीम बिहार महिला एशियन चैंपियंस ट्रॉफी राजगीर 2024 में थाईलैंड के 13-0 से हराके एगो बड़ जीत दर्ज कइलस। दीपिका 5 गोल कइली आ प्रीति दुबे 50वां कैप हासिल कइली। भारत के पहिला क्वार्टर में जोरदार सुरुआत भइल, जेमे दीपिका आ प्रीति दुबे गोल कइली। चउथा क्वार्टर में नवनीत कौर, मनीषा चौहान आ लालरेमसियामी गोल कs के स्कोर के 13-0 तक पहुंचा दिहल। अगिला मुकाबला 16 नवंबर के चीन के खिलाफ होई।","Bihar Women’s ACT Hockey : थाईलैंड पs भारत के जीत में दीपिका के महत्वपूर्ण भूमिका, अगिला मुकाबला चीन के खिलाफ",Positive,joy,ल। ** ## भारतनी महिला हौकी टीम ने राजगिर एशियाई चैम्पियंस टूर्नामेंट के तीसरा ग्रुप मैच थाइलैंड से १३-० से जीता। दीपिका ने पाँच गोल कर के टीम के लिये सबसे ज़्यादा गोलकर्ता बनी। लालरेमी ने १५० मैच खेलके टीम के लिए एक नया रिकॉर्ड बनाया। प्रीत दुबे ने अपना ५०वाँ मैच खेला और गोल भी किया। भारत ने पहिले हाफ में ही ५-० की बढ़त बना ली थी। तीसरा और चौथा हाफ भी भारत के दबदबे में रहा और टीम ने १३ गोल से मैच जीत लिया। भारत का अगला मैच १६ नवंबर को शाम ४:४५ ब
2c908577128d75e0,"स्पोर्ट्स डेस्क। पाकिस्तान के पूर्व प्रधानमंत्री आ 1992 विश्व कप विजेता कप्तान इमरान खान के खराब सेहत के खबर से अंतरराष्ट्रीय क्रिकेट जगत में चिंता बढ़ गइल बा। 73 बरिस के इमरान खान के तबियत लगातार बिगड़त बतावल जा रहल बा। एही बीच दुनिया के 14 पूर्व अंतरराष्ट्रीय कप्तान पाकिस्तान सरकार के एगो संयुक्त चिट्ठी लिख के इमरान खान के तुरंत आ बेहतर इलाज करावे के मांग कइले बा लोग। हैरानी के बात ई बा कि एह चिट्ठी पs एको गो पाकिस्तानी पूर्व कप्तान के हस्ताक्षर नइखे। एह 14 दिग्गज कप्तानन में भारत के महान बल्लेबाज सुनील गावस्कर आ पूर्व विश्व कप विजेता कप्तान कपिल देव सामिल बा लोग। सब कप्तान इमरान खान के सेहत पs गहिराह चिंता जतावत पाकिस्तान के प्रधानमंत्री शहबाज शरीफ से अपील कइले बा लोग कि सरकार इमरान के विशेषज्ञ डॉक्टरन से समुचित इलाज करावे आ जरूरी मेडिकल सुविधा मुहैया करावे। एह चिट्ठी पs दस्तखत करे वाला दिग्गजन में ग्रेग चैपल, इयान चैपल, एलन बॉर्डर, माइकल एथरटन, नासिर हुसैन, माइकल ब्रियरले, डेविड गावर, किम ह्यूज, क्लाइव लॉयड, स्टीव वॉ, जॉन राइट आ बेलिंडा क्लार्क जइसन नाम सामिल बा। खास बात ई बा कि एह सूची में एको गो पूर्व पाकिस्तानी कप्तान के नाम नइखे। चिट्ठी में लिखल गइल बा कि इमरान खान विश्व क्रिकेट के महानतम ऑलराउंडर आ कप्तान रहलें। 1992 विश्व कप में पाकिस्तान के ऐतिहासिक जीत दिलावे में उनकर नेतृत्व मिसाल हs। हालिया रिपोर्ट में उनकर दाहिना आंख के रोशनी 85 प्रतिशत तक कम होखे के बात सामने आइल बा, जवन बहुते चिंताजनक बा। रिपोर्ट के मोताबिक, अगस्त 2023 से इमरान खान जेल में बाड़ें। 2022 में सत्ता से हटला के बाद उनका खिलाफ कइयन गो भ्रष्टाचार के ममिला दर्ज भइल आ दिसंबर 2025 में 31 बरिस के सजा सुनावल गइल। परिवार के आरोप बा कि जेल में उनका के सही ढंग से मिलल-जुलल तक नइखे दिहल जात। हालांकि वसीम अकरम, वकार यूनिस आ शाहिद अफरीदी जइसन पाकिस्तानी दिग्गज सोशल मीडिया पs बेहतर इलाज के मांग कइले रहे लोग, बाकिर एह औपचारिक अपील पs पाकिस्तानी पूर्व कप्तानन के चुप्पी कइयन गो सवाल खड़ा करत बा। चिट्ठी के आखिर में कहल गइल बा कि क्रिकेट देसन के बीच सेतु बनेला, मुकाबला पिच तक सीमित रहेला आ इंसानियत आ खेल भावना हमेसा सबसे ऊपर होला।","पाकिस्तान के पूर्व प्रधानमंत्री आ 1992 विश्व कप विजेता कप्तान इमरान खान के खराब सेहत के खबर से क्रिकेट जगत में चिंता बढ़ गइल बा। 73 बरिस के इमरान खान के तबियत बिगड़त बतावल जा रहल बा आ 14 पूर्व अंतरराष्ट्रीय कप्तान एक संयुक्त चिट्ठी लिख के उनकर बेहतर इलाज के मांग कइले बा लोग। चिट्ठी में भारत के सुनील गावस्कर आ कपिल देव समेत कई दिग्गज कप्तान शामिल बाड़ें, लेकिन एको गो पाकिस्तानी पूर्व कप्तान के हस्ताक्षर नइखे। इमरान खान के दाहिना आंख के रोशनी 85 प्रतिशत तक कम हो गइल बा आ उनकर परिवार के आरोप बा कि जेल में सही इलाज नइखे मिलत।","Imran Khan Health : दुनिया के दिग्गजन के आवाज, इमरान खान के करावल जावs सही इलाज",Negative,sadness,"2 में उनका एक्सीडेंट भइल जवन उनकर स्वास्थ्य पर बुरा असर डाला। इमरान की हालत बिगड़े के बाद, दुनिया भर के क्रिकट जगत के लोग चिंतित हो गेले बा। \ 73 साल के पूर्व पाक PM और 92 में विश्व कप जीतने वाले क्‍प्टन इम्रान ख़ान की तबीयत ख़राब हो रही बा। उनकी आँखों की रौशनी भी कम हो गई है। दुनिया के १४ पूर्व अंतर्राष्ट्रीय कप्‍तान, जिनमें भारत के दिग्‍गज बल्‍लेबाज़ सनिल गाव्‍स्‍कर और कपिल देव भी शामिल हैं, ने पाकिस्‍तान सरकार से इम‍्रान की बेहतर देखभाल"
26a99300dea0fcbd,"स्पाेर्ट्स डेस्क : पंजाब किंग्स आईपीएल 2025 में आपन अभियान के सानदार सुरुआत कइले बिया आ ऊ लगातार दूसरका जीत से अंक तालिका में दूसरका स्थान पs पहुंच गइल बिया। पंजाब मंगर के लखनऊ सुपर जाएंट्स के हरवले रहे, जवना से ऊ चार अंक लेके तालिका में दूसरका स्थान पs आ गइल बिया। ओहिजा, गत चैंपियन कोलकाता नाइट राइडर्स (केकेआर) तीन मैचन में दु हार आ एगो जीत से सबसे नीचे 10वां स्थान पs खिसक गइल बिया।लखनऊ के इकाना स्टेडियम में खेलल गइल एह मुकाबला में टॉस हारके पहिले बल्लेबाजी करे उतरल मेजबान टीम 20 ओवर में सात विकेट खोके 171 रन बनवलस। जवाब में पंजाब 16.2 ओवर में दु विकेट पs 177 रन बनवलें आ मुकाबला अपना नावे कs लेलस। पंजाब चउथा बेर सत्र के सुरुआत में दुगो मुकाबला जीतले बिया। एकरा पहिले टीम 2014, 2017, 2023 में सुरुआती दुगो मुकाबला जीतले रहे। पंजाब के अलावे रॉयल चैलेंजर्स बेंगलुरु (आरसीबी) आ दिल्ली कैपिटल्स अइसन टीम बाड़ी सs जवन अभी ले टूर्नामेंट में अजेय बनल बिया। आरसीबी, पंजाब आ दिल्ली के एक समान अंक बा, बाकिर बेहतर नेट रन रेट के कारण आरसीबी शीर्ष पs बनल बिया, जबकि दिल्ली तीसरका स्थान पs बा। गुजरात टाइटंस के टीम दुगो मैचन में एगो जीत आ एक हार संगे चउथा स्थान पs बिया। मुंबई इंडियंस, चेन्नई सुपर किंग्स, लखनऊ सुपर जाएंट्स, सनराइजर्स हैदराबाद, राजस्थान रॉयल्स आ केकेआर तीन-तीन मैच खेल लेले बिया आ एह टीमन के एक समान दु अंक बा। दिलचस्प बात ई बा कि सब 10 टीम जीत के खोल लेले बाड़ी सs। आई़ं जानल जाव एक अप्रिल तक के मैच के बाद आईपीएल 2025 के अंक तालिका में कवन टीम कवना स्थान पs बा… आईपीएल 2025 में मंगर एक अप्रिल तक भइल मैचन के बाद लखनऊ सुपर जाएंट्स के बल्लेबाज निकोलस पूरन ऑरेंज कैप के दउड़ में सबसे आगे बाड़ें। पूरन तीन मैच में 219.76 के स्ट्राइक रेट से 189 रन बनवले बाड़ें। पूरन अभी ले 17 चौके आ 15 छक्का लगा चुकल बाड़ें आ उनकर सर्वोच्च निजी स्कोर 75 रन बा। दूसरका स्थान पs पंजाब किंग्स के कप्तान श्रेयस अय्यर बाड़ें, जे दु मैचन में 149 रन बनवले बाड़ें आ उनकर सर्वोच्च स्कोर नाबाद 97 रन बा। चेन्नई सुपर किंग्स के स्पिनर नूर अहमद पर्पल कैप के दउड़ में फिलहाल सबसे आगे बाड़ें। नूर सानदार गेंदबाजी कs रहल बाड़ें आ अभी ले तीन मैचन में नव विकेट अपना नावे कs चुकल बा। दूसरका स्थान पs दिल्ली कैपिटल्स के तेज गेंदबाज मिचेल स्टार्क बा जे दु मैचन में आठ विकेट लेले बाड़ें। स्टार्क सनराइजर्स हैदराबाद के खिलाफ मैच में पांच विकेट लेले रहस। जवना के मदद से ऊ एह सूची में दूसरका नंबर पs आ गइल बाड़ें।","पंजाब किंग्स आईपीएल 2025 में शानदार सुरुआत कइले बिया आ ऊ लखनऊ सुपर जाएंट्स के हराके अंक तालिका में दूसरका स्थान पs पहुँच गइल बिया। लखनऊ के इकाना स्टेडियम में खेलल मुकाबला में पंजाब 16.2 ओवर में 177 रन बनाके जीतल। निकोलस पूरन लखनऊ के ओर से ऑरेंज कैप के दउड़ में सबसे आगे बाड़ें, जबकि नूर अहमद चेन्नई सुपर किंग्स के पर्पल कैप के दउड़ में सबसे आगे बाड़ें। आईपीएल में सब 10 टीम जीत के खोल लेले बाड़ी स।","IPL 2025 Points Table: दूसरका स्थान पs पहुंचल पंजाब किंग्स, केकेआर 10वां नंबर पs खिसकल; जानीं अंक तालिका के हाल",Positive,joy,"। **भोजपुरि भाषा में समाचार के ८०-१०० शब्दन का सारंश:** पंजाभ किंग्‍स आई.पी.एल. २०२५ में धमाकेदार शुरुआत करिले बा। उनहें लगतार दो मैच जीतके अंकतालिका मे दुसरा स्थान हासिल भइल बा। पनजाभ लखनाव सुपर जेन्ट्स के हराके चार अंक्‍स लेके दुसरे स्थान पर पहुँचे। वहीं, पिछले साल के विजेता कोलकता नाईट राइडर (के.के.आर.) तीन मैचेस में दो हार के साथ सबसे नीचे दसवें स्थान पर खिसके गये। लखनाव में खेले गये इस मैच में टास्‍स हारे पं"
2f63dddf73e125f0,"दिल्ली के मुख्यमंत्री रहल आ आम आदमी पार्टी के संयोजक अरविंद केजरीवाल आजु यानी 18 दिसंबर के दिल्ली के जनता खातिर एगो बड़हन एलान कइले बाड़न. आज दुपहरिया एक बजे केजरीवाल एगो प्रेस कांफ्रेंस कs के दिल्ली के जनता के एगो बढ़िया खबर देले बाड़े। अरविंद केजरीवाल बुजुर्गन खातिर संजीवनी योजना के एलान कइले बाड़न जवन बुजुर्गन के स्वास्थ्य सेवा से जुड़ल बा. केजरीवाल सोशल मीडिया साइट ‘एक्स’ पs ट्वीट करत लिखले कि, “हम आज दुपहरिया एक बजे बहुत महत्वपूर्ण घोषणा करे जा रहल बानी। इs घोषणा हमनी के बुजुर्ग लोग खातीर होई अवुरी दिल्ली मॉडल में एगो अवुरी मील के पत्थर साबित होई।” अरविंद केजरीवाल आजु दुपहरिया एक बजे दिल्ली के बुजुर्गन खातिर संजीवनी योजना के एलान कइलन, एकरा तहत दिल्ली सरकार 60 साल से ऊपर के बुजुर्गन के खरचा उठाई.",दिल्ली के मुख्यमंत्री आ आम आदमी पार्टी के संयोजक अरविंद केजरीवाल 18 दिसंबर के एगो बड़हन एलान कइले बाड़न। आज दुपहरिया एक बजे ऊ प्रेस कांफ्रेंस कs के बुजुर्गन खातिर संजीवनी योजना के एलान कइलन। ई योजना 60 साल से ऊपर के बुजुर्गन के स्वास्थ्य सेवा से जुड़ल बा आ दिल्ली सरकार एकरा तहत उनकर खरचा उठाई। केजरीवाल सोशल मीडिया पर लिखले कि ई घोषणा दिल्ली मॉडल में एगो मील के पत्थर साबित होई।,केजरीवाल ‘संजीवनी स्कीम’ के कइले ऐलान,Positive,joy,"आज दिनांक १८ दिसम्बर को दिल्ली के मुख्‍यमंत्री आ आम आदी पार्टी के नेता अरव्‍िंद केजीरवाल ने दिल्ली के लोगों के लिए एक बड़ी घोषाना की। दुपहर १ बजे एक प्रेस्‍स कान्‍फ्रन्‍स में उन्होंने बुज्‍जुर्‍गों के लिए ""संजीव्‍नी योजना"" की घोष्‍णा की। केज्रिवा‍ल ने सोशल मिडिया पर लिखा कि यह घोश्‍णा दिल्ली मोडल में एक और मील का पत्‍थर होगी। इस योजना के तहत, दिल्ली सरकार ६० साल से ज्‍यादा उम्र के लोगों का खर्च उठाएगी।"
be28756b64db7823,"कोका-कोला के वैश्विक मुख्यालय के सचिव के पेप्सी के एगो नाया उत्पाद के बारे में बहुत गोपनीय व्यापारिक जानकारी बेचे के कोशिश के आरोप में गिरफ्तार कइल गइल। जानकारी के मुताबिक, जोया विलियम्स अपना सहयोगी इब्राहिम डिमसन आ एडमंड दुहानी के संगे मिल के कोका-कोला के चोरी भइल जानकारी के 15 लाख अमेरिकी डॉलर (12.6 करोड़ रुपया) के भारी कीमत पऽ बेचे के साजिश रचले। हालांकि ई साजिश तब असफल हो गइल जब पेप्सी मौका के फायदा उठावे कड़ बजाय कोका कोला आ एफबीआई के एह गैरकानूनी सौदा के जानकारी दिहलस। बता दीं कि कोका-कोला के ग्लोबल ब्रांड डायरेक्टर के सहायक के रूप में काम करे वाला जोया विलियम्स एगो नाया गुप्त उत्पाद वाला शीशी चोरा के बेचे के कोशिश करत पकड़ा गइले। एफबीआई अपराधियन के पकड़े खातिर एगो गुप्त अभियान में पेप्सी के एग्जीक्यूटिव के रूप में पेश कइलस। एह सब के दौरान जोया विलियम्स के सहयोगी इब्राहिम डिमसन 30,000 डॉलर के बदला में गोपनीय दस्तावेज अउरी कोका-कोला के शीशी देले, जवन कि पीला रंग के गर्ल स्काउट कुकी बॉक्स के भीतर छिपल रहे। ई गुप्त अभियान ज़ोया विलियम्स आ उनकर सहयोगियन के गिरफ्तारी के संजोग से भइल जवना के गैरकानूनी सौदा पूरा होखे से पहिले गिरफ्तार कर लिहल गइल। ए मामला के खुलासा के बाद सरकारी वकील डेविड नहमियास पेप्सी के एह फैसला के तारीफ कइले। एगो अखबार के मुताबिक उऽ कहले कि उ अइसन एहसे कइले कि व्यापारिक समुदाय के सभे खातिर व्यापारिक रहस्य महत्वपूर्ण बा। ओह लोग के एहसास होला कि अगर ओह लोग के व्यापारिक रहस्य के उल्लंघन होखे तऽ ओह लोग के सब केहू के नुकसान होला, बाजार के नुकसान होला आ पूरा कारोबार के नुकसान होला। जो विलियम्स आ उनकर साथियन पऽ गैरकानूनी तरीका से व्यापारिक रहस्य चोरी आ बेचे के आरोप बा। जोया विलियम्स पऽ गैरकानूनी तरीका से व्यापारिक रहस्य चोरी करे आ बेचे के आरोप लागल रहे। उनका पs पेप्सी के झूठा नाम से चिट्ठी लिखे के आरोप बा, जवना में कोक के आंतरिक दस्तावेज आ शीशी खाती 10,000 अमेरिकी डॉलर (8,41,373 रुपया) के मांग कइल गइल बा।","कोका-कोला के वैश्विक मुख्यालय के सचिव जोया विलियम्स के पेप्सी के एगो नाया उत्पाद के गोपनीय जानकारी बेचे के कोशिश के आरोप में गिरफ्तार कइल गइल। ऊ आ उनकर सहयोगी इब्राहिम डिमसन आ एडमंड दुहानी मिल के 15 लाख अमेरिकी डॉलर के कीमत पर चोरी भइल जानकारी बेचे के साजिश रचले रहले। ई साजिश तब असफल हो गइल जब पेप्सी कोका-कोला आ एफबीआई के जानकारी दिहलस। जोया विलियम्स पर गैरकानूनी तरीका से व्यापारिक रहस्य चोरी आ बेचे के आरोप बा, आ उनकर खिलाफ पेप्सी के झूठा नाम से चिट्ठी लिखे के आरोप भी लागल बा।",USA: कोका-कोला के सचिव तीन गो साथियन के साथे गिरफ्तार,Negative,neutral,"उतार-चढ़ाव होला। **भोजपुरि समाचार के सारंश:** कोका कोल के एक कर्मचारी, जिया विलियमस, कोका के गुप्त जानकारी बेचने के चक्कर में पकड़ा गया। जिया ने अपने दोस्त इब्राहीम और एडमुंड के साथ मिलकर कोकाकोला की गुप्त योजनाओं की जानकारी 1.26 करोड़ रुपए में बेचना चाही। जिया ने पेप्सि के एक अधिकारी को गुप्त रूप से जानकारी दी थी। लेकिन पेपसी ने इस सौदे में हिस्सा नहीं लिया और इस जानकारी को FBI को दे दी। FBI ने एक गुप्त ऑपरेशन चलाया और जिया और उसके दोस्तों को पकड़ लिया।"
c7af779cbb917f27,"बुध के 31 जनवरी के भारतीय रिजर्व बैंक एगो बयान जारी कs पेटीएम पेमेंट बैंक के खिलाफ कार्रवाई कईलस। बयान में आरबीआई कहलस कि पेटीएम पेमेंट बैंक के 29 फरवरी 2024 के बाद कवनो ग्राहक के खाता, प्रीपेड उपकरण, वॉलेट, फास्टैग, NCMC कार्ड आदि में कवनो तरीका से पईसा जमा करे पs रोक लगा दिहल गईल बा। आरबीआई के एह बयान के बाद से सोशल मीडिया पs #Paytm ट्रेंड हो रहल बा। लोग पेटीएम के शेयरधारकन के बारे में मजेदार मीम बना रहल बा। आईं हमनी के देखावल जाव कि कइसे लोग सोशल मीडिया पs मीम शेयर कs रहल बा। जवना लोग के पईसा पेटीएम पेमेंट बैंक में बा, चिंता करे के जरूरत नईखे। आरबीआई के कहना बा कि एह प्रतिबंध के बावजूद पेटीएम पेमेंट बैंक के ग्राहक अपना बचत खाता, चालू खाता, प्रीपेड इंस्ट्रूमेंट, फास्टैग वगैरह से बकाया बैलेंस के आसानी से निकाल सकेलें भा ओकर इस्तेमाल कs सकेलें।",बुध के 31 जनवरी के भारतीय रिजर्व बैंक पेटीएम पेमेंट बैंक के खिलाफ कार्रवाई कईलस। आरबीआई कहलस कि 29 फरवरी 2024 के बाद कवनो ग्राहक के खाता में पईसा जमा करे पs रोक लगावल गईल बा। एह बयान के बाद सोशल मीडिया पs #Paytm ट्रेंड हो रहल बा आ लोग पेटीएम के शेयरधारकन पर मीम बना रहल बा। आरबीआई के कहना बा कि प्रतिबंध के बावजूद ग्राहक अपना बचत आ चालू खाता से बकाया बैलेंस निकाल सकेलें।,"RBI के एगो फैसला सोशल मीडिया के बनवलस Paytm Meme के अड्डा, देखी कइसन-कइसन मीम हो रहल बा वायरल",Negative,neutral,"३१ जनवरी बुधवार के दिन भारतीय रिज़र्व बैंके एगो रिपोर्ट निकालल बा जहाँ पेमेंट बैंकिं के खिलाफ़ कारवाई कहील गेल बा। आरबीआई ने कहल बा कि २९ फ़रवरी २०२४ के बाद पेमेंट बैक में पैसे जमा नही कर सकल। एह खबर के बाद सोशल मिडिया पर #paytm ट्रेंड हो गेला। लोगों ने पेमेंट बैंक के शेअरधारकों के लिए मज़ाकिया मीम्स बनाए रखे हैं। लेकिन चिंतित न होइए, आप अपना पैसे निकाल सकलें आ उसका इस्तेमाल भी सकतें।"
b85a5ec9cb605cca,"स्पोर्ट्स डेस्क। इंग्लैंड दौरा पs भारत के एगो आउर बड़ झटका लागल बा। भारतीय खिलाड़ियन के चोटिल होखला के दौर जारी बा आ अब एमे उपकप्तान ऋषभ पंत के नाम जुड़ चुकल बा। पंत चोटिल होके इंग्लैंड के खिलाफ बाकी बचल सीरीज से बाहर हो चुकल बाड़ें। उनका मैनचेस्टर टेस्ट के पहिला दिन बल्लेबाजी करत गोड़ में चोट लागल रहे। एकरा बाद उ बहुते दरद में लउकल रहस आ रिटायर्ड हर्ट हो गइल रहस। उनका के स्कैन खातिर ले जाइल गइल। न्यूज एजेंसी पीटीआई बीसीसीआई सूत्रन के हवाले से बतवले बा कि उनका गोड़ के अंगुरी टूट गइल बा आ डॉक्टर लाेग उनका के आराम करे के सलाह देले बा। पहिला पारी में पंत 37 रन बनाके बल्लेबाजी करत रहस, जब रिवर्स स्वीप के प्रयास में गेना आके उनका गोड़ पs लागल। भारतीय पारी के 68वां ओवर में क्रिस वोक्स के गेना उनका दाहिने गोड़ पs लागल। एकरा बाद उ जमीन पs लेट गइलें आ बहुते दरद में लउकल रहस। फीजियो के अइला पs उ दरद से कराहत लउकल रहस। फेर उनका के उठाके ले जाये के कोसिस कइल गइल, बाकिर उ चल ना सकलें। फेर उनका के एंबुलेंस में ले जाइल गइल। पंत के दहिना गोड़ से खून रिसत देखल गइल, संगही देह के ओह हिस्सा में बहुते सूजन रहे। पंत के बाहर होखल बड़ झटका बा, काहेकि उ इन फॉर्म बल्लेबाज बाड़ें आ मैनचेस्टर टेस्ट के पहिला पारी में सानदार बल्लेबाजी करत रहस। अब उ बल्लेबाजी खातिर ना अइहें, जवना से भारत एह टेस्ट में एगो कम बल्लेबाज के संगे उतरी। ऐकर नुकसान हो सकत बा। इंग्लैंड के टीम पहिलही सीरीज में 2-1 से आगे बिया। जदि भारतीय टीम ई टेस्ट हारत बिया तs सीरीजो हार जाई। ओहिजा, बीसीसीआई के एगो सूत्र न्यूज एजेंसी पीटीआई के बतवलस, ‘स्कैन रिपोर्ट में फ्रैक्चर दिखावल गइल बा आ उ छव हफ्ता खातिर मैदान से बाहर हो गइल बाड़ें। बीसीसीआई जल्दिये उनका रिप्लेसमेंट के एलान करी आ ईशान किशन रिप्लेसमेंट हो सकत बाड़ें।’ पांचवां टेस्ट लंदन के द ओवल मैदान में 31 जुलाई से चार अगस्त तक खेलल जाई। किशन हाले में नॉटिंघमशायर खातिर दुगो काउंटी मैच खेलले बाड़ें आ संगही टेस्ट सीरीज से पहले इंग्लैंड लायंस के खिलाफ खेले वाली भारत ए टीम के हिस्सा रहस। थिंक टैंक केएल राहुल के विकेटकीपिंग करे खातिर कहल जा सकत बा, बाकिर उ 2023-24 सीजन में दक्षिण अफ्रीका दौरा के बाद से ई जिम्मेदारी नइखन निभवले। ओहिजा, इंडियन एक्सप्रेस बीसीसीआई के एगो सूत्र के हवाले से बतवलस, ‘मेडिकल टीम ई देखे के कोसिस कs रहल बिया कि का पंत दर्द निवारक दवा लेके फेर से बल्लेबाजी खातिर आ सकत बाड़ें। हालांकि, उनका चले खातिर अभियो सहारा के जरूरत बा आ उनका बल्लेबाजी के संभावना बहुत कम दिख रहल बा।’ पंत अब अगिला छव हफ्ता तक मैदान पs ना लउकिहें। भारत पहिलही से ही चोट के संकट से जूझ रहल बा। ऑलराउंडर नीतीश कुमार रेड्डी (घुटना) सीरीज से बाहर हो चुकल बाड़ें आ तेज गेंदबाज आकाश दीप (ग्रोइन) आउर अर्शदीप सिंह (अंगूठा) चउथा टेस्ट में नइखे खेल रहल लो। शार्दुल ठाकुर आ अंशुल कंबोज के चउथा टेस्ट में मवका दिहल गइल। पंत अब तक एह सीरीज में चार मैचन में 66 के औसत से 462 रन बनवले रहस। एमे दु शतक आ दुगो अर्धशतक सामिल बा। पंत एकरा पहिलहूं चोट के वजह से बहुत समय तक क्रिकेट से दूर रहल रहस। उनकर 2022 के दिसंबर में एक्सीडेंट भइल रहे आ गोड़ में गंभीर चोट लागल रहे। उ करीब डेढ़ साल बाद आईपीएल 2024 से क्रिकेट में वापसी कइले रहस। अब एक बेर फेर उ चोटिल हो गइल बाड़ें।","भारत के उपकप्तान ऋषभ पंत इंग्लैंड के खिलाफ सीरीज से बाहर हो गइल बाड़ें काहेकि उनकर गोड़ में चोट लागल बा। मैनचेस्टर टेस्ट के पहिला दिन बल्लेबाजी करत समय उनकर गोड़ पs गेंद लागल आ उ रिटायर्ड हर्ट हो गइलें। स्कैन में पता चलल कि उनका गोड़ के अंगुरी टूट गइल बा आ डॉक्टर आराम करे के सलाह देले बाड़ें। पंत के बाहर होखल भारत खातिर बड़ झटका बा, काहेकि उ फॉर्म में रहल बाड़ें आ अब टीम में एगो कम बल्लेबाज हो जाई। बीसीसीआई जल्दी उनका रिप्लेसमेंट के एलान करी।","IND vs ENG: भारत के बड़ झटका, ऋषभ पंत इंग्लैंड सीरीज से भइलें बाहर, ईशान किशन के टीम में कइल जा सकत बा सामिल",Negative,sadness,ौ 3-1 की हार हो जायेगी। भारतीय क्रिकेट टीम के उपकॅप्टन ऋष्भ पांट चोट के कारण इंग्‍लैंड के ख़िलाफ़ बाकी टेस्‍ट मैचों में नहीं खेल सकेंगे। उनकी चोट मैच के पहिले दिन ही हुई थी जब वो बल्‍लेबाज़ी कर रहे थे। पांट के दाहिना हाथ की उंगली टूट गई है और डॉक्‍टरों ने उन्हें आराम करने की सल्‍लाह दी है।
e6fb43eceaea5cd2,"स्पोर्ट्स डेस्क। विश्व टेस्ट चैंपियनशिप के अइला के बाद से टेस्ट क्रिकेट के रोमांच दोगुना हो गइल बा। अब टीमन के बीच जीत के लेके रोमांचक जंग देखे के मिलत बा। हालांकि, एकरा के आउर रोचक बनावे खातिर आईसीसी प्लेइंग कंडीशन में बदलाव करे जा रहल बा। एगो रिपोर्ट के मोताबिक, अंतरराष्ट्रीय क्रिकेट परिषद (आईसीसी) 2027-29 विश्व टेस्ट चैंपियनशिप चक्र में छोट देसन खातिर चार दिवसीय टेस्ट मैच के मंजूरी देवे खातिर तइयार बा, बाकिर भारत, ऑस्ट्रेलिया आ इंग्लैंड जइसन बड़ टीम एमे अपवाद रहिहें सs। ई तीनो देस एक दूसररा के खिलाफ पारंपरिक पांच दिवसीय मैच खेली। मैचन के संख्या एक दिन कम करे के कदम एगो महत्वपूर्ण आ बड़े बदलाव के ओर इशारा कs रहल बा। आईसीसी के माने के बा कि एकरा से से छोट देसन के जादे से जादे टेस्ट आ लमहर सीरीज खेले में मदद मिली। ‘द गार्जियन’ अखबार के एगो रिपोर्ट में कहल गइल बा, पिछला हफ्ता लॉर्ड्स में डब्ल्यूटीसी फाइनल में चरचा के दौरान आईसीसी अध्यक्ष जय शाह 2027-29 डब्ल्यूटीसी चक्र खातिर चार दिवसीय टेस्ट खातिर आपन समर्थन व्यक्त कइले बाड़ें। एकर चर्चा फाइनल के दौरान एहिसे भइल ताकि समय से एह नियम के मंजूरी मिल सके आ एकरा खातिर नियम बनावल जा सके। हालांकि, एह नए नियम के बादो इंग्लैंड, ऑस्ट्रेलिया आ भारत एक दूसरा के खिलाफ माने एशेज सीरीज, बॉर्डर-गावस्कर ट्रॉफी आ एंडरसन-तेंदुलकर ट्रॉफी के दौरान पांच दिवसीय टेस्ट मैच खेली।’ हाले में भारत आ इंग्लैंड के बीच टेस्ट सीरीज के पटौदी सीरीज से हटाके एंडरसन-तेंदुलकर ट्रॉफी कs दिहल गइल बा। हालांकि, एह नाम के लॉन्च होखल अभी बाकी बा। भारत आ इंग्लैंड के बीच पांच मैचन के टेस्ट सीरीज के सुरुआत 20 जून से लीड्स में होखे जा रहल बा। आईसीसी पहिला बेर 2017 में द्विपक्षीय मुकाबलन खातिर चार दिवसीय टेस्ट के मंजूरी देले रहे। इंग्लैंड 2019 आ 2023 में आयरलैंड के खिलाफ चार दिवसीय टेस्ट के बाद पिछला महीना ट्रेंट ब्रिज में जिम्बाब्वे के संगे चार दिवसीय मैच खेलल रहे। रिपोर्ट के मोताबिक, ‘कइयन गो छोट देस समय आ लागत के कारण टेस्ट मैचन के मेजबानी करे से कतराला, बाकिर चार दिवसीय क्रिकेट के ओर कदम बढ़ावे से तीन टेस्ट मैचन के पूरा सीरीज तीन हफ्ता से कम समय में खेलल जा सकी। रिपोर्ट में कहल गइल बा कि, ‘चार दिवसीय टेस्ट मैचन में समय के बर्बादी के कम करे खातिर एक दिन के अंदर खेल के समय के बढ़ाके प्रतिदिन न्यूनतम 98 ओवर कs दिहल जाई। मवजूदा पांच दिवसीय टेस्ट में एक दिन में अधिकतम 90 ओवर गेंदबाजी होला। पिछला सप्ताह लॉर्ड्स में ऑस्ट्रेलिया के खिलाफ रोमांचक फाइनल में विश्व चैंपियन बनला के बावजूद दक्षिण अफ्रीका एह मुद्दा के आउर उजागर कइले बा आ बदलाव के आवश्यकता s ध्यान केंद्रित कइले बा।’ हालांकि, 2025-27 विश्व टेस्ट चैंपियनशिप पांच दिवसीय मैच के मवजूदा प्रारूप के तहत जारी रही। एकर सुरुआत मंगर के श्रीलंका आ बांग्लादेश के बीच दु टेस्ट मैचन के सीरीज से होई। 2025-27 चक्र में प्रतिस्पर्धा करे वाला नव देसन के बीच खेलल जाये वाला 27 टेस्ट सीरीज में से 17 सीरीज में खाली दु मैच होई, जबकि तीन मैच के छव सीरीज होई। इंग्लैंड, ऑस्ट्रेलिया आ भारत सब एक-दूसरा के खिलाफ पांच टेस्ट मैचन के सीरीज खेली।","विश्व टेस्ट चैंपियनशिप के बाद टेस्ट क्रिकेट के रोमांच बढ़ गइल बा। आईसीसी 2027-29 चक्र में छोट देसन खातिर चार दिवसीय टेस्ट मैच के मंजूरी देवे के तइयारी में बा, जबकि भारत, ऑस्ट्रेलिया आ इंग्लैंड पारंपरिक पांच दिवसीय मैच खेली। आईसीसी अध्यक्ष जय शाह चार दिवसीय टेस्ट के समर्थन कइले बाड़ें आ ई नियम के मंजूरी खातिर चर्चा भइल। भारत आ इंग्लैंड के बीच टेस्ट सीरीज 20 जून से लीड्स में शुरू होखे जा रहल बा। चार दिवसीय टेस्ट में प्रतिदिन न्यूनतम 98 ओवर खेलल जाई।","Test Cricket: अब चार दिन के होई टेस्ट मैच, एह नियम के कब से लागू करी ICC? भारत सहित तीन टीम रही अपवाद",Neutral,neutral,"बा। विश्‍व टेस्‍ट चैं‍पियन्‍शिप अइल के बाद, टेस्ट क्रीकेट में रोमाँच बढ़ल बा. अब आईस‍सी छोट देशन के लिए चार दिन के टेस्ट मॅच खेले के अनुमति देवे के तैयारी करत बा. एह बदलावन से छोट देश के जादा से जादा टेस्ट खेलने में मदद मिलेगी. 2017-19 डब्‍लूटीसी के दौरान भारत, अस्‍त्रे‍लिया, इंग्‍लैंड जैसे बड़े देशों के बीच पांचा दिवस के मैच चलत रहलें. लेकिन, आईएससी के मुताबिक छोट देशों को टेस्ट और लम्‍बे सीरीज़ खेलने के मौका मिलेगा. आईसी씨 अध्यक्ष जेय"
22e1955f05d9687d,टीम इंडिया 5वां टेस्ट मैच आस्ट्रेलिया के खिलाफ खेल रहल बिया। एह सीरीज के 5वां टेस्ट मैच के बीच भारतीय टीम आ प्रशंसकन खातिर एगो बुरा खबर सामने आइल बा. टीम इंडिया अबहियो एह मैच में मजबूत पोजीशन में लउकत रहुवे कि जसप्रीत बुमराह अचानक मैदान से बाहर निकल गइलन. मैदान से निकलत देख हर प्रशंसक के धड़कन बढ़ल। जसप्रीत बुमराह एह सीरीज के दौरान टीम इंडिया खातिर सबले सफल गेंदबाज रहल बाड़न. बुमराह भी मैदान से बाहर निकलला के कुछ देर बाद स्टेडियम से बाहर निकल गईले। उनुका के टीम इंडिया के मेडिकल स्टाफ के संगे स्कैन खातीर स्टेडियम के बहरी जात देखल गईल। एकर वीडियो भी सामने आइल बा। जवना में उनुका के गाड़ी में बैठके रवाना होखत देखल गईल।,"टीम इंडिया 5वां टेस्ट मैच आस्ट्रेलिया के खिलाफ खेल रहल बिया। जसप्रीत बुमराह अचानक मैदान से बाहर निकल गइलन, जेकरा से प्रशंसकन के धड़कन बढ़ गइल। बुमराह एह सीरीज में टीम इंडिया के सबले सफल गेंदबाज रहल बाड़न आ कुछ देर बाद उनुका के मेडिकल स्टाफ के संगे स्कैन खातिर स्टेडियम के बहरी जात देखल गईल। एकर वीडियो भी सामने आइल बा।","मैच के बीचे में ही बुमराह स्टेडियम से बाहर निकलले, इंजरी के खतरा",Negative,sadness,भारत आस्ट्रलिया खिलाफ खेले जा रहे 5वें टेस्ट मॅच में एक दुखद घटना घटी। भारतीय टीम के स्टार गेंदबाज़ जस्‍प्रीत्‍ बुम्राच मैदानी से अचानाक बाहर हो गए। उनका मैदान छोड़ते देख दर्शकों के दिल में घबराहट फैल गई। बुमराच इस सीरीज़ में टीम के लिए सबसे सफल बॉलर रहे हैं। मैदान छोड़ने के बाद कुछ ही देर में उनको टीम के डॉक्टरों के साथ अस्पताल ले जाया गया। इस घटना का वीडियो भी सोशल मीडिया पर वायरल हो गया है।
