index,gold,pred,ROUGE-1_F1,ROUGE-2_F1,ROUGE-L_F1
0,"बैंकॉक से साउथ कोरिया आ रहल जेजू एयर के एगो फ्लाइट मुआन इंटरनेशनल एयरपोर्ट पs क्रैश हो गइल। प्लेन में सवार 181 लोगन में से 85 लोगन के शव बरामद भइल बा आ खाली दु लोगन के जिंदा बचावल जा सकल बा। लैंडिंग गियर में खराबी के चलते प्लेन बिना लैंडिंग गियरे के उतरे के पड़ल आ रनवे पs फिसल के एयरपोर्ट के बाउंड्री से टकरा गइल। हादसा भारतीय समय के अनुसार, सबेरे 5:37 बजे भइल। थाईलैंड के प्रधानमंत्री दुर्घटना से प्रभावित लोगन के परिवारन के प्रति संवेदना व्यक्त कइले बा।","बैंकॉक से साउथ कोरिया आ रहल जेजू एयर के एगो फ्लाइट अतवार के मुआन इंटरनेशनल एयरपोर्ट पs क्रैश हो गइल। प्लेन में सवार 181 लोगन में से 85 लोगन के शव बरामद भइल बा, जबकि बाकी यात्रियो काल के गाल में जा चुकल बा। न्यूज एजेंसी योनहाप के अनुसार, प्लेन के लैंडिग गियर में खराबी आ गइल रहे, जवन प्लेन के बिना लैंडिंग गियर ना खुलला के वजह से प्लेन लैंड ना हो सकल रहे। पायलट दूसरका बेर प्लेन के साथ लैंडिंग के कोशिश कइले रहे। quarantines/safety quotes/addictions/infosys/systems/systems/reports/departmental-infographic-content/self-records/disclosures/",0.2609,0.1905,0.2609
1,"अगिला साल होखे वाला चैंपियंस ट्रॉफी खातिर अभी ले वेन्यू तय नइखे भइल। पाकिस्तान क्रिकेट बोर्ड आधिकारिक मेजबान बा, बाकिर बीसीसीआई के टीम इंडिया के पाकिस्तान ना भेजे के फैसला पीसीबी के परेसानी में डाल देले बा। रिपोर्ट में कहल गइल बा कि जदि भारतीय टीम फाइनल में पहुंचत बिया तs मुकाबला दुबई में हो सकेला। चैंपियंस ट्रॉफी 19 फरवरी से नौ मार्च तक लाहौर, कराची आ रावलपिंडी में खेलल जा सकत बा। पीसीबी अध्यक्ष मोहसिन नकवी भारत के भागीदारी के लेके आशान्वित बाड़ें।","पाकिस्तान चैंपियंस ट्रॉफी टूर्नामेंट खातिर अभी ले वेन्यू तय नइखे भइल। पाकिस्तान क्रिकेट बोर्ड एकर आधिकारिक मेजबान बा, लेकिन बीसीसीआई के ओर से टीम इंडिया के पाकिस्तान ना भेजे के फैसला पीसीबी के परेसानी में डाल देले बा। बीसीसीआई आधिकारिक तौर पs कवनो बयान तs नाइखे देले, लेकिन भारत सरकार जवन फैसला करी, उहे मानल जाई। पाकिस्तान 2023 वनडे विश्व कप खातिर भारत के दौरा कइले रहे, बाकिर भारत के मेजबानी लाहौर के दिहल गइल बा। टेलीग्राफ के रिपोर्ट में बतवलें कि पाकिस्तान के एगो बड़ा झटका लाग सकत बा। अंतर्राष्ट्रीय क्रिकेट परिषद (आईसीसी) के रिपोर्ट के अनुसार, पाकिस्तान के दौरा 2023 के फाइनल के स्थल के रूप में लाहौर में होला बा। फ़ायदेमंद बा, जवना में पाकिस्तान के हिस्सा ना लेवे के बात कइल जाई बा।",0.3333,0.0,0.3333
2,"भारतीय महिला हॉकी टीम के दिग्गज वंदना कटारिया मंगल के दिने अंतर्राष्ट्रीय हॉकी से संन्यास लेबे के एलान कइली। उs 15 साल तक भारतीय हॉकी में योगदान देले बाड़ी आ 320 गो अंतर्राष्ट्रीय मैच खेल चुकल बाड़ी। कटारिया कहली कि उs थकान के चलते ना, बलुक अपना करियर के चरम पs एs खेल से अलविदा कहतारी। रिटायरमेंट के बाद भी उs हॉकी से जुड़ल रहीहे आ उनकर कहानी इहाँ खतम नईखे होखत।","भारतीय महिला हॉकी टीम के दिग्गज वंदना कटारिया मंगल के दिने अंतर्राष्ट्रीय हॉकी से संन्यास लेबे के एलान कइली। उs कहली कि उs अपना करियर के चरम पs एs खेल के अलविदा कहतारी। 32 बरीस के स्ट्राइकर वंदना कहले कि उनकर अंतरराष्ट्रीय हॉकी में 320 गो अंतर्राष्ट्रीय मैच खेल चुकल बाड़ी जवन कवनो ना खेल सकेला। उनकर गर्व से इs कदम उठावत बाड़ी आ उनकर जर्सी पहिरे के गौरव बनल रहल बाड़ी। उ कहले कहलें कि ऊ हॉकी से जुड़ल रहीहे, लेकिन उनकर मेहनत आ मेहनत से उनकर सफलता मिलल बा। फ़ॉर ऑल इंडिया हॉकी फेडरेशन ऑफ इंडिया (AI हॉकी इंडिया) के तरफ से जारी प्रेस विज्ञप्ति में कहले गइल जानकारी के अनुसार, उs कहल बाड़ें कि आज के दिने अंतरराष्ट्रीय हॉकी से रिटायरमेंट के घोषणा कइल गइल बाड़न।",0.75,0.5714,0.625
3,यशस्वी जायसवाल शानदार फॉर्म में बाड़े आ आईपीएल के पिछला 5 मैच में से चार मैच में आधा शतक बनवले बाड़े। ऊ आरसीबी के खिलाफ आजु के मैच में बढ़िया प्रदर्शन कइल चाहत बाड़न आ आईपीएल में 2000 रन पूरा करे के बहुत करीब बाड़े। उनुका महज 86 रन बाचल बा आ अगर ऊ आजु के मैच में ई रन बनवसु तs सचिन तेंदुलकर के पीछे छोड़ दीहें। जायसवाल 2020 से आईपीएल में खेलत बाड़न आ अब तक 61 मैच में 1914 रन बनवले बाड़े।,यशस्वी जायसवाल शानदार फॉर्म में बाड़े आ उनुका बल्लेबाजी से रन भी आईल बा। ऊ आरसीबी के खिलाफ आजु के मैच में बढ़िया प्रदर्शन कइल चाहत बाड़न। ऊ आईपीएल के 2000 रन पूरा करे के मौका बा आ सचिन के पीछे छोड़ दिहलें। अब ऊ राजस्थान रॉयल्स के अगिला दू पारी में 86 रन बनवले बाड़ें आ आईपीएल के 62 पारी में 2000 रन बनवसु त उनकर पीछे छोड़ दीहें। ऊ अबहीं ले आईपीएल के 61 मैच के 60 पारी में 1914 रन बनवलन। उ आईपीएल में 86 गो शतक आ 13 गो हाफ शतक शामिल बा। आईपीएल में ऊ कुल 223 चौका आ 81 गो छक्का मार चुकल बाड़न आ सचिन तेंदुलकर के भी पीछे छोड़ दे रहल बाड़े। रंगीन मिजाजी बाड़ें। पहिला मैच में ऊ सचिन तेंदुलकर आ राहुल द्रविड़ के बाद सबसे तेज शतक बना सकेला बाड़े। तइनाव बाड़ें,0.4444,0.125,0.4444
4,प्रधानमंत्री नरेंद्र मोदी डिजिटल कंटेंट क्रिएटर्स के बाद बियफे के कुछ शीर्ष गेमर्स सन मुलाकात कइले आ बातचीत कइले। उऽ वर्चुअल रियलिटी गेम्सो में हाथ आजमवले आ गेमिंग उद्योग के मौजूदा मुद्दन पऽ चर्चा कइले। पीएम मोदी कहले कि उऽ भारत में गेमिंग उद्योग के बढ़ावा देवे आ रचनाकारन के रचनात्मकता के अपनावे के दिशा में काम करिहें। भाजपा आईटी सेल प्रमुख अमित मालवीय गेमर्स के साथे बातचीत के एगो छोट वीडियो साझा कइले।,प्रधानमंत्री नरेंद्र मोदी डिजिटल कंटेंट क्रिएटर्स के बाद बियफे के देश के कुछ शीर्ष गेमर्स सन से मुलाकात कइले आ बातचीत कइलले। उऽ वर्चुअल रियलिटी गेम्सो में हाथ आजमवले आ खिलाड़ियन के साथे गेमिंग उद्योग में नया विकास पऽ चर्चा कइल। मोदी सरकार भारत में गेमिंग उद्योग के बढ़ावा देवे वाला गेमर्स के रचनात्मकता के पहचनले। मोदी सरकार के कार्यकाल के दौरान डिजिटल इंडिया के विज्ञापन करे के दिशा में काम करिहें। पीएम मोदी कहले कि उऽ भारत में गेमर्स आ रचनाकारन के रचनात्मक्ता के अपनावे के दिशा मे काम कइलस। पीएम मोदी सरकार डिजिटल इंडिया पर जोर दे रहल बाड़ें आ गेमर्स से बातचीत के एक छोट वीडियो एक्स पर साझा करत भाजपा आईटी सेल प्रमुख अमित मालवीय कहलें कि ऊ ऊ ऊ भारत में डिजिटल उद्योग के विकास पर जोर देत बाड़ें।,0.0,0.0,0.0
5,"एपल सोमार के अपना वार्षिक वर्ल्ड वाइड डेवेलपर कॉन्फ्रेंस (WWDC) 2025 में iOS 26 के घोषणा कइलस। कंपनी अब से अपना ऑपरेटिंग सिस्टम्स के नाम साल के आधार पs रखी, जइसे कार कंपनी करेले। ई अपडेट 2026 में आ रहल बा आ एकरा के iOS 26 नाम देल गइल बा। एपल नया “Liquid Glass” डिजाइन पेश कइले बा, जेमे यूजर इंटरफेस के एलिमेंट्स अब ट्रांसलूसेंट ग्लास जइसन चमक के संगे लउकी।","एपल सोमार के वार्षिक वर्ल्ड वाइड डेवेलपर कॉन्फ्रेंस 2025 के दौरान अपना सब ऑपरेटिंग सिस्टम्स के अपग्रेड्स के घोषणा कइलस, जेमे सबसे बड़ घोषणा iOS 26 के रहल। अबकी बेर के वर्जन iOS 19 होखे के चाहत रहे, ओहिजा कंपनी एकरा के सीधे iOS 26 नाम देलस। एपल कहले बा कि अब से ऊ अपना ऑपरेटिंग सिस्टमस के नाम साल के आधार पs रखी, ठीक ओइसही जइसे कार कंपनी अपना मॉडल्स के नाम रखेली सs। ई iOS अपडेट 2026 में उपयोग खातिर आ रहल बा, एहिसे एकर नाम iOS 26 रखल गइल बा। एपल के सीनियर वाइस प्रेसिडेंट क्रेग फेडेरिघी कहलें, “हमनी के फॉल सीजन के रिलीज जवन पूरा साल 2026 तक हमनी के ताकत दी आ सब वर्जन 26 होई।” एह बदलाव के तहत अब iOS ना बलुक सब प्लेटफॉर्म्स पs एकसमान नंबर",0.5185,0.4,0.5185
6,"Lenovo IdeaPad Slim 3 के कीमत 34,990 रुपया बा। ई लैपटॉप में 15.6 इंच के फुलएचडी प्लस डिस्प्ले अउर Windows 10 के सपोर्ट बा। 8 जीबी रैम के साथ 1 टीबी HDD स्टोरेज मिलsता, आ 10th Gen Intel Core i3 प्रोसेसर के पावर बा। लैपटॉप के वजन 1.7 किलोग्राम बा।","Lenovo IdeaPad Slim 3 के 34,990 रुपया के कीमत पर खरीदल जा सकsता आ 15.6 इंच के फुलएचडी प्लस डिस्प्ले अउर Windows 10 के सपोर्ट मिलsता। लैपटॉप में 8 जीबी रैम के साथ 1 टीबी HDD स्टोरेज आ 10th Gen Intel Core i3 प्रोसेसर बा। लैपटॉप के वजन 1.7 किलोग्राम बा, जबकि वजन 1.9 किलोग्राम बा। के वजन 1.5 किलोग्राम बा आ वजन 2.2 किलोग्राम बा बा। चटका हुआ लैपटॉप में 12.5Wh के बैटरी बैकअप मिल रहल बा आ हल्का हल्कापन आ पावर बैकअप भी मिल सकेलाला। टेक्निकल स्नैपड्रैगन 845 प्रोसेसर के पावर मिल रहsता बा। तइना में 4GB रैम बा आ 64GB इंटरनल स्टोरेज भी मिल रहलालाला आ हल्कापन भी आ आ ताकतवरता। टेक्निकल स्नाचड्रै",0.7636,0.6038,0.7273
7,"दुनिया के सबसे बड़ सर्च इंजन गूगल महाकुंभ के खास तैयारी कईले बा। गूगल पs महाकुंभ टाइप करत ही स्क्रीन पs फूल के बरसात शुरू हो जाई आ महाकुंभ से जुड़ल जानकारी आ ताजा लेख भी मिल जाई। यूपी के प्रयागराज में 13 जनवरी से 26 फरवरी 2025 ले महाकुंभ के आयोजन हो रहल बा, जवना में 40 करोड़ से अधिका भक्तन के संगम में डुबकी लगावे के संभावना बा। ई आयोजन के अब ले के सबसे बड़ धार्मिक आयोजन मानल जाला।","दुनिया के सबसे बड़ सर्च इंजन गूगल महाकुंभ के खास तैयारी कईले बा, जवना में यूजर के ओ इवेंट से जुड़ल सभ जानकारी मिल जाई। गूगल के इs फीचर कंप्यूटर आ मोबाइल दुनो खातीर जोड़ल गइल बा। गूगल सर्च में फूल बरसत देखाई दिही आ एनीमेशन के माध्यम से फूल के बौछार काफी आकर्षक देखाई। यूपी के प्रयागराज में 13 जनवरी से 26 फरवरी 2025 ले महाकुम्भ के आयोजन हो रहल बा आ 40 करोड़ से अधिका भक्तन के संगम में डुबकी लगावे के संभावना बा। दिवाली मेला के खास मौके पर गूगल के ई नया डूडल के आयोजन कइल जाला। शुरुआती आयोजन में 40 करोड़ भक्तन आ भक्तन संगम में संगम में डूबकी लगाव के भी खास मौका बा। बड़ धार्मिक आयोजन मानल जा रहल बाड़ें। लेटेस्ट लेटेस्ट लेटेस्ट अपडेटस के साथ-साथ",0.8333,0.8,0.8333
8,"ढाका: बांग्लादेश राष्ट्रवादी पार्टी (बीएनपी) के महासचिव मिर्जा इस्लाम आलमगीर कहले बाड़न कि संविधान में अंतिम सरकार के 90 दिन के समय दिहल जाला, लेकिन खास परिस्थिति में एकरा के बढ़ावल जा सकेला। ऊ कहले बाड़न कि 2030 के विजन के तहत देश में न्यायिक, संवैधानिक आ प्रशासनिक सुधार होई। मिर्जा इस्लाम आलमगीर भ्रष्टाचार के खतम करे के कोशिश के बात कइलन आ लोकतंत्र आ अभिव्यक्ति के आजादी के महत्व बतवलन। ऊ उदार आ समृद्ध बांग्लादेश के सपना देखत बाड़न।","बांग्लादेश राष्ट्रवादी पार्टी (बीएनपी) के महासचिव मिर्जा इस्लाम आलमगीर के कहनाम बा कि हमनी के संविधान में 90 दिन के समय दिहल गइल बा, अगर ओह लोग के जरूरत बा तs ओकरा के बढ़ावल जा सकेला। उनकर के कहले बा कि 2030 के विजन देले बानी जा। ऊ कहले कि देश में सुधार जरूर होई। न्यायिक सुधार, संवैधानिक सुधार आ प्रशासनिक सुधार होई आ भ्रष्टाचार के खतम करे के कोशिश करब जा, जवना के एगो मुख्य कारन बा। लोकतांत्रिक मूल्यन के सही मायने में आ शुद्ध रूप से बहाल करब जा। आजादी के आजादी रही आ जनता के कवनो राजनीतिक दल भा राजनीतिक रैली में शामिल होखे के आजादी मिली आ ओकर लोकतांत्रिक अधिकार स्थापित हो जाई। बाड़ें। लोकतांत्रिक लोकतांत्रिक बांग्लादेश आ समृद्ध बांग्लादेश देखल चाहत बानी। बाड़े के लोकतांत्रिक अधिकार के बारे में बात कहले जा रही बानी",0.8,0.0,0.8
9,"पूर्व भारतीय क्रिकेटर शिखर धवन के एगो कथित अवैध बेटिंग एप से जुड़ल धन शोधन ममिला में प्रवर्तन निदेशालय (ED) पूछताछ खातिर तलब कइले बा। ईडी जांच कर रहल बिया कि का धवन एह बेटिंग एप के प्रचार में आपन छवि के इस्तेमाल कइलें आ एकरा बदले कवनो भुगतान लेने कि ना। एह ममिला में पहिले सुरेश रैना से भी सवाल-जवाब कइल गइल रहे। ईडी के माने बा कि एह बेटिंग एप्स ना खाली अवैध बा बलुक एकनी के माध्यम से धन शोधन के गतिविधियो होला। शिखर धवन पs अभी ले कवनो ठोस आरोप के पुष्टि नइखे भइल, बाकिर ईडी के पूछताछ से साफ बा कि एजेंसी गहराई से जांच कइल चाहत बिया।","पूर्व भारतीय क्रिकेटर शिखर धवन के एगो कथित अवैध बेटिंग एप से जुड़ल धन शोधन ममिला में प्रवर्तन निदेशालय (ED) पूछताछ खातिर तलब कइले बा। ई ममिला से उनकर संभावित प्रचार भा साझेदारी वाला संबंधन के जांच सुरू कs दिहल गइल बा। ईडी ई जांच कर रहल बिया कि एह बेटिंग एप के प्रचार में आपन छवि के इस्तेमाल कइल जा रहल बा आ एकरा बदले कवनो भुगतान लेने कि ना। एह एप्स पs कइयन लोग आ निवेशकन से करोड़न रुपिया के ठगी करे के आरोप लग रहल बाड़ें। फ़ेसबुक, ट्विटर, फेसबुक, ट्विटर आ ट्विटर पर लोगन के खिलाफ जांच शुरू कइल गइल गइल बाड़न। शुरुआती जांच में ईडी जांच में शामिल बा आ जांच में सफलता हासिल कइलस। शुरुआती जांच के बाद ईडी के जांच जारी बा। शुरुआती जानकारी के अनुसार",0.8,0.6667,0.8
10,"WhatsApp के ओर से एगो नया फीचर Context Card के ऐलान कइल गइल बा, जवन फ्रॉड पs लगाम लगावे में मदद करी। ई फीचर यूजर्स के अनजान ग्रुप चैट के बारे में जानकारी दी, ताकि ऊ जान सको कि ओह ग्रुप में सामिल होखे के चाहीं कि ना। जब कवनो अनजान व्यक्ति नया ग्रुप में सामिल करी, त ई कार्ड ओह ग्रुप के बारे में सारा जानकारी दिही। ई सुविधा जल्दिये दुनियाभर के सब WhatsApp यूजर्स के लिए उपलब्ध हो जाई।","WhatsApp के ओर से एगो नया फीचर के ऐलान कइल गइल गइल बा, जवन वॉट्सऐप से होखे वाला फ्रॉड पs लगाम लगावे में मदद करी। ई फीचर यूजर्स के ग्रुप चैट में सामिल होखे के चाहीं कि ना। नया कॉनटेक्स्ट कार्ड फीचर यूजर के कवनो अनजान ग्रुप के बारे में जानकारी दिहल जाई, जवना से ई ग्रुप ग्रुप डिस्क्रिप्शन के देखाई। WhatsApp के अनुसार, ई फीचर के जरिए यूजर के ग्रुप में सामिल नइखे आ ग्रुप ग्रुप में शामिल होखे में मदद कइल जाई। फ़ेसबुक यूजर्स के ई फीचर उनकर ग्रुप के पहचान के भी मौका दे रहल बा। फ़ेसबुक्स पर भी अपडेट बा। दुनियाभर में कई लोग ई फीचर इस्तेमाल कर रहल बाड़ें आ ई फीचर अपना ग्रुप ग्रुप के सब ग्रुप ग्रुप ग्रुप्स में सामिल कइलस।",0.75,0.3333,0.75
11,"मेटा के इंस्टेंट मैसेजिंग ऐप व्हाट्सएप में नया फीचर आवे वाला बा, जेकरा से यूजर के तनाव कम होई। ई फीचर खासकर ओह यूजर खातिर फायदेमंद होई, जेकरा दिन भर भारी संख्या में मैसेज मिलेला। रिपोर्ट के मुताबिक, ई फीचर एंड्रॉयड बीटा वर्जन 2.24.11.13 में देखल गईल बा आ एकरा के इनेबल कइला पर यूजर बिना पढ़ल संदेश के हटा सकीले। ई फीचर जल्दिये स्थिर संस्करण में भी आ सकेला आ यूजर इंटरफेस में भी बदलाव होई।","मेटा के इंस्टेंट मैसेजिंग ऐप में जल्दिए एगो नया फीचर आवे वाला बा, जवना से यूजर के तनाव खतम हो जाई। एह फीचर से खास तौर पs यूजर के फायदा होई, जेकरा दिन भर भारी संख्या में मैसेज मिलेला। ई फीचर एंड्रॉयड बीटा वर्जन 2.24.11.13 में आईल बा, जे यूजर के मैसेज भेजल जा सकेला। रिपोर्ट में दिहल स्क्रीनशॉट में नोटिफिकेशन के मैनेज करे के नाया विकल्प मिली। एकरा में हाई प्राइओरिटी नोटिफिकेशन आ रिएक्शन नोटिफिकेशन के संगे मैसेज के प्रबंधित करे के विकल्प मिलल बा। वॉट्सएप के रिपोर्ट के मुताबिक, एकरा के इनेबल कईला के बाद आप ऐप से बिना पढ़ल संदेश के हटा सकतानी। वॉट्सऐप के अनुसार, ई फीचर खास तौर पर उपयोगकर्ता खातीर फायदेमंद होई। फ़ेसबुक के रिपोर्ट में बतवले गइल",0.8889,0.8571,0.8889
12,"Apple आपन नया iPhone SE 4 पर काम कऽ रहल बा, जेकरा के अफोर्डेबल प्राइस रेंज में लॉन्च करे के उम्मीद बा। रिपोर्ट्स के अनुसार, ई डिवाइस iPhone 14 के डिजाइन से मिलत-जुलत हो सकेला आ एकरा में 6.6 इंच के डिस्प्ले आ 48MP के कैमरा होखे के संभावना बा। एप्पल के डेटाबेस में एकरा के कोड नाम V59 के तहत सूचीबद्ध कइल गइल बा। iPhone SE 4 के उत्पादन दिसंबर 2023 में शुरू हो सकेला आ ई अप्रैल 2025 में लॉन्च हो सकेला।","Apple आपन सबसे एडवांस iPhone 16 सीरीज के ग्लोबली लॉन्च करे के बाद कई गो नया प्रोडक्ट पऽ काम कइल शुरू कऽ देले बा। एमें से iPhone SE 4 के डिजाइन iPhone 14 से काफी मिलत-जुलत हो सकऽता। एकरा के डिजाइन के बारे में जानकारी सामने आइल बा आ एप्पल के डेटाबेस में कोड नाम V59 के तहत सूचीबद्ध कइल गइल बा। आईफोन एसई 4 अप्रैल 2025 में लॉन्च होखे के उम्मीद बा। iPhone SE के पिछला वेरिएंट 2022 में पेश कइले जाई, जवन के डिजाइन आ स्पेसिफिकेशन के जानकारी मिल सकेला। फ़ेसबुक, ट्विटर, इंस्टाग्राम, इंस्टाग्राम आ अन्य सोशल मीडिया पॉर्न साइट पर शेयर कइल जा रहल बा कि एप्पल आईफोन के डिजाइन में बदलाव कइलस। फ़ेसबुक्स, गूगल प्ले स्टोर, गूगल प्लस, आईओएस, एंड्रॉयड आ आईओएस",0.7586,0.4444,0.6207
13,"रोहित शर्मा के कप्तानी में टीम इंडिया ICC चैंपियंस ट्रॉफी 2025 के खिताब जीतले बिया। अब रोहित शर्मा के इंग्लैंड के खिलाफ टेस्ट सीरीज खातिर कप्तान बनावे के संभावना बा। रिपोर्ट के अनुसार, BCCI आ सेलेक्शन पैनल रोहित के समर्थन कर रहल बा। ऊ खुद के संन्यास के अफवाहन के खारिज कइले बाड़ें आ कहले बाड़ें कि ऊ टीम के संगे खेलल जारी रखे के चाहत बाड़ें। रोहित शर्मा के खराब दौर के बावजूद उनकर भरोसा बा कि चीज बदल सकत बा।","रोहित शर्मा के कप्तानी वाली टीम इंडिया हाले में ICC चैंपियंस ट्रॉफी 2025 के खिताब जीतले बिया। रोहित शर्मा खातिर एगो आउर बड़ खुसखबरी सामने आ रहल बा, जवन इंग्लैंड के खिलाफ जून-अगस्त में होखे वाला पांच टेस्ट मैचन के सीरीज खातिर टेस्ट कप्तान के तौर पs बरकरार रखल जा सकत बा। सेलेक्टर्स रोहित के भविष्य पs फैसला ले सकत बाड़ें, लेकिन रोहित शर्मा लाल गेना से क्रिकेट खेलल जारी रखे के बात कह रहल बाड़ें। फ़ॉर ऑलराउंडर रोहित शर्मा आ कप्तान विराट कोहली के शानदार फॉर्म के चलते टीम इंडिया में वापसी हो सकेला बा।- जसप्रीत बुमराह के अलावा, विराट कोहली आ जसप्रीत बुमराह भी शानदार फॉर्म में बा आ विराट कोहली भी अच्छा प्रदर्शन कइल जा सकेला। फ़ेर खुश बा कि ऊ के संन्यास के संभावना बा आ ऊ के भविष्य के बारे में फैसला",0.5714,0.4,0.5714
14,"राजस्थान रॉयल्स के नवहा सलामी बल्लेबाज वैभव सूर्यवंशी महेंद्र सिंह धोनी के गोड़ छुअलें आ आईपीएल 2025 सीजन के समापन कइलें। राजस्थान आ चेन्नई सुपर किंग्स के बीच मुकाबला नई दिल्ली के अरुण जेटली स्टेडियम में भइल। वैभव आईपीएल में सबसे युवा खिलाड़ी बाड़ें आ उनकर प्रदर्शन बेहतरीन रहल, जहाँ ऊ 252 रन बनवले। राजस्थान के टीम प्लेऑफ में ना जा सकल, लेकिन ई मैच में ऊ चेन्नई के छव विकेट से हरा देलस। वैभव आ संजू सैमसन के बीच 98 रन के साझेदारी भइल।","राजस्थान रॉयल्स के नवहा सलामी बल्लेबाज वैभव सूर्यवंशी महेंद्र सिंह धोनी के गोड़ छुअलें आ आसिरबाद के संगे आईपीएल 2025 सीजन के समापन कइलें। राजस्थान आ चेन्नई सुपर किंग्स के बीच मंगर के नई दिल्ली के अरुण जेटली स्टेडियम में मुकाबला भइल आ 14 साल के वैभव एह मैच में आपन प्रभाव छाेड़े में सफल रहले। मैच के बाद जब दोनों टीमों के खिलाड़ी एक दूसरे से मिल रहे थे, तब धोनी और वैभव का सामना हुआ। वैभव आईपीएल में खेलने वाले सबसे युवा खिलाड़ी हैं, जबकि राजस्थान 17 ओवर में 188 रन बनवले। फ़ेसबुक लाइव के अनुसार, वैभव के शानदार प्रदर्शन के चलते राजस्थान के टीम प्लेऑफ में जगह बना सकी।भविएगा।विरासगढ़ी टीम के टीम के जीत में महत्वपूर्ण योगदान दिहल गइल बाड़ें आ मैच में शानदार प्रदर्शन कइल गइल बा।विरासस के कप्तान वैभव सूर्य",0.2857,0.0,0.2857
15,"आज आर्थिक स्थिति मजबूत हो सकेला आ परिवार के संगे समय बितावे के मौका मिली। प्रेम संबंध में मिठास बनी रही, जबकि खानपान पर ध्यान देवे के जरूरत बा। काम में जल्दबाजी नुकसान पहुँचा सकेला, एह से सोच-समझ के फैसला लेवे के दिन बा। नौकरी आ व्यवसाय में तरक्की के संकेत बा, आ परिवार में खुसी के माहौल रही। सेहत सामान्य रही, लेकिन थकान से बचल जरूरी बा।","आज आर्थिक इस्थिति मजबूत हो सकेला आ कहीं से रुकल पईसा मिल सकेला। परिवार के संगे समय बितावे के मवका मिली आ खानपान पs ध्यान दीं। आज सोच-समझ के फैसला लेवे के दिन बा। नौकरी आ बेवसाय में तरक्की के संकेत बा आ संघतिया से मदद मिली। सेहत सामान्य रही, बाकिर नींद पूरा करीं आ परिवार के बात दिल से लाग सकेला, लेकिन कामकाज में सहजोग मिली। विद्यार्थी लोगन के पढ़ाई में मन लागी आ पढ़ाई में सावधानी जरूरी बा। आज मान-सम्मान बढ़े वाला दिन बा आ परिवार में खुशी के माहौल रहल बा। आर्थिक स्थिति मजबूत बा, जेकरा पर ध्यान न देवे के सलाह बा। फ़ांसी हुई आ तनावपूर्ण माहौल बनी रहेला।विवादन से परेशान रहल परिवार में तनाव बढ़ल बा आ आर्थिक स्थिति कमजोर बा।न के चिंता बढ़ रहल बाड़ें",0.0,0.0,0.0
16,"छपरा। बहुचर्चित अशोक सिंह हत्याकांड में सजाप्राप्त पूर्व सांसद प्रभुनाथ सिंह के 11 साल बाद एगो आउर ममिला में राहत मिलल बा। छपरा व्यवहार न्यायालय के विशेष MP-MLA कोर्ट 2014 के आदर्श आचार संहिता उल्लंघन वाला ममिला में साक्ष्य के अभाव में उनकर बरी कइलस। कोर्ट कहलस कि अभियोजन पक्ष आरोप साबित करे में नाकाम रहल। एह फैसला के बाद प्रभुनाथ सिंह के समर्थक लोग जश्न मनावत बा, लेकिन हत्या के ममिला में सजाप्राप्त होखला के कारण ऊ अभी जेल में बाड़ें।","छपरा। बहुचर्चित अशोक सिंह हत्याकांड में आजीवन कारावास सजाप्राप्त आ हजारीबाग जेल में बंद बिहार के महराजगंज के पूर्व सांसद प्रभुनाथ सिंह के 11 साल बाद एगो आउर ममिला में बड़ राहत मिलल बा। छपरा व्यवहार न्यायालय के विशेष MP-MLA कोर्ट 2014 के आदर्श आचार संहिता उल्लंघन वाला ममिला के साक्ष्य के अभाव में उनका के बरी कs देलस। कोर्ट के एह फैसला के बाद प्रभुनाथ के समर्थकन उत्साह बढ़ल बा, जवना के चलते उनकर समर्थक बैरिकेडिंग तुड़ के संग्रहालय परिसर में घुस गइल रहल।- पटना। फ़ेसबुक पर जानकारी दिहल गइल बा आ दावा कइले बाड़न कि प्रभुनाथ कइल जा रहल बा कि एह घटना के बाद से अब तक कई लोग गिरफ्तार भइल रहल बाड़ें। शुरुआती जांच के बाद मुकदमा दर्ज कइल गइल बाड़न आ जांच शुरू हो गइल",0.8889,0.8571,0.8889
17,"हरियाणा विधानसभा बुध के दिने एगो महत्वपूर्ण विधेयक पारित कइलस, जवना के मकसद ट्रैवल एजेंटन के अवैध गतिविधि पs लगाम लगावल बा। मुख्यमंत्री नायब सिंह सैनी कहलन कि बिना रजिस्ट्रेशन के ट्रैवल एजेंसी चलावल अब दंडनीय अपराध होई। ई विधेयक पारित होखे से पहिले सदन में लमहर चरचा भइल, लेकिन अंत में बहुमत से पारित हो गईल। हरियाणा सरकार इs सुनिश्चित करे के कोशिश कईले बिया कि नागरिक के धोखाधड़ी आ गैरकानूनी काम से बचावल जा सके।","हरियाणा विधानसभा बुध के दिने एगो महत्वपूर्ण विधेयक पारित कइलस, जवना के तहत बिना रजिस्ट्रेशन के ट्रैवल एजेंसियन के संचालन दंडनीय अपराध मानल जाई। मुख्यमंत्री नायब सिंह सैनी कहले कि राज्य सरकार के इs साफ मंशा बा कि युवा के भविष्य के संगे खेलेवाला कवनो ट्रैवल एजेंट के कानूनी कार्रवाई के सामना करे के पड़ी। मुख्यमंत्री 18 मार्च के विधानसभा में “हरियाना ट्रैवल एजेंसी रजिस्ट्रेशन एंड रेगुलेशन बिल, 2025” नाम के विधेयक के पेश कईले रहले। एह विधेयक के पारित होखे से पहिले सदन में लमहर चरचा भइल। विपक्षी कांग्रेस के कहल बा कि सरकार अवैध भारतीय आप्रवासी के देश निकाला के कोशिश करे के कोशिश कइले बिया।...विद हरियाणा विधानसभा में आज के विधेयक पारित हो गइल बा।...अधिक जानकारी के लिए रंगीनियां...विदयकों के",0.4,0.0,0.4
18,प्रयागराज में मौनी अमावस्या के स्नान परब पर माघ मेला क्षेत्र में नियम तुड़ला के मामला सामने आइल बा। मेला प्राधिकरण श्री शंकराचार्य आश्रम आ बद्रीनाथ हिमालय सेवा शिविर के कारण बताओ नोटिस जारी कइले बा। आरोप बा कि स्वामी अविमुक्तेश्वरानंद आ उनकर शिष्य बिना अनुमति के संगम स्नान खातिर निकलल रहलें। मेला प्रशासन के कहना बा कि ई हरकत से श्रद्धालुन के जान-माल के सुरक्षा पर खतरा पैदा भइल आ मेला के व्यवस्था बिगड़ गइल। स्वामी अविमुक्तेश्वरानंद के मीडिया प्रभारी कहले बाड़न कि सरकार बदला के भावना से कार्रवाई क रहल बिया।,प्रयागराज में मौनी अमावस्या के स्नान परब पs माघ मेला क्षेत्र में नियम तुड़े के ममिला थमत नजर नइखे आ रहल। प्राधिकरण श्री शंकराचार्य आश्रम आ बद्रीनाथ हिमालय सेवा शिविर के संचालकन के कारण बताओ नोटिस जारी कइले बा। ई दुनो शिविर स्वामी अविमुक्तेश्वरानंद से जुड़ल बतावल जा रहल बा। प्राधिकरण के आरोप बा कि साफ-साफ प्रतिबंध होखला के बावजूद स्वामी अवि मुक्तेश्वरानंद आ उनकर शिष्य पालकी रथ यात्रा के संगे संगम स्नान खातिर निकलल रहे लोग। मेला प्रशासन नोटिस में कहले बा कि एह कदम के चलते भीड़ प्रबंधन में गंभीर परेसानी आइल बा आ प्रशासन प्रशासन के सख्ती बरतत कइल गइल। फ़ौरन अपना आदेश में कहल गइल बा कि मेला परिसर में प्रवेश पर रोक लगला के बाद लोगन के प्रवेश पर प्रतिबंध लगल। प्राधिकरण के कहनाम बा कि,0.0,0.0,0.0
19,"लेबनान में सीरियल पेजर धमाका से हंगामा मच गइल बा, जवना में हिजबुल्लाह के हजारन सदस्यन के पेजर में 20 लोग के मौत हो गइल। हिजबुल्लाह इजरायल पर आरोप लगावत बा कि उ एह हमला में शामिल रहल। पेजर के इस्तेमाल के चलते इजरायल के कुछ गोलाबारी कंपनी के नाम सामने आ रहल बा, जिनमें से एगो के संस्थापक केरल के हउवें। रिपोर्ट के मुताबिक, इजरायल एह हमला में हिजबुल्लाह के संगे खेल खेलले बा।","लेबनान के कई शहरन में सीरियल पेजर धमाका से सनसनी पैदा हो गइल बा। आतंकी संगठन हिजबुल्लाह के हजारन सदस्यन के पेजर में धमाका भइल, जवना में 20 लोग के मौत हो गइलें। हिजबुल के आरोप बा कि एह हमला में इजरायल के हाथ रहे। पेजर सौदा में बुल्गारिया के एगो कंपनी नोर्टा ग्लोबल लिमिटेड भी शामिल रहे। रिनसन जोस मूल रूप से केरल के वायनाड के मनंतावाडी के रहे वाला हउवें आ एह कंपनी के संस्थापक नार्वे में रहल बा, लेकिन एह लोगन के खिलाफ इजरायली सरकार के साजिश बा। फ़्रांस के टीम के संगही लोगन में शामिल होखे खातिर पेजर के इस्तेमाल कइल जा रहल बाड़ें। शुरुआती जानकारी के अनुसार, दुनियाभर में आतंक के खिलाफ अभियान चल रहल बाड़न खातिर इजरायले लोगन",1.0,0.0,1.0
20,भारतीय टीम इंग्लैंड पहुंच के टेस्ट सीरीज के तइयारी शुरू कइले बिया। कप्तान शुभमन गिल आ मुख्य कोच गौतम गंभीर के अगुआई में टीम 20 जून से पांच मैचन के टेस्ट सीरीज खेले जाई। ई सीरीज भारत के नया विश्व टेस्ट चैंपियनशिप चक्र के सुरुआत करी। गिल आ गंभीर के नेतृत्व में भारतीय टीम बदलाव के दौर से गुजर रहल बा आ 2007 के बाद से इंग्लैंड में कवनो टेस्ट सीरीज ना जीतल बा। अभ्यास में तेज गेंदबाज जसप्रीत बुमराह भी शामिल रहलें।,भारतीय टीम इंग्लैंड पहुंचला के संगही टेस्ट सीरीज के तइयारी शुरू कs देले बिया। कप्तान शुभमन गिल आ मुख्य कोच गौतम गंभीर के अगुआई में भारतीय टीम सनीचर के इंग्लैंड पहुंचल रहे। भारत आ इंग्लैंड के बीच 20 जून से पांच मैचन के टेस्ट सीरीज होखे के बा आ विराट कोहली के लाल गेना के प्रारूप से संन्यास लेला के बाद टीम इंडिया के ई पहिला द्विपक्षीय सीरीज बा। भारतीय टीम विश्व टेस्ट चैंपियनशिप (डब्ल्यूटीसी) के नया चक्र के सुरुआत करी। भारतीय खिलाड़ी वॉर्म-अप कइल लोग आ फेर फील्डिंग अभ्यासो करत लउकल लो। जसप्रीत बुमराह आ जसप्रीत बुमराह के टीम में शामिल कइल जाई। फ़ॉर ऑलराउंडर जसप्रीत बुमराह भी भारतीय टीम के कप्तान रहल बाड़ें। फ़ेसबुक पेज पर पोस्ट कइल गइल बा कि भारतीय टीम में तेज गेंदबाज जसप्रीत बुमराह बा आ बुमराह भी शामिल रहल बा।,0.5,0.0,0.5
21,"भारत में जियो आ Confluent कंपनी डेटा स्ट्रीमिंग के क्षेत्र में साझेदारी कs रहल बिया। एह साझेदारी के तहत जियो क्लाउड सर्विस पs Confluent Cloud के उपलब्ध करावल जाई, जवना से बिजनेस के रियल-टाइम डेटा स्ट्रीमिंग में मदद मिली। किरण थॉमस, Jio Platforms Limited के प्रेसिडेंट आ CEO कहलस कि डेटा स्ट्रीमिंग अब व्यवसायन खातिर जरूरी हो गइल बा। अमेरिका में चाइनीज एआई चैटबॉट DeepSeek AI के बैन करे के योजना बा, आ अगर इस्तेमाल कइल जाला त जुर्माना आ जेल के सजा हो सकेला।","भारत में जियो आ Confluent कंपनी डेटा स्ट्रीमिंग के क्षेत्र में साझेदारी कs रहल बिया, जवना से बिजनेस के रियल-टाइम डेटा स्ट्रीमींग में मदद मिली। अमेरिकन एआई चैटबॉट DeepSeek AI के अमेरिका में प्रतिबंधित कइल जा सकत बा, जवन से कंज्यूमर, एंटरप्राइज सहित पब्लिक सेक्टर के सामिल हो सकेला। किरण थॉमस, प्रेसिडेंट आ CEO, Jio Platforms Limited कहलस, ‘हमनी के भारत तेजी से बदलाव के दौर में बा आ डिजिटल दुनिया के संगे साझेदारी कइले जाई।’ फ़ेसबुक, ट्विटर, इंस्टाग्राम, ट्विटर आ ट्विटर, ट्विटर पर भी लोगन के नजर बा।जवना के अनुसार, भारत में डिजिटल पेमेंट के क्षेत्र के विकास में मदद मिलल बा आ ई क्षेत्र में तेजी आ डिजिटल पेमेंट क्षेत्र में भी मदद मिल रहल बा।",0.8421,0.4706,0.5263
22,अमेरिका के नेवता पs वाशिंगटन पहुंचलन पाकिस्तान के सेना प्रमुख असीम मुनीर के एगो बड़ अपमान के सामना करे के पड़ल। वाशिंगटन में दर्जनों पाकिस्तानी-अमेरिकी जनरल असीम मुनीर के खिलाफ कड़ा विरोध प्रदर्शन कईले। अमेरिकी सेना के परेड के दौरान मुनीर के खिलाफ नारा लगवले।,अमेरिका के नेवता पs वाशिंगटन पहुंचलन पाकिस्तान के सेना प्रमुख असीम मुनीर के एगो बड़ अपमान के सामना करे के पड़ल। दर्जनों पाकिस्तानी-अमेरिकी जनरल असीम मुनार के खिलाफ कड़ा विरोध प्रदर्शन कईले। अमेरिकी सेना के परेड के दौरान पाकिस्तानी मुनीरे के खिलाफ विरोध कईले आ पाकिस्तान के खिलाफ नारा लगवले। अमेरिकी सेना में दर्जनों लोग शामिल होईन। अमेरिकी सेना परेड में हजारों लोग शामिल होके असीम मु नीर के समर्थन में नारेबाजी कइले आ मुनीरा के खिलाफ नारेबाजी कइलस। वाशिंगटन में दर्जनों पाकिस्तानी लोगन के खिलाफ प्रदर्शन कइल गइल बाड़ें। तइनात बड़ अपमान भइल बाड़ें बाड़ें आ भारी विरोध प्रदर्शन कहलस पड़ल। वॉशिंगटन डीसी में भी भारी संख्या में लोगन बाड़ें खातिर खातिर खातिर बड़ अपमान कइल जाई। वॉशिंग्टन शहर के लोग शामिल बाड़े बाड़े बाड़ें,1.0,0.0,1.0
23,"FIFA World Cup 2022 में आज 8 गो टीम अपना अभियान शुरू करी। भारतीय समय के अनुसार 10 घंटा के भीतरी 4 मैच खेलल जाई, जेमे पुर्तगाल आ ब्राजील के खेलल देखे के इंतजार बा। पुर्तगाल घाना के खिलाफ आ ब्राजील सर्बिया के खिलाफ मैदान पs उतरी। आज के मुकाबला में स्विट्जरलैंड आ कैमरून, उरुग्वे आ साउथ कोरिया, पुर्तगाल आ घाना, आ ब्राजील आ सर्बिया के बीच होई। चारों मुकाबलन के लाइव टेलीकास्ट Sports18 आ Sports18 HD पs होई।","FIFA World Cup 2022 में आज 8 गो टीम अपना अभियान लेट आगाज करी। भारतीय समय के मोताबिक 10 घंटा के भीतरी 4 मैच खेलल जाई, जेमे ई सब टीम अपना दांव पेंच के आजमावत लउकिहे सs। फुटबॉल के दिवानन खातिर सबसे अच्छा खबर ई बा कि फीफा वर्ल्ड कप 2022 में अपना फेवरेट रोनाल्डो आ नेमार के देखे के इंतजार आज ओरा जाई। पुर्तगाल आ ब्राजील के बीच मैच के आगाज देर रात होई, जबकि ब्राजील के सर्बियाई चुनौती से पार पावे के होई। फुटबॉल वर्ल्ड कप में भारत आ अर्जेंटीना के बीच मुकाबला होई। फुटबॉल के महाकुंभ में ब्राजील आ कैमरून के बीच फाइनल मैच होई। फ़ेसबुक लाइव स्ट्रीमिंग साइट पर उपलब्ध जानकारी के अनुसार, भारतीय समयानुसार रात 9 बजे के मैच के शुरुआत होई आ मैच के लाइव प्रसारण के समय रात 10 बजे से शुरू हो गइल बा",0.6957,0.6667,0.6957
24,"टी20 विश्व कप 2026 के सुपर-8 चरण में भारत के मुकाबला जिम्बाब्वे से चेन्नई के एमए चिदंबरम स्टेडियम में होखे वाला बा। ई मैच भारत खातिर बहुते जरूरी बा, काहे कि सेमीफाइनल के रेस में बने रहे खातिर जीतल जरूरी बा। भारतीय टीम के कप्तान सूर्यकुमार यादव के अगुवाई में पहिले मैच में हार भइल रहे, आ अब जिम्बाब्वे के खिलाफ जीत हासिल कs के उम्मीद जिंदा रखे के होई। जिम्बाब्वे के टीम भी दमदार वापसी के कोशिश में बा, आ चेन्नई के पिच बल्लेबाजन खातिर मददगार साबित हो सकेला।","टी20 विश्व कप 2026 के सुपर-8 चरण में भारत के मुकाबला बियफे के चेन्नई इस्थित एमए चिदंबरम स्टेडियम में जिम्बाब्वे से होखे वाला बा। ई मुकाबला दुनो टीम खातिर बहुते अहम मानल जा रहल बा। भारत के ई मुकाबला हर हाल में बड़ अंतर से जीतल जरूरी बा, ताकि नेट रन रेट में सुधार हो सकेला। सूर्यकुमार यादव के कप्तानी में टीम के प्रदर्शन के ब तारीफ भइल बा आ जसप्रीत बुमराह के गेंदबाजी में सुधार होई। गेंदबाजी कोच सितांशु कोटक के प्रेस कॉन्फ्रेंस से इशारा मिल चुकल बा कि प्लेइंग इलेवन में बदलाव जरूरी बा। सिकंदर रजा के अगुआई में टीम वेस्टइंडीज से हार के बाद दमदार वापसी चाही। चेन्नई सुपरकिंग्स के खिलाफ भारत के जीत के संभावना बा। फ़ॉर ऑलराउंडर जसप्रीत बुमराह, जसप्रीत बुमराह आ मोहम्मद शमी के शानदार गेंदबाजी के चलते टीम में बदलाव होई आ विकेटकीपर-बल्लेबाज जसप्रीत बुमराह",0.8571,0.8,0.8571
25,"संयुक्त अरब अमीरात (UAE) के राष्ट्रपति शेख मोहम्मद बिन जायद अल नाहयान फरवरी के आखिर में कैदियन के माफी के एलान कइले रहले। रमजान के अंत में 1295 कैदी के रिहा करे के आदेश दिहल गईल बा, जवना में 500 से अधिका भारतीय नागरिक शामिल बाड़े। प्रधानमंत्री शेख मोहम्मद बिन राशिद अल मकतूम 1518 कैदी के माफी देवे के घोषणा कइले बाड़े। रिहा भइल लोग अपना परिवार के साथे ईद मना सकेलें। यूएई में भारतीय लोग के संख्या कुल आबादी के 37.96 प्रतिशत बा।","संयुक्त अरब अमीरात (UAE) के राष्ट्रपति शेख मोहम्मद बिन जायद अल नाहयान फरवरी के आखिर में एगो बड़हन एलान कइले रहलें। रमजान के अंत में 1295 कैदी के रिहा करे के आदेश दिहल गइल बा। ई आदेश यूएई के कुल आबादी के 37.96 प्रतिशत भारतीय नागरिकन के भी शामिल कइल गइल बाड़े। एहमें 500 से अधिका भारतीय शामिल बाड़े। ई दुनिया के दुसरा सभसे ढेर भारतीय लोग के आबादी वाला देस हवे। अगर भारत में भी भारतीयन के संख्या बढ़े के बात कइल जा रहल बा, त हम लोग अपना परिवार के साथे ईद मना सकेलां। दुनियाभर में भारतीय लोग में 500 से जादा भारतीय लोग बाड़ें।वित्त वर्ष 2024 में संयुक्त अरब इमारात के जनसंख्या 35,68,848 (36 लाख) रहल बाड़न आ ई दुनिया में सबसे ज्यादा आबादी वाला देश बा।",0.5882,0.2667,0.4706
26,"महिला प्रीमियर लीग (WPL) में नंदिनी शर्मा इतिहास रच देलीं आ हैट्रिक लेवे वाली चउथा गेंदबाज बन गइलीं। ऊ 2026 में गुजरात जाएंट्स के खिलाफ ई कारनामा कइलें, जबकि दिल्ली कैपिटल्स के टीम मुकाबला हार गइल। नंदिनी के हैट्रिक से पहिले, इस्सी वोंग, दीप्ति शर्मा आ ग्रेस हैरिस भी WPL में हैट्रिक ले चुकल बाड़ी। दिल्ली खातिर लिजेल ली आ एल वोल्वार्ट के शानदार पारी के बावजूद टीम 7 रन से हार गइल।",महिला प्रीमियर लीग (WPL) में दिल्ली कैपिटल्स के तेज गेंदबाज नंदिनी शर्मा इतिहास रच देली। नंदिनी एह टी20 लीग में हैट्रिक लेवे वाली चउथा गेंदबाज बन गइलीं आ रिकॉर्ड बुक में आपन नाम दर्ज करा लेली। ऊ WPL के हर सीजन में एक-एक हैट्रिक देखे के मिलल रहे। ऊ दिल्ली कैपिटलस के खिलाफ जीत ना सकल। ऊ यूपी वॉरियर्स के खिलाफ 2025 में फाइनल में पहुंचीं आ फाइनल में जगह बना लेलीं। qualifications ऑरेंज कैप के विजेता बन गइल बा।- मुंबई इंडियंस के कप्तान हरमनप्रीत कौर के शानदार प्रदर्शन के चलते नंदिनी के शानदार वापसी हो सकेला। फ़ेसबुक पर कमेंट्री बॉक्स में शानदार प्रदर्शन जारी रहल बा आ ऊ ऊ ऊ के शानदार फॉर्म में चल रहल बाड़ें। शुरुआती मैच में शानदार गेंदबाजी कइलें आ ऊ दिल्ली,0.4444,0.0,0.4444
27,"दिल्ली में विधानसभा चुनाव के लेके आम आदमी पार्टी के उत्साह बढ़ गइल बा। आजु पार्टी के पीएसी के बइठक के बाद पहिला उम्मीदवारन के सूची जारी कइल गइल बा, जवना में कुल 11 नाम शामिल बा। अनिल झा, ब्रह्म सिंह तंवर, बीबी त्यागी, जुबेर चौधरी, वीर सिंह धिंगान आ सोमेश शौकीन जइसन कई गो नेता लोग भाजपा आ कांग्रेस छोड़ के आम आदमी पार्टी में शामिल भइल बाड़ें।","दिल्ली में होखे वाला विधानसभा चुनाव के लेके उत्साह बढ़ गइल बा। आम आदमी पार्टी के पीएसी के एगो महत्वपूर्ण बइठक भइल जवना बाद पार्टी पहिला उम्मीदवारन के सूची जारी कइले बिया। आप के पहिला सूची में कुल 11 उम्मीदवार के नाम शामिल बा। अनिल झा के नाम भी बा, जवन हाल ही में भाजपा छोड़ के कांग्रेस में शामिल भईल रहले। जुबेर चौधरी भी कांग्रेस छोड़ के भाजपा में शामिल हो गईली। सोमेश शौकीन भी हाल ही के आम आदमी के टिकट देले बिया, आ अनिल झा भी भाजपा छोड़के कांग्रेस से जुड़ गईले। रविंद्र सिंह धिंगान भी कांग्रेस में भइल रहले बाड़ें आ उनकर एक हफ्ता पहिले भाजपा में भी शामिल भइलें। शुरुआती सूची जारी भइल बा बा। ऊधम सिंह तंवर आ अनिल कुमार शौकीन के भी कई गो नेता लोगन के नाम सामने",1.0,0.0,1.0
28,"भारतीय महिला अंडर-19 क्रिकेट टीम लगातार दूसरका बेर टी20 विश्व कप के खिताब जीत लेले बिया। टूर्नामेंट के दूसरका संस्करण में निकी प्रसाद के कप्तानी में टीम इंडिया फाइनल में दक्षिण अफ्रीका के 11.2 ओवर में एक विकेट गंवाके हरावलस। दक्षिण अफ्रीका के पारी 20 ओवर में 82 रन पर सिमट गइल रहे, जबकि भारत के ओर से गोंगाड़ी त्रिसा तीन विकेट लेके आ नाबाद 44 रन बनवली। टीम इंडिया के ई जीत 2023 के बाद कवनो आईसीसी ट्रॉफी के घर लावे के दुसरका मौका बा।",भारतीय महिला अंडर-19 क्रिकेट टीम लगातार दूसरका बेर टी20 विश्व कप के खिताब जीत लेले बिया। ई टूर्नामेंट 2023 में भइल रहे आ पहिला संस्करण में भारतीय टीम जीत हासिल कइले रहे। शेफाली वर्मा आ निकी प्रसाद के कप्तानी में टीम इंडिया लगातार दूसका बेर चैंपियन बनल बिया आ टॉस जीतके पहिले बल्लेबाजी करत दक्षिण अफ्रीका के पारी 20 ओवर में 82 रन पs सिमट गइल रहे। भारत के सीनियर आ जूनियर महिला टीमन के मिलाके 2023 के बाद पहिला झटका बा जब कवनो भारतीय गेंदबाज अपना घर आइल होखे। फ़ेसबुक पेजर पर कमेंट्री बॉक्स में फॉलोऑन दिहल गइल। फ़ेडरल क्रिकेट टीम के कप्तान आयुषाली वर्मा के शानदार शतकीय पारी के बदौलत टीम इंडिया के जीत दर्ज कइल गइल बा।- टीम के जीत के साथ-साथ भारतीय गेंदबाज भी शानदार प्रदर्शन कइलस।,0.6667,0.3077,0.6667
29,"एयरटेल अपने ग्राहकन खातिर नया सस्ता योजना लॉन्च कइले बिया। टी-20 विश्व कप के देखत कंपनी 3 नया रिचार्ज विकल्प पेश कईले बिया। 499 रुपिया के प्लान में 28 दिन के वैधता, हर दिन 3GB डेटा आ अनलिमिटेड कॉलिंग के सुविधा बा, संगही 3 महीना खातिर डिज्नी प्लस हॉटस्टार के मुफ्त सदस्यता भी मिलत बा। दोसरा प्लान 869 रुपिया के बा, जवन में 84 दिन के वैधता आ रोज 2GB डेटा के इस्तेमाल के सुविधा बा। वार्षिक योजना में 3359 रुपिया से रिचार्ज पर 365 दिन के वैधता आ रोज 2.5GB डेटा के इस्तेमाल के सुविधा मिलत बा।","अगर आप अपना स्मार्टफोन में एयरटेल सिम के इस्तेमाल करतानी तs आपके खातीर एगो निमन खबर बा। एयरटेल अपना ग्राहकन खातिर सस्ता आ सस्ती योजना लॉन्च करत रहेला, जवना में 3 विस्फोटक योजना बा, बाकिर अब एs सूची में एगो नाया प्लान जोड़ल गईल बा। कंपनी अपना करोड़ों यूजर खातिर कुछ दमदार योजना पेश कइले बिया। एयरटेल देश के दूसरका सबसे बड़ दूरसंचार कंपनी हs। एयरटेल हर दिन 3GB डेटा के इस्तेमाल कs सकेनी। एह योजना में अनलिमिटेड कॉलिंग के सुविधा भी उपलब्ध बा, जवन के 3 महीना खातिर डिज्नी प्लस हॉटस्टार के सदस्यता मिल सकेला। फ़ेसबुक, ट्विटर, इंस्टाग्राम, इंस्टाग्राम आ अन्य सोशल नेटवर्किंग साइट्स पर भी मुफ्त सब्सक्राइबर्स के सुविधा उपलब्ध बा।वित्तीय जानकारी के खातिर कंपनी अपना प्लान में नया प्लान के बारे में विस्तार से जानकारी देत",0.3,0.0,0.3
30,"पूरा दुनिया में ग्रीनहाउस गैस के चलते बरखा के मात्रा में कमी के खतरा बा, जे जैव विविधता खातिर अलार्म घंटी हs। शोधकर्ता लोग के अनुसार, तापमान में एक डिग्री के बढ़ोतरी से बिजली गिरला के घटना में 12 प्रतिशत के बढ़ोतरी भइल बा। ग्रीनहाउस गैस के बढ़ती से भूमध्यरेखीय इलाका में बरखा में कमी आ वनस्पति में बदलाव हो सके ला। जलवायु परिवर्तन के चलते गरज के संगे बरखा के बादल के निर्माण बढ़ल जाता आ भारत में गरज के बढ़ोतरी के दस्तावेजीकरण भइल बा। वैज्ञानिक लोग चेतावनी देले बाड़े कि ग्लोबल वार्मिंग के चलते बिजली के घटना बढ़त रही।","पूरा दुनिया में ग्रीनहाउस गैस के चलते भूमध्यरेखीय इलाका सब में बरखा में कमी आ रहल बा। ई जैव विविधता खातिर एगो अलार्म घंटी हs। शोधकर्ता लोग के दावा बा कि गैस के असर के चलते पृथ्वी के तापमान तेजी से बढ़ रहल बाड़ें आ तापमान में एक डिग्री के बढ़ोतरी के चलते बिजली गिरला के घटना में 12 प्रतिशत तक के बढ़ोतरी भइल बा। नासा वायुमंडल में कार्बन डाइऑक्साइड आ अन्य जीवाश्म ईंधन के जरावल के कारण पृथ्वी के गरम करेले। फ़्रांस के शोधकर्ता बतवले बा कि ग्रीन हाउस गैस के प्रभाव के चलते धरती के तापमान में गिरावट आ जलवायु परिवर्तन के खतरा बा। फ़ास्ट एंड फ्यूरियल गैस के मात्रा में बढ़ोतरी हो सकेला आ जलवायु में बदलाव के संभावना बा।वित्तीय शोधकर्ता के अनुसार, ई प्राकृतिक बदलाव के चलते ग्रीनहाउस आ भूमंडल में बदलाव आ पर्यावरण प्रदूषण के खतरा",1.0,1.0,1.0
31,"फ्रांस के टीम में हूगो लोरिस (गोलकीपर, कप्तान), जूल्स कुंडे, राफेल वरान, डायोट उपामेकानो, थियो हर्नांडेज, एंटोनी ग्रीजमैन, ऑरेलियन टचौमेनी, एड्रियन राबियो, ओस्मान डेम्बेले, ओलिवर जिरूड, आ किलियन एम्बाप्पे शामिल बाड़ें। अर्जेंटीना के टीम में एमिलियानो मार्टिनेज (गोलकीपर), नाहुएल मोलिना, क्रिस्टियन रोमेरो, निकोलस ओटामेंडी, निकोलस टैगेलियाफिको, रोड्रिगो डी पॉल, एंजो फर्नांडीज, एलेक्सिस मैक एलिस्टर, एंजेल डि मारिया, आ लियोनेल मेस्सी (कप्तान), जूलियन अल्वारेज शामिल बाड़ें।","फ्रांस: हूगो लोरिस (गोलकीपर, कप्तान), जूल्स कुंडे, राफेल वरान, डायोट उपामेकानो, थियो हर्नांडेज, एंटोनी ग्रीजमैन, ऑरेलियन टचौमेनी, एड्रियन राबियो, ओस्मान डेम्बेले, ओलिवर जिरूड, किलियन एम्बाप्पे। अर्जेंटीना: एमिलियानो मार्टिनेज, नाहुएल मोलिना, क्रिस्टियन रोमेरो, निकोलस ओटामेंडी, निकोलस टैगेलियाफिको, रोड्रिगो डी पॉल, एंजो फर्नांडीज, एलेक्सिस मैक एलिस्टर, एंजेल डि मारिया, लियोनेल मेस्सी (कप्तान), जूलियन अल्वारेज। फ़्रांस: एंजेला मर्केल, आंद्रे रसेल, एलेक्सांद्रो आंद्रेरे, आलेक्स रेनाडो, एंड्रयू गोमेज, एलीना फर्नांडिज, कि",0.0,0.0,0.0
32,"राहुल गांधी के सुप्रीम कोर्ट से बड़ राहत मिलल बा। कोर्ट निचला अदालत के कार्यवाही पs रोक लगा देले बिया, जेकरा चलते अमित शाह के खिलाफ मानहानि के मामला में राहुल गांधी के खिलाफ चलत मुकदमा रद्द हो सकेला। 2019 में चाईबासा में दिहल भाषण में राहुल गांधी अमित शाह के 'हत्यारा' कहल रहले। सुप्रीम कोर्ट झारखंड सरकार आ भाजपा नेता के नोटिस जारी कs के जवाब मंगले बिया। राहुल गांधी हाईकोर्ट के आदेश के चुनौती देले बाड़े।","राहुल गांधी के सुप्रीम कोर्ट से बड़ राहत मिलल बा। केंद्रीय गृहमंत्री अमित शाह के खिलाफ कथित अपमानजनक टिप्पणी के चलते कांग्रेस नेता नवीन झा के खिलाफ दायर आपराधिक मानहानि के मामला में सुप्रीम कोर्ट निचला अदालत के कार्यवाही पs रोक लगा देले बिया। भारतीय जनता पार्टी के कार्यकर्ता नवीन झा 2019 में राहुल गांधी पर कथित टिप्पणी के मामला के रद्द करे के मांग करे वाली याचिका पs आज सुप्रीम कोर्ट में सुनवाई भईल। सुप्रीम कोर्ट झारखंड सरकार आ भाजपा नेता के नोटिस जारी कs के जवाब मंगले बिया, जवना में उनुका खिलाफ चलत मुकदमा रद्द कs देले बाड़ें।विकिमीमांसारे लोगन के अपील पs झारखंड हाईकोर्ट के आदेश के चुनौती दिहल गइल बाड़ें आ झारखंड सरकार के अपील पर सुनवाई भइल बा।विकिकिताबता दी गइल बा कि अब तक उनुका के अपील के खारिज कs दिहल जाईल बा, जेकरा",0.6,0.5,0.6
33,"नई दिल्ली। एशिया कप 2025 में आज भारत आ पाकिस्तान के बीच महामुकाबला खेलल जा रहल बा। ई पहिला मौका बा जब कश्मीर के पहलगाम में भइल आतंकी हमला के बाद दूनो देसन के बीच मुकाबला हो रहल बा। एआईएमआईएम अध्यक्ष असदुद्दीन ओवैसी मोदी सरकार पर निशाना साधत पूछलें कि का मैच से होखे वाला आर्थिक लाभ 26 जान के जान से जादे महत्वपूर्ण बा। कई गो विपक्षी नेता आज के मैच के बहिष्कार के वकालत कइले बा लोग, जबकि कांग्रेस के नेता अभिषेक दत्त मैच रद्द करे के मांग कइलें।","एशिया कप 2025 में आज भारत आ पाकिस्तान के बीच महामुकाबला खेलल जा रहल बा, जवन पर पूरा दुनिया के नजर टिकल बा। कश्मीर के पहलगाम में भइल आतंकी हमला के बाद ई पहिला मौका बा, जब दूनो देसन के बीच कवनो मुकाबला खेलल जात बा। एह मुकाबला के लेके राजनीतिक बयानबाजी तेज हो गइल बा आ एआईएमआईएम अध्यक्ष असदुद्दीन ओवैसी भी मोदी सरकार पs निशान सधलें। ओवैसी कहलें कि खून आ पानी साथ-साथ नइखे होखे वाला आर्थिक लाभ बीसीसीआई के एगो क्रिकेट मैच से मिल सकेला। फ़ातिमा अख्तर अख्तर भारत के खिलाफ क्रिकेट मैच खेले से इनकार कइले बा। फ़ेसबुक लाइव वीडियो में ओवैसी के सवाल पूछें कि भारत-पाकिस्तान के बीच क्रिकेट मैच के दौरान 26 नागरिकन के जान से जादे कीमती बा, जेकरा पर सवाल उठवलें।",0.8,0.0,0.8
34,"इजरायल ईरान पs बड़ हमला कइले बा, जवन में तेहरान आ ओकरा आसपास के सैन्य ठिकानन पs धमाकन के आवाज सुनल गइल। एक अक्टूबर के ईरान इजरायल पs लगभग 200 बैलेस्टिक मिसाइलन से हमला कइले रहे। इजरायल के सेना कहलस कि ईरान के लगातार हमलन के जवाब में उ सटीक हमला कs रहल बा। ईरानी मीडिया बतवले बा कि इजरायल के हमला में कवनो नुकसान ना भइल। इजरायल के प्रधानमंत्री आ रक्षा मंत्री ऑपरेशन पs बारीकी से नजर रख रहल बाड़ें।","इजरायल ईरान पs बड़ हमला बोलले बा। ईरान के राजधानी तेहरान आ अगल-बगल इस्थित सैन्य ठिकानन पs भीषण धमाकन के आवाज आइल बा, जवन में लगभग 200 बैलेस्टिक मिसाइलन से हमला कइले रहे। इजरायली अधिकारी बतवलें कि इजरायले ईरान आ ईरान अगिला सूचना तक सब उड़ानन के स्थगित कs दिहल गइल बा। तेहरान के पश्चिम आ दक्षिण-पश्चिम में कइयन सैन्य ठिकान पs सटीक हमला कs रहल बा आ ईरान के मिसाइलन के निशाना बनावल गइल बाड़ें। फ़्रांस के सरकारी तस्दीक के अनुसार ईरान ईरान के परमाणु संयंत्रन पर हमला कइलस। फ़ायरवालिया ईरान के खिलाफ कार्रवाई करे के बात कह रहल बाड़न आ ईरान इजरायला के खिलाफ चेतावनी जारी कइलसन।... फ़्रान्स टुडे टुडे लेटेस्ट न्यूज़ एजेंसी",1.0,1.0,0.8333
35,"छपरा में गरमी के प्रकोप से सब केहू परेसान बा। सुरुज भगवान के तेज के चलते बिजली बेवस्था पर असर पड़ रहल बा, जेकरा चलते पावर ट्रिप के समस्या बढ़ गइल बा। बिजली विभाग लगातार मरम्मती के काम क रहल बा आ बुध के दु घंटा के पावर कट कइल जाई। ट्रांसफॉर्मर के ओवर हिट होखे से पावर कट के समस्या आ रहल बा, जेकरा से एसडीएस फीडर आ धर्मनाथ फीडर में बिजली बाधित रही।","छपरा। गरमी के प्रकोप से सब केहू परेसान बा। एक ओर जहां सुरुज भगवान के तेज रोज नया रिकॉर्ड बना रहल बा, ओहिजा बिजली बेवस्था पs पड़ी। ओवर हिंटिंग के समस्या के वजह से बार – बार हो रहल पावर ट्रिप लोगन खातिर परेसानी बन गइल बा। बुध के दु घंटा के पावर कट कइल जाई। एकरा से शहर के एसडीएस फीडर आ धर्मनाथ फीडर में बिजली बाधित रही। शहर के दक्षिणी हिस्सा में आवे वाले किनरवाहि में पावर कट रही आ शहरी क्षेत्र में पावर ट्रिप के समस्या आ रहल बाड़ें। रजिस् ट्रेशन आ मरम्मती खातिर बिजली विभाग के ओर से लगातार मरम्मती के काम जारी बा। बाड़े के चलते शहर के शहरी क्षेत्र के लोगन के बिजली आपूर्ति बाधित बा। बाड़े बाड़े बाड़ें, खासकर शहरी क्षेत्र आ शहरी क्षेत्र से संचालित होखे वाला दुनो फीड",0.0,0.0,0.0
36,"बिहार के राजगीर हॉकी स्टेडियम में 11 से 20 नवंबर तक होखे वाली एशियाई चैंपियंस ट्रॉफी खातिर सलीमा टेटे के अगुवाई में 18 सदस्यीय भारतीय महिला हॉकी टीम के घोषणा कइल गइल बा। नवनीत कौर के उपकप्तान बनावल गइल बा। भारत पिछला साल खिताब जीतले रहल, लेकिन टीम के प्रदर्शन में गिरावट आइल बा। टीम के लक्ष्य खिताब के रक्षा करे के बा आ ऊ कड़ा ट्रेनिंग कइले बाड़ी स। भारत अपना अभियान के सुरुआत 11 नवंबर के मलयेशिया के खिलाफ करी।","बिहार के राजगीर हॉकी स्टेडियम में 11 से 20 नवंबर तक होखे वाली एशियाई चैंपियंस ट्रॉफी खातिर सलीमा टेटे के अगुवाई में 18 सदस्यीय भारतीय महिला हॉकी टीम के घोषणा कइल गइल। नवनीत कौर के टीम के उपकप्तान नियुक्त कइले गइल बा आ मेसी, रोनाल्डो, एम्बाप्पे ना 28 साल के ई खिलाड़ी जीतल बेलन डी ऑर, रियल मेड्रिड अवॉर्ड शो के कइलस बहिष्कार। ई टीम के मवजूदा ओलंपिक रजत पदक विजेता चीन, जापान, कोरिया, मलयेशिया आ थाईलैंड सहित पांच आउर देसन से कड़ा प्रतिस्पर्धा के सामना करे के पड़ी। भारत अपना अभियान के सुरुआत 11 नवंबर के मलयेसिया के खिलाफ करी। टीम के चयन आ टूर्नामेंट खातिर ओकरा तइयारी पs मध्य पंक्ति के खिलाड़ी सलीमा कहली, ‘हमनी ले कड़ा ट्रेनिंग कइल बा, जवन हमनी के संगे मजबूत टीम बिया।’",0.8,0.5,0.8
37,"अलेक्सा, अमेजन के वर्चुअल असिस्टेंट, के बारे में जानकारी मिलल बा कि अब ई क्रेज कम हो गइल बा। अमेजन एलेक्सा के इस्तेमाल खातिर हर महीना 10 डॉलर लेवे के योजना बना रहल बा। कंपनी क्लासिक एलेक्सा के जगह एआई सपोर्ट वाला नया वर्जन, जवन रिमार्केबल एलेक्सा कहल जाई, लॉन्च करे के तइयारी में बा। नया प्रोजेक्ट के नाम प्रोजेक्ट बैनियन रखल गइल बा आ अगस्त महीना तक के लक्ष्य निर्धारित कइल गइल बा।","एगो वर्चुअल असिस्टेंट Alexa के बारे में रउआ जानते होखेम, लेकिन अब ई क्रेज बहुत हद तक कम हो गइल बा। Alexa, अमेजन के एगो ऐप हs जवन वॉयस कमांड के माध्यम से लोगन के सवालन के जवाब देला। नया वर्जन में एआई सपोर्ट वाला एलेक्सा के शामिल बा, जवना में एकरा खातिर पईसा ना देवे के होला। कंपनी नया प्रोजेक्ट के कंपनी प्रोजेक्ट Banyan नाम दिहल जा रहल बा, जे अगस्त के अंत तक पूरा करे के लक्ष्य निर्धारित कइले बा।აიી दुनियाभर में लोगन खातिर नया स्पीकर लॉन्च करे के योजना बा।वित्त सप्ताहांत में नया स्पीकर के लॉन्च करे खातिर कंपनी तैयारी कइल गइल बाड़ें।वित्तीय रिपोर्ट के अनुसार, ई नया स्पीकर अमेजन प्राइम में सामिल करे के तइया",0.0,0.0,0.0
38,"महाशिवरात्रि के अवसर पs खेसारी लाल बुध के दिने समाजवादी पार्टी के मुखिया अखिलेश यादव से भेंट कइलन। अखिलेश यादव अपना एक्स हैंडल पs खेसारी के संग तस्वीर शेयर कइले बाड़े, जहाँ दुनु जने हाथ मिलावत लउकत बाड़े। खेसारी लाल अखिलेश के सोच के सराहना करत कहले कि ई हर कलाकार खातिर प्रेरणा से भरल बा। एह मुलाकात से राजनीतिक अटकलबाजी शुरू हो गइल बा कि खेसारी लाल यूपी विधानसभा चुनाव से पहिले समाजवादी पार्टी में शामिल हो जइहें, लेकिन ई खाली अटकलबाजी हs।","महाशिवरात्रि के शुभ अवसर पs भोजपुरी फिल्म के सुपरस्टार खेसारी लाल बुध के दिने समाजवादी पार्टी के मुखिया अखिलेश यादव से भेंट कइलन। सपा प्रमुख अखिलेश यादव के एक्स हैंडल पs फोटो शेयर कइले बाड़े। तस्वीर में दुनु जने हाथ मिलावत लउकत बाड़े। फोटो में खेसारी मुस्कान देखाई देतारे। अखिलेश इs बात खुद कहले बाड़े कि उs समाज के सही दिशा देखावे के क्षमता होखेला। राजनीतिक हलकन में अटकलबाजी शुरू हो गइल बा कि समाजवादी पार्टी में शामिल हो जइहें। अबे ले सपा अवुरी खेसारी के ओर से आधिकारिक तौर पs कुछू कहल गईल बा, लेकिन एह मुलाकात से बहुते राजनीतिक अटकलेबाजी पैदा हो रहल बा। खेसारीलाल समाजवादी पार्टी से बाहर हो गइले बाड़ें। फ़ेसबुक पs पोस्ट करत कहलेहले बाड़ें कि उनकर राजनीतिक भविष्य के बारे में",0.6667,0.5714,0.6667
39,रिश्तन में मजबूती आई आ बेवसायिक कोसिस फलीभूत होई। रचनात्मक कामन में सफलता मिली आ शासन सत्ता के सहजोग मिली। स्वास्थ के लेके सचेत रहला के आवश्यकता बा आ सामाजिक प्रतिष्ठा बढ़ी। उपहार भा सम्मान में बढ़न्ती होई आ जीवनसाथी के सहजोग आ सानिध्य मिली। आर्थिक ममिलन में सुधार होई आ पारिवारिक दायित्व के पूर्ति होई।,"रिश्तन में मजबूती आई आ बेवसायिक कोसिस फलीभूत होई। वाणी पs लगाम राखीं आ तनाव से बचें। रचनात्मक कामन में सफलता मिली आ शासन सत्ता के सहजोग मिली। उपहार भा सम्मान में बढ़न्ती होई आ रचनात्मक काम में निकटता आई। स्वास्थ के लेके सचेत रहला के आवश्यकता बा। आर्थिक स्थिति में सुधार होई आ सामाजिक प्रतिष्ठा बढ़ी। जेकर नाम मा, मी, मू, मे, मो, टा, टी, टू, टे से सुरू होला, उनकर सामाजिक प्रतिष्ठा बढ़े के जरूरत बा। फ़ा, वी, वू, वे, वो, वो आ आ आहीर नाम के लोगन के सामाजिक प्रतिष्ठा बढ़ावे के जरूरत बाड़ें।वित्त सप्ताहांत में रिश््तन के शुभ संकेत बा।विभिन्न क्षेत्र में सफलता मिलल बा आ पारिवारिक प्रतिष्ठा बढ़ल बा, जेकरा में मजबूती आ आर्थिक स्थिति मजबूत",0.0,0.0,0.0
40,"नेपाल में विद्रोह के इतिहास में नवहन के भूमिका महत्वपूर्ण बा। हाल के विरोध प्रदर्शन श्रीलंका आ बांग्लादेश के आंदोलन जइसन लागत बा, जहाँ जेनरेशन-जी के युवा लोग भ्रष्टाचार आ भाई-भतीजावाद के खिलाफ आवाज उठवले बाड़ें। बांग्लादेश में छात्र लोग नौकरी में कोटा नीति के खिलाफ बड़हन विरोध कइलें, जवना से प्रधानमंत्री शेख हसीना के सत्ता समाप्त भइल। नेपाल में जेन-जी आंदोलन के दौरान अराजक तत्व शामिल हो गइल रहलें, जेकरा चलते हिंसा भइल आ कई दुखद घटना घटल। पूर्व डीआइजी हेमंत मल्ला के अनुसार, सरकार के खुफिया एजेंसी स्थिति के सही आकलन ना कइले, जवना से जानमाल के नुकसान भइल।","नेपाल में अतीत में कई गो विद्रोह भइल बा, जेमे नवहन के भूमिका अहम रहल बा। पिछिला बरिस प्रदर्शनकारि फेर से राजशाही के मांग कइले रहे लोग काहेकि इहां के राजनीतिक अस्थिरता के चलत 16 साल में 13 बेर सरकार बदल चुकल बा, बाकिर वर्तमान विरोध प्रदर्शन श्रीलंका आ बांग्लादेश में भ्रष्टाचार आ भाई-भतीजावाद के खिलाफ भइल। श्रीलंका में हिंसा आ खाद्य पदार्थ के बढ़त कमी जेन-जी के प्रदर्शन खातिर प्रेरित कइलस। प्रदर्शनकारी राष्ट्रपति भवन पऽ कब्जा में बदल गइल, जवना के बाद राष्ट्रपति गोटबाया राजपक्षे इस्तीफा दे देले रहस। विरोध प्रदर्शन के दौरान राष्ट्रपति भवन आ प्रधानमंत्री कार्यालय पर हमला कइल गइल। फ़्रांस के लोगन के लोग विरोध प्रदर्शन में शामिल रहल बाड़ें आ सरकार के खिलाफ नारेबाजी करत बाड़ें।...... शुरुआती दौर में विरोध प्रदर्शन कइल",0.0,0.0,0.0
41,पटना: बिहार विधानसभा चुनाव में मजबूती से उतरे खातिर कांग्रेस अपना तइयारियन में कवनो कमी नइखे रखे के चाहत। 18 मार्च के नया प्रदेश अध्यक्ष राजेश कुमार राम के तैनाती के 14 दिन के भीतर 20 नया जिलाध्यक्षन के नियुक्ति कइल गइल बा। खास बात ई बा कि कांग्रेस गया आ कटिहार में दु-दुगो कार्यकारी अध्यक्ष बनवले बिया। एह फेरबदल के घोषणा अखिल भारतीय कांग्रेस कमेटी के महासचिव केसी वेणुगोपाल कइलें। पार्टी के दावा बा कि ई नियुक्ति बिहार में कांग्रेस पार्टी के मजबूत करे के दिशा में एगो महत्वपूर्ण डेग बा।,"बिहार विधानसभा चुनाव में मजबूती से उतरे खातिर कांग्रेस अपना तइयारियन में कवनो कमी नइखे रखे के चाहत। 18 मार्च के कांग्रेस अपना प्रदेश अध्यक्ष राजेश कुमार राम के तैनाती के 14 दिन के भीतर नया जिलाध्यक्ष बदल दिहल गइल। जवना जिलाध्यक्षन पs काम ना करे के आरोप लागल रहे, ओकरा के हटा दिहल गईल रहे। एह तरे कुल 20 नया जिलाध्यक्षन के नियुक्ति कइल गइल बा। अखिल भारतीय कांग्रेस कमेटी के महासचिव केसी वेणुगोपाल एगो प्रेस विज्ञप्ति में ई जानकारी देलें। पार्टी के दावा बा कि बिहार में जातीय समीकरण ध्यान में रखत ई फेरबदल के जरूरत बा। फ़ेरन काहें कि एह फेरबदल के चलते कांग्रेस के संगठन मजबूत हो रहल बा आ संगठन मजबूत कइल जाई।री संगठन के मजबूत कमेटियन के संगठन में मजबूती आ संगठन के मजबूती के लिए महत्वपूर्ण भूमिका निभाइलें।-विपक्ष",0.8571,0.4,0.8571
42,पाकिस्तानी क्रिकेटर शोएब मलिक सना जावेद से शादी क‌इले बाड़े। शोएब सोशल मीडिया पs ई जानकारी साझा कइले आ सानिया मिर्जा आ उनकर परिवार शादी पर रिएक्शन दिहले। सानिया के परिवार बयान में कहलस कि शोएब आ सानिया के कुछ महीना पहिले तलाक हो चुकल रहे आ उनकर गोपनीयता के सम्मान करे के अनुरोध कइलस। शोएब आ सानिया के एक बेटा बा जवन सानिया के साथे रहेला। सानिया तलाक के प्रक्रिया शुरू कइले रहली आ तनाव में रहला के संकेत सोशल मीडिया पर मिलल रहे।,"पाकिस्तानी क्रिकेटर शोएब मलिक पाकिस्तानी एक्ट्रेस सना जावेद (Sana Javed) के साथे शादी क s लेले बाड़े। शोएब सोशल मीडिया पs पोस्ट शेयर कइले बाड़े कि उनकर परिवार उनकर शादी पs रिएक्शन दिहले बाड़े। सानिया के टीम आ उनकर पति शोएब मलिक उनकर निजी जिंदगी के हमेसा लोगन के नजरन से दूर रखली, लेकिन दु साल पहिले ही तलाक हो चुकल रहे। शोएब आ सानिया के पांच साल के एगो बेटा बा। सानिया तलाक के बाद से परिवार के साथ रहल बाड़ें। फ़ेसबुक पर पोस्ट कहले बाड़न के बाद शोएब के परिवार आ प्रशंसकन के खुशी जाहिर कइल गइल बा।विवादन के दौर में सानिया आ शोएब के संबंधन में दरार के खबर मिलल बा आ उनकरा परिवार के बीच तनाव बढ़ गइल बाड़े।- शोएब के शादी पर चर्चा चल रहल बा, लेकिन उनकर",0.3333,0.0,0.3333
43,"राष्ट्रवादी कांग्रेस पार्टी के संस्थापक शरद पवार के आज 84वां जन्मदिन हs। अजीत पवार उनुका के बधाई देले बाड़े आ सोशल मीडिया पs लिखले बाड़न। दुनो नेता दिल्ली में बाड़े आ अजीत पवार अमित शाह से महाराष्ट्र मंत्रिमंडल के गठन कe बारे में भेंट कइले रहले। अजीत पवार हमेशा से शरद पवार के जन्मदिन पर शुभकामना देत आईल बाड़े, लेकिन एह साल उनुका से भेंट करीहें कि ना, ई अबहियों साफ नईखे।",राष्ट्रवादी कांग्रेस पार्टी के संस्थापक शरद पवार के आज 84वां जन्मदिन हs। अजीत पवार उनुका के एह मौका पs बधाई देले बाड़े। उनुका सोशल मीडिया पs लिखले बाड़न कि दुनो नेता दिल्ली में बाड़े आ अमित शाह से मुलाकात कइले रहलें। दुनु नेता अमित शाह के फोन कs के उनुका से शुभकामना देत आईल बाड़े। अजीत के जन्मदिन के मौका प पs भाजपा के नेता एह साल शरद पवार से भेंट करीहें आ उनुका जन्मदिन पs शुभकामना दीहें कि ना? अब lr एनसीपी (अजीत पवार) के ओर से एs बात पs कुछूओ साफ नईखे भईल। बाड़े तs अजीत पवार के जन्मदिन पर भाजपा के तरफ से भी शुभकामना दिहल गइल बाड़े आ भाजपा के लोग उनुका पर निशाना साधले बाड़े। आपातकाल के दौर पs भी उनुका का शुभकामना देत बाड़े।विवाद के चलते दु,0.375,0.2857,0.375
44,"मध्य पूर्व में एगो बड़ युद्ध के स्थिति बन रहल बा। इजरायल आ ईरान के बीच युद्ध के सातवाँ दिन बा, जहाँ इजरायल ईरान के मिसाइलन के नाकाम कs दिहले बा आ ईरान में हमला कइलस। इजरायल के हमले में 639 लोग के मौत हो चुकल बा। अमेरिका भी युद्ध में शामिल हो सकेला, आ राष्ट्रपति डोनाल्ड ट्रंप ईरान पs हमला करे के योजना के मंजूरी दे चुकल बाड़न। रूस के राष्ट्रपति पुतिन ईरान आ इजरायल के बीच बढ़त तनाव पर चिंता जतवले बाड़न।","मध्य पूर्व धीरे-धीरे एगो बड़ युद्ध के ओर बढ़ रहल बा। इजरायल आ ईरान के बीच युद्ध जारी बा, जवना में इजरायली वायु रक्षा प्रणाली नाकाम कs दिहले बा। ईरान में यूरेनियम सेंट्रीफ्यूज अउरी मिसाइल बनावे वाली यूनिट पs हमला कईलस। अमेरिका अबले 639 लोग के मौत हो चुकल बा आ अमेरिका भी एह युद्ध में कूद सकेला। अमेरिकी मीडिया वॉल स्ट्रीट जर्नल में प्रकाशित खबर के अनुसार, ईरान के राष्ट्रपति व्लादिमीर पुतिन ईरान के खिलाफ परमाणु युद्ध पs चिंता जतवले बाड़न आ अमेरिका के राष्ट्रपति डोनाल्ड ट्रम्प से लगातार संपर्क में बाड़न। फ़्रांस के राष्ट्रपति ट्रंप ईरान पर परमाणु हमला के रोके के आदेश दिहले बाड़ें। मंगलवार के अमेरिकी राष्ट्रपति डोनाल्ड ट्रंप ईरान के आखिरी आदेश पs ईरान पs अमेरिकी दूतावास पर हमला कइले बाड़न बा। फ़ायरल बाड़",0.6667,0.5714,0.6667
45,"गोरखपुर में इंडियन मेडिकल एसोसिएशन (आईएमए) के नया कार्यकारिणी खातिर चुनाव के घोषणा कइल गइल बा। डॉ. बीबी गुप्ता चुनाव अधिकारी बनल बाड़ें। 15 से 20 दिसंबर तक प्रत्याशी नामांकन क सकीला, आ 22 दिसंबर के परचा वापसी होई। 25 दिसंबर के मतदान आ मतगणना होई। चुनाव में प्रेसीडेंट इलेक्ट आ अध्यक्ष पद के चुनाव होई, आ सब पदन के दावेदार आईएमए के वाट्सएप ग्रुप पs प्राथमिकता बतावत बाड़ें।","गोरखपुर : इंडियन मेडिकल एसोसिएशन (आईएमए) के नया कार्यकारिणी खातिर चुनाव के घोषणा कs दिहल गइल बा। डॉ. बीबी गुप्ता के चुनाव अधिकारी बनावल गइल बाड़ें। 15 से 20 दिसंबर तक प्रत्याशी नामांकन कs सकत बा लो। 22 दिसंबर के परचा वापसी आ 25 दिसंबर के मतदान होई। चुनाव के तारीख आ प्रचार जोर पकड़ लेले बा। अध्यक्ष आ सचिव पद खातिर एक-एक लोग सामने आइल बा, बाकिर अगिला साल से खाली प्रेसीडेंट इलेक्ट के चुनाव होई। अब चुनाव अधिकारी आपन टीम बनाके चुनाव के तिथि 25 दिसंबर तय कs देले बा।า फ़ॉर ऑल इंडिया मेडिकल एसोसिएशन आ आईएमए के वाट्सएप ग्रुप पs चुनाव के प्रक्रिया शुरू कs देवे के निर्देश देले बा बा। शुरुआती जानकारी के लिएवित्तა... बड़नगर मेडिकल एसोसिएशन के पदाधिकारी अबकी बेर प्रेसिडेंट आ सचिव",0.6667,0.4615,0.6667
46,बाबासाहेब भीमराव अम्बेडकर के 69वीं पुण्यतिथि पs राष्ट्रपति द्रौपदी मुर्मू आ पीएम मोदी श्रद्धांजलि दिहलन। राष्ट्रपति मुर्मू भुवनेश्वर में बाबा साहेब के मूर्ति के पुष्प अर्पित कईलीं आ बाद में एयरपोर्ट खातिर रवाना हो गईलीं। पीएम मोदी कहलन कि आजु देश उनुका योगदान के याद करेला आ ऊ अपना विजन पूरा करे के प्रतिबद्धता दोहरवले बाड़न। कांग्रेस अध्यक्ष मल्लिकार्जुन खरगे कहलन कि बाबासाहेब के आदर्श आ विचारन के रक्षा आजु के समय में जरुरी बा। कांग्रेस पार्टी भी बाबा साहेब के याद कईलस आ उनकर आदर्श के प्रेरणा बतवलस।,बाबासाहेब भीमराव अम्बेडकर के 69वीं पुण्यतिथि पs राष्ट्रपति द्रौपदी मुर्मू आ पीएम मोदी समेत कई गो राजनीतिक हस्ती उनुका के श्रद्धांजलि दिहलन। राष्ट्रपति मुर्मू भुवनेश्वर के एजी स्क्वायर में जाके बाबा साहेब भीमराव अंबेडकर के मूर्ति के पुष्प अर्पित कइलें आ उs एयरपोर्ट खातिर रवाना हो गईली। उ अपना गृह जिला मयूरभंज के दौरा भी करे के योजना बनवले बाड़ी। पीएम मोदी बियफे के दिने संविधान निर्माता डॉ. अंबेडकर के जयंती पs श्रद्धांजलि दिहलें आ कहलन कि ऊ युगों-युगों तक न्याय के राह पs आगे बढ़े खातीर प्रेरित करीं। कांग्रेस अध्यक्ष मल्लिकार्जुन खरगे भी उs अपना अधिकारी एक्स हैंडल पs लिखलन कि आजु के आदर्श आ आदर्श के आधार पर भारत के संविधान के निर्माण के प्रेरणा दिहल गइल बा।... बड़बो लोग लोगन के प्रेरणा लइलें।,0.4444,0.2857,0.4444
47,दिल्ली के मुख्यमंत्री अरविंद केजरीवाल के शराब घोटाला के मामिला में सुप्रीम कोर्ट आज 14 अगस्त के सुनवाई कइलस। उs दिल्ली हाईकोर्ट के सीबीआई के गिरफ्तारी के फैसला के चुनौती दिहलन। केजरीवाल के जमानत खातिर याचिका पs भी सुनवाई भइल। न्यायमूर्ति सूर्य कांत आ न्यायमूर्ति उज्जवल भुइयां के पीठ एह मामिला के सुनवाई कइलस। दिल्ली हाईकोर्ट 5 अगस्त के केजरीवाल के गिरफ्तारी के वैध बतवले रहे आ सीबीआई के आरोप में कवनो दुर्भावना ना बतवले।,"शराब घोटाला के मामिला में सजा काटत दिल्ली के मुख्यमंत्री अरविंद केजरीवाल के याचिका पs सुप्रीम कोर्ट 14 अगस्त के सुनवाई करी, जवना में उs दिल्ली हाईकोर्ट से सीबीआई के ओर से गिरफ्तारी के कायम राखे के फैसला मंगले बाड़े। केजरीवाल खातिर पेश वरिष्ठ अधिवक्ता अभिषेक सिंघवी कहलस कि मुख्यमंत्री के गिरफ्तारी के वैध बना देले रहे आ केंद्रीय जांच ब्यूरो (सीबीआई) के आरोप में कवनो दुर्भावना नईखे। अदालत उनुका से नियमित जमानत खातीर निचला अदालत में जाए के कहले रहे। कोर्ट कहले रहल बा कि केजरीवाल के खिलाफ सबूत जुटावे के बाद सबूत के श्रृंखला बंद हो गईल। जेकरा कारण से उनुका के जमानत मिलल बा। फ़ेरीवलीवलीवली।विनोदमयी बात बा कि आम आदमी पार्टी के संयोजक अरविंद केजरीवाल क कहले बाड़े कि उनकरा के पार्टी के नेता लोगन के खिलाफ साजिश रचल गइल बा, जेकरा",0.8571,0.4,0.5714
48,"पिछला हफ्ता ओवल ऑफिस में यूक्रेन के राष्ट्रपति वोलोदिमिर जेलेंस्की आ अमेरिकी राष्ट्रपति डोनाल्ड ट्रंप के बीच तीखी बहस भइल। अमेरिका यूक्रेन के सैन्य सहायता रोक देले बा आ एकर समीक्षा कs रहल बा। ट्रंप चाहत बाड़ें कि जेलेंस्की शांति के प्रति प्रतिबद्धता दिखावें, जबकि जेलेंस्की सुरक्षा के गारंटी मांग रहल बा। बैठक में तनाव तब बढ़ गइल जब जेलेंस्की चेतावनी देलें कि रूसी आक्रमण अमेरिका खातिर दीर्घकालिक खतरा बा। ट्रंप के प्रतिक्रिया में तीखl जुबानी हमला कइलें आ बैठक के अचानक समाप्त कs दिहल गइल।",पिछला हफ्ता व्हाइट हाउस के ओवल ऑफिस में यूक्रेन के राष्ट्रपति वोलोदिमिर जेलेंस्की के अमेरिकी राष्ट्रपति डोनाल्ड ट्रंप से बहस के बाद अमेरिका बड़ डेग उठवले बाड़ें। ट्रंप यूक्रेनी नेता पीट हेगसेथ के सहायता विराम लागू करे के आदेस देलें। ई रोक तब तक रही जब तक ट्रंप ई तय नइखे कs लेत बाड़ें कि रूस के साथ युद्ध समाप्त करे खातिर सुरक्षा के गारंटी मांग रहल बा। जेलेंस्कियो एमे कहलें कि ट्रंप रूस के संगे युद्ध समाप्ति के समझौता करे के समय अभी नाइखे। शुरुआती बातचीत में ट्रंप कहले कि ई तनावपूर्ण स्थिति के चलते अमेरिका के रक्षा मंत्री माइक पोम्पियो आ अन्य लोगन के बीच तनाव बढ़ रहल बाड़ें आ तनाव बढ़े के आशंका बा। रंगीन तस्वीर तस्वीर तस्वीर में देखेंगें।... वॉशिंग्टन पोस्ट के,0.5,0.0,0.5
49,भारत आ इंग्लैंड के बीच खेलल जा रहल पहिला टेस्ट मैच के तीसरका दिन बरखा के कारण जल्दी समाप्त हो गइल। भारत अपना दुसरा पारी में 90 रन बना के 96 रन के बढ़त हासिल कइले बा। केएल राहुल 47 आ शुभमन गिल 6 रन बनाके क्रीज प मौजूद बाड़ें। इंग्लैंड के ओली पोप 106 रन बनवले आ हैरी ब्रूक 99 रन बनाके आउट भइलें। भारत के जसप्रीत बुमराह पाँच विकेट लेके शानदार गेंदबाजी कइलें।,"भारत आ इंग्लैंड के बीच खेलल जा रहल पहिला टेस्ट मैच के तीसरका दिन के खेल बरखा के कारण जल्दी समाप्त कs दिहल गइल। भारत अपना दूसरा पारी में दु विकेट के नुकसान पs 90 रन बना लेले बा आ कुल 96 रन के बढ़त हासिल कइले बा। केएल राहुल 47 आ शुभमन गिल छव रन बनाके क्रीज पs मवजूद बा। भारत पहिला पारी में 471 रन बनवले रहे। इंग्लैंड ओली पोप के शतक आ हैरी ब्रूक के 99 रन के पारी के मदद से 465 रन बनवलस, जवना से भारत 209/3 से आगे खेले उतरल रहे। भारत के कप्तान विराट कोहली आ ब्रायडन कार्स यशस्वी जायसवाल के शतक से भारत के बढ़त में मदद कइलस। फ़ॉर ऑलराउंडर जसप्रीत बुमराह आ जसप्रीत बुमराह के शानदार प्रदर्शन से इंग्लैंड के टीम 209/4 से आगे बा।",0.4211,0.2353,0.4211
50,"भारतीय टीम के फील्डिंग कोच टी दिलीप अक्षर पटेल के चोट पs अपडेट देले बाड़ें। अक्षर ओमान के खिलाफ एशिया कप में चोटिल हो गइल रहस, जब उ कैच लेवे के कोशिश कइलें। दिलीप बतवलें कि अक्षर अब ठीक लागत बाड़ें आ पाकिस्तान के खिलाफ अगिला मैच खातिर तइयार बाड़ें। भारत ग्रुप ए में सब तीन मैच जीत के अगिला दौर में क्वालिफाई कइलस।","भारतीय टीम के फील्डिंग कोच टी दिलीप अक्षर पटेल के चोट पs अपडेट देले बाड़ें। अक्षर ओमान के खिलाफ एशिया कप मुकाबला के दौरान चोटिल हो गइल रहस आ उनका मैदान से बाहर जाये के पड़ल रहे। भारत आपन अंतिम ग्रुप मैच में पाकिस्तान के 21 रन से हराके जीत के हैट्रिक लगवले रहस। अब ओकर सामना सुपर चार चरण में अतवार के चिर प्रतिद्वंद्वी पाकिस्तान से होई। शिवम दुबे के गेना पs हम्माद मिर्जा शॉट लगवलें आ अक्षर कैच लेवे खातिर दउड़लें, जेमे तीन चौका आ एक छक्का सामिल बा। अब अक्षर के टीम में जगह मिलल बा। फ़ॉर ऑलराउंडर टी दिलीप कहलें कि उनकर टीम में बदलाव हो रहल बा आ उनकर गेंदबाजी में सुधार हो सकेला। फ़्रांस के टीम के कप्तानी में टी दिलीप कुमार कहले बाड़ें आ उनकरा के",0.5,0.0,0.5
51,"आज के दिन धन लाभ के जोग बा आ रुकल काम पूरा हो सकेला। नौकरी में अफसर खुश बाड़े आ प्रेम संबंध में मिठास आई। परिवार के सहयोग से काम बनी आ खरचा बढ़ला के जोग बा। सम्मान आ मान-प्रतिष्ठा बढ़ी, आ मेहनत के पूरा फल मिली। आज सावधानी जरूरी बा आ विवाद से दूर रहीं।","आज भावनात्मक फैसला सोच-समझ के लीं आ गलतफहमी से बचीं। धन लाभ के जोग बा आ रुकल काम पूरा हो सकेला। नौकरी में अफसर खुस रही लोग। प्रेम संबंध में मिठास आई आ पुरान संघतिया से मुलाकात होई। पढ़ाई आ प्रतियोगिता में सफलता के संकेत बा। दांपत्य जिनगी में मधुरता रही आ नया काम सुरू करे से पहिले सलाह लीं। जेकर नाम मा, मी, मू, मे, मो, टा, टी, टू, टे से शुरू होला, उनकरा के सफलता आ मान-प्रतिष्ठा बढ़ी। जेकर नाम से नया नाम बा, ती, तू, ते से सुरू होला आ पूरा नाम के लोगन के सफलता मिलल बा। फ़ूड वीकली आज के दिन भावनात्मक फैसला लेला जाईं।विवाद से बचें आ परिवार के सहजोग से दूर रहल बाड़ें।...ა",0.0,0.0,0.0
52,"सिंगापुर सशस्त्र बल मंगर के मदुरै से सिंगापुर आवे वाला एयर इंडिया एक्सप्रेस विमान IX 684 के बम के धमकी के बाद दुगो लड़ाकू विमान तैनात कइलस। विमान के सिंगापुर के चांगी हवाईअड्डा पs सुरक्षित लैंडिंग करावल गइल। रक्षा मंत्री एनजी इंग हेन बतवलें कि ई धमकी ईमेल के माध्यम से मिलल रहे आ विमान के आबादी वाला क्षेत्रन से दूर ले जाये खातिर एस्कॉर्ट कइल गइल। घटना के बाद, विमान के पुलिस के हवाले कs दिहल गइल आ जांच जारी बा।","सिंगापुर सशस्त्र बल मंगर के मदुरै से सिंगापुर आवे वाला एयर इंडिया एक्सप्रेस विमान IX 684 के बम के धमकी के बाद आबादी वाला क्षेत्रन से दूर ले जावे खातिर दुगो लड़ाकू विमान तैनात कइलस, जवना के बाद विमान के सिंगापुर के चांगी हवाईअड्डा पs सुरक्षित लैंडिंग करावल गइल। ई विमान AXB684 में बम बा, जे एकरा के पुलिस के हवाले कइलें आ जांच जारी बा। ऊ कहलें कि ई विमान रात 10:04 बजे के आसपास सुरक्षित लैंड भइल। आपातकालीन स्थिति के चलते विमान के लैंडिंग के खतरा मइल जा रहल बा। फ़ॉर ऑल इंडिया एयरलाइंस के प्रवक्ता एनजी इंग हेन बतवलें कि विमान सुरक्षित बा आ एह विमानन के सुरक्षित रखल गइल बाड़ें। फ़ायर पs वीडियो कॉलिंग के माध्यम से जानकारी दिहल गइल रहे।",0.7273,0.4444,0.7273
53,"गूगल एगो नया थ्रेट इंटेलिजेंस एआई टूल लॉन्च कइले बा, जवना से यूजर्स के साइबर हमला से बचावल जा सकेला। ई टूल साइबर धोखाधड़ी आ डिजिटल खतरा के तेजी से रोके में सक्षम होई। गूगल के ई टूल जेमिनी 1.5 प्रो लार्ज लैंग्वेज मॉडल प काम करी आ रिवर्स इंजीनियरिंग के माध्यम से मैलवेयर हमला के जल्दी से रोके में सक्षम होई। परीक्षण में ई वानाक्राई मैलवेयर फाइल के डिकम्पाइल करे में सिर्फ 34 सेकंड लगवले। ई टूल गूगल के क्लाउड सिक्योरिटी सर्विस के हिस्सा होई।","गूगल एगो नया थ्रेट इंटेलिजेंस एआई टूल लॉन्च कइले बा जवना से यूजर्स के साइबर हमला से बचावल जा सकेला। एह टूल के माध्यम से यूजर अपना संगे होखे वाला साइबर धोखाधड़ी प ब्रेक लगा सकतारे। ई टूल यूजर के साइबर धोखाधड़ी आ डिजिटल खतरा से बचाई आ साइबर हमला के तेजी से रोके में सक्षम होई। गूगल क्लाउड सिक्योरिटी के उपाध्यक्ष आ महाप्रबंधक सुनील पोट्टी आ जेमिनी एआई मॉडल प काम करी। गूगल के इ टूल जेमिनी 1.5 प्रो लार्ज लैंग्वेज मॉडल के काम करी आ ई रिवर्स इंजीनियरिंग मॉडल के मदद से साइबर सुरक्षा खतरा से बचावे में मदद करी।ṣ फ़ेसबुक प पॉर्न साइट पर सर्च करे के कोशिश कइल गइल बा। वॉल स्ट्रीट जर्नल में प्रकाशित रिपोर्ट के अनुसार, ऑनलाइन धोखाधड़ी के खतरा से निपटने के खातिर ई टूल बहुत उपयोगी साबित होई।...",0.8,0.6667,0.8
54,"बांग्लादेश के काली मंदिर से मुकुट चोरा के दुर्गा पूजा पंडाल पऽ हमला के घटना पs भारतीय विदेश मंत्रालय चिंता जतवले बा। विदेश मंत्रालय के कहनाम बा कि ई घटना निंदनीय बा आ बांग्लादेश सरकार के हिन्दू आ अल्पसंख्यक के पूजा स्थल के सुरक्षा सुनिश्चित करे के चाहीं। नवरात्रि पर्व के दौरान 35 अप्रिय घटना घटल बा, जवन कट्टरपंथी लोग के ओर से दुर्गा पूजा पंडाल के निशाना बनावे के संकेत देला। भारतीय उच्चायोग भी ताज चोरी के खबर पर चिंता जतवले बा आ बांग्लादेश सरकार से जाँच आ कार्रवाई के निहोरा कइले बा।","बांग्लादेश के काली मंदिर से मुकुट चोरा के दुर्गा पूजा पंडाल पऽ हमला के घटना पs भारतीय विदेश मंत्रालय चिंता जतवले बा। विदेश मंत्रालय के कहनाम बा कि मंदिर आ देवता के अपवित्र करे के घटना निंदनीय बा आ ई अशुद्धि के एगो व्यवस्थित पैटर्न हऽ। बांग्लादेश सरकार हिन्दू, अल्पसंख्यक आ ओह लोग के पूजा स्थल के सुरक्षा सुनिश्चित करे के चाहीं। बांग्लादेश में हिन्दू समुदाय के लोग शांति से दुर्गा पूजा पर्व तक ना मना पवले आ कट्टरपंथी के ओर से दुर्गा पुजा पंडाल के निशाना बनावे के 35 घटना भइल बा। भारत के विदेश मंत्रालय कहलस कि ई घटना बांग्लादेश सरकार के सुरक्षा के चिंता बढ़ावे के कोशिश कइल जा रहल बा। फ़ेसबुक आ ट्विटर पर पोस्ट कइल गइल जानकारी के अनुसार, बांग्लादेश में भारतीय उच्चायोग ताज चोरी के घटना के बारे में जानकारी दे रहल बाड़ें। बाड़ें आ भारत सरकार के चिंता ज",1.0,1.0,1.0
55,"व्हाट्सऐप में एगो नया फीचर आवे वाला बा, जवन छोट व्यापारि खातिर महत्वपूर्ण साबित हो सकत बा। ई फीचर के नाम Business Cloud API हs, आ ई फिलहाल विकसित कइल जा रहल बा। ई फीचर के जरिए छोटा बिजनेस करे वालन यूजर्स अपना कस्टमर्स के संगे बातचीत के मुफ्त में सुरक्षित रख सकीहें। व्हाट्सऐप हाले में ऐलान कइले रहे कि यूजर्स के चैट डेटा गूगल ड्राइव में 15 जीबी तक मुफ्त में सेव कइल जा सकेला। नया फीचर से छोट व्यापारियन के आपन चैट्स के संभाल के रखे में मदद मिली।","व्हाट्सऐप में एगो नया फीचर आवे वाला बा, जवन छोट व्यापारि खातिर काफी महत्वपूर्ण साबित हो सकतs बा। आइ रउवा के नया फीचर के बारे में बतावत बानी, जे भारतो मे मैसेंजिंग प्लेटफॉर्म के इस्तेमाल सबसे बेसी कइलऽ जाला आ नया फीचर्स के जोड़तs रहेला। एह फीचर में अलग-अलग कैटेगरी के यूज़र्स खातिर खासा फायदेमंद साबित हो सकेला। ई फीचर के इस्तेमाल कइल जा रहल बा, लेकिन अबकी बार नया बिजनेस शुरू कइलस। फ़ेसबुक, ट्विटर, इंस्टाग्राम, इंस्टाग्राम आ इंस्टाग्राम पर शेयर कइल गइल जानकारी के अनुसार, ई फीचर भारत के सबसे लोकप्रिय ऐप में से एक बा।विकिलीक्स ऐप में शुमार बानी।विकिरीट ऐप के नाम Business Cloud API हs।...अधिक जानकारी के साथ-साथ नया फीचर भी शामिल बा",0.7273,0.6667,0.7273
56,"ईरान अब इजरायल पs भारी मिसाइल हमला कs रहल बा, जवन में तेल अवीव आ बीर्शेबा समेत 4 गो शहर निशाना बनल बाड़े। बीर्शेबा के एगो अस्पताल पs मिसाइल गिरल बा आ तेल अवीव में सबसे जादा तबाही देखाई देत बा। इजरायल के प्रधानमंत्री बेंजामिन नेतन्याहू ईरान के चेतावनी दिहले बाड़े कि ओह लोग के अब पूरा दाम चुकावे के पड़ी। इजरायल ईरान के अराक भारी पानी के रिएक्टर पs हमला कइले बा, जवन संघर्ष के 7वां दिन भईल।","ईरान अब इजरायल पs भारी जवाबी हमला कs रहल बा। इजरायली मिसाइल हमला में तेल अवीव आ बीर्शेबा समेत 4 गो शहर ईरान के निशाना पs बा। ईरान के मिसाइल दक्षिण इजरायले के बीरशेबा शहर के एगो अस्पताल पs गिर गइल बा, जवना से ईरान रमत गन आ होलोन प भी हमला कईले बा। सबसे जादा तबाही ईरान के सैनिक सरोका अस्पताल आ नागरिक आबादी पर हो रहल बाड़न। ईरान ईरान के विशाल परमाणु कार्यक्रम पd इs हमला भइल बा। फ़्रांस के प्रधानमंत्री बेंजामिन नेतन्याहू ईरान के खिलाफ कड़ा चेतावनी दिहले बाड़न आ इजरायला पर हमला कइले बाड़ें। फ़ायरवालिया ईरान के परमाणु कार्यक्रम पर हमला के धमकी दे रहल बाड़ें आ ईरान के सैन्य कार्रवाई पर भी सवालिया निशान लग रहल।",0.7692,0.7273,0.7692
57,विराट कोहली के टेस्ट करियर के 30वां शतक आ यशस्वी जायसवाल के 161 रन के डैडी हंड्रेड के सहारे भारत 487 रन प पारी घोषित कइलस। ऑस्ट्रेलिया तीसरा दिन के खेल खत्म होखे तक मात्र 12 रन प तीन विकेट गवां देले बा। कप्तान जसप्रीत बुमराह आ सिराज के विकेट मिलल। भारत पहिला पारी में 150 रन आ ऑस्ट्रेलिया 104 रन पर सिमट गइल रहे। विराट ऑस्ट्रेलिया के खिलाफ नाबाद 100 रन के पारी खेललें आ डॉन ब्रैंडमैन के पीछे छोड़ दिहलें।,"विराट कोहली के टेस्ट करियर का 30वां शतक आ यशस्वी जायसवाल के 161 रन के डैडी हंड्रेड आ केएल राहुल के 77 रन के अर्धशतकीय पारी के बल पs भारत 487 रन पs पारी घोषित कइलस। ऑस्ट्रेलिया के कप्तान जसप्रीत बुमराह के दु आउर सिराज के एक विकेट मिलल बा। भारत चउथा दिन जल्दी से जल्दी सात विकेट लेके मैच अपना नावे करे के कोसिस करी आ ऑस्ट्रेलिया 104 पs सिमट गइल रहे आ भारत 46 रन के बढ़त मिलल। नीतीश रेड्डी 38 रन से पारी के आगे बढ़ावलें। फ़ॉर ऑलराउंडर जसप्रीत बुमराह, जसप्रीत बुमराह आ मोहम्मद सिराज के शानदार प्रदर्शन से टीम इंडिया के जीत में मदद मिलल बाड़ें।- जसप्रीत बुमराह भारत के कप्तानी करत बाड़ें आ जसप्रीत बुमराह से बेहतर प्रदर्शन कइल जा सकेला।-विनोद पंत के शानदार पारी के चलते ऑस्ट्रेलिया के खिलाफ सीरीज में अब तक",0.4706,0.1333,0.4706
58,"ईरान के राजधानी तेहरान आ अन्य बड़ शहरन में सरकार के खिलाफ जबरदस्त विरोध प्रदर्शन हो रहल बा। ई प्रदर्शन ईरानी मुद्रा रियाल के गिरावट, महंगाई आ बेरोजगारी के चलते हो रहल बा। अमेरिकी राष्ट्रपति ट्रंप ईरान के शासकन के चेतावनी देले बाड़ें कि अगर प्रदर्शनकारियन के खिलाफ बल प्रयोग कइल गइल त अमेरिका मदद खातिर तइयार बा। इजरायल भी ई स्थिति के गंभीरता से लिहल जा रहल बा आ हाई अलर्ट पs बा।","ईरान के राजधानी तेहरान सहित कइयन गाे बड़ शहरन में सरकार के खिलाफ जबरदस्त विरोध प्रदर्शन देखे के मिल रहल बा। ई प्रदर्शन रियाल में रिकॉर्ड गिरावट, आसमान छूअत महंगाई आ बेरोजगारी के लेके हो रहल बाड़ें। इजरायल के राष्ट्रपति डोनाल्ड ट्रंप प्रदर्शनकारियन के खिलाफ बल प्रयोग कइला के खिलाफ चेतावनी देले बाड़ें आ इजरायली सरकार के हस्तक्षेप के संभावना के मद्देनजर इजराइलो अलर्ट पs बा। इस्थिति के गंभीरता से लिहल जा रहल बाड़न, जेकरा के चलते प्रदर्शन कारियन के मदद खातिर तइयार के चेतावनी दिहल गइल बा बा। फ़्रांस के प्रधानमंत्री बेंजामिन नेतन्याहू भी ईरान में अमेरिकी हस्तक्षेप के आशंका के बारे में बात कइले बाड़ें, जबकि इजरायले विदेश मंत्री माइक पोम्पियो भी बतवलस कि इजरायला सूरक्षा के ले अलर्ट बा। ईरान के खिलाफ अमेरिकी हस्तक्षेप कइल गइ",1.0,0.0,1.0
59,"अगर रउरा स्मार्टफोन में केहु के नंबर सेव नईखे भईल आ अनजान नंबर से फोन आईल तs रउरा के फोन करेवाला के नाम स्क्रीन पs देखाई दिही। भारतीय दूरसंचार नियामक प्राधिकरण (TRAI) कॉलिंग नाम प्रेजेंटेशन लागू करे के आदेश दिहले बा, जवना के बाद मोबाइल सेवा देवे वाली कंपनी परीक्षण शुरू कs देले बिया। जदी इs ट्रायल सफल हो गईल तs ई फीचर देश भर में लागू हो जाई आ अनजान नंबर के जानकारी लेवे खातिर थर्ड पार्टी ऐप के जरूरत ना पड़ी। हरियाणा में एs महीना से ई फीचर के परीक्षण शुरू हो जाई।","अगर आपके स्मार्टफोन में केहु के नंबर सेव नईखे भईल आ कवनो अनजान नंबर से फोन आईल तs सबसे पहिले आपके दिमाग में सवाल आवेला कि फोन करेवाला के हो सकता। भारतीय दूरसंचार नियामक प्राधिकरण (TRAI) देश भर के दूरसंचार कंपनी के कॉलिंग नाम प्रेजेंटेशन लागू करे के आदेश दिहले बा, जवना में थर्ड पार्टी ऐप काम ना करी आ मोबाइल सेवा देवे के डर बा। रउआ एह सब के अनुमति ना देवे वाला कंपनी के ट्रायल सफल ना हो सकेला। फ़ेसबुक लाइव टेलीकास्ट करे के निर्देश दिहल गइल बा। ऊधम सिंह नगर, हरियाणा, दिल्ली, मुंबई, दिल्ली आ चंडीगढ़ में मोबाइल सेवा के परीक्षण के दौर चल रहल बा, जहाँ मोबाइल सेवा शुरू होखे के बाद मोबाइल सेवा प्रदाताओ के कॉल्स कॉलिंग नेम लागू कs देले बिया। शुरुआती परीक्षण के बाद, रउ",0.6,0.5,0.6
60,"गुरुग्राम-दिल्ली-जयपुर हाईवे पs शनिचर के भोर में एगो भीषण हादसा भइल। झाड़सा फ्लाईओवर के लगे बेकाबू थार गाड़ी एग्जिट डिवाइडर से टकरा गइल, जवना में तीन गो युवती आ दुगो युवक के मौत हो गइल। ई टक्कर ओवरस्पीडिंग के चलते भइल आ गाड़ी अनियंत्रित होके डिवाइडर से भिड़ गइल। हादसा भोर के करीब 4:30 बजे भइल आ गाड़ी में कुल छव लोग सवार रहे।","गुरुग्राम। गुरुग्राम-दिल्ली-जयपुर हाईवे पs सनिचर के भोर में भीषण हादसा भइल। झाड़सा फ्लाईओवर के लगे एगो बेकाबू थार गाड़ी एग्जिट डिवाइडर से टकरा गइल। ई टक्कर एतना जोरदार रहे कि गाड़ी में बइठल तीन गो युवती आ दुगो युवक के मौत हो गइल, जबकि गाड़ी में कुल छव लोग सवार रहे। हादसा ओवरस्पीडिंग के चलते भइल, जबकि एगो युवक आ युवती गंभीर रूप से घायल हो गइले।- हादसा सुबह 4:30 बजे भइल जब गाड़ी अनियंत्रित होके डिवाईडर से जा भिड़ल आ जानलेवा एक्सीडेंट में तब्दील हो गइली। जानकारी के अनुसार, हादसा भोर के करीब 4:30 पर भइल आ गाड़ी में तीन गो युवक आ एक गो युवती रहे लोग। बाड़ें। पिटाई के चलते गाड़ी अनियंत्रित होई आ हादसा सुबह के करीब 6:30 बजे के करीब भइल बा।",0.6,0.5,0.6
61,"एशिया कप 2025 के सुपर-4 में आज भारत आ पाकिस्तान के मुकाबला होखे जा रहल बा। बाकिर, प्रेस कॉन्फ्रेंस रद्द होखे आ हैंडशेक विवाद के चलते चर्चा बढ़ गइल बा। पाकिस्तान टीम के ट्रेनिंग सत्र में पीसीबी प्रमुख मोहसिन नकवी मौजूद रहलें आ ऊ कोच माइक हेसन से बातचीत कइले। प्रेस कॉन्फ्रेंस रद्द होखे के बाद अटकलबाजी बढ़ गइल बा कि पीसीबी मैच से पहिले कवनो आधिकारिक बयान जारी करी। ई लगातार दूसरका मौका बा जब पाकिस्तान टीम प्रेस कॉन्फ्रेंस रद्द कइले बिया।","एशिया कप 2025 के सुपर-4 में आज भारत आ पाकिस्तान आमने-सामने होखे जा रहल बा। खेल से जादे चर्चा प्रेस कॉन्फ्रेंस रद्द होखे के बाद विवाद बढ़ गइल बा, जब पीसीबी प्रमुख मोहसिन नकवी मौजूद रहलें। पाकिस्तान टीम के कोच माइक हेसन से लमहर बातचीत कइले बिया। ई सब ममिला के जड़ 14 सितंबर के भारत-पाकिस्तान लीग मैच से जुड़ल बा आ कप्तान सलमान आगा आ टीम के कप्तान सलमान खान के बयान से भइल रहल। फ़ेसबुक लाइव वीडियो कॉन्फ्रेंसिंग के जरिए बतवलें।विवाद के दौर में पाकिस्तान क्रिकेट बोर्ड (पीसीबी) के अध्यक्ष मोहसिन कहलें कि ई मैच से पहिले अनिवार्य प्रेस कॉन्फ्रेंस नइखे बतवले बिया आ पाकिस्तान क्रिकेट टीम के तरफ से प्रेस कॉन्फ्रेंस के शुरुआत होखे वाला बा।-पाकिस्तान क्रिकेट टीम में विवाद के बाद अब नया विवाद भइल",0.8,0.6667,0.8
62,"जेकर नाम चू, चे, चो, ला, ली, लू, ले, लो, अ से शुरू होला, ओह लोगन के विवाद से बचल जरूरी बा आ स्वास्थ आ प्रतिष्ठा के ध्यान रखल चाहीं। जेकर नाम इ, उ, ए, ओ, वा, वी, वू, वे, वो से शुरू होला, उनकर आत्मविश्वास बढ़ी आ आर्थिक पक्ष मजबूत होई। जेकर नाम का, की, कु, घ, ड, छ, के, को, हा से शुरू होला, बेवसायिक योजना सफल होई आ जीवनसाथी के सहजोग मिली। जेकर नाम मा, मी, मू, मे, मो, टा, टी, टू, टे से शुरू होला, महिला अधिकारी के सहजोग आ रचना के काम में प्रतिष्ठा बढ़ी। जेकर नाम तो, ना, नी, नू, ने, नो, या, यी, यूं से शुरू होला, पारिवारिक दायित्व के पूर्ति होई आ सामाजिक प्रतिष्ठा बढ़ी।","स्वास्थ आ प्रतिष्ठा के लेके सचेत रहला के जरुरत बा। जेकर नाम चू, चे, चो, ला, ली, लू, ले, लो,अ से शुरू होला, अपना लोगन से विवाद हो सकत बा, उनकर सामाजिक प्रतिष्ठा में सुधार होई आ शासन सत्ता के सहजोग आ सानिध्य मिली। यात्रा देशाटन के इस्थिति सुखद होई आ रिश्तन में निकटता आई। उपहार भा सम्मान में बढ़न्ती होई आ स्वास्थ के क्षेत्र में प्रगति होई। महिला अधिकारी आ कर्मचारी के बीच प्रेम संबंध मजबूत होई। फ़ा,ढ,ढ आढ़तियां, रिश्तेदारी, रिश्तों में मधुरता बनी रहेला। फ़्रांस के लोगन में आत्मविश्वास बढ़ी आ सामाजिक प्रतिष्ठा बढ़ी। फ़्रान्सिवली बाड़ें।विवादन के संभावना बा आ पारिवारिक संबंध मजबूत होला आ आर्थिक पक्ष मजबूत होई आ सामाजिक क्षेत्र में सफलता भी बढ़ल बा।",0.0,0.0,0.0
63,"जदी रउरा पंखा के गति बढ़ावे के चाहत बानी त कुछ बात पर ध्यान देवे के पड़ी। खराब कैपेसिटर पंखा के गति धीमा कर सकेला, त एकरा के बदलल जरूरी बा। पंखा के ब्लेड के सही संरेखण आ बेयरिंग में गंदगी भी समस्या पैदा कर सकेला। समय-समय पर पंखा के तेल लगावल भी मददगार होई।","जदी रउरा चाहत बानी कि पंखा गर्मी में तूफान नियन हवा बहावे त एकरा खातीर तनी काम करे के पड़ी। पंखा के देखभाल कइसे कइल जाला ताकि उ तेज गति से चले। गर्मी के समय केतनो हवा मिले कम ही लागेला आ गर्मी के चलते हवा रुक जाला। आज सब केहू एसी ना खरीद सकता, आ बहुत लोग कूलर खरीदे तक के पइसा नइखे। Capacitor में गड़बड़ी आ खराब कैपेसिटर से सीलिंग के 90% से जादा समस्या होखेला। अगर पंखा में हवा के प्रवाह कम हो गइल होखे।विभिन्न प्रकार के उपकरण के इस्तेमाल करे के सलाह दिहल गइल बा।वित्त सप्ताह में एक बार फिर से पंखा बदल के जरूरत बा आ पंखा पर ध्यान देवे के जरूरत बाड़ें।विदयनी।विदयालन के",0.0,0.0,0.0
64,"iPhone यूजर्स के OS 17.2.1 अपडेट कइला के बाद कॉल आ नेटवर्क से कनेक्ट करे में समस्या आ रहल बा। ई अपडेट बैटरी के समस्या से निपटे खातिर बा, लेकिन एकरा चलते नया परेसानी हो रहल बा। कई यूजर्स अलग-अलग प्लेटफॉर्म पs शिकायत कइले बाड़ें, आ कुछ त सिम कार्ड चेंज कइला आ फोन कंपनी से मदद मांगले बाड़ें, लेकिन कवनो फायदा ना भइल। अजीब बात ई बा कि न‌या अपडेट बैटरी बैकअप बढ़ावे खातिर जारी कइल गइल, जबकि यूजर्स के iPhone हीट आ जल्दी बैटरी डाउन होखे के सामना करेके पड़ रहल बा।","iPhone यूजर्स के OS 17.2.1 अपडेट क इला के बाद कॉल करे आ नेटवर्क से कनेक्ट करे में समस्या आ रहल बा। ई अपडेट बैटरी के समस्या से निपटे के खातिर बा आ लोगन के नया परेसानी होत बा। शिकायतन के बारीकियन के कइयन गो अलग-अलग प्लेटफॉर्म पs देखल गइल बा, लेकिन एप्पल एह पर कवनो ऑफिशियल घोषणा नइखे क इले। यूजर बतावल कि ऊ सब तरे करे के कोसिस क इलन, लेकिन फोन कंपनी आ स्टोर से मदद के मांग कइलस। यूजर कहलस कि उनकरा अब तक अच्छा कनेक्शन ना मिलल आ फोन डेटा टर्न ऑन ना हो सकेला। फ़ेसबुक पs शिकायत कइलें। फ़ेसबुक्स स्टोर पs एह अपडेट के बारे में जानकारी दिहल गइल बाड़ें आ वॉट्सऐप पs कमेंट कइल गइल।",0.75,0.7143,0.75
65,"आज के दिन परिवार में सुख-शांति बनल रही आ जमीन-जायदाद से फायदा हो सकेला। बातचीत से काम बने के जोग बा आ नौकरी-पेशा लोगन के तारीफ मिली। धन के लेन-देन में सावधानी बरतीं आ दांपत्य जीवन मधुर रही। नया काम शुरू करे के सोच सकेनी आ करिअर में तरक्की के जोग बा। आज खरचा जादे हो सकेला, सेहत पs ध्यान दीं।","आज परिवार में सुख-शांति बनल रही आ जमीन-जायदाद से जुड़ल काम में फायदा हो सकेला। सेहत ठीक रही आ सुभ अंक: 6 (जेकर नाम का,की,कु, घ,ड़,छ, के, को,हा से सुरू होला) आज बातचीत से काम बने के जोग बा। नौकरी-पेशा लोगन के तारीफ मिली आ धन के लेन-देन में सावधानी बरतीं। आज नेतृत्व क्षमता उभर के आई आ अधिकारी वर्ग खुस रही। पुरान अटकल काम पूरा हो सकेल जरूरी बा। qualified लोगन में आत्मविश्वास बढ़ के आई। फ़ायदेमंद रहल बा आ परिवार में खुशियां बनी रहेला।विवाद-विवादन के संभावना बा।भवि तिक्तता बढ़े के योग बनल बा, लेकिन जेकरा से दूर रहल बाड़ें।विवाद के दौर में",0.0,0.0,0.0
66,"मेटा एआई अब 22 देशन में उपलब्ध बा, जवना में हिंदी, रोमन हिंदी, आ अउरी कई गो भाषा शामिल बा। ‘इमाजिन मी’ फीचर से पर्सनलाइज्ड इमेज बनावल जाला आ ई गणित आ कोडिंग में मदद करेला। रउरा व्हाट्सएप, इंस्टाग्राम, मैसेंजर आ फेसबुक पर मेटा एआई से नया भाषा में बात कर सकेनी। मेटा एआई के सहारे रउरा सवाल के जवाब, प्रेरणा आ मार्गदर्शन मिलेला, आ ई रचनात्मक साथी के रूप में काम करेला। जल्दिए नया फीचर आ भाषा जोड़ल जाई।","मेटा एआई अब 22 देशन में उपलब्ध बा, जवना में हिंदी, रोमन हिंदी, आ अउरी कई गो भाषा शामिल बा। ‘इमाजिन मी’ फीचर से पर्सनलाइज्ड इमेज बनावल जाला आ ई गणित आ कोडिंग में मदद करेला। ई नया ऐप अब पूरा डिवाइस में उपयोगी हो गइल बा आ जल्दिए नया फीचर उपलब्ध हो जाई। मेटा एआइ अब 22 देशों में काम करे लागल बाड़े, जहाँ लोग रचनात्मक विचार के जीवंत होखता आ अपना ज्ञान के विस्तार होखता। अब रउरा अपना ऐप में नया भाषा जोड़ल जाई आ अपना काम में मदद करे के प्रेरणा देवे में मदद करी। फ़ेसबुक, ट्विटर, इंस्टाग्राम आ फेसबुक पर मेटा ए आई के संगे लोग रोजमर्रा के काम करे के अनुभव देवे के मौका मिलल बा।वित्तीय जानकारी के साथ-साथ नया नया फीचर भी उपलब्ध बा।-ऑनलाइन",0.6667,0.0,0.6667
67,"78वां स्वतंत्रता दिवस पर प्रधानमंत्री नरेंद्र मोदी दिल्ली के लाल किला में राष्ट्रीय झंडा फहरवले। उs स्वतंत्रता सेनानी के याद कइले आ कहले कि जब 40 करोड़ लोग मिलके महाशक्ति के हरा देले रहनी, तs आज 140 करोड़ बानी जा। पीएम मोदी प्राकृतिक आपदा में मउत पर दुख जतवले आ भरोसा दिहलें कि देश संकट में ओह लोग के संगे बा। उs महिला स्वयं सहायता समूह के महत्व बतवले आ बैंकिंग क्षेत्र में सुधार के चर्चा कइले। पीएम मोदी कहले कि भारत के युवा अब छलांग लगावे के मूड में बाड़ें आ 2047 तक विकसित भारत के लक्ष्य पूरा करे के संकल्प लेके चलल जाई।","78वां स्वतंत्रता दिवस के मौका पs प्रधानमंत्री नरेंद्र मोदी दिल्ली के ऐतिहासिक लाल किला में राष्ट्रीय झंडा फहरवले। पीएम मोदी कहले कि आज हम 40 करोड़ के रहनी तs महाशक्ति के हरा देले रहनी। आज हम 140 करोड़ बानी जा रहल बा, जवना में से लगभग 6000 विशेष अतिथि के बोलावल गईल रहे। एह कार्यक्रम में अटल इनोवेशन मिशन जईसन पहल से जुड़ल लोग, मेरा युवा भारत के वॉलंटियर्स, आदिवासी समुदाय के लोग आ किसान संगठन के प्रतिनिधि भी मौजूद रहलें। प्रधानमंत्री मोदी प्राकृतिक आपदा के समय देश के विकास के लक्ष्य हासिल कs सकेला। फ़ास्ट एंड फ्यूल फ्री इंडिया के घोषणा कइल गइल बा। फ़्रांस के पीएम नरेंद्र मोदी बतवलें कि आज के दिन देश के आर्थिक संकट के घड़ी में आजादी मिलल बा आ महिला दिवस के महत्व के बारे में जानकारी दिहल गइल।",0.8571,0.6667,0.8571
68,"देश भर में राष्ट्रपति महात्मा गांधी के जयंती मनावल जा रहल बा। प्रधानमंत्री नरेंद्र मोदी राजघाट में महात्मा गांधी के श्रद्धांजलि दिहलें आ कहले कि बापू के जीवन सच्चाई आ समानता पर आधारित रहल। एह मौका पs सर्व धर्म प्रार्थना सभा के आयोजन भईल, जवना में केंद्रीय मंत्री आ भाजपा के वरिष्ठ नेता मौजूद रहले। महात्मा गांधी के जनम 2 अक्टूबर 1869 के पोरबंदर में भइल रहे आ ई दिन गांधी जयंती आ अंतर्राष्ट्रीय अहिंसा दिवस के रूप में मनावल जाला। पीएम मोदी लाल बहादुर शास्त्री के जयंती पs भी श्रद्धांजलि अर्पित कइले, जिनकर जनम 2 अक्टूबर 1904 के उत्तर प्रदेश में भइल रहे।","देश भर में राष्ट्रपति महात्मा गांधी के जयंती मनावल जा रहल बा। प्रधानमंत्री नरेंद्र मोदी राजघाट में महात्मा गांधी को श्रद्धांजलि दिहलें। पीएम मोदी सोशल मीडिया पs पोस्ट कईले आ कहले कि, ‘आदरणीय बापू के जयंती पs सभ देशवासी के ओर से हमनी के श्रद्धांजलि देतानी। उनुकर जीवन अवुरी सच्चाई, सौहार्द अवुरी समानता पs आधारित आदर्श हमेशा देशवासी खातीर प्रेरणा बनल रही।’ एह मौका पs उहाँ सर्व धर्म प्रार्थना सभा के आयोजन भी भईल, जवना में केंद्रीय मंत्री समेत भारतीय जनता पार्टी के वरिष्ठ नेता मौजूद रहले। एकरा संगे शास्त्री भारत के दूसरका प्रधानमंत्री रहले आ उनकर सादगी आ बलिदान के बारे में भी बतावल जाला। फ़्रांस के राष्ट्रपति डॉ. मनमोहन सिंह भी संबोधित कइलें।...... फ़ाजिर खानदान के महान नेता",0.4,0.0,0.4
69,"मुख्यमंत्री के शपथ ग्रहण समारोह 20 फरवरी के दिल्ली में होई। एह समारोह के आयोजन रामलीला मैदान में कइल जाई। सोमार के दिने भाजपा विधायिका दल के बइठक स्थगित कs दिहल गइल बा, आ अब ई बइठक 19 फरवरी (बुधवार) के होई।","मुख्यमंत्री के शपथ ग्रहण समारोह 20 फरवरी के दिल्ली में होई। एह विशेष समारोह के आयोजन रामलीला मैदान में कइल जाई। सोमार के दिने होखे वाला भाजपा विधायिका दल के बइठक स्थगित कs दिहल गइल बा। अब विधान दल के पुस्तक 19 फरवरी (बुधवार) के होई। शपथ ग्रहण कार्यक्रम बियफ़ें (20 फरवरी) के रामलीला मैदान के होई, जहाँ भाजपा विधायका दल का बइठ के आयोजन कइल गइल। देलेवाल के दिने विधानसभा सत्र 20 फरवरी से 20 फरवरी तक होई।་वित्त वर्ष 2023 में विधानसभा चुनाव होइखें बाड़ें आ विधानसभा चुनाव भी होई। ऊधमसिंह नगर में भाजपा विधाताली के आयोजन 20 फरवरी पर होई।達 वॉशिंगटन में होई भारी भीड़ उमड़ पवेलियन के आयोजन 15 फरवरी के दिन होई। बानें खातिर खातिर खातिर महत्वपूर्ण समारोह होईं।",0.5,0.4,0.5
70,"सैमसंग के एगो नया सस्ता 5जी स्मार्टफोन, गैलेक्सी एम35 5जी, जल्दिए लॉन्च होखे के तैयारी में बा। ई फोन में 6000mAh के बैटरी, 6.6 इंच के FHD+ SuperAMOLED डिस्प्ले आ 120Hz रिफ्रेश रेट होई। फोन में एक्सिनोस 1380 चिपसेट, 8GB रैम आ 256GB इंटरनल स्टोरेज के सपोर्ट होई। एकरा पीछे ट्रिपल कैमरा सेटअप होई, जवना में 50MP के मेन कैमरा शामिल बा। ई स्मार्टफोन एंड्रॉयड 14 पs आधारित वनयूआई 6.0 के संगे आ सकेला।","सैमसंग गैलेक्सी एम 35 5जी स्मार्टफोन लॉन्च कs चुकल बिया, जवना में 6000एमएएच के बैटरी मिल रहल बा। सैमसंग के एs फोन के रेंडर ऑनलाइन लीक हो गईल बा आ एकर डिजाइन पंच होल डिस्प्ले के संगे आ सकता। फोन में 5000एमएएच का बैटरी आ 5000mAh के बैटरी बा। वीडियो रेंडर के मुताबिक, फोन में 6000एमएच के प्रोसेसर आ 5000 एमएएच के पावरफुल बैटरी के सपोर्ट कईल जाई। सैमसंग अपना बजट फोन के फ्लैगशिप स्मार्टफोन निहन देखाई देवे के कोशिश कईले बा। ई फोन के मॉडल नंबर SM3568/DS आ एक्सिनोस 720p के सपोर्ट करे के तैयारी कईले बाड़े। फ़ॉरमेटोलॉजी सपोर्ट करे वाला फोन बा।- सैमसंग के ई फोन में 6GB रैम आ 64GB इंटरनल स्टोरेज के सपोर्ट कइल जा सकेला।......",0.1935,0.069,0.1935
71,नई दिल्ली। NDA के उपराष्ट्रपति पद के उम्मीदवार सीपी राधाकृष्णन नामांकन दाखिल कs देले बाड़ें। पीएम नरेंद्र मोदी उनकर पहिला प्रस्तावक बनलें आ नामांकन के दौरान कई गो नेता मौजूद रहलें। राधाकृष्णन के मुकाबला विपक्षी गठबंधन के उम्मीदवार सुप्रीम कोर्ट के रिटायर्ड जस्टिस बी सुदर्शन रेड्डी से होई। उपराष्ट्रपति चुनाव खातिर 9 सितंबर के वोटिंग होई आ नामांकन के आखिरी तारीख 21 अगस्त बा। ई चुनाव जगदीप धनखड़ के इस्तीफा के चलते हो रहल बा।,"नई दिल्ली। NDA के उपराष्ट्रपति पद के उम्मीदवार सीपी राधाकृष्णन नामांकन दाखिल कइले बाड़ें। पीएम नरेंद्र मोदी पहिला प्रस्तावक बनलें। नामांकन के दौरान गृह मंत्री अमित शाह, रक्षा मंत्री राजनाथ सिंह आ भाजपा अध्यक्ष जेपी नड्डा सहित कइयन गो नेता मवजूद रहे। नामांकन से पहिले राधाकृष्णन संसद परिसर में गांधी प्रतिमा पs फूल चढवलें। 17 अगस्त के भइल भाजपा संसदीय दल के बैठक में उनका नाम पs सहमति बनल रहल बा। 74 साल के धनखड़ के कार्यकाल 10 अगस्त 2027 तक रहे। कांग्रेस के उम्मीदवार दक्षिण से बा। उपराष्ट्रपति चुनाव खातिर 9 सितंबर के वोटिंग होई। जगदीप धनखड़ 21 जुलाई के रात अचानक इस्तीफा देवे के वजह से उम्मीदवारी वापस लिहल जा सकत बा।,-...... फ़ॉरवर्ड प्रेस कॉन्फ्रेंस के आखिरी तारीख 21 अगस्त बा आ 25 अगस्त तक नामांकन होई।......",0.5333,0.3077,0.5333
72,"गुजरात के वडोदरा जिला के पादरा तालुका में आणंद आ पादरा के जोड़े वाला एगो पुल के हिस्सा ढह गइल, जवना से नव लोगन के मौत हो गइल आ नव लोगन के बचा लिहल गइल। पीएम मोदी हादसा पs दुख जतवले बाड़ें आ मुआवजा के एलान कइले बाड़ें। पुल के टूटला के समय चार गो वाहन महिसागर नदी में गिर गइल। मुख्यमंत्री भूपेंद्र पटेल उच्च स्तरीय समिति के घटनास्थल पs भेजके रिपोर्ट मंगले बाड़ें। स्थानीय लोगन के अनुसार, पुल के स्थिति के बारे में बार-बार चेतावनी दिहल गइल रहे, लेकिन प्रशासन ध्यान ना देलस।","वडोदरा जिला के पादरा तालुका में आणंद आ पादरा के जोड़े वाला एगो पुल के हिस्सा ढह गइल। पुल के टूटतही कइयन गो वाहन महिसागर नदी में गिर गइल, जबकि नव लोगन के बचा लिहल गइल बा। गुजरात के मुख्यमंत्री भूपेंद्र पटेल दुख जतवलें आ घायलन के जल्दी ठीक होखे के कामना कइलें। पीएम मोदी हादसा पs दुख जतावले बाडे़ आ मृतक के परिजनन के दु लाख रुपिया आ घायल के 50,000 रुपिया दिहल जाई। बुध के सबेरे आणंद आ वडोदरा जिला प्रशासन राहत आ बचाव कार्य में जुट गइल बाड़ें। फ़ायरल जानकारी के अनुसार, घटना के बाद मुख्यमंत्री देवेंद्र फडणवीस आ अन्य मंत्री राहत कोष से राहत कार्य शुरू कइलस। शुरुआती जानकारी के मुताबिक, पूरा मामला गुजरात के सीएम भूपेंद्र पटेल के ध्यान में रखल गइल बाड़ बाड़न।- गुजरात सरकार के बचाव कार्य",0.4,0.0,0.4
73,पटना। प्रशांत किशोर के जन सुराज पार्टी 10 से 25 सितंबर तक बिहार के सब 243 विधानसभा क्षेत्रन में “बिहार बदलाव यात्रा” के आयोजन करी। पार्टी के चुनाव अभियान समिति के प्रदेश संयोजक सुधीर शर्मा बतवलें कि एह यात्रा के उद्देश्य जन सुराज के बदलाव के सोच के जनता तक पहुंचावल आ संगठन के बूथ स्तर तक मजबूत कइल बा। प्रेस वार्ता में पार्टी के वरिष्ठ नेता रामबली चंद्रवंशी आ अन्य लोग राजद आ महागठबंधन पर मुस्लित हितैषी होखे के आरोप लगवलें। ऊ कहलें कि तेजस्वी यादव के सवाल बेबुनियाद बा आ उनकर पार्टी मुस्लिम समाज के प्रतिनिधित्व ना देले।,"पटना। प्रशांत किशोर (Prashant Kishore) के जन सुराज पार्टी 10 से 25 सितंबर तक बिहार के सब 243 विधानसभा क्षेत्रन में “बिहार बदलाव यात्रा” के आयोजन करी। पार्टी के चुनाव अभियान समिति के प्रदेश संयोजक सुधीर शर्मा कार्यक्रम के बारे में जानकारी दिहलें। उ बतवलें कि एह यात्रा के उद्देश्य मुस्लिम वोटबैंक के ध्रुवीकरण के सोच के जनता तक पहुंचावल आ संगठन के बूथ स्तर तक मजबूत कइल। पार्टी में अल्पसंख्यक आ अल्पसंख्यक के प्रतिनिधित्व के मुद्दा पर जोर दिहल गइल बा। आपातकालीन स्थिति में पार्टी के कार्यकर्ता एकजुट होखे के अपील कइले बाड़ें। फ़ेसबुक, ट्विटर, फेसबुक, ट्विटर आ ट्विटर, ट्विटर के माध्यम से पार्टी कार्यकर्ता के संगे जोड़के पार्टी के व्यापक जनाधार तइयार कइल गइल बाड़ें आ सोशल मीडिया पर लोग लोग लोगन के समर्थन कइलस। शुरुआती दौर में पार्टी कार्यकर्ता कार्यकर्ता के",0.75,0.6667,0.75
74,"स्पोटिफाई एगो नाया जेनरेटिव एआई फीचर लॉन्च करे के घोषणा कइले बिया, जेकरा से यूजर आसानी से अपना पसंद के गाना के प्लेलिस्ट बना सकतारे। ई फीचर फिलहाल प्रीमियम यूजर खाती टेस्टिंग मोड में बा आ ब्रिटेन आ ऑस्ट्रेलिया में एंड्रॉयड आ IOS फोन के यूजर खातिर जल्दी शुरू होई। यूजर बस अपना पसंद के प्रॉम्प्ट लिख के स्पोटिफाई से प्लेलिस्ट बना सकीला। जब रउरा ""बनाईं"" बटन दबाइब त ई नया प्लेलिस्ट रउरा लाइब्रेरी में सेव हो जाई।","Spotify AI Playlist Feature: म्यूजिक स्ट्रीमिंग सेवा स्पोटिफाई भी एगो नाया जेनरेटिव एआई फीचर लॉन्च करे के घोषणा कइले बिया। एह फीचर के मदद से यूजर आसानी से अपना पसंद के गाना के प्लेलिस्ट बना सकतारे। ई फीचर यूजर के पसंद के अनुसार गाना पसंद करे के सुविधा दे रहल बिया आ एआई के इस्तेमाल से यूजर के गाना पसंद करी जा सकेला। एआई में नया फीचर एआई ऐप के इस्तेमाल क के यूजर के बेहतर अनुभव दे रहला। ऑरिजिनल वीडियो, ऑडियो, वीडियो, वीडियो आ वीडियो शेयरिंग के सुविधा भी उपलब्ध बा। फ़ेसबुक, ट्विटर, ट्विटर आ गूगल प्लेलिस्ट के अनुसार, ई फीचर के इस्तेमाल करे के विकल्प के बारे में विस्तार से बतावत बानी स। फ़ेसबुक्स आ गूगल क्रोम पर सर्च इंजन से लेके फूड डिलीवरी ऐप पर भी जानकारी उपलब्ध बानी।",0.0,0.0,0.0
75,"अमेरिका के दक्खिनी आ मध्य पश्चिमी इलाका में एगो विनाशकारी तूफान से भयानक तबाही मच गइल बा। आंधी के चलते बहुत घर के छत उड़ गईल, पेड़ उखड़ गईल आ बिजली के खंभा गिर गईल बा। सात लोग के मउत हो चुकल बा आ मौसम विभाग आ स्थानीय प्रशासन जनता से घर के भीतर रहे के कहले बा। लगभग 15 लाख लोग एह तूफान के शिकार बा, जेह में नैशविले आ टेनेसी के लोग भी सामिल बा। गवर्नर बिल ली के कहल बा कि तलाशी जारी बा आ स्थिति भयावह बा।","अमेरिका के दक्खिनी आ मध्य पश्चिमी इलाका में एगो विनाशकारी तूफान से भयानक तबाही मच गइल बा। आंधी के चलते सामान्य जीवन पs बहुत असर पड़ल बा आ बहुत घर के छत उड़ गईल बा, पेड़ उखड़ गईल आ बिजली के खंभा गिर गईल। तूफान के चलते सात लोग के मउत भी हो चुकल बा आ मौसम विभाग आ स्थानीय प्रशासन जनता से गोहार लगवले बा। टेनेसी के गवर्नर बिल ली के कहल बा कि तलाशी जारी बा आ स्थिति भयावह बा आ लोग परेशानी में बाड़े। ओहियो से ले के मिसिसिपी ले लगभग 15 लाख लोग एह तूफान के शिकार बा जेह में नैशविले, टेनेसी आ ट्यूपेलो के लोग शामिल बा। इहो पढ़ी: रोज करीं इs 4 गो योगासन, आंख के puffiness होई दूर आ ध्यान रखो। ओक्लाहोमा से इंडियाना ले विनाशकारी बवंडर देखल गइल",0.3333,0.0,0.3333
76,गोरखपुर में सदस्यता अभियान के तहत सरकारी वित्त मंत्री सुरेश खन्ना आ सांसद रवि किशन एगो प्रेस कांफ्रेंस कइले। रवि किशन अखिलेश यादव के बयान पs आपत्ति जतवले आ कहले कि उऽ गोरखपुर के जनता के आस्था पs हमला कइले बाड़े। उऽ पूछलन कि अखिलेश यादव के खुद बतावे के चाही कि गोरखपुर के नाम काहे लेले। उनकर कहना रहल कि गोरखनाथ मंदिर एहिजा के लोग के आस्था के केंद्र हऽ आ अखिलेश यादव के बयान एहिजा के लोग के आस्था पs हमला बा।,गोरखपुर में सदस्यता अभियान के तहत सरकारी वित्त मंत्री सुरेश खन्ना गोरखपुर पहुंचल रहले। एह दौरान उऽ आ सांसद रवि किशन एगो प्रेस कांफ्रेंस कइलें। रवि किशन अखिलेश यादव के बयान पs आपत्ति आ सवाल उठवले बाड़े। उऽ कहले कि उऽ गोरखपुर के जनता के आस्था पs हमला कइलस। ऊ ऊ ऊ कहलन कि गोरखपुर के लोग के आस्था के केंद्र हऽ आ गोरखपुर के नाम काहे लेले? बाड़ें कि ऊ ऊ लोगन के आस्था पर हमला करे के चाही बाड़ें।वित्त मंत्री रवि किशन कहले बाड़े कि ऊ गोरखपुर के विकास के नाम ना लेले बाड़े आ गोरखपुर काहे चुनले बाड़े।संकेत दिहलस कि ऊ कहले बाड़न कि गोरखपुर में ऊ ऊ गोरखपुर से चुनल गइल बाड़ें आ ऊ ऊ कवनो सवाल के जवाब ना देवे के चाहल बाड़े।-,0.8,0.6667,0.8
77,"पश्चिम बंगाल के कोलकाता में भाजपा सांसद रूपा गांगुली के पुलिस गिरफ्तार कऽ लिहलस। उ बांसद्रोणी थाना के सोझा शांतिपूर्ण विरोध करत रहली। पुलिस उनकरा के रात भर हिरासत में लेके लाल बाजार ले गइल बिया। रूपा गांगुली कहली कि जब तक पुलिस आरोपी के ना ले ली, तब तक उऽ विरोध करत रहीहें।","पश्चिम बंगाल के कोलकाता में भाजपा सांसद रूपा गांगुली के पुलिस गिरफ्तार कऽ लिहलस। उ बांसद्रोणी थाना के सोझा विरोध करत रहली आ रात भर थाना के बाहर विरोध जतवली। प्रदर्शन पूरा तरीका से शांतिपूर्ण रहे, लेकिन पुलिस उनका के पकड़ के लाल बाजार ले गइल बिया। उऽ पुलिस के दमन के खिलाफ मोर्चा खोल देले रहली। पुलिस आरोपी के हिरासत में ना ले ली तब तक उऽ थाना के विरोध करत रहीहें। बॉलीवुड अभिनेत्री रूपा गांगुली आज रात 10 बजे के सबेरे गिरफ्तार कइल गइल। भड़की। महेंद्र नाथ पांडेय कहली कि उऽ आरोप लग रहल कि पुलिस उनकर गिरफ्तार कइले बिया, लेकिन उनकर के मनावे के पूरा कोशिश कइलस, जेकरा के माने खातिर तइयार ना रहली उऽ विरोध प्रदर्शन कइल जा रहल बाड़ें। हॊरहीरा बाड़ें कि",0.0,0.0,0.0
78,सपा प्रमुख अखिलेश यादव कहले कि अयोध्या में किसान के जमीन सस्ता में खरीद के महंगा दाम पs बेचल जाता। उऽ कहले कि किसान के मांग के मुताबिक उचित मुआवजा नइखे दिहल गइल आ अधिकारी आ भाजपा के लोग मिल के लूटपाट में लागल बाड़े। अखिलेश बतवलें कि महर्षि योगी ट्रस्ट अयोध्या के जमीन बांट के लूट रहल बा आ गाँव के जमीन के कब्जा कऽ के एक करोड़ रुपया प्रति हजार वर्ग में बेचतारे। उऽ कहले कि अयोध्या में लूटपाट के हालात बहुत खराब बा आ इ मुद्दा यूपी विधानसभा में उठाइब।,"सपा प्रमुख अखिलेश यादव कहले कि अयोध्या में किसान के जमीन सस्ता में खरीद के महंगा दाम पs बेचल जाता। किसान के इच्छा के मुताबिक मुआवजा नइखे दिहल गइल। जदि कहीं अधिकतम लूटपाट भइल बा तऽ सबसे ज्यादा अयोध्या में भइल। अखिलेश यादव योगी सरकार पs बड़ हमला कइले बाड़े। उऽ कहले बाड़े कि सरकार गरीबन के जमीन अपना लोग तक पहुंचल तऽ सर्किल रेट बढ़ा दिहलस। ऊ भाजपा के सभ अधिकारी के सूची आ जमीन लेवे वाला अधिकारी के रजिस्ट्री के विवरण बा। ऊ अपना हार के चलते अपना हार मानल बाड़ें। ऊधम सिंह नगर।विद्रोही लोगन के खिलाफ मोर्चा खोलल जा रहल बा आ सरकार के खिलाफ नारेबाजी कइल गइल बा।विवाद के दौर में उऽ लोग अपना हार भइल, लेकिन सरकार के सत्ता से बाहर रहल बाड़े। बड़ हमला भइल",0.6667,0.0,0.6667
79,"भारत आ इंग्लैंड के बीच चउथा टेस्‍ट मैच 23 जुलाई से मैनचेस्टर के एमिरेट्स ओल्ड ट्रैफर्ड मैदान पs खेलल जाई। जसप्रीत बुमराह के खेलल तय नइखे, आ अजिंक्य रहाणे कहले बाड़ें कि अगर बुमराह ना खेलत त अर्शदीप सिंह के मौका मिलल चाहीं। अर्शदीप अब तक टेस्ट क्रिकेट में डेब्‍यू नइखन कइलें, लेकिन 21 प्रथम श्रेणी मैच में 66 विकेट चटकवले बाड़ें। उनकर चोट के बारे में सहायक कोच रयान टेन डोएशेट अपडेट दिहले रहस।","स् पोर्ट्स डेस् क। भारत आ इंग् लैंड के बीच चउथा टेस् ट मैनचेस्टर के एमिरेट्स ओल्ड ट्रैफर्ड मैदान पs खेलल जाई, जवना के सुरुआत 23 जुलाई से होई। भारत के प् लेइंग 11 के लेके अभियो संशय बा। जसप्रीत बुमराह के चोट आ वर्कलोड मैनेजमेंट भारतीय टीम के टेंशन बढ़ा के रखले बा। कप्तान अजिंक्य रहाणे कहले बाड़ें कि जदि बुमराह के प्लेइंग इलेवन में सामिल नइखन खेलत तs मैनेजमेंट के उनका जगह अर्शदीप सिंह के खेलावे के चाहीं। रहाणे अपना यूट्यूब चैनल पs कहलें, “हमरा बुमराह के रिप् लेसमेंट के नाम बतवले बाड़ें, जदि जसप्रीत बुमराह फिट हो सकेला।”।” फ़ॉर ऑलराउंडर अजिंक्य रहाणे बतवले बा कि जसप्रीत बुमराह अभी तक फिट नइखे बाड़ें। जसप्रीत बुमराह अब तक के सीरीज",0.4444,0.0,0.4444
80,"इंग्लैंड भारत के खिलाफ 186 रन के बढ़त हासिल कs लेले बा आ पहिला पारी में सात विकेट पs 544 रन बना लेले बा। बेन स्टोक्स 77 आ क्रिस वोक्स चार रन बनाके क्रीज पs डटल बाड़ें। भारत पहिला पारी में 10 विकेट पs 358 रन बनवले रहे। जो रूट 248 गेना में 150 रन बनाके पवेलियन लवटलें आ रवींद्र जडेजा उनकर शिकार बनवलें। वाशिंगटन सुंदर भारत खातिर दु विकेट झटकलें, जबकि जसप्रीत बुमराह आ मोहम्मद सिराज के एक-एक सफलता मिलल।","इंग्लैंड भारत के खिलाफ 186 रन के बढ़त हासिल कइले बा। इंग्लैंड पहिला पारी में सात विकेट पs 544 रन बना लेले बा आ स्टंप्स के समय बेन स्टोक्स 77 आ क्रिस वोक्स चार रन बनाके क्रीज पs डटल बाड़ें। इंग्लैंड के बल्लेबाज मुसीबत बनल बा आ इंग्लैंड के चउथा झटका वाशिंगटन सुंदर देलें। भारत के 358 रन के बराबरी कs लेलें। ई मैच में इंग्लैंड के कप्तान बेन स्टोक्स के शानदार शतक से भारत के जीत में मदद मिलल। फ़ॉर ऑलराउंडर बेन स्टोक्स आ क्रिस गेल के शानदार अर्धशतक से इंग्लैंड के जीत के उम्मीद बा। फ़ॉरमेटल खिलाड़ीन खातिर उ उ अपना सर्वश्रेष्ठ प्रदर्शन कsलें आ अपना सर्वश्रेष्ठ योगदान देवे वाला खिलाड़ीन के साथ खेलल बा। फ़ॉलोइंग इलेवन में शामिल हो गइल बा, जेकरा खातिर इंग्लैंड के विकेट जल्दी जल्दी जल्दी आउट हो गइ",0.8421,0.7059,0.6316
81,"वनडे विश्व कप के बाद चोटिल होखला के चलते मोहम्मद शमी भारतीय टीम से बाहर बाड़ें, लेकिन उनकर जल्दिये वापसी के उम्मीद बा। ऊ 19 सितंबर से बांग्लादेश के खिलाफ चेन्नई में होखे वाला टेस्ट सीरीज खातिर टीम में वापसी कs सकत बाड़ें। शमी विश्व कप 2023 में 24 विकेट लेके सबसे जादे विकेट चटकवले रहस। ऊ एनसीए में रिहैब के अंतिम चरण में बाड़ें आ धीरे-धीरे अपना गेंदबाजी के कार्यभार बढ़ा रहल बाड़ें। मुख्य चयनकर्ता अजीत अगरकर बतवले बाड़ें कि शमी गेंदबाजी शुरू कइले बाड़ें आ उनकर लक्ष्य टेस्ट मैच में खेलल बा।","वनडे विश्व कप के बाद चोटिल होखला के कारण भारतीय टीम से बाहर चल रहल तेज गेंदबाज मोहम्मद शमी के जल्दिये वापसी के उम्मीद कइल जा रहल बा। शमी बांग्लादेश के विरुद्ध 19 सितंबर से चेन्नई में सुरू हो रहल दु मैचन के घरेलू टेस्ट सीरीज खातिर टीम में वापसी कs सकत बाड़ें। शमी विश्व कप 2023 में सबसे जादे विकेट लेवे वाला गेंदबाज रहलें, ऊ खाली सात मैचन में 24 विकेट चटकवले रहस। शमी के दहिना एड़ी में चोट के कारण क्रिकेट से दूर रहे के पड़ल रहे। उनका एह साल 2024 में सर्जरियो करवावे के पड़ल बाड़ें आ क्रिकेट से कइयन महीना से दूर रहल बाड़ें, लेकिन उनकर लक्ष्य 19 सितंबर के बाद बांग्लादेश के खिलाफ शुरू होखे वाला भारत के पहिला टेस्टस्ट मैच में खेलल जाई।...विदयक्त जानकारी के अनुसार शमी के चयनकर्ता अजीत अगरकर",0.8,0.75,0.8
82,"प्रधानमंत्री नरेंद्र मोदी अपना बिदेस यात्रा के चउथा पड़ाव में ब्राजील पहुंच चुकल बाड़ें। रियो डी जनेरियो में पीएम के शानदार स्वागत भइल आ उ 17वां ब्रिक्स शिखर सम्मेलन में हिस्सा लीहें। प्रवासी भारतीय लोग पारंपरिक नृत्य आ लोकगीत के संगे पीएम के भव्य स्वागत कइल। पीएम मोदी ब्रिक्स में शांति, सुरक्षा, आर्टिफिशियल इंटेलिजेंस, जलवायु परिवर्तन, स्वास्थ्य आ फाइनेंस के मुद्दा उठाए के योजना बनवले बाड़ें। ब्राजील के दौरा खत्म कइला के बाद उ 9 जुलाई के नामीबिया के रुख करिहें।","प्रधानमंत्री नरेंद्र मोदी अपना बिदेस यात्रा के चउथा पड़ाव में ब्राजील पहुंच चुकल बांटे। ब्राजील के राजधानी रियो डी जनेरियो में पीएम मोदी के सानदार स्वागत भइल। पीएम चार दिन ब्राजील में बितइहें आ 17वां ब्रिक्स शिखर सम्मेलन में हिस्सा लिहें। प्रवासी भारतीय लोग पारंपरिक नृत्य आ लोकगीत के संगे ब्राजील के भव्य स्वागत कइल। एह डांस परफॉर्मेंस के थीम ऑपरेशन सिंदूर पऽ आधारित रहे, जेमे “ये देश नहीं मिटने दूंगा” गाना पऽ लोग थिरकत नजर आइल। पीएम मोदी 9 जुलाई के अफ्रीकी देस नामीबिया के रुख करिहें, जवना पs द्विपक्षीय वार्ता कइल जा सकेला। पीएम मोदी 8 जुलाई के ब्राजील के राष्ट्रपति के लिस्ट में सामिल होखे के कयास लगावल जात बा। शुरुआती दौर में ब्राजील के पीएम मोदी कई गो बड़ मुद्दा उठा सकेलें।",0.6667,0.5,0.6667
83,उत्तर प्रदेश के प्रयागराज में भव्य महाकुंभ के आयोजन हो रहल बा। अब ले 35 करोड़ से अधिका लोग त्रिवेणी संगम में नहा चुकल बाड़े। बसंत पंचमी के दिन भारी भीड़ देखल गइल बा आ सीएम योगी सबेरे साढ़े तीन बजे से बैठक करत रहले। सीएम योगी मंगल 4 फरवरी 2025 के महाकुंभ के दौरा करीहे आ मीडिया सेंटर पूरा कार्यक्रम जारी कइले बा।,"भव्य महाकुंभ के आयोजन उत्तर प्रदेश के प्रयागराज में हो रहल बा। अब ले 35 करोड़ से अधिका लोग गंगा, यमुना आ सरस्वती के त्रिवेणी संगम में नहा चुकल बाड़े। बसंत पंचमी के दिन अमृत स्नान खातिर भारी भीड़ देखल गइल बा आ सीएम योगी सबेरे साढ़े तीन बजे से अपना आधिकारिक आवास के वॉर रूम में बैठक करत रहले। अब जानकारी सोझा आईल बा कि खुद सीएम योगी मंगल के मतलब आजु प्रयाग राज के दौरा करीहे। यूपी के मीडिया सेंटर सीएम योगी के एह यात्रा के संबंध में पूरा कार्यक्रम जारी कइले बा। बिगड़े मौसम के मद्देनजर सीएम योगी आजु अपना आधिकारिक निवास पर बैठक करत बाड़े। फ़ौरन सीएम योगी आदित्यनाथ के आधिकारिक आवास पर बैठक के आयोजन के जानकारी दिहल गइल बाड़ें। ऊधम सिंह नगर में सीएम योगी आ अन्य अधिकारी लोगन के साथ बैठक के दौर में बैठक कइ",0.5,0.0,0.5
84,"प्रधानमंत्री नरेंद्र मोदी आज सांझ पांच बजे देस के संबोधित करिहें। समाचार एजेंसी एएनआई के अनुसार, पीएम मोदी के राष्ट्र के नाम संबोधन होखे के बा। अभी तक ई पता नइखे चलल कि पीएम मोदी कवना मुद्दन पs बात करिहें, लेकिन मानल जा रहल बा कि जीएसटी सुधारन के लेके ऊ आपन संबोधन दे सकत बाड़ें।","नई दिल्ली। प्रधानमंत्री नरेंद्र मोदी आज सांझ पांच बजे देस के संबोधित करिहें। एह बात के जानकारी समाचार एजेंसी एएनआई देले बा। सांझ पांच में पीएम मोदी के राष्ट्र के नाम संबोधन होखे के बा। पीएम मोदी कवना मुद्दन पs ई संबोधन दिहें, एकर अभी आधाकारिक जानकारी सामने नइखे आ सकल। प्रधानमंत्री मोदी सोमार से लागू हो रहल जीएसटी सुधारन के लेके पीएम मोदी आपन संबोधन दे सकत बाड़ें। पीएम मोदी जीएसटी सुधार के ले के संबोधन दे सकेला। तइयारी के महत्वाकांक्षा बाड़ें आ लोगन के बारे में जानकारी मिलल जा रहल बा कि सोमार के जीएसटी सुधार पर चर्चा हो सकेला बा। बाने में जीएसटी के असर पइल बा आ जीएसटी के सुधारन पर चर्चा चल रहल बाड़न। शुरुआती दौर में कई महत्वपूर्ण जानकारी सामने आ रहल बाड़ें, लेकिन",1.0,0.0,1.0
85,गाजीपुर के नसरतपुर गांव में ओमप्रकाश राजभर महाराजा सुहेलदेव के प्रतिमा के अनावरण कइले। उऽ समाजवादी पार्टी पर हमला करत कहले कि अपराधी के मुठभेड़ जाति के आधार पs ना होखेला। ओमप्रकाश राजभर बतवले कि उनकर पार्टी सुभासपा महाराष्ट्र आ बिहार विधानसभा चुनाव लड़ी। उऽ शिक्षक बहाली के मुद्दा पर सरकार के काम के बारे में भी जानकारी दिहले। राजभर कहले कि हर जाति के अपराधी के खिलाफ कार्रवाई होई आ सरकार कानून के पालन करतिया।,"गाजीपुर के नसरतपुर गांव में ओमप्रकाश राजभर महाराजा सुहेलदेव के प्रतिमा का अनावरण कइले। समाजवादी पार्टी के निशाना बनावत उऽ कहले कि अपराधी के मुठभेड़ जाति के आधार पs ना होखेला। ओम प्रकाश राजभर बतवले कि सुभासपा महाराष्ट्र अउरी बिहार विधानसभा चुनाव लड़ी। उऽ महाराष्ट्र विधानसभा चुनाव लड़े के बातो कहले, लेकिन सरकार आरक्षण के नियम के मुताबिक मामला के निपटारा नइखे। अखिलेश यादव के बयान के सवाल पs ओपी राजभर राजनीतिक आक्रामक तरीका से जवाब देले। ऊ ऊ कहलें कि पुलिस फूल के बौछार ना करी।า फ़ेसबुक, ट्विटर, ट्विटर आ ट्विटर पर पोस्ट कहले बाड़न। भइल जानकारी के अनुसार......ṣवित् तस्वीर साभार साभार साभार-अक्टूबर 15, 2017(एजेंसी):36:43:43 IST",0.2222,0.0,0.2222
86,"बिहार विधानसभा के 243 सीटन पs चुनाव खातिर दुनो चरण के मतदान हो चुकल बा। पहिला चरण के वोटिंग 6 नवंबर आ दुसरका चरण के 11 नवंबर के भइल। एग्जिट पोल के नतीजा में NDA के सरकार बनत लउकत बिया, जबकि एक्सिस माई इंडिया के अनुमान बा कि एनडीए बहुमत से तनिका पीछे रह जाई। रिपोर्ट में एनडीए के 121 से 140 सीट, महागठबंधन के 98 से 118 सीट आ प्रशांत किशोर के जन सुराज पार्टी के 0 से 2 सीट मिल सकेला। तेजस्वी यादव कहलें कि एग्जिट पोल जनता के असली फैसला ना बतावेला आ महागठबंधन के सरकार बनत बा।","पटना। बिहार विधानसभा के 243 सीटन पs चुनाव खातिर दुनो चरण में मतदान हो चुकल बा। पहिला चरण के वोटिंग 6 नवंबर के आ दुसरका चरण के 11 नवंबर के भइल। अब लोग नतीजा के इंतजार में बा, जवन 14 नवंबर के आई। एग्जिट पोल में एनडीए के 121 से 140 सीट, महागठबंधन के 98 से 118 सीट आ प्रशांत किशोर के जन सुराज पार्टी के 0 से 2 सीट मिल सकेला। एक्सिस माई इंडिया के अनुमान बा कि एनडीए एनडीए के बहुमत के नजदीक पहुंचा दी। पोल के मोताबिक एनडीए के 43% आ महागठबंधन के 41% वोट मिले के संभावना बा।- า फ़ेसबुक, ट्विटर, ट्विटर आ ट्विटर पर शेयर करे के बात कइले बाड़न। वॉट्सऐप के रिपोर्ट में एनडीए बहुमत से पीछे रह गइल बा आ एनडीए के सरकार बनत लल जाई, लेकिन अब तक के सबसे खराब",0.8333,0.7273,0.8333
87,"डोनाल्ड ट्रंप एक बेर फेरु टैरिफ के धमकी दिहले बाड़न, भारत पs पारस्परिक कर लगावे के बात करत। उ कहले कि जदी भारत अमेरिकी उत्पाद पs जादा टैक्स लगाई तs उ लोग पs भी ओतने टैक्स लगाईब। ट्रंप के ई बात के समर्थन अगिला कॉमर्स सेक्रेट्री हावर्ड लुटनिक कइले बाड़न, जे कहले कि पारस्परिकता ट्रंप सरकार में महत्वपूर्ण विषय होई।","अमेरिका के राष्ट्रपति के शपथ लेबे वाला डोनाल्ड ट्रंप भारत पs पारस्परिक कर लगावे के धमकी देले बाड़े। उ कहले कि भारत जवन टैक्स अमेरिकी उत्पाद पs लगावेला, उहे टैक्स हमनी पs भी लगाईब। उs लोग भारत के ओर से कुछ अमेरिकी उत्पाद के आयात पs ‘उच्च टैरिफ’ लगावे पर विरोध करत रहले। ट्रंप कहलें कि भारत आ ब्राजील ओ देश में शामिल बाड़े जवन उनकर पs जादा टैरिफ लगावे।उs कहलन कि, ‘हम लोग लोग पs ज्यादा टैरिफ ना लगाववे के चाही।’ फ़ेसबुक, ट्विटर, फेसबुक, इंस्टाग्राम, ट्वीटर, ट्विटर आ ट्विटर पर लोग लोग टैरिफ के विरोध करत बाड़ें। ऑरिजिनल टैरिफ हटावे के बात कहले गइल बाड़न।विकीकी बात करत बाड़न कि भारत के लोग लोग लोग अपना टैरिफ सेक्रेट्री",0.6667,0.6,0.6667
88,"इंडिया ओपन बैडमिंटन टूर्नामेंट दिल्ली में 17 जनवरी से शुरू होखे जा रहल बा। लक्ष्य सेन, जे पिछला साल पुरुष एकल खिताब जीतले रहस, कहलें कि हर मैच महत्वपूर्ण बा आ ऊ अपना बेस्ट देवे के कोसिस करेम। ऊ दवाब के बारे में कहलें कि डिफेंडिंग चैंपियन होखला के कारण ई दवाब अबकी बेर जादे बा। पीवी सिंधू, जे 2017 में महिला एकल खिताब जीतले रहली, कहलें कि हर राउंड अहम बा आ ऊ विजेता बने के कोसिस करेम।","इंडिया ओपन बैडमिंटन टूर्नामेंट के आयोजन दिल्ली में पहिला बेर कइल जा रहल बा। 17 जनवरी से राजधानी के इंदिरा गांधी स्टेडियम में शुरू होखे जा रहले एह टूर्नामेंट से पहिले पिछला साल पुरुष एकल खिताब जीते वाला भारतीय स्टार बैडमिंटन खिलाड़ी लक्ष्य सेन से बातचीत कइल गइल। लक्ष्य सेन कहलें कि हर टूर्नामेंट में अच्छा प्रदर्शन करे के कोशिश करे के जरूरत बा। ऊ बतवलें कि भारत के डिफेंडिंग चैंपियन होखला के वजह से उनकर खिताब के बचा के रखला के जिम्मेदारी के साथे-साथे उनकर जिम्मेदारी भी बा। फ़्रांस ओपन बैडमिंटन के इतिहास में अब तक के सबसे बड़ टूर्नामेंट बानी। फ़ातिमा सेन के अनुसार, रउआ के खिताब जीतल खिताब के बचाव में कवनो कवना खिलाड़ी के सबसे बड़ी चुनौती बा, जेकरा खातिर हम सबकी जिम्मेदारी बा आ उनकरा में से एक खिताब जीत के उम्मीद बानी आ उनकर हौसला",0.6667,0.0,0.6667
89,पूर्णिया के रूपौली विधानसभा क्षेत्र के विधायक बीमा भारती के राजद बड़ तोहफा दिहले बिया। उनकर प्रमोशन क के राष्ट्रीय जनता दल के प्रदेश उपाध्यक्ष बनावल गइल बा। बीमा भारती 2024 के लोकसभा चुनाव के दौरान जदयू से इस्तीफा देके राजद में शामिल भइल रहली। अब ई महत्वपूर्ण पद मिलला के बाद मजदूरन में खुशी के लहर बा। उऽ पार्टी के भरोसा पर खरा उतरे के कोशिश करीहें।,"पूर्णिया के रूपौली विधानसभा क्षेत्र के विधायक बीमा भारती के राजद एगो बड़ तोहफा देले बिया। पार्टी बीमा भारती को राष्ट्रीय जनता दल (राजद) के प्रदेश उपाध्यक्ष बनवले बिया आ 2024 के लोकसभा चुनाव के दौरान जदयू से इस्तीफा देके राजद में शामिल भइल रहली। अब ई महत्वपूर्ण पद मिलला के बाद मजदूरन में खुशी के लहर बा। पूर्व विधायक भारती कहली कि पार्टी जवना भरोसा से उनका के इ जिम्मेदारी सौंपले बिया, ओकरा पs खरा उतरे के कोशिश करीहें। फ़ातिमा भारती कहले बाड़न कि पार्टी उनकर जिम्मेदारी सौंपल गइल बा आ उनकर के इ महत्वपूर्ण पद से इस्तीफा दिहल गइल बाड़ें। फ़्रांस के राष्ट्रीय अध्यक्ष जगदानंद सिंह आ पूर्व उपमुख्यमंत्री तेजस्वी यादव के आभार जतवले बाड़न। पारिवारिक सदस्यननन बाड़ी कि उनकर परिवार के आभार व्यक्त करत बाड़ें कि उन",0.6667,0.0,0.6667
90,"नया साल राउर जिनगी में नया मोड़ ले आई, आर्थिक हालत मजबूत होई आ रुकल पईसा मिल सकेला। सेहत पs ध्यान दीं आ खानपान में सावधानी जरूरी बा। दांपत्य जीवन में मिठास बढ़ी आ प्रेम संबंध मजबूत होई। आज मेहनत के पूरा फल मिली आ पढ़ाई-लिखाई करे वाला छात्रन खातिर दिन बेहतरीन बा। परिवार संगे समय बितवला से मानसिक सुकून मिली।","आज परिवार के आर्थिक हालत मजबूत होई आ सेहत पs ध्यान दीं। नया साल राउर जिनगी में नया मोड़ ले आई। संघतियन से मुलाकात मन खुस कs दी आ भावनात्मक रूप से मजबूत महसूस करेम। परिवार के सहजोग से बड़ा फैसला ले सकेनी आ आर्थिक स्थिति मजबूत हो सकेला। आज के दिन मान-सम्मान बढ़े वाला दिन बा। नौकरी में प्रमोशन भा जिम्मेदारी बढ़ सकेला, लेकिन गुस्सा पs कंट्रोल रखीं। पढ़ाई-लिखाई करे वाला छात्रन खातिर दिन बेहतरीन बा। जेकर नाम रा,री,रु,रे,रो, ता,ती,तू,ते से सुरू होला) दांपत्य जीवन में मिठास बढ़ी आ खरचा पs नियंत्रण जरूरी बा। फ़ा, डे, टू, टे, टी, टू और टे, टे से शुरू होला।...าაṣიી",0.4,0.0,0.4
91,डोनाल्ड ट्रंप वेनेजुएला के कार्यवाहक राष्ट्रपति बनल बाड़ें आ ई जानकारी ऊ अपना ट्रुथ सोशल अकाउंट पs साझा कइलें बाड़ें। ऊ निकोलस मादुरो के गिरफ्तारी के बाद अमेरिका के वेनेजुएला सरकार के संचालन के दावे कइले बाड़ें। ट्रंप कहले बाड़ें कि अमेरिका के तेल कंपनियन के सुरक्षा के गारंटी देके वेनेजुएला में भारी निवेश करावल जाई। ऊ ईहो बतवलें कि जदि अमेरिका समय पर कार्रवाई ना कइलस तs चीन भा रूस के पकड़ मजबूत हो जाई।,"अमेरिका के राष्ट्रपति डोनाल्ड ट्रंप पहिले वेनेजुएला पs सैन्य कार्रवाई कs के उहां के राष्ट्रपति निकोलस मादुरो के गिरफ्तारी के बाद पूरी दुनिया में हलचल मचा देलें। ट्रंप अपना ट्रुथ सोशल अकाउंट पs एगो पोस्ट साझा कइलें बाड़ें, जवना में ऊ खुद के “वेनेजुआला के कार्यवाहक राष्ट्रपति” बतावत नजर आवत बाड़ें। ई तस्वीर डिजिटल तरीका से एडिट कइल जा रहल बा आ ट्रंप के कार्यकाल के दौरान अमेरिका के तेल भंडार के मुद्दा पs अमेरिका के भविष्य के बारे में जानकारी दिहल गइल बा। ऑस्ट्रिया में निवेश के संभावना बा आ अमेरिका के आर्थिक स्थिति मजबूत हो जाई।- अमेरिका में अमेरिकी अर्थव्यवस्था के मजबूत स्थिति के चलते ट्रंप के निवेश पर जोर दे रहल बाड़ें आ अमेरिका में निवेश पर दबाव बढ़ रहल बाड़न। शुरुआती दौर में अमेरिका के अर्थव्यवस्था के विकास पर ध्यान दिहल",0.6667,0.5,0.6667
92,महाराष्ट्र विधानसभा चुनाव में श्रीनिवास वनगा के टिकट ना मिलला पs बहुत दुखी बाड़े। उनुकर फोन 13 घंटा से बंद बा आ परिवार के कहना बा कि उ कहीं गायब बाड़े। वनगा के पत्नी बतवली कि उ डिप्रेशन में चल गईल बाड़े आ खाना नईखन खात। उ लोग आत्महत्या के बात तक करत रहले। एकनाथ शिंदे के गुट से धोखा के आरोप लगवले बाड़े।,"महाराष्ट्र विधानसभा चुनाव में कई रंग देखाई देता। टिकट ना मिलला पs खिसियाइल शिंदे शिवसेना नेता श्रीनिवास वनगा के नॉट रीचेबल बाड़न। उनुकर फोन बंद बा आ टिकट ना मिलने के चलते ओनेगा बहुत दुखी बाड़े। उ एकरा प बहुत रोवे लगले, लेकिन अब उ गायब बाड़े। एकनाथ शिंदे के कहनाम बा कि उ अपना गाड़ी में कहीं निकलल रहले, ओकरा बाद उनकर दुनो फोन भी बंद हो गईल बा। पालघर पुलिस उनुका संगे धोखा कईले बाड़े आ उनकर परिवार के भरोसा भइल कि उनकर टिकट कटल गइल बा, जवना से उनकर पत्नी नाराज बाड़ें।विनोद शिंदे पs आरोप लगवले कि पार्टी के टिकट कटला के चलते उनकर पार्टी में शामिल ना हो सकेला। फ़ेसबुक लाइव अपडेट दिहल गइल बाड़ें... शुरुआती जानकारी के अनुसार...",0.5,0.0,0.5
93,"विश्व टेस्ट चैंपियनशिप 2023-25 चक्र के समापन के बाद नया चक्र के शुरुआत हो रहल बा। दक्षिण अफ्रीका के टीम गत विजेता ऑस्ट्रेलिया के हराके खिताब जीतेले। नया चक्र के शुरुआत 17 जून से श्रीलंका आ बांग्लादेश के बीच होई, जबकि टीम इंडिया 20 जून से इंग्लैंड के खिलाफ खेली। भारत के नया कप्तान शुभमन गिल के नेतृत्व में बदलाव के दौर से गुजर रहल बा। पाकिस्तान के टीम 2023-25 डब्ल्यूटीसी चक्र में नउवा स्थान पs रहल बा।","विश्व टेस्ट चैंपियनशिप 2023-25 चक्र के समापन के संगही अब नया चक्र के शुरुआत हो गइल बा। दक्षिण अफ्रीका के टीम अपना नाम कइलें आ तेम्बा बावुमा के टीम गत विजेता ऑस्ट्रेलिया के हराके नया चक्र अपना नामे कइलस। ई चक्र 17 जून से शुरू होई, जब श्रीलंका आ बांग्लादेश के टीम भिड़ी। टीम इंडिया 20 जून से इंग्लैंड के खिलाफ नया टेस्ट चैंपियनशिप चक्र के सुरुआत करी। ई डबल्यूटीसी के चउथा संस्करण होई आ अगिला दु साल में नव टीमन के बीच कुल 71 टेस्ट मैच खेलल जाई। इंग्लैंड के टीम के कप्तान शुभमन गिल के नेतृत्व में एह चक्र के तइयारी शुरू होई। फ़ॉर ऑलराउंडर जसप्रीत बुमराह आ मोहम्मद शमी के शानदार फॉर्म के चलते टीम इंडिया के सफर आसान ना होई। फ़ॉलोइंग इलेवन में शामिल कवनो खिलाड़ी फिट रहल बा, जेकरा में जसप्रीत बुमराह, जसप्रीत बुमराह",0.6667,0.6,0.6667
94,"पाकिस्तान में बुध के राजधानी इस्लामाबाद समेत कई हिस्सा में तेज भूकंप महसूस भईल, जवन के तीव्रता 5.3 बतावल गइल। मौसम विभाग के अनुसार, भूकंप से जान-माल के नुकसान के कवनो खबर नईखे। यूएसजीएस के मुताबिक, भूकंप के तीव्रता 5.1 रहे आ ई अफगानिस्तान के हिंदुकुश पर्वत शृंखला में 220 किलोमीटर गहराई पs भइल। लोग डर के मारे घर से बाहर निकलल, लेकिन अबले केहु के नुकसान के खबर नईखे।","पाकिस्तान में बुध के राजधानी इस्लामाबाद समेत देश के कई हिस्सा में तेज भूकंप महसूस भईल। एहसे जनता में दहशत मच गईल। अलग-अलग इलाका में 5.3 तीव्रता के भूकंप आईल। मौसम विभाग कहलस कि भूकंप के चलते जान-माल के नुकसान के कवनो खबर नईखे। पाकिस्तान के भूवैज्ञानिक सर्वेक्षण के अनुसार, भूकंप के तीव्रता 5.3 बतवलस। भूकंप अफगानिस्तान के हिंदुकुश पर्वत शृंखला में 220 किलोमीटर गहराई पs रहे। भूकंप के बाद लोग डर से घर से बाहर निकलल रहे। पाकिस्तान में अक्सर भूकंप आवेला। साल 2005 में आइल भारी भूकंप में 74 हजार से अधिका लोग के मउत हो गइल रहे. बाड़ें। आपातकालीन आपातकालीन सेवा के तहत आपातकालीन स्थिति घोषित भइल। आपातकालीन चेतावनी जारी कइल गइल बा। आपातकाल के बाद भूकंप आ आपातकालीन परिस्थितियां घोषित भइलें।",0.7143,0.5,0.7143
95,"नई दिल्ली विधानसभा में अरविंद केजरीवाल पs हमला भईल। आम आदमी पार्टी के अनुसार, भाजपा नेता प्रवेश वर्मा के गुंडा स्थानीय लोग से झड़प कईले आ उनुका पs ईंट-पत्थर से हमला कइलस। ए घटना के वीडियो में केजरीवाल के गाड़ी पs पत्थर गिरत देखाई देता। आम आदमी पार्टी के कहनाम बा कि भाजपा डर के चलते हमला करवले बा। भाजपा के लोग केजरीवाल के कहले बाड़ें कि उs कायर हमला से ना डेराले।","नई दिल्ली विधानसभा में प्रचार के दौरान अरविंद केजरीवाल पs हमला भईल, जवना में भाजपा नेता प्रवेश वर्मा के दोषी ठहरवले बाड़े। प्रवेश वर्मा स्थानीय लोग से झड़प कईले आ स्थानीय लोग भाजपा के गुंडा के भगा दिहले। घटना के एगो वीडियो सोझा आईल बा, जवन में अरविंद केजरीवाल के गाड़ी पs पत्थर गिरत देखाई देता। आम आदमी पार्टी ट्वीट कs लिखले बिया कि डर के चलते भाजपा अपना गुंडा से अरविंद केजरीवाल पर हमला करवले बा, ताकि उs प्रचार ना कs सकस। अरविंद केजरीवाल आ आम आदमी के जनता के उचित जवाब दिही। शुरुआती दौर में भाजपा के लोग, केजरीवाल जी आपके कायर हमला से ना डेराले, लेकिन उनुका के चोट पहुंचावे के कोशिश करत घरी डोर टू डोर हमला भइल बा। शुरुआती जांच के दौरान पुलिस के अनुसार, उनकरा पर पथराव भइल बाड़ें।-",0.8889,0.8571,0.8889
96,"झारखंड जदयू के प्रदेश अध्यक्ष खीरू महतो संगठन के मज़बूती खातिर नया सदस्यन के मनोनीत कइले बाड़ें। ऊ अशोक निगम, जेपी सिंह, विजय सिंह कुशवाहा आ अन्य के सदस्य बनवले बाड़ें। पूर्व मंत्री सुधा चौधरी के विशेष आमंत्रित सदस्य बनावल गइल बा। जदयू के झारखंड विधानसभा चुनाव 2024 में सीट मिलल तय बा, जेकरा पर सहमति हो चुकल बा। ई नीतीश कुमार के एनडीए में बढ़त प्रभाव के असर बतावल जा रहल बा।","झारखंड जदयू के प्रदेश अध्यक्ष खीरू महतो संगठन के मज़बूती प्रदान करे खातिर प्रदेश कार्यसमिति में नया सदस्यन के स्थान देले बा। ऊ अशोक निगम, जेपी सिंह, विजय सिंह कुशवाहा, गीता देवी, केदार भुइयां, मुबारक अंसारी, नेपाल महतो, कार्तिक कुमार, मुन्ना सिन्हा, प्रफुल मांझी, रत्ना बोस, महेश्वर चौधरी, सुशील कुमार मंगलम, यशवंत सिंह, सीताराम रवानी के सदस्य मनोनीत कइले बाड़ें। ऊ पूर्व मंत्री सुधा चौधरी के विशेष आमंत्रित सदस्य आ हाजी हसीब खान, केबी सहाय, शैलेंद्र महतो आ ब्रह्मदेव प्रसाद, उचित महतो के भी आमंत्रित सदस्य के रूप में मनोनीत कइल गइल बा। फ़ेसबुक, ट्विटर, ट्विटर आ ट्विटर, इंस्टाग्राम, इंस्टाग्राम पर भी लोगन के सक्रियता बाड़ें आ बिहार के मुख्यमंत्री नीतीश कुमार के एनडीए में बढ़त प्रभाव के असर कहल जा सकत बा। बाड़ें कि जदयू छ",0.0,0.0,0.0
97,"आज दिल्ली विधानसभा सत्र के दुसरका दिन हs आ हंगामेदार होखे के संभावना बा। CAG के 14 रिपोर्ट में से आज खाली एक रिपोर्ट पेश होई, जवना में शराब घोटाला प्रमुख बा। डीटीसी के रिपोर्ट में कहल गईल बा कि 2015-16 से 2021-22 तक डीटीसी के संचयी घाटा 25,300 करोड़ से बढ़ के करीब 60,750 करोड़ रुपया हो गईल। उपराज्यपाल के संबोधन में यमुना के सफाई खातिर विशेष योजना आ गरीब महिला के 2500 रुपिया दिहल जाई के बात कहल गईल।","आजु दिल्ली विधानसभा सत्र के दुसरका दिन हs। आज के सत्र में हंगामेदार होखे के संभावना बा, जवना में शराब घोटाला प्रमुख बा। अगिला दिने डीटीसी बस के लेके एगो अवुरी कैग रिपोर्ट पेश हो सकता। दिल्ली परिवहन निगम (डीटीसी) पs कैग के रिपोर्ट में वित्तीय घाटा के गंभीर मामला सामने आईल बा। 2015-16 से 2021-22 तक डीटीसी के संचयी घाटा 25,300 करोड़ से बढ़ के करीब 60,750 करोड़ रुपया हो गईल आ बुढ़ापा के बेड़ा, 45% बस पुरान रहे आ खराब होखे से प्रवृत्ति रहे।दिल्ली के हर गरीब महिला के 2500 रुपिया दिहल जाई।-दिल्ली में आयुषमान योजना लागू होई, जवन से गरीब के गैस सिलेंडर*वरिष्ठ नागरिकन के पेंशन राशि बढ़ा के 1500 रुपिया हो गइल। शुरुआती दौर में दिल्ली के लोगन के सफाई खातिर विशेष योजना बनावल जा",0.8,0.6087,0.8
98,भारतीय क्रिकेट कंट्रोल बोर्ड (BCCI) भारतीय महिला टीम के विश्वकप जीत पर 51 करोड़ रुपिया के इनाम देवे के फैसला कइले बा। हरमनप्रीत कौर के कप्तानी में टीम दक्षिण अफ्रीका के 52 रन से हराके पहिला बार वनडे वर्ल्ड कप जीतलस। ई जीत 47 साल के इंतजार के बाद भइल बा। बीसीसीआई के सचिव देवजीत सैकिया बतवलें कि ई फैसला महिला टीम के ऐतिहासिक प्रदर्शन के सम्मान में लिहल गइल बा। फाइनल में शेफाली वर्मा आ दीप्ति शर्मा के बेहतरीन प्रदर्शन से भारत खिताब पs कब्जा जमवलस।,"भारतीय क्रिकेट कंट्रोल बोर्ड (BCCI) भारतीय महिला टीम के विश्वकप जीत के खुसी में इनाम देवे के फैसला कइले बा। हरमनप्रीत कौर के कप्तानी में भारतीय महिला क्रिकेट टीम नवी मुंबई के डीवाई पाटिल स्टेडियम में दक्षिण अफ्रीका के 52 रन से हराके पहिला बार वनडे वर्ल्ड कप जीतलस। बीसीसीआई अब 51 करोड़ रुपिया इनाम दे रहल बा। बीसीसीआई के सचिव देवजीत सैकिया बतवलें कि ई फैसला महिला टीम पर 300% बढ़ोतरी भइल बा। ई इनाम खिलाड़ी, चयनकर्ता, कोच अमोल मजूमदार आ पूरा सपोर्ट स्टाफ के बीच बांटल जाई। ई जीत पूरा देस खातिर गर्व के पल बा। फाइनल मैच में शेफाली वर्मा के बल्ला आ गेना दुनु बोलन आ दू विकेट चटकवली। बाड़ें।- भारतीय टीम के जीत के बाद अबकी बेर बेटी टीम के शानदार प्रदर्शन के सम्मान में 51 रन पs पुरस्कार दिहल गइल बा, जबकि दक्षिण अफ्रीका फाइनल तक पहुंच",0.7273,0.0,0.5455
99,"सर्बिया के नोवाक जोकोविच साल के अंतिम ग्रैंडस्लैम यूएस ओपन के तीसरका दौर में हार गइल बाड़ें। ऊ ऑस्ट्रेलिया के एलेक्सी पोपिरिन से हार के चउथा दौर में ना पहुँच सकलें। ई 18 साल में पहिला बेर बा जब जोकोविच यूएस ओपन के चउथा दौर में ना जा पवले। पोपिरिन शुरू से दबदबा बनवले रहस आ जोकोविच के तीन घंटा 19 मिनट के मुकाबला में 4-6, 4-6, 6-2, 4-6 से हरवलें। जोकोविच के ग्रैंडस्लैम में कवनो जीत नइखे भइल आ ई 2017 के बाद पहिला बेर बा।","सर्बिया के नोवाक जोकोविच साल के अंतिम ग्रैंडस्लैम यूएस ओपन के तीसरका दौर में उलटफेर के शिकार हो गइल बाड़ें। ऊ ऑस्ट्रेलिया के 28वीं वरीयता प्राप्त एलेक्सी पोपिरिन के हाथन हार के सामना करे के पड़ल। एह तरे ऊ 18 साल में पहिला बेर यूएस ओपन में जगह ना बना सकलें आ 2017 के बाद से पहिला बेर हो रहल बा। ई 1973 के बाद पहिला बेर बा जब दूसरका आ तीसरके वरीय खिलाड़ी यूएस ओपन से बाहर हो गइलें। यूएस ओपन, यूएस ओपन आ यूक्रेन ओपन के फाइनल में हार के बाद पहला बेर होई। फ़्रांस के दिग्गज खिलाड़ी आ टेनिस स्टार एह टूर्नामेंट में अपना दबदबा बना के रखले बाड़ें आ यूएस ओपन खिताब जीत के प्रबल दावेदार मानल जा रहल बाड़े। फ़्रान्स के खिलाड़ीन के खिलाफ शानदार जीत दर्ज कइल गइल बा बा।",0.2667,0.0,0.2667
100,"भारत के क्रिकेटरन के बीच हाल में कई चर्चा हो रहल बा। युजवेंद्र चहल आ धनश्री के तलाक के अटकल लगावल जात रहे, जबकि मनीष पांडे आ उनकर पत्नी आश्रिता के अलग होखला के खबर भी सामने आइल। वीरेंद्र सहवाग आ उनकर पत्नी आरती के बियाह के 20 साल बाद अलग होखे के संभावना बतावल जा रहल बा। दुनो के इंस्टाग्राम पर एक-दूसरा के अनफॉलो कइला से रिश्ते में दरार के अटकलन बढ़ गइल बा। सहवाग आ आरती के दू गो बेटा बा आ उनकर रिश्ता अब पहिले जइसन नइखे रहल।","भारत के कइयन गो क्रिकेटर्स एह दिनन चरचा में बा लो, जहाँ युजवेंद्र चहल आ धनश्री के नाम सुर्खियन में आइल रहे। मीडिया रिपोर्ट्स में ई अटकल लगावल जात रहे कि दुनो अलग हो रहल बा आ तलाक लेवे जा रहल बाड़ें। मनीष पांडे आ उनकर पत्नी आश्रिता शेट्टी के अलग होखला के खबर सामने आ रहल रहे, लेकिन दुनो इंस्टाग्राम पs एक-दूसरा के अनफॉलो कs देले बा। भारत के दिग्गज क्रिकेटर वीरेंद्र सहवाग आ आरती के बियाह 2004 में भइल रहे। हिंदुस्तान टाइम्स बतवलस कि ई लोगन के रिश्तन में दरार के अटकलन के बढ़ावा देले बा आ परिवार से जुड़ल सूत्रन के हवाले कइल गइल बा कि दु दुनो पिछलका के जन्म के 20 साल बाद एकदूसरा से अलग हो सकत बा। फ़ेसबुक पर कमेंट",0.4,0.0,0.4
101,"अगर रउरा गूगल क्रोम के इस्तेमाल करीलें तs सतर्क रहला के जरूरत बा। सरकारी सुरक्षा एजेंसी सीईआरटी-इन चेतावनी जारी कइले बिया कि क्रोम ब्राउज़र में कुछ खामी मिलल बा, जवन उपयोगकर्ता के निजी डेटा के खतरा में डाल सकेला। रउरा के तुरंत अपना ब्राउज़र के नाया संस्करण 114.0.5735.350 पs अपडेट करे के चाही। अपडेट करे खातिर गूगल क्रोम खोलीं, दाहिना कोना में तीन बिंदु पs क्लिक करीं आ लेटेस्ट अपडेट इंस्टॉल करीं।","अगर रउरा मोबाइल, लैपटॉप भा डेस्कटॉप पs गूगल क्रोम के इस्तेमाल करीलें तs सावधान रहल बा। सरकार अलर्ट जारी कइले बिया कि गूगल क्रोम ओएस के इस्तेमाल करे वालन के चेतावनी जारी कइल गइल बा, लेकिन घोटालाबाज एs कमी के फायदा उठा के आपन डेटा सुरक्षित राखल चाहत बा। सीईआरटी-इन के मुताबिक, घोटालाबाज चाहें कि डेटा चोरी ना बलुक, लेकिन उनकर निजी डेटा के सुरक्षित रखल चाही। फ़ेसबुक के अनुसार, रउरो क्रोम के उपयोगकर्ता के निजी डेटा सुरक्षित रखे के कोशिश करी। शुरुआती चेतावनी के बाद अब रउरे क्रोम ब्राउज़र के अपडेट करे के मौका मिलल बा आ नया अपडेट जारी कs देले बिया, जेकरा में से कुछ नया ना हो सकेला, लेकिन कुछ नया नया अपडेट कइल जा सकेला। शुरुआती चेतावनी भी शामिल बा।",0.5455,0.2222,0.5455
102,"रियलमी जल्दी भारत में मिड-रेंज सेगमेंट में नया स्मार्टफोन सीरीज Realme Narzo 90 लॉन्च करे जा रहल बा। एह सीरीज में दू स्मार्टफोन- Realme Narzo 90 आ Realme Narzo 90x शामिल बा, जवन एआई फीचर से लैस होई। दुनो फोन 16 दिसंबर के लॉन्च होई आ ई Amazon आ Realme India के वेबसाइट पर बिक्री खातिर उपलब्ध होई। Realme Narzo 90 में 6.78-इंच फुल-HD+ OLED डिस्प्ले, 50 मेगापिक्सल प्राइमरी कैमरा आ 6,500mAh बैटरी होई। रियलमी एह सीरीज से स्मार्टफोन मार्केट में जोरदार टक्कर देवे के कोशिश में बा।","रियलमी बहुते जल्द भारत में मिड-रेंज सेगमेंट में नया स्मार्टफोन Realme Narzo 90 लॉन्च करे जात बा, जवन एआई फीचर से लैस बा। कंपनी दावा करतिया कि ई फोन मजबूत डिस्प्ले क्वालिटी, जबरदस्त बैटरी लाइफ आ रोज के इस्तेमाल खातिर बढ़िया विकल्प होई। ई फोन 16 दिसंबर के लॉन्च होखे वाला बा आ कंपनी एह फोन के बैटरी आ डिस्प्ले फीचर के टीज कs चुकल बिया। रियलमी 90x के खास कs के कॉलेज स्टूडेंट्स आ डिजिटल लाइफस्टाइल वाला यूजर खाती डिजाइन कइल बतावल जा रहल बा। बिक्री Amazon आ Realme India के आधिकारिक वेबसाइट पs होई आ ई फोन के कीमत 6,990 रुपिया होई। फ़ेसबुक लाइव वीडियो रिकॉर्डिंग आ वीडियो कॉलिंग के माध्यम से वीडियो शेयर कइल जा सकेला।विंडोज 8,900mAh के बैटरी के सपोर्ट देत बा। शुरुआती कीमत 5G मोबाइल RMX51",0.45,0.2105,0.4
103,"भारतीय टीम के तेज गेंदबाज जसप्रीत बुमराह इंग्लैंड के खिलाफ लीड्स टेस्ट के दूसरका दिन पहिला पारी में तीन विकेट लेलें। बुमराह के प्रदर्शन से भारत के पहिला पारी 471 रन पर ऑलआउट भइल, जबकि इंग्लैंड 209 रन बनवले बा। बुमराह के ई प्रदर्शन उनकरा के एशियाई गेंदबाजन में सबसे जादे विकेट लेवे वाला बना देले बा, जहाँ उनकरा पास अब 147 विकेट बा। बुमराह ने जैक क्रावले, बेन डकेट आ जो रूट के आउट कइलें।","भारतीय टीम के स्टार तेज गेंदबाज जसप्रीत बुमराह इंग्लैंड के खिलाफ लीड्स टेस्ट के दूसरका दिन पहिला पारी में तीन विकेट लेलें आ बड़ उपलब्धि हासिल कइलें। बुमराह अब तक तीन विकेट पs 209 रन बनवले बाड़ें। इंग्लैंड के टीम अभी भारत से 262 रन पीछे रहल बिया, जबकि जसप्रीत बुमराह आ हैरी ब्रूक बिना खाता खोलले क्रीज पs मवजूद रहे लोग। भारत खातिर पहिला पारी के शुरुआत अच्छा ना रहल आ जसप्रीत बुमराह जैक क्रावले के सस्ता में आउट भइल रहे। फ़ॉर ऑलराउंडर जसप्रीत बुमराह के शानदार प्रदर्शन से टीम के जीत में मदद मिलल बा। फ़ेर जसप्रीत बुमराह, जसप्रीत बुमराहन के शानदार गेंदबाजी के चलते इंग्लैंड के संभरे के मवका मिलल। फ़ेरन में जसप्रीत बुमराह भी शामिल बाड़ें आ बुमराह के विकेटकीपर-बल्लेबाज जसप्रीत बुमराह बुमराह, जवना",0.2857,0.0,0.2857
104,68वीं अंडर-14 राष्ट्रीय स्कूल कुश्ती (फ्री स्टाइल) प्रतियोगिता 2024-25 के आयोजन 16 से 20 नवंबर ले वीर बहादुर सिंह स्पोर्ट्स कॉलेज में होई। एह प्रतियोगिता में 45 टीम के 450 से अधिका लड़िका लड़िकी भाग लीहें आ करीब 200 अधिकारी भी जुट जइहें। ई आयोजन गोरखपुर में पहिला बेर एसजीएफआई के ओर से हो रहल बा। प्रतियोगिता के सगरी मैच वीर बहादुर सिंह स्पोर्ट्स कॉलेज में खेलल जाई आ प्रतिभागी लोग खातिर होटलन में ठहरला के इंतजाम कइल गइल बा। आजु से टीम के पहुंच शुरू हो जाई।,"68वीं अंडर-14 राष्ट्रीय स्कूल कुश्ती (फ्री स्टाइल) प्रतियोगिता 2024-25 के आयोजन 16 से 20 नवंबर ले वीर बहादुर सिंह स्पोर्ट्स कॉलेज में होई। तइयारी अंतिम चरण में बा। बियफ़ें से देश के तमाम राज्य अवुरी केंद्र शासित प्रदेश के टीम जुटल शुरू कs दिही। ई आयोजन गोरखपुर में पहिला बेर भारतीय स्कूल गेम्स फेडरेशन ऑफ इंडिया (एसजीएफआई) के ओर से होखे वाला बा, जवना में 45 टीम के 450 से अधिका लड़िका लड़िकी आपन किस्मत आजमाईहें। एह प्रतियोगिता में करीब 200 अधिकारी आ कर्मचारी शामिल बाड़ें। ई प्रतियोगिता में 14 साल के लड़िका आ प्रतिभागी लोग के ठहरला खातिर आरक्षित कइल गइल बा।विरासतीय खिलाड़ीन खातिर स्टेडियम के के आसपास के होटलन में ठहरल जाई। बाड़ें आ एह आयोजन के भव्य बनावे में राज्य के साथे सीबीएसई, सीआईएस",0.9,0.7778,0.9
105,"OpenAI के सीईओ सैम ऑल्टमैन बतवलें कि ChatGPT Pro सब्सक्रिप्शन से कंपनी के नुकसान हो रहल बा। ऊ कहले कि लोग एकरा के अपेक्षा से जादे उपयोग कs रहल बा। भारत में ई सब्सक्रिप्शन 200 डॉलर प्रति माह पर उपलब्ध बा आ पेशेवरन आ छात्रन खातिर आकर्षक विकल्प बन गइल बा। हालाँकि, उच्च परिचालन लागत के चलते OpenAI के वित्तीय मॉडल पर दबाव बढ़ रहल बा। ऑल्टमैन के बयान नया कीमतन के ओर इशारा कs रहल बा।","ChatGPT Pro के ओपनएआई अपना कमाई खातिर लॉन्च कइले रहे, लेकिन ई कंपनी खातिर नुकसान के कारण बन रहल बा। सैम ऑल्टमैन हाले में X (पहिले ट्विटर) पs एगो चउकावे वाला खुलासा कइलां, जेमे ई सब्सक्रिप्शन के संगे कंपनी के वित्तीय चुनौतियन के बारे में बतवलें, जवन उत्पादकता आ रचनात्मकता के बढ़ावा दिहल चाहत बा। सब्सक्राइबर्स के तेज प्रतिक्रिया समय, पीक उपयोग के समय प्राथमिकता आ GPT-4 के ओर से संचालित एडवांस सुविधन जइसे लाभ मिलेला। भारत में एगो आकर्षक विकल्प बन गइल बा, जवना से ई बाजार के विकास में मदद मिल सकेला। पर्दा उठावे के जरूरत बा। फ़ेरिक्स एंड्रॉइड, आईओएस आ आईओएस पर निर्भरता बढ़ रहल",0.4615,0.1818,0.4615
106,"आठ अगस्त के लोकसभा में वक्फ (संशोधन) विधेयक पेश कइल गइल आ गरमागरम बहस के बाद संसद के संयुक्त समिति में भेजल गइल। समिति के पहिला बइठक गुरुवार के होई आ भाजपा सदस्य जगदम्बिका पाल के अध्यक्षता में 31 सदस्यीय समिति के विवादित विधेयक के जाँच करे के जिम्मा दिहल गइल बा। विपक्षी दल आ मुस्लिम संगठन एकरा के विरोध कइले बाड़े। सरकार कहलस कि ई कानून मस्जिदन के कामकाज में बाधा ना डाले के बा, जबकि विपक्ष एकरा के मुसलमानन के निशाना बनावे बतवले बा।","आठ अगस्त के लोकसभा में वक्फ (संशोधन) विधेयक के पेश कइल गइल आ संसद के संयुक्त समिति के पहिला बइठक गुरुवार के होई। समिति के सदस्य अल्पसंख्यक मामिला आ कानून आ न्याय मंत्रालयन के प्रतिनिधियन से बातचीत करीहें। भाजपा सदस्य जगदम्बिका पाल के अध्यक्षता में 31 सदस्यीय समिति के लोकसभा से विवादित विधेयक के जाँच करे के जिम्मा दिहल गइल बा। एकरा के खिलाफ विपक्षी दल आ मुस्लिम संगठन विरोध कइले बाड़े। लोकसभा सचिवालय कहलस कि मुस्लिम मामिला मंत्रालय के प्रतिनिधि समिति के एह विधेयक में प्रस्तावित संशोधन के बारे में जानकारी दिहे आ सरकार के पहिला बड़ पहल बा, जवना के मकसद केंद्रीकृत पोर्टल के माध्यम से वक्फ संपत्ति के पंजीकरण के प्रक्रिया में सुधार कइल बा। दुनियाभर में मुस्लिम महिला आ गैर मुस्लिम प्रतिनिधियन के प्रतिनिधित्व सुनिश्चित कइल जाई।विदयालन के अनुसार, विधेयक के प्रावधान में संशोधन होखे के प्रावधान बा।",1.0,0.0,1.0
107,"अमेरिका के कैलिफोर्निया राज्य में सांता क्रूज घाट पर सोमार के एगो तेज तूफान से नुकसान भइल. ए दौरान दु लोग के बचावल गइल आ तीसरा आदमी तैर के सुरक्षित जगह पs पहुंच गइल. मेयर फ्रेड कीली बतवले कि घाट के कुछ हिस्सा गिरला के बाद लाइफगार्ड दु लोग के बचा लेले, लेकिन कवनो गंभीर चोट के खबर नईखे. पिछला जाड़ा में आइल तूफान से घाट के चार मिलियन डॉलर के बहाली के काम चलत बा.","अमेरिका के कैलिफोर्निया राज्य में सांता क्रूज घाट के एगो हिस्सा सोमार के दिने एगो तेज तूफान से नुकसान चहुँप गइल। दु लोग के बचावल गईल, जबकि तीसरा आदमी तैर के सुरक्षित जगह पs पहुंचे में कामयाब हो गईल। एगो बड़हन तूफान से तट पs भारी लहर पैदा हो गइल, आ आंधी-तूफान के चलते तूफानी हवा के संभावना बा। ई घटना के बाद लोग के सुरक्षित स्थान पs ले जाई। मेयर फ्रेड कीली बतवले कि घाट के कुछ हिस्सा गिरला के बाद चार मिलियन डॉलर के बहाली के काम चलत बा, जबकि मरम्मत खातीर बंद भईल।-प्राइमरी क्रूज में शौचालय आ ‘डॉल्फिन’ रेस्तरां शामिल रहे। वॉशिंगटन पोस्ट के अनुसार, एह घाट के मरम्मत के काम लगभग पूरा हो चुकल बा। बाड़े में शौचालय, शौचालय आ शौचालय के",0.5,0.0,0.5
108,"नई दिल्ली। आज से संसद के बजट सत्र सुरू हो रहल बा, जवन राष्ट्रपति द्रौपदी मुर्मू के संयुक्त बैठक में अभिभाषण से शुरू होई। ई पहिला बेर होई जब आम बजट अतवार के दिन पेश कइल जाई। वित्त मंत्री निर्मला सीतारमण लगातार नउवां बेर केंद्रीय बजट 1 फरवरी के पेश करिहें। राष्ट्रपति के अभिभाषण के बाद बियफे के संसद में आर्थिक सर्वेक्षण पेश कइल जाई। बजट सत्र के दू हिस्सा में बांटल गइल बा, पहिला चरण आज से 13 फरवरी तक चली।","नई दिल्ली। आज से संसद के बजट सत्र सुरू हो रहल बा। राष्ट्रपति द्रौपदी मुर्मू के दूनो सदन के संयुक्त बैठक में दिहल जाये वाला अभिभाषण से होई। देस के संसदीय इतिहास में ई पहिला बेर होई, जब आम बजट अतवार के दिन पेश कइल जाई। वित्त मंत्री निर्मला सीतारमण लगातार नउवां बेर केंद्रीय बजट पेश करिहें। पहिला चरण आज से 13 फरवरी तक चली आ दूसरका चरण 9 मार्च से शुरू होके 2 अप्रिल तक चले के संभावना बा। संसदीय समिति बजट प्रस्ताव पs गहन समीक्षा करी। संसद के इतिहास में एगो दुर्लभ मवका बा, जवना में बजट के गोपनीय प्रक्रिया के औपचारिक सुरुआत के प्रतीक मानल जा रहल। फ़्रांसियन संसद में आर्थिक सर्वेक्षण आ आर्थिक सर्वेक्षण के दौर जारी बा। फ़ॉरमेंस डे’जर्स डे’ के आयोजन कइल गइल बा, जेकरा सेरेमनी",0.3333,0.0,0.3333
109,"इंडोनेशिया के सेरम द्वीप पs 21 अप्रैल के 5.5 तीव्रता के भूकंप आइल, जवना से लोग घबराहट में पड़ गइल। जर्मन रिसर्च सेंटर फॉर जियोसाइंसेज (GFZ) के अनुसार, भूकंप के केन्द्र जमीन से 10 किलोमीटर नीचे रहल। हालांकि, ए भूकंप से केहु के घाही होखे या कवनो नुकसान के खबर नईखे। नेशनल सेंटर फॉर सिस्मोलॉजी (एनसीएस) बतवले कि भूकंप रात 11:50 बजे आईल।","इंडोनेशिया के सेरम द्वीप पs सोमार 21 अप्रैल के 5.5 तीव्रता के भूकंप आइल जवना से लोग घबराहट में पड़ गइल। भूकंप के बारे में ई जानकारी जर्मन रिसर्च सेंटर फॉर जियोसाइंसेज (GFZ) द्वारा दिहल गइल बा आ भूकंप के केन्द्र जमीन से 10 किलोमीटर नीचे के गहिराई पs रहल, जेकरा चलते भूकंप के जोरदार झटका महसूस भइल। नेशनल सेंटर फॉर सिस्मोलॉजी (एनसीएस) के मुताबिक, सुलावेसी के इंसेरम द्वीप पर कोटामोबागु के दक्षिण-पूर्व में रात 11:50 बजे (आईएसटी) आईल भूकंप आईल आ 19 अप्रैल शनिचर के दुपहरिया में दिल्ली समेत उत्तर भारत के कई इलाका में हल्का भूकंप आ हल्का भूकंप महसूस भईल। पृथ्वी विज्ञान मंत्रालय के राष्ट्रीय भूकंप विज्ञान केंद्र के मुताबिक भूकंप रात 12:18 बजे आईल। बाड़ें। इंडोनेशिया में भूकंप के चलते केहु",0.8,0.6667,0.8
110,नॉर्वे चेस टूर्नामेंट में भारत के डी गुकेश विश्व नंबर एक शतरंज खिलाड़ी मैग्नस कार्लसन के खिलाफ रोमांचक जीत हासिल कइलें। गुकेश सावधानी से खेललें आ कार्लसन के गलती के फायदा उठाके जीत दर्ज कइलें। मैच के बाद गुकेश कहलें कि ऊ बस एकर अधिकतम लाभ उठावे के कोशिश कइलें। हार के बाद कार्लसन निराश होके चेस बोर्ड के पटक के बाहर निकल गइलें। महान शतरंज खिलाड़ी गैरी कास्पारोव गुकेश के प्रदर्शन में सुधार के गुंजाइश बतवले बाड़ें।,"नॉर्वे चेस टूर्नामेंट अतवार के विश्व चैंपियन भारत के डी गुकेश एगो रोमांचक मैच में विश्व नंबर एक शतरंज खिलाड़ी नोर्वे के मैग्नस कार्लसन के चउका देलें, जबकि कार्लसन एकर फायदा उठवलें आ लगातार दबाव बनवलें। गुकेश जरूरत पड़ला पs सावधानी पूर्वक खेल खेललें आ फेर कार्लसन पs अटैक कइलें। कार्लसन कहलें कि समय से चाल चले के दबाव बढ़त गइल, लेकिन उनकर वापसी के मवका देल जाई। फ़्रांस के एह टूर्नामेंट में हार के बाद गुकेश कहले कि उनकर टीम उनकरा से हार गइल।विवादन के दौर में गुकेश के वापसी के संभावना बा, जेकरा से उनकर हार के संभावना कम हो गइल बा। शुरुआती दौर में ऊ ऊ ऊ हार के सामना करत रहल बाड़ें आ ऊ हार गइ",0.0,0.0,0.0
111,"संसद के दुनो सदन में आज हंगामा मच गइल। राज्यसभा में विपक्ष के ओर से अध्यक्ष जगदीप धनखड़ के खिलाफ अविश्वास प्रस्ताव के नोटिस दिहल गइल बा। लोकसभा में कांग्रेस ओम बिरला के चिट्ठी लिख के कार्यवाही सुचारू रूप से चलावे के मांग कईले बिया। कांग्रेस के सदस्य तिरंगा आ फूल लेके संसद भवन परिसर में विरोध प्रदर्शन कईले, जवना में राहुल गांधी भी मौजूद बाड़े। भारी हंगामा के चलते लोकसभा आ राज्यसभा के कार्यवाही स्थगित कs दिहल गइल।","संसद के दुनो सदन में आज भी हंगामा मच गईल। राज्यसभा में विपक्ष के ओर से अध्यक्ष जगदीप धनखड़ के खिलाफ अविश्वास प्रस्ताव के नोटिस दिहल गईल बा। कांग्रेस ओम बिरला के चिट्ठी लिख के सदन के कार्यवाही सुचारू रूप से चलावे के मांग कईले बिया। एही बीच कांग्रेस के सदस्य तिरंगा अवुरी फूल लेके संसद भवन परिसर में विरोध प्रदर्शन कईले। विरोध प्रदर्शन में कांग्रेस के नेता राहुल गांधी भी मौजूद बाड़े। हंगामा के चलते लोकसभा के कार्यवाही दुपहरिया 2 बजे ले स्थगित कs दिहल गइल बा आ कांग्रेस सांसद प्रमोद तिवारी कहले कि,”...हमरा लागता कि वर्तमान सरकार संविधान पs चर्चा के अनुमति नईखे दिहल चाहत जवन कि दु दिन के बा। एकरा खातीर माहौल बनावल जाता।” हंगामा के कारण राज्यसभा के कार्यवाही फेर से स्थगित हो गइल। जेपी नड्डा कहले रहले कि सोनिया गांधी के सोरेस से का संबंध बा? कांग्रेस आंतरिक सुरक्षा से ध्यान हटा",0.5,0.0,0.5
112,"नेपाल 100 रुपया के नोट छपाई चीनी कंपनी चाइना बैंकनोट प्रिंटिंग एंड मिंटिंग कॉरपोरेशन के सौंप दिहले बा, जेकरा में भारत के लिपुलेख, लिंपियाधुरा आ कालापानी इलाका के नेपाल के हिस्सा के रूप में देखावल गइल बा। नेपाल सरकार मई में मंत्रिमंडल के बैठक में नोट के डिजाइन के मंजूरी देले रहे। ई तीनों विवादित इलाका लगभग 370 वर्ग किलोमीटर के क्षेत्रफल में बा आ पश्चिमी तिब्बत के नगरी क्षेत्र के लगे स्थित बा। लिपुलेख, लिम्पियाधुरा आ कालापानी इलाका पिछला 60 साल से भारत के पूरा नियंत्रण में बा।","भारत-नेपाल 100 रुपया के नोट छपाई चीनी कंपनी चाइना बैंकनोट प्रिंटिंग एंड मिंटिंग कॉरपोरेशन के सौंप दिहले बा। एह नोट में भारत के लिपुलेख, लिंपियाधुरा आ कालापानी इलाका के नेपाल के हिस्सा के रूप में देखावल गइल बा। नेपाल सरकार 30 नोटन के 30 करोड़ के प्रति छापल बा आ ई नक्शा में लिम्पिलेख, लिम्पियाधुरा, नेपाल, नेपाल आ नेपाल के शामिल बा। भारत के संविधान संशोधन के माध्यम से नेपाल के 1,850 किलोमीटर लंबा सीमा भारत के पांच राज्य सिक्किम, पश्चिम बंगाल, बिहार, यूपी आ उत्तराखंड के साथे साझा बा। ई तीनों विवादित इलाका लगभग 370 वर्ग किलोमीटर के क्षेत्रफल में बा, जबकि नेपाल के कुछ हिस्सा चीन के नियंत्रण में बा।- नेपाल के सीमा सीमा पर स्थित बा। फ़्रांस के लोग भारतीय नागरिक हउवे, जहाँ भारत, चीन आ तिब्बत के सीमा",0.4444,0.0,0.4444
113,ट्राई कंपनी दूरसंचार कंपनियन के कहले बा कि ऊ लोग अपना ऐप आ पोर्टल के सेटिंग बदलस आ एकरा के उपयोगकर्ता खातीर सुलभ बनावे। ई बदलाव से ग्राहक स्पैम कॉल से जुड़ल शिकायत आ सहमति के रिपोर्ट आसानी से दे सकीहें। ट्राई इहो कहलस कि अब सभ दूरसंचार कंपनी के हर महीना उपभोक्ता के शिकायत पs निगरानी आ कार्रवाई के जानकारी देवे के होई।,"दूरसंचार नियामक कंपनी ट्राई ट्राई के निर्देश जारी कइलस कि ऊ लोग अपना ऐप आ पोर्टल के सेटिंग बदलस आ एकरा के उपयोगकर्ता खातीर अउरी सुलभ बनावे, ताकि कवनो ग्राहक स्पैम से जुड़ल शिकायत चाहे सहमति के रिपोर्ट आ वेब पोर्टल में सुधार करस जेहसे कि ग्राहकन के अनचाहा व्यावसायिक भा स्पैम कॉल से बचावल जा सके। ट्राई कहले बा कि ऊ ग्राहक के शिकायत पs निगरानी आ कार्रवाई से जुड़ले जानकारी देवे के होई। दूरसंचार कंपनी के तीन महीना के बजाय हर महीना उपभोक्ता के शिकायत पर निगरानी रखस आ उनकर निजी जानकारी के आदान-प्रदान कर सके। ट्राई उपभोक्तान के सलाह दिहल गइल बा कि उपभोक्ता के सूचना के अधिकार कानून में सुधार करे, ताकि उनकर शिकायत पर ध्यान दिहल जा सके आ उपभोक्ता के जानकारी आसानी से उपलब्ध हो सके। दूरसंचार कंपनियन के निर्देश बाड़ें कि ऊ अपना मोबाइल ऐप आ वेब",1.0,0.0,1.0
114,"सौरव गांगुली बियफ़ें के रात दुर्गापुर एक्सप्रेसवे पs एगो कार दुर्घटना के शिकार हो गईलन। तेज रफ्तार से आवत एगो लॉरी उनुका गाड़ी के टक्कर मार देलस। दुर्घटना के बाद सौरव के प्रशंसक में चिंता के लहर मच गईल, लेकिन खबर बा कि उ सुरक्षित बाड़े। ई हादसा तब भईल जब उ अपना गाड़ी के काफिला के संगे एगो कार्यक्रम में जात रहले। गाड़ी के नुकसान भइल, लेकिन केहू के कवनो चोट ना लागल।","सौरव गांगुली कार दुर्घटना में घायल हो गइल। दुर्गापुर एक्सप्रेसवे पs भईल कार दुर्घटना के शिकार हो गईले। उs बर्धमान में एगो कार्यक्रम में शामिल होखे जात रहले कि तेज रफ्तार से आवत लॉरी उनुका गाड़ी के टक्कर मार देलस। दुर्घटना के खबर सुनला के बाद सौरव गांगुली के प्रशंसक में चिंता के लहर मच गईल। आज ले के खबर के मुताबिक, दुर्घटना में सौरव सुरक्षित बाड़े। सौरव अपना गाड़ी के काफिला के संगे एs आयोजन में जात रहल, लेकिन गाड़ी के नुकसान भइल।निमन बात ई बा कि ए हादसा में केहू के कवनो नुकसान ना भइल, लेकिन ड्राइवर के नुकसान जरूर भइल. शुरुआती जानकारी के अनुसार सौरव के प्रशंसक चिंता में बा, लेकिन दुर्घटना के बाद उनका गाड़ी सुरक्षित बाड़ें। महेंद्रगढ़ एक्सप्रेसवे पर सौरव के गाड़ी दुर्घटनाग्रस्त बाड़े। शुरुआती सूचना के अनुसार, सौरव के दुर्घटना",0.5,0.0,0.5
115,"प्रधानमंत्री नरेंद्र मोदी मलेशिया के प्रधानमंत्री अनवर इब्राहिम से बातचीत में कहलें कि भारत आ मलेशिया के रिश्तन के आउर ऊंचाई पs ले जाये के चाहत बा। ऊ बतवलें कि दुनो देसन के बीच आपसी सहजोग आ मजबूत होखल जरूरी बा। पीएम मोदी मलेशिया में भारतीय प्रवासी समुदाय से मुलाकात के अनुभव के खास बतवलें आ आतंकवाद के खिलाफ लड़ाई में संघतिया देसन के संगे रहला के महत्व पर जोर दिहलें। ऊ कहलें कि भारत आ मलेशिया के बीच कृषि, मैन्युफैक्चरिंग आ रक्षा में सहजोग तेजी से बढ़ रहल बा। अनवर इब्राहिम कहलें कि दुनो देसन के रिश्ता मजबूत बा आ हर क्षेत्र में सहजोग बढ़ावे के उम्मेद बा।","प्रधानमंत्री नरेंद्र मोदी मलेशिया के प्रधानमंत्री अनवर इब्राहिम से द्विपक्षीय बातचीत के दौरान कहलें कि भारत आ मलेशिया आपन रिश्तन के आउर ऊंचाई पs ले जाये के चाहत बा। ऊ कहले कि आज के वैश्विक अस्थिर माहौल में दुनो देसन के बीच आपसी सहजोग आउर मजबूत होखल बहुते जरूरी बा। पीएम मोदी बतवलें कि प्रवासी भारतीयन में मलेशियाई नेतृत्व खातिर सम्मान आ अपनापन साफ नजर आवेला, जवन भारत खातिर गरब के बात बा। मलेशिया के लोगन के स्वागत कइलें आ ऊ ऊ कहलन कि भारत-ASEAN के सहयोग के जरूरत बा। फ़्रांस आ मलेशिया के बीच मैत्री के माहौल के मजबूत होखे के बात कहलन जा रहल बा।विवादन के दौर में भी पीएम मोदी के संबोधन के दौरान पीएम मोदी ऊ ऊ बतवले कि ऊ ऊ ऊ लोगन से संपर्क मजबूत कइलस। बाड़ें कि ऊ",0.6667,0.0,0.6667
116,"दिल्ली के फैमिली कोर्ट शिखर धवन के पूर्व पत्नी आयशा मुखर्जी के 5.7 करोड़ रुपिया लवटावे के आदेस देलस। अदालत के अनुसार, संपत्ति सेटलमेंट धमकी आ धोखाधड़ी के माध्यम से करवावल गइल रहे। कोर्ट धवन के पक्ष में फैसला देके कहलस कि ऊ ऑस्ट्रेलियाई अदालत के आदेस से बंधल नइखे। धवन के बतावल कि मुखर्जी उनकर इज्जत आ क्रिकेट करिअर के खराब करे के धमकी देत रहली। 2023 में अदालत दुनो के तलाक फाइनल कइलस आ धवन के बेटा से संपर्क करे के अधिकार दिहल गइल।","दिल्ली के फैमिली कोर्ट भारतीय क्रिकेटर शिखर धवन के पूर्व पत्नी आयशा मुखर्जी के 5.7 करोड़ रुपिया (लगभग 8.94 लाख ऑस्ट्रेलियाई डॉलर) लवटावे के आदेस देलस। अदालत के माेताबिक, धवन के संपत्ति सेटलमेंट धमकी, जबरन वसूली आ धोखाधड़ी के माध्यम से करवावल गइल रहे। पटियाला हाउस कोर्ट के जज देवेंद्र कुमार गर्ग एह दस्तावेजन के शून्य आ अमान्य घोषित कs देलें। अदालत कहलस कि धवन से एह कागजातन पs धमकी, दबाव, छल आ धोखाधड़ी से दस्तखत करावल गइले रहे। कोर्ट के बतवलें कि 2012 में शादी के तुरंते बाद से मुखर्जी झूठा आ मानहानिकारक आरोप सार्वजनिक करे के धमकी देत रहली, जवना से उनकर संपत्ति के कुल पूल के 15 फीसदी हिस्सा खराब हो सकत रहल। फ़ेराॅयदेस। फैमिली कोर्ट के फैसले के बाद धवन के परिवार के लोगन",0.3636,0.2222,0.3636
117,"एशिया कप हॉकी टूर्नामेंट में भारत के डिफेंडिंग चैंपियन के कड़ा हार भइल बा, जब ऊ 17वां रैंकिंग के जापान से 5-2 से हार गइल। अगिला दौर में जाए खातिर भारत के इंडोनेशिया पर बड़हन जीत दर्ज करे के पड़ी। मैच में जापान के कावाबे कोसाई आ कोजी यामासाकी गोल कइले, जबकि भारत के पवन राजभर आ उत्तम सिंह गोल कइले। भारत के टीम में कई सितारा ना रहलन, काहे कि हॉकी इंडिया युवा खिलाड़ी के आजमावे के फैसला कइले बा।","एशिया कप हॉकी टूर्नामेंट में डिफेंडिंग चैंपियन भारत जापान से 5-2 के अंतर से हरा दिहलस। अगिला दौर में जाए खातिर ओकरा इंडोनेशिया पर बड़हन जीत दर्ज करे के पड़ी। टीम आपन अगिला मैच गुरुवार 26 मई के साँझ 5:00 बजे से खेली। दिग्गज बीरेंद्र लकरा के कप्तानी में खेलत भारतीय टीम मंगल का दिने जकार्ता में रक्षात्मक शुरुआत कइलस। पहिला क्वार्टर में कवनो गोल ना भइल, लेकिन जापान 1-0 से बढ़त बना लिहलन। मैच के तीसरा क्वार्टर भी जापान के नाम पर रहल आ वापसी के उमेद बढ़ा दिहलन. 51वां मिनट में पवन राजभर फील्ड गोल कइले, लेकिन भारत के स्कोर 3-2 हो गइल। फ़ाइनलर्स के लिए बढ़िया खबर बा। फ़ेसबुक लाइव अपडेट करे के कोशिश कइल जा रहल बा। शुरुआती खेल के आखिरी मिनट में भारतीय टीम के बढ़त 3-2",0.2667,0.1538,0.2667
118,"अमेरिकी फिल्म शहर लॉस एंजलेस के जंगल में भारी आग लाग गइल बा, जवना से 5 लोग के मउत हो गईल आ सैकड़न घर जर के राख हो गईल। प्रियंका चोपड़ा भी आग पर प्रतिक्रिया देते हुए इंस्टाग्राम पs पोस्ट शेयर कइलीं, जहाँ ऊ प्रभावित लोग के प्रति संवेदना व्यक्त कइलीं। ऑस्कर के नामांकन के तारीख बढ़ा दिहल गईल बा, अब वोटिंग 14 जनवरी तक होई आ नामांकन के घोषणा 19 जनवरी के होई। अकादमी आग से प्रभावित लोग के प्रति गहरा संवेदना व्यक्त कइले बिया।","अमेरिकी फिल्म शहर लॉस एंजलेस के जंगल में भारी आग लाग गइल बा, जवना में 5 लोग के मउत हो गईल आ सैकड़न घर जर के राख हो गइल। ई आग पूरा अमेरिका के हिला दिहले बा आ हॉलीवुड भी एह आग से प्रभावित भइल बा। प्रियंका अपना इंस्टाग्राम पs एs बारे में एगो पोस्ट शेयर कइले बाड़ी। प्रियंका लिखले बाड़ी कि, ‘हमार संवेदना ओह सब लोग के संगे बा जे एs आग के चंगुल में आ गइल बाड़ें।’ ऑस्कर के नामांकन के तारीख 17 जनवरी से शुरू भइल, लेकिन अब ई समय सीमा 20 जनवरी के खत्म हो जाई। फ़ेसबुक पs प्रियंका चोपड़ा बतवले बाड़ी कि ई आग के चलते लोग के मदद करत रहल बा। ऑस्कर नॉमिनेशन्स के घोषणा 14 जनवरी से 17 जनवरी के बीच होखे वाला बा।",0.4615,0.3636,0.4615
119,"भारतीय क्रिकेट टीम के पूर्व कप्तान रोहित शर्मा के एगो नया वीडियो सोशल मीडिया पs तेजी से वायरल हो रहल बा, जेमे ऊ अपना नया Tesla Model Y कार में नजर आवत बाड़ें। उनका कार के नंबर प्लेट उनकर दूनो लईकन के जन्मदिन के तारीख से जुड़ल बा। रोहित के स्पोर्ट्स कारन से खास लगाव बा आ ऊ हाल ही में Lamborghini Urus SE किनले रहस। वीडियो में रोहित आपन पत्नी रितिका के गले लगावत बाड़ें आ रितिका मुस्कुरात पूछत बाड़ी – “रउआ दोसरा कार में आवत बानी का?” Tesla Model Y के बेस वेरिएंट के कीमत लगभग ₹59.89 लाख से शुरू होखेला।","भारतीय क्रिकेट टीम के पूर्व कप्तान रोहित शर्मा के एगो नया वीडियो सोशल मीडिया पs तेजी से वायरल हो रहल बा, जेमे ऊ अपना नया Tesla Model Y कार में नजर आवत बाड़ें। 38 साल के रोहित ब्लैक टी-शर्ट आ कैप में दिखाई पड़लें आ फैंस के ध्यान उनकर दूनो लईकन के जन्मदिन के तारीख (30-15) से जुड़ल बा। ऊ Lamborghini Urus SE के नंबर 3015 रखल बाड़ें, जवना के कीमत लगभग ₹59.89 लाख बा, जबकि टॉप मॉडल करीब ₹59 लाख बा। रितिका के डिजाइन में बदलाव के चलते ई कार के कीमत ₹59,900 से शुरू हो गइल बाड़े। फ़ेसबुक पs वायरल वीडियो में रितिका मुस्कुरात पूछत बाड़ी आ कहलन बा कि ऊ ऊ दोसरा कार में आवत बानी का?” ई वीडियो फैंस के खूब पसंद आ रहल बाड़ल बा आ टॉप",0.6207,0.4444,0.6207
120,"चीनी ब्रांड पोको दिसंबर में पोको एम सीरीज के दुगो स्मार्टफोन लॉन्च कइले बिया। पोको एम 7 के 6GB रैम + 128GB आ 8GB रैम + 128GB वेरिएंट में उपलब्ध बा, जवन के शुरुआती कीमत 9,499 रुपया बा। ई फोन में 5,160mAh के बैटरी आ 33W फास्ट चार्जिंग फीचर बा। कैमरा सेटअप में 50MP के मुख्य कैमरा आ 8MP के सेल्फी कैमरा शामिल बा, जवन कम रोशनी में भी बढ़िया फोटो खींच सकेला।","चीनी ब्रांड पोको पिछला साल दिसंबर के अंतिम सप्ताह में वैश्विक बाजार में पोको एम सीरीज के दुगो स्मार्टफोन लॉन्च कईले। कंपनी एs सीरीज में लॉन्च भईल दुनो फोन के एs सेगमेंट में सबसे शक्तिशाली फीचर वाला डिवाइस बतवले बिया। फोन में 6GB रैम + 128GB इंटरनल स्टोरेज बा, जबकि एकर बैक पैनल में पॉलीकार्बोनेट आ प्लास्टिक के बॉडी के इस्तेमाल कइल गइल बा। फोन के शुरुआती कीमत 9,499 रुपया बा आ एकर टॉप वेरिएंट 10,699 रुपया में बा। POCO M7 भारत में दुगो स्टोरेज वेरिएंट में उपलब्ध बा, जवना के डिजाइन गोलाकार रिंग बा। कंपनी के अनुसार, फोन के फ्रंट पैनल में एगो कैमरा मॉड्यूल के इस्तेमाल कईले बानी। फ़ेसबुक लाइव वीडियो कॉलिंग के सुविधा भी उपलब्ध बा।... शुरुआती जानकारी के लिए",0.3636,0.3,0.3636
121,"प्रो कबड्डी लीग के 33वां मुकाबला यू मुंबा अउर बेंगलुरु बुल्स के बीच 22 अक्टूबर के बैंगलोर के कंटीरवा स्टेडियम में खेलल जाई। यू मुंबा अब तक 5 मैच खेलके 3 जीतल बाड़े अउर 2 में हारल बाड़े, जबकि बेंगलुरु बुल्स 5 मैच में से 3 जीत चुकल बाड़े। दूनों टीम पिछला मैच जीत के आ रहल बाड़ी स। यू मुंबा के कप्तान सुरिंदर सिंह बाड़े, जबकि बेंगलुरु बुल्स के कप्तान महेंदर सिंह बाड़े।","प्रो कबड्डी लीग के 33वां मुकाबला यू मुंबा अउर बेंगलुरु बुल्स के बीच 22 अक्टूबर के बैंगलोर के कंटीरवा स्टेडियम में होखे वाला बा, जेमें उ 16 अंक के साथ छठवे स्थान पर बानें। हरियाणा स्टीलers के हरवले रहनें अउर पिछले तीन में से दू मैच जीतल बानें, जबकि हरियाणा स्टीलर्स 5 मैच खेलले बा। यू मुंंबा के एह समय 16 अंक बा अउर ऊ अंक तालिका में 5वें स्थान पर बा। बेंगलुरु Bulls अपने पिछले मुकाबला में Tamil Thalaivas के हराके छठे स्थान पर आ गइल बा। फ़ाइनलर्स डे के मौके पर उ अपना लय बरकरार रखले में कामयाब होला।- सुरिंदर सिंह, रिंकू एचसी, हरेंदर कुमार, गुमान सिंह, जय भगवान, मोहित और आशीष।-- मुंबई बुल्स – महेंदर सिंह (कप्तान), सौरभ नंद",0.4706,0.1333,0.4706
122,"विश्व बैडमिंटन चैंपियनशिप में भारत के एचएस प्रणय बियफे के बड़ उलटफेर कइलें, जहाँ ऊ लक्ष्य सेन के पराजित कइलें। प्रणय क्वार्टरफाइनल में जगह पक्का कs लेले, जबकि साइना नेहवाल प्री-क्वार्टरफाइनल में हार गइली। पुरुष युगल में एमआर अर्जुन आ ध्रुव कपिला के जोड़ी क्वार्टरफाइनल में पहुँच गइल बा। सात्विकसाईराज रंकीरेड्डी आ चिराग शेट्टी के जोड़ी भी क्वार्टरफाइनल में आगे बढ़ल बा।","विश्व बैडमिंटन चैंपियनशिप में भारत के एचएस प्रणय बियफे के बड़ उलटफेर कइलें। ऊ पुरुष एकल के प्री-क्वार्टरफाइनल में हमवतन लक्ष्य सेन के हराके कांस्य पदक जीतल। प्रणय आ प्रणय के बीच मुकाबला 21-16 आ 21-17 से होई। प्रणय के मुकाबला चीन के झाओ जून पेंग से होई आ पहिला गेम 21-16 से हार के सामना करे के पड़ल। ऊ पहिला गेम में 21-16, 21-17, 21-16 के जीत के बाद फाइनल में प्रवेश कइलस। फ़ाइनल में साइना आ साइना नेहवाल के बीच भी मुकाबला होई। फ़ेसबुक पेज पर पोस्ट कइल गइल जानकारी के अनुसार, बैडमिंटन के इतिहास में एह मैच के सबसे कठिन मुकाबला बा।विवादन में से एक भारतीय खिलाड़ी साइना के जोड़ी पहिले गेम में हार गइल बाड़ें आ तीसरा गेम में भी शामिल रहल बा।",0.0,0.0,0.0
123,पइसा के ममिला ठीक रही आ नया अवसर मिल सकेला। स्वास्थ्य पs खास धेयान दीं आ परिवार के संगे समय बिताईं। आज आत्मविश्वास बढ़ी आ काम में पहल ले सकत बानी। जोश भरल दिन बा आ नया योजना सफल हो सकेला। कमिशन-लाभ के इस्थिति मजबूत बा आ ज्ञान-शिक्षा में रुचि बढ़ी।,"नया नाम चू, चे, चो, ला, ली, लू, ले, लो,अ से शुरू होला आ पइसा के ममिला ठीक रही आ नया अवसर मिल सकेला। स्वास्थ्य पs खास धेयान दीं आ दुरुपयोग से बचीं। परिवार के संगे समय बिताईं आ भावनात्मक रूप से संवेदनशील दिन बा। नया योजना सफल हो सकेला, लेकिन धैर्य से काम लीं। आर्थिक निर्णय सोच-समझ के लीं, जाई, जतरा के जोग बा, उनकरा के सलाह-मशविविता के जरूरत बा। आर्थिक स्थिति मजबूत बा, जेकरा पर ध्यान दे सकत बा। ીაवित्तमंत्री महोदया के सलाह दिहल गइल बा कि आप लोगन के स्वास्थ्य पर ध्यान दिहल जाई। बाड़ें। फ़ायदेमंदों के बीच-बीच में सावधानी बरल जाई आ सतर्क रहल",1.0,0.0,1.0
124,छपरा के डोरीगंज फीडर में दु घंटा के पावर कट रहल बा। पीएसएस डोरीगंज से संचालित 11 केवी चिरांद आ 11 केवी जलालपुर फीडर में सबेरे 9 बजे से दुपहरिया 11 बजे तक बिजली बाधित रहल। विभाग के सहायक अभियंता बतवलें कि 132 केवी हाइटेंशन वायर आ मेगा ट्रांसफॉर्मर के मरम्‍मत खातिर बिजली काटल गइल बा। ठंड के मौसम में फीडर में बिजली ट्रिप के समस्या के समाधान खातिर ई निर्णय लिहल गइल बा। 11 बजे के बाद बिजली बहाल कs दिहल जाई।,"छपरा के डोरीगंज फीडर में दु घंटा के पावर कट रही। पीएसएस डोरीपुर से संचालित 11 केवी चिरांद आ 11 केवी जलालपुर फीडर के कुछ हिस्सन में सबेरे नौ बजे से दुपहरिया 11 बजे तक बिजली बाधित रही। बिजली विभाग के सहायक अभियंता बतवलें कि 132 केवी हाइटेंशन वायर आ मेगा ट्रांसफॉर्मर के मरम् मत के काम कइल जाए के बा। जनता से सहजोग के अपील बा कि सबेरा 9 बजे से पहिले बिजली संबंधी जरूरी काम कs लीं। ठंड के मौसम में बिजली ट्रिप के समस्या ना होखे के खातिर बिजली विभाग कावर से मरम्मति के निर्णय लिहल गइल बा।ṣ बाड़ें। मंगलवार, 11 बजे के बाद बिजली बहाल कs दिहल जाई। वॉशिंगटन डीसी में विद्युत सेवा बाधित रहल बा,जवना के चलते लोग लोगन के अपील",0.9333,0.4615,0.8
125,"आजु लाखों यूजर खातिर व्हाट्सएप एगो जरूरी ऐप बन गइल बा, जवना से प्रोफेशनल आ निजी बातचीत होखेला। अगर रउआ ब्रेक लेवे के चाहत बानी तs मोबाइल डाटा या इंटरनेट बंद करे के पड़ी। एंड्रॉयड यूजर खातिर एगो सीक्रेट फीचर बा, जवना से रउआ सिर्फ व्हाट्सएप के डेटा के इस्तेमाल रोक सकीला। एकरा से व्हाट्सएप पs आवे वाला मैसेज ना पहुंची आ रउआ बिना परेशानी के दोसर ऐप के इस्तेमाल कर सकीला। ध्यान रहे कि इs सेटिंग फोन के ऑपरेटिंग सिस्टम पर निर्भर करी।","आजु लाखों यूजर खातिर व्हाट्सएप एगो जरूरी ऐप बन गइल बा, जवना से आप अपना दोस्तन के संगे प्रोफेशनल चैटिंग कs सकेनी। ऑफिस के काम से लेके निजी बातचीत ले व्हाट्सएप के माध्यम से होखेला। अगर आप फोन के मोबाइल डाटा चाहे इंटरनेट बंद करे के होई, तs मैसेज भेज के रोक लगावे के पड़ी। •अयीसन कईला से फोन में मौजूद ऐप के सूची देखाई दिही। •जवना ऐप के डेटा के इस्तेमाल रउआ रोकल चाहत बानी ओकरा पs टैप करीं। •इससे फोन में इंटरनेट कनेक्टिविटी के सुविधा मिल सकेला। फ़ेसबुक, ट्विटर, फेसबुक, इंस्टाग्राम, ट्वीटर, इंस्टाग्राम आ अन्य सोशल नेटवर्किंग साइट पर मैसेज भेजना आसान हो गइल बाड़ें। ऑरिजिनल मैसेजिंग ऐपस पर भी रोक लगल जाईं।",1.0,1.0,1.0
126,"मुख्यमंत्री के निजी सचिव के नाटक कs के धोखा देवे वाला फारूक अमन के उत्तर प्रदेश पुलिस के स्पेशल कार्यबल (एसटीएफ) कामता तिराहे से गिरफ्तार कs लेले बा। उनुकर संबंध एगो गिरोह से बा जवन प्रतियोगी परीक्षा पास करे खातिर पईसा लेवेला अवुरी ऑनलाइन जुआ चलावेला। फारूक अमन (26) आजमगढ़ के सहरियां गांव के रहे वाला हवे, आ उनुका लगे से दुगो मोबाइल फोन, आधार कार्ड, आ बहुत दस्तावेज बरामद भईल बा। एसटीएफ के जानकारी मिलल कि मुख्यमंत्री के निजी सचिव के रूप में फर्जी व्हाट्सएप अकाउंट बनावल गईल बा।","मुख्यमंत्री के निजी सचिव के नाटक कs के धोखा देवे वाला फारूक अमन उत्तर प्रदेश पुलिस के स्पेशल कार्यबल (एसटीएफ) इहाँ के कामता तिराहे से गिरफ्तार कs लेले बा। एसटीएफ ई जानकारी बियफे के दिने दिहलस। फारूक अमन के बियफ़ें से फर्जी व्हाट्सएप अकाउंट बनावल गईल बा, जवना में उच्च अधिकारी के सीयूजी नम्बर के जोड़ल जा रहल बा। उनुकर संबंध प्रतियोगी परीक्षा पास करे खातिर पईसा लेवेला आ ऑनलाइन जुआ चलावे वाला गिरोह से कइल गइल। एसटीएफ के बयान में कहल गईल कि, आरोपी के मोबाइल फोन, आधार कार्ड, ‘वर्क प्रिंट आउट’ समेत कई दस्तावेज बरामद भइल बा। के अनुसार, फारूक अमन फर्जी फेसबुक अकाउंट बनावे के साजिश रचत रहल बाड़ें। शुरुआती जांच में कई फर्जी ग्रुप के लोग के पईसा लिहल गइल बा आ",0.8,0.6667,0.8
127,"राष्ट्रीय पुरुष हॉकी चैंपियनशिप के खिताबी मुकाबला अतवार के हरियाणा आ तमिलनाडू के बीच होई। हरियाणा सेमीफाइनल में महाराष्ट्र के 5-2 से हरवलस, जहाँ दीपक, दीपक कुमार, रवि आ पंकज गोल दागलें। महाराष्ट्र खातिर कप्तान तालेब शाह दुनो गोल कइले। दुसरका सेमीफाइनल में तमिलनाडु कर्नाटक के 3-0 से हरवलस।","राष्ट्रीय पुरुष हॉकी चैंपियनशिप के खिताबी मुकाबला अतवार के हरियाणा आ तमिलनाडू के बीचे खेलल जाई। सनिचर के सेमीफाइनल में हरियाणा महाराष्ट्र के 5-2 से हरवलस। हरियाणा खातिर दीपक (21 वां, 50 वां), दीपक कुमार (12 वां), रवि (27 वां) आ पंकज (45 वां) मिनट गोल दागल लो। हरियाणा के दुनो गोल कप्तान तालेब शाह (24 वां, 52 वां) के कइलें। दुसरका सेमीफाइनल में तमिलनाडु कर्नाटक के 3-0 से हराके फाइनल में जगह बना ली। बानेब शाह आ पंकज कुमार के बीच मुकाबला रोमांचक रहल बाड़ें। मंगलवार के फाइनल में तमिलनाडु तमिलनाडु कर्नाटक से 3-0 से हारवलस आ महाराष्ट्र के 3-0 हराके सेमीफाइनल में प्रवेश कइलस। शुरुआती मैच तमिलनाडु कर्नाटक टीम 3-0 से जीतल गइल बा।वित्त वर्ष 2014 के विजेता टीम फाइनल में पहुंच गइल बाड़न।-",0.3636,0.2,0.3636
128,"शानशान तूफान से जापान में हलचल मच गइल बा। एक आदमी के मउत हो गइल आ बहुत लोग घाही हो गईले। मौसम विभाग के अधिकारी दक्षिणी हिस्सा में चेतावनी जारी कईले बाड़े, जहाँ सबसे जादे नुकसान होखे के अनेसा बा। कागोशिमा प्रांत में तेज हवा आ भारी बरखा होखे के उमेद बा। गामागोरी में भूस्खलन से एगो घर के नुकसान भइल आ पाँच लोग दब गईले।","शानशान तूफान से जापान में हलचल मच गइल बा आ एक आदमी के मउत हो गइल। आंधी आ तूफान के चलते बहुत खंभा आ पेड़ गिर गईल, जहाँ बहुत लोग घाही हो गईले। मौसम विभाग के अधिकारी देश के दक्षिणी हिस्सा में सबसे जादा चेतावनी जारी कईले बाड़े, जहां सबसे जादे नुकसान होखे के अनेसा बा। जापान मौसम एजेंसी के कहना बा कि एह तूफान से देश के अधिकतर हिस्सा में तेज हवा, तेज लहर आ भारी बरखा भईल। शहर के आपदा प्रबंधन विभाग के अनुसार, आंधी-तूफान के चलते चार लोग के बचावल गइल आ एक जने के मौत हो गईल। आपातकालीन स्थिति के चलते अब तक करीब एक लाख लोग दब गइले बा। आपातकाल के चेतावनी जारी कइल गइल बाड़ें। ऊधम सिंह नगर में चार लोग आ चार लोग घायल भइल, जहाँ 24 घंटा में 60 सेंटीमीटर",0.0,0.0,0.0
129,"पूर्व भारतीय कप्तान रोहित शर्मा आ विराट कोहली के बीसीसीआई कहले बा कि जदि ऊ लोग अंतरराष्ट्रीय क्रिकेट खेलल चाहत बा, तs विजय हजारे ट्रॉफी में हिस्सा लेवे के होई। दुनो खिलाड़ी टी20 इंटरनेशनल से संन्यास ले चुकल बाड़ें आ 2025 में टेस्ट क्रिकेट से भी संन्यास के एलान कइले बाड़ें। रोहित शर्मा विजय हजारे ट्रॉफी में खेलला खातिर उपलब्धता के पुष्टि कइले बाड़ें, जबकि कोहली के खेलला पs अभी कवनो जानकारी नइखे।","रोहित शर्मा आ विराट कोहली के बीसीसीआई साफ तौर पs कह देले बा कि जदि ऊ लोग भारत के लिए अंतरराष्ट्रीय क्रिकेट खेलना जारी रखल चाहत बा, तs ऊ विजय हजारे ट्रॉफी (घरेलू वनडे टूर्नामेंट) में हिस्सा लेवे के होई। रोहित के खेल पर सवाल उठवले जा रहल बा आ कोहली टी20 इंटरनेशनल से संन्यास ले लेले रहे लोग। बोर्ड आ टीम मैनेजमेंट दुनो खिलाड़ियन के बता दिहल गइल बा कि दुगो फॉर्मेट से रिटायर होखला के बाद अब ओह लोगन के घरेलू क्रिकेट खेलके आपन फिटनेस आ मैच प्रैक्टिस बनाके रखे के होई, जबकि कोहली के वनडे करियर के लेके लगातार सवाल उठ रहल बाड़ें। दुनियाभर में दुनो दिग्गजन के टेस्ट क्रिकेट से संन्यास के एलान कइल गइल बाड़न। फ़ॉरमेटरी ऑफ द ईयर क्रिकेट आ क्रिकेट से रिटायरमेंट के बाद विराट कोहली आ कोहली के टीम मैनेजमेंट",0.8571,0.4,0.5714
130,"प्रधानमंत्री नरेंद्र मोदी अमेरिका चहुँप गइल बाड़न आ एयरपोर्ट पs उनका के गर्मजोशी से स्वागत कईल गईल। पीएम मोदी वाशिंगटन डीसी में राष्ट्रीय खुफिया निदेशक तुलसी गबार्ड से भेंट कइलन आ नियुक्ति पs बधाई दिहले। ओह दौरा में पीएम मोदी अमेरिकी राष्ट्रपति डोनाल्ड ट्रंप से द्विपक्षीय मुलाकात करीहें, जहाँ कई मुद्दा पs चर्चा होखे के उम्मेद बा। ई यात्रा ओह घरी हो रहल बा जब ट्रंप आयात कइल सामान पs शुल्क लगावे के धमकी देत बाड़न।",प्रधानमंत्री नरेंद्र मोदी अमेरिका चहुँप गइल बाड़न। अमेरिका पहुंचला पs पीएम मोदी के एयरपोर्ट पs गर्मजोशी से स्वागत कईल गईल। पीएम मोदी वाशिंगटन डीसी में अमेरिका के राष्ट्रीय खुफिया निदेशक तुलसी गबार्ड से भेंट कइलन। उनुका के नियुक्ति पs बधाई दिहलें आ कहले कि भारत-अमेरिका कई तरह के पहलू पs चर्चा होखे के उम्मेद बा। अमेरिका के विदेश नीति के निगरानी करे वाला विशेषज्ञ संकेत देले बाड़े कि कुछ संवेदनशील मुद्दा पs बातचीत हो सकेला। पीएम मोदी 20 जनवरी के पदभार सम्हरला के बाद विभिन्न देशन से आयात कइल सामान पs शुल्क लगावे के धमकी देत बाड़न. बाड़ें। पीएम मोदी अमेरिकी राष्ट्रपति डोनाल्ड ट्रंप से द्विपक्षीय मुलाकात करीहें आ अमेरिका के दौरा करे वाला कुछ विश्व नेता में पीएम मोदी भी शामिल बाड़े।- पीएम मोदी अमेरिका के व्यापार नीति पर चर्चा के दौरान अमेरिका के,0.7273,0.6667,0.7273
131,"पटना। राजद के दुगो विधायक तेजस्वी यादव के संगे छोड़ के लोग भाजपा के दामन थाम लेले बा लोग। ई विधायक नवादा से विभा देवी आ रजौली से प्रकाश वीर हs, जे पीएम मोदी के सभा में भाजपा के मंच पs मौजूद रहलें। पीएम मोदी बिहार के दौरा पs आके 13 हजार करोड़ रुपिया के विकास परियोजनन के तोहफा देले। एह मवका पs बिहार के राज्यपाल, मुख्यमंत्री आ उपमुख्यमंत्री समेत कई नेता मौजूद रहलें।","पटना। राजद के दुगो विधायक तेजस्वी यादव के संगे छोड़ देले बा, जे भाजपा के दामन थाम लेले बा। ई दुनो विधायक नवादा से विधायक विभा देवी आ रजौली से विधायक प्रकाश वीर हs लोग। पीएम मोदी गया में आयोजित सभा में भाजपा के मंच पs मवजूद रहे लोग। प्रधानमंत्री नरेंद्र मोदी आज बिहार के दौरा पs अइलें आ बिहार के करीब 13 हजार करोड़ रुपिया के विकास परियोजनन के तोहफा देलें। एह मवका पs बिहार के राज्यपाल आरिफ मोहम्मद खान, मुख्यमंत्री नीतीश कुमार, उपमुख्यमंत्री सम्राट चौधरी आ एनडीए के कइयन गो नेता उपस्थित रहलें। पीएम मोदी हाले में जेल से बाहर आइल बाड़ें, जदयू के नेता भी शामिल बाड़ें आ राजवल्लभ प्रसाद यादव के पत्नी भी मंच पर बाड़ें। शुरुआती दौर में जेल के बाहर आयल बाड़े। पीएम मोदी पटना के बोधगया इस्थित मगध विश्वविद्यालय",1.0,1.0,1.0
132,"ब्राजील के महान फुटबॉलर पेले के हालत बहुते गंभीर बा आ ऊ कोलन कैंसर से जूझ रहल बाड़े। डॉक्टर लोग पेले के कीमोथेरेपी बंद कs देले बाड़े काहेकि एकर असर नइखे हो रहल। 82 साल के पेले के एंड-ऑफ-लाइफ केयर खातिर हॉस्पिटल में शिफ्ट कs दिहल गइल बा। कई दिग्गज फुटबॉलर जइसन हैरी केन आ किलियन एमबाप्पे पेले खातिर प्रार्थना कइले बाड़े। पेले 1958, 1962 आ 1970 में ब्राजील के वर्ल्ड कप जीते वाला इकलौता खिलाड़ी बाड़े।","ब्राजील के महान फुटबॉलर पेले के हालत अब गंभीर बा आ कोलन कैंसर से जूझ रहल बाड़े। डॉक्टर लोग पेले के कीमोथेरेपी बंद कs देले बा, काहेकि उनका पर एंड-ऑफ-लाइफ (End-Of-Life) के चलते शिफ्ट कs दिहल गइल बा। हैरी केन आ किलियन एमबाप्पे जइसन कइयन गो दिग्गज पेले खातिर ट्वीट कs के प्रार्थना कइले बा लोग। पेले 1958, 1962 आ 1970 में ब्राजील के वर्ल्ड कप जीता चुकल बाड़े आ ऊ फुटबॉल के इतिहास में 3 विश्व कप जीते वाला इकलौता खिलाड़ी बाड़े। पेले के सामान्य चेक अप खातिर अस्पताल में भर्ती करावल गइल रहे।, पेले के अंग काम कइल बंद कइल जाला आ उनका के एही बेमारी के चलते हॉस्पिटल में भर्ती करल जाला। बाड़े।- पेले के आखिरी समय नजदीक होला तs कवनो व्यक्ति",0.5882,0.4,0.5882
133,"करनाल जिला में कर्ण लेक के लगे बियफे के सबेरे संदिग्ध विस्फोटक सामान मिलल। पुलिस के कंट्रोल रूम में सूचना मिलला पर टीम तुरंते मवका पs पहुंचल आ पूरा इलाका सील क देलस। जांच में दुगो ग्रेनेड मिलल, जिनमें से एगो के सुरक्षित तरीका से डिफ्यूज कइल गइल। इलाका में दहशत फैल गइल आ लोगन के सुरक्षित जगह भेज दिहल गइल। पुलिस सीसीटीवी फुटेज खंगाल के सुराग जुटावे में लागल बिया आ सांझ के प्रेस कॉन्फ्रेंस में जानकारी दीहल जाई।","करनाल जिला में NH-44 हाईवे के लगे कर्ण लेक के सटले बियफे के सबेरे हड़कंप मच गइल। इहवां संदिग्ध विस्फोटक सामान मिले के जानकारी पुलिस तक पहुंचल। पुलिस कंट्रोल रूम में फोन आइल कि कर्ण लेक इलाका में विस्फोटक जइसन कुछ पड़ल बा। सूचना मिलतही पुलिस टीम तुरंते मवका पs पहुंचल आ पूरा इलाका घेर के आवागमन रोक देलस, ताकि कवनो अनहोनी ना हो सके। जांच-पड़ताल में पुलिस के ओह जगह से दुगो ग्रेनेड मिलल, जहाँ आमतौर पs भीड़ लागल रहेला। पुलिस आ प्रशासन के फुर्ती से लोगन के सुरक्षित जगह भेज दिहल गइल आ जांच जारी रहल बा। qualified लोगन से पूछताछ कइले बिया।रें के फुटेज के जांच के खातिर पुलिस टीम मौके पर पहुंच गइल बा, जवना के जांच कर रही बा।",0.3333,0.0,0.3333
134,"महाराष्ट्र सरकार लव जिहाद आ जबरन धर्म परिवर्तन के खिलाफ कार्रवाई के तइयारी शुरू कइले बिया। एकरा खातिर सरकार सात सदस्यीय समिति के गठन कइले बिया, जे कानूनी उपाय के सुझाव दी। ई समिति के अध्यक्ष महाराष्ट्र के डीजीपी बनावल गइल बा। कई राज्यन में भी लव जिहाद आ धर्मांतरण रोके खातिर कदम उठावल गइल बा, आ अब महाराष्ट्र भी एह सिरीज में शामिल होखे वाला बा।","महाराष्ट्र सरकार लव जिहाद आ जबरन धर्म परिवर्तन के खिलाफ कार्रवाई के तइयारी शुरू कs दिहले बिया आ एकरा खातीर सरकार सात सदस्यीय समिति के गठन कईले बिया। ई समिति लव जिहाद के खिलाफ कानूनी उपाय के सुझाव दी। एह समिति के अध्यक्ष महाराष्ट्र के डीजीपी बनावल गइल बा आ अउरी कई राज्यन में भी राज्य सरकार कथित लव जिहाद, जबरन धर्मांतरण के रोके खातिर कदम उठवले बाड़ी सs आ अब महाराष्ट्र भी एह सिरीज में शामिल होखे वाला बा। बड़बोले लोगन के खिलाफ सख्त कार्रवाई कइल जा रहल बा। तइयारे खातिर राज्य सरकार सख्त कदम उठावले बाड़ी बा आ अब केंद्र सरकार के साथ-साथ केंद्र सरकार भी सहयोग कइले बाड़ें आ राज्य सरकार के सहयोग से ई सिरीज के आयोजन कइल गइल बाड़ें। शुरुआती दौर में राज्य सरकार एह सेंधमारी के खिलाफ कदम उठावे वाला",0.0,0.0,0.0
135,"फिलीपींस के कनलाओन ज्वालामुखी में भारी विस्फोट भइल बा, जेकरा बाद राख के बादल हजारों मीटर आसमान में फैल गइल। प्रशासन पास के गांव के खाली करावे के आदेश दिहलस आ राहत के काम चल रहल बा। करीब 87 हजार लोग के सुरक्षित जगहा ले जाइल गइल बा। कनलाओन ज्वालामुखी समुंद्र तल से 2,400 मीटर ऊपर बा आ ई फिलीपींस के 24 गो सक्रिय ज्वालामुखी में से एक हवे। संस्थान चेतावनी दिहले बा कि विस्फोट बड़ हो सकेला।",फिलीपींस के कनलाओन ज्वालामुखी में भारी विस्फोट भइल बा आ राख के बादल हजारों मीटर आसमान में गुबार फैल गईल। प्रशासन के ओर से पास के गांव के खाली करावे के आदेश दिहल गईल बा आ राहत के काम चलता। नागरिक रक्षा कार्यालय के कहल बा कि कनला ओन ज्वालामुखी के विस्फोट के चलते करीब 87 हजार लोग के तुरते प्रभाव से बचा के सुरक्षित जगहा ले जाइल गइल बा। ई ज्वालामुखी नीग्रोस दीप पs स्थित ज्वालामुखी सभ में से एक हवे आ ई देस के सभसे सक्रिय ज्वालामुखी सभ के एक हवे। फ़ायरिंग अलर्ट जारी बा आ चेतावनी देले बा कि ई ज्वालामुखी मई आ जून में विस्फोट के कारण सबसे खतरनाक होई। आपातकालीन परिस्थितियां पैदा हो गइल बाड़ें। ऊधम सिंहनगर/न्यूयार्क/लुधिआना/चंडीगढ़/इलाहाबाद/मुंबई/दिल्ली/दिल्ली-दिल्ली-एनसीआर में,0.3333,0.0,0.3333
136,"बिहार विधानसभा चुनाव 2025 के दूसरका चरण के मतदान 11 नवंबर के होखे वाला बा, जहाँ 20 जिला के 122 सीटन पs वोटिंग होई। एनडीए आ महागठबंधन के 122 आ 126 प्रत्याशी मैदान में बा लोग। आरजेडी नेता तेजस्वी यादव कहलें कि बिहार के जनता बदलाव के मूड में बिया आ एनडीए में मायूसी देखल जा रहल बा। एनडीए के नेता सम्राट चौधरी दावा कइलें कि जनता एनडीए के संगे बा आ 11 नवंबर के प्रचंड बहुमत से जीत हासिल करी।","पटना। बिहार विधानसभा चुनाव 2025 के दूसरका चरण के मतदान खातिर 11 नवंबर के 122 सीटन पs वोटिंग होखे वाला बा। प्रचार-प्रसार के दौर थम गइल बा आ उम्मीदवार घर-घर जाके वोटर लोग से समर्थन मांगत बा। एनडीए के 122 आ महागठबंधन के 126 प्रत्याशी मैदान में बा लोग। एनडीए में भाजपा के 53, जदयू के 44, लोजपा (रामविलास) के 15, राष्ट्रीय लोक मोर्चा के चार आ हम (हिंदुस्तानी आवाम मोर्चा) के छव प्रत्याशी सामिल बा। महागठबंधन में राजद के 70, कांग्रेस के 37, वीआईपी के आठ, सीपीआई के चार, कांग्रेस विधायक दल के नेता शकील अहमद खान आ अन्य लोग शामिल बा। फ़ेसबुक, ट्विटर, ट्वीटर, इंस्टाग्राम, ट्विटर आ ट्विटर पर लोग के प्रतिष्ठा पर सवाल उठवले बा। चुनाव आयोग के सख्ती से चुनाव आयोग सख्ती बरतत बा आ चुनाव आयोग",0.6316,0.4706,0.6316
137,"लखनऊ। प्रदेश के मुस्लिम राजनीति में बड़ बदलाव के संकेत मिल रहल बा। नसीमुद्दीन सिद्दीकी के कांग्रेस से इस्तीफा देवे के बाद मुस्लिम सियासत में नया बहस शुरू हो गइल बा। राजनीतिक गलियारन में चर्चा बा कि सिद्दीकी, ओवैसी, चंद्रशेखर आजाद आ पल्लवी पटेल मिलके नया पीडीए मोर्चा बना सकत बाड़ें। मुस्लिम मतदाता के रुझान मुख्य रूप से सपा के ओर रहल बा, लेकिन सपा के सामने आजम खां के जेल में होखला के कारण चुनौती बा। राजनीतिक विश्लेषकन के माने तs 2027 के चुनाव में नया मोर्चा के परीक्षा होई।","लखनऊ। प्रदेश के मुस्लिम राजनीति एक बेर फेर बड़ राजनीतिक पुनर्संयोजन के संकेत दे रहल बा। कांग्रेस के वरिष्ठ नेता आ कबो बसपा सरकार में प्रभावशाली चेहरा रहल नसीमुद्दीन सिद्दीकी के इस्तीफा ना खाली कांग्रेस के प्रदेश इकाई के कमजोर कइले बा, बलुक 2027 के विधान सभा चुनाव से पहिले मुस्लिम सियासत के लेके नया बहसो छेड़ देले बा। राजनीतिक गलियारलन में चर्चा बा कि सपा, बसपा, सपा आ बसपा के गठबंधन के चलते मुस्लिम मतदाता नया समीकरण पेश कs सकत बा, जवना के सीधा असर करीब 140 विधानसभा सीटन पs पड़ेला। चुनाव में मुस्लिम मतदाता के रुझान मुख्य रूप से सपा के ओर होखला के संभावना बा। फ़ाजिर बा बा। फ़ेसबुक पब्लिसिटी स्टंट बा आ कवनो नया प्रयोग ना चल सकेला। बड़ राजनीतिक बदलाव के संकेत दिहल गइल बा, जेकरा के चलते राजनीतिक ग",0.6667,0.0,0.3333
138,"आज वृषभ राशि के लोग धन लाभ आ दांपत्य जीवन में सामंजस्य पाई। मिथुन राशि के लोग मानसिक शांति आ धन लाभ के योग देखी। कर्क राशि के लोगन के काम में देरी हो सकेला, लेकिन सफलता मिली। सिंह राशि के लोग ऊर्जा से भरल रही आ समाज में प्रतिष्ठा बढ़ी। तुला राशि के लोग सहयोग आ सम्मान पाई, जबकि वृश्चिक राशि के लोग आत्ममंथन करी आ मानसिक शांति मिली। धनु राशि के लोगन खातिर दिन सुभ बा, जबकि मकर राशि के लोग योजनाबद्ध काम में सफलता पाई। कुंभ राशि वाला लोग व्यापार में लाभ आ मीन राशि वाला लोग नया अवसर पाई।","वृषभ राशि के लोगन के आज के दिन धन लाभ देवे वाला बा। रुकल काम पूरा होई, निवेश में फायदा मिली आ दांपत्य जिनगी में सामंजस्य बनल रही। विद्यार्थी लोगन में पढ़ाई में सफलता मिली। पुरनका संघतिया से मुलाकात खुसी दी आ वाहन चलावत घरी सावधानी रखीं। परिवार में बुजुर्ग लोग के सहयोग मिली आ जीवनसाथी के संगे संबंध मधुर रही। स्वास्थ्य पs ध्यान दीं। प्रेम संबंध में नयापन आई, बाकिर खानपान पर ध्यान दी। यात्रा लाभकारी रही, लेकिन दिन के अंत खुशहाल रही। आर्थिक स्थिति मजबूत होई आ स्वास्थ्य में सुधार होई। फ़्रांस में निवेश के संभावना बा। फ़्रंसल लोगन खातिर आज शुभ समाचार मिलल बा।वित्त सप्ताहांत मंगल के शुभ समाचार दिहल जा रहल बा आ परिवार में सुख-समृद्धि के समय।भविष्य के बारे में भी चर्चा हो सकेला।",0.0,0.0,0.0
139,"हाल ही में भदोही में सपा विधायक जाहिद बैग के आवास में 17 साल के बच्ची नाजिया के शव पंखा से लटकत मिलल बा। नाजिया कई साल से विधायक के घरे घरेलू काम करत रहली। पुलिस लाश के कब्जा में लेके कानूनी कार्रवाई कईलस आ मामला के आत्महत्या से जोड़ल जाता। प्रशासन के टीम एगो नाबालिग लईकी के बरामद कs लेले बिया, जे भी विधायक के आवास पs काम करत रहली।","हाल ही में भदोही में सपा विधायक जाहिद बैग के आवास में 17 साल के बच्ची के शव मिलल बा। नाजिया नाम के एगो लईकी पछिला कई साल से विधायक के घरे रह के घरेलू काम करत रहली। पुलिस मामला के जांच करत घटना के कारण के पता लगावे के कोशिश करतिया। पुलिस मामले के जांच खातीर टीम बनवले बिया। पुलिस के टीम घटना के जांच के दौरान एगो नाबालिग लईकी के बरामद कs लेले बिया, जबकि घटना के बाद परिवार के लोग के मौजूदगी में जरूरी कानूनी कार्रवाई कइल गइल।विद्रोही विधायक जाहिद बेग के स्वास्थ्य बिगड़ल बा बा आ पुलिस उनकरा के हिरासत में लेके गिरफ्तार कइल जा सकेला। ऊधम सिंह नगर विधानसभा सीट से विधायक जाहिद के घर के काम करत बाड़ें।विच्छेदन के बाद पुलिस मामला दर्ज कइले बा।...विवाद बढ़ल बा...",0.8,0.6667,0.8
140,"मुख्यमंत्री योगी आदित्यनाथ सोमार के दिने मुरादाबाद में 401 करोड़ रुपिया के परियोजना के उद्घाटन आ शिलान्यास करीहें। उऽ डॉ. भीमराव अम्बेडकर पुलिस अकादमी में डिप्टी एसपी के बैच के पासिंग आउट परेड में सलामी लीहें आ रोजगार मेला में भाग लीहें, जहाँ 5000 से जादे युवा के नियुक्ति पत्र दिहल जाई। सुरक्षा खातिर डेढ़ हजार पुलिस बल आ 2.5 कंपनी पीएसी के तैनाती कइल गइल बा। सीएम के यात्रा के दौरान सुरक्षा के इंतजाम कड़ा कइल गइल बा आ रूट डायवर्सन के फैसला भी कइल गइल बा।","मुख्यमंत्री योगी आदित्यनाथ सोमार के दिने मुरादाबाद में 401 करोड़ रुपिया के परियोजना के उद्घाटन आ शिलान्यास करीहें। डॉ. भीमराव अम्बेडकर पुलिस अकादमी में डिप्टी एसपी के बैच के पासिंग आउट परेड में उऽ सलामियो लीहें, जहां पांच हजार से जादे युवा के नियुक्ति पत्र दिहल जाई। सीएम 2 सितंबर के सबेरे 10:40 बजे पुलिस अकादमी पहुंच जइहें आ डिप्टी एसपी परेड के सलामी लीहे। सीएम योगी आदित्यनाथ के सुरक्षा खातिर शहर में डेढ़ हजार पुलिस बल के तैनाती कइल गइल बा आ सुरक्षा व्यवस्था के समीक्षा कइले बाड़न। qualified  तकनीकी जानकारी के खातिर जरूरी कदम उठावल गइल गइल बाड़ें। फ़ायदें खातिर सीएम सीएम के सुरक्षा व्यवस्था पर भी ध्यान देवे के निर्देश दिहल गइल बाड़न आ पुलिस विभाग के अधिकारी के संगे समीक्षा बइठको कर सकऽतारे।",0.4444,0.0,0.4444
141,"जदि रउआ 30 हजार रुपिया के बजट में बढ़िया 5G स्मार्टफोन खोजत बानी, तs Xiaomi 14 Civi पर Flipkart पs जबरदस्त डिस्काउंट मिल रहल बा। ई फोन के असली कीमत 54,998 रुपिया बा, लेकिन अब ई खाली 29,999 रुपिया में मिल रहल बा। एक्सिस बैंक आ SBI क्रेडिट कार्ड से भुगतान कइला पs 1500 रुपिया तक के अतिरिक्त छूट मिल रहल बा। फोन में 6.55 इंच के AMOLED डिस्प्ले, Snapdragon 8s Gen 3 प्रोसेसर, आ 4700mAh के बैटरी बा। फोटोग्राफी खातिर तीन गो रियर कैमरा आ दू गो 32MP के सेल्फी कैमरा दिहल गइल बा।","रउआ करीब 30 हजार रुपिया के बजट में बढ़िया 5G स्मार्टफोन खोजत बानी, तs ई खबर खास बा। Xiaomi के प्रीमियम फोन Xiaomi 14 Civi पs जबरदस्त डिस्काउंट मिल रहल बा आ ई डील खास ओह लोग खातिर बढ़िया बा, जवन कम दाम में रोजमर्रा के इस्तेमाल खातिर पावरफुल फोन चाहत बा। ई फोन में 6.55 इंच के AMOLED डिस्प्ले मिलेला आ इंटरनेट ब्राउजिंग खातिर बढ़िया ब्राइटनेस आ सानदार कलर आउटपुट देला। फोन में दमदार Snapdragon 8s Gen 3 ऑक्टा-कोर प्रोसेसर आ 4000mAh के बैटरी के सपोर्ट बा। रउए के फोन में 6GB रैम आ 64GB इंटरनल स्टोरेज बा।  फ़ेरी कैमरा सेटअप के साथ शानदार बैटरी बैकअप भी बा। फ़ेसबुक लाइव वीडियो कॉलिंग आ फोटो शेयरिंग के सुविधा भी देलाला जाई।",0.6667,0.55,0.6667
142,"एसीसी मेंस अंडर-19 एशिया कप 2025 के फाइनल में पाकिस्तान अंडर-19 टीम भारत के 191 रन से हराके पहिला बेर खिताब जीतलस। साल 2025 में भारत आ पाकिस्तान के बीच कुल 8 मुकाबला भइल, जवन में भारत 6 मैच जीतल आ पाकिस्तान 2 मैच। चैंपियंस ट्रॉफी में भारत ने पाकिस्तान के 6 विकेट से हरवले। भारतीय महिला टीम हरमनप्रीत कौर के कप्तानी में विमेंस वर्ल्ड कप 2025 के खिताब जीतलस आ ग्रुप स्टेज में पाकिस्तान के 88 रन से हरवले।","एसीसी मेंस अंडर-19 एशिया कप 2025 के फाइनल में पाकिस्तान अंडर-19 टीम भारत के 191 रन से हराके पहिला बेर खिताब जीत लेलस। साल 2025 में भारत-पाकिस्तान के भिड़ंत में टीम इंडिया के पलड़ा भारी रहल। भारत 6 मैच जीत के दबदबा बना के रखलस, जबकि पाकिस्तान खाली 2 मुकाबला जीत सकल। टीम इंडिया पाकिस्तान पs भारी पड़ल। कप्तान हरमनप्रीत कौर के शानदार शतक के दम पर टीम इंडिया जीत हासिल कइलस। टूर्नामेंट के ग्रुप स्टेज मुकाबला में पाकिस्तान ए टीम इंडिया ए के 8 विकेट से हरवले रहे। फ़ेसबुक लाइव रिपोर्टस के अनुसार, भारतीय महिला टीम फाइनल में पहुंच गइल बा। रविंद्र जडेजा आ जसप्रीत बुमराह के शानदार गेंदबाजी से टीम इंडिया खिताब जीतल बाड़ें। फ़ेसबुके पर कमेंट्री बॉक्स में शानदार प्रदर्शन कइल गइल।विदयाल सिंह भी भारतीय महिला क्रिकेट टीम के कप्तान रहल बा, जबकि हरमनप्रीत",0.8,0.5556,0.7
143,"अमेरिका के जॉर्जिया के एगो हाई स्कूल में गोली चलावे वाला छात्र के पिता के हत्या के आरोप में गिरफ्तार कइल गइल बा। गोलीबारी में चार लोग के मउत हो गइल अवुरी 9 लोग घाही हो गइल बाड़ें। आरोपी कोल्ट ग्रे के पिता कॉलिन ग्रे पर हत्या आ बच्चा के संगे क्रूरता के आरोप लगावल गइल बा। जीबीआई के निदेशक क्रिस होजी बतवले कि ग्रे अपने बेटा के हथियार राखे के अनुमति देले रहले। एह आरोपन में दोषी के दस से 30 साल के सजा हो सकेला, जबकि हत्या के मामिला में न्यूनतम आजीवन कारावास के सजा हो सकेला।","अमेरिका के जॉर्जिया के एगो हाई स्कूल में गोली चलावे वाला एगो छात्र के पिता के हत्या के आरोप में गिरफ्तार कs लिहल गइल बा। छात्र गोलीबारी में चार लोग के मउत हो गईल आ 9 लोग घाही हो गईले। अधिकारी एकरा बारे में जानकारी देले बाड़े कि आरोपी कोल्ट ग्रे के पिता 54 साल के कॉलिन ग्रे पs बच्चा के संगे क्रूरता के आरोप लगावल गईल बा आ कहले कि इs हथियार के इस्तेमाल कईसे कईल जा सकता। जीबीआई के निदेशक क्रिस होजी के अनुसार, दोषी के दस से 30 साल के सजा हो सकेला जबकि एह हत्या के मामिला में न्यूनतम आजीवन कारावास के सजा मिल सकेला। शेरिफ कार्यालय से जारी रिपोर्ट में कोलिन ग्रे कहलन कि, उनुका मालूम रहे कि एs हथियार का कs सकता, एकर इस्तेमाल के अनुमति देले से जुड़ल रहे आ उनकर परिवार के लोग श्रद्धांजलि देवे के चाही।",0.4,0.0,0.4
144,"फ्रांस के राजधानी पेरिस के लूव्र म्यूजियम में भइल हाई-प्रोफाइल चोरी ममिला में पुलिस दूगो संदिग्धन के गिरफ्तार कइले बिया। चोर म्यूजियम के ऊपरी मंजिल के जंगला तोड़के 8 मूल्यवान रत्न चुरा ले गइलन, जिनकर कीमत लगभग 10.2 करोड़ डॉलर बा। चोरी के बाद चोर मोटरसाइकिल पs फरार हो गइल आ पुलिस के जांच जारी बा। टेलीग्राम के CEO पावेल डुरोव के बयान से सोशल मीडिया पs नया बहस छिड़ गइल बा।","फ्रांस के राजधानी पेरिस के प्रतिष्ठित लूव्र म्यूजियम में भइल हाई-प्रोफाइल चोरी ममिला में पुलिस के अहम सफलता मिलल बा। पुलिस दूगो संदिग्धन के गिरफ्तार कइले बिया। पुलिस सनिचर के रात पेरिस-चार्ल्स डी गॉल एयरपोर्ट से एक संदिग्ध को ओह समय हिरासत में लेलस, जब ऊ बिदेस भागे के कोसिस करत रहे। दूसरका आरोपी तनिका देर बाद पेरिस शहर से पकड़ लिहल गइल। एह रत्नन के कीमत लगभग 10.2 करोड़ डॉलर (₹850 करोड़ से जादे) आंकल गइल बा, जवना के बाद एगो चश्मदीद गवाही देवे के कोशिश कइल जाई। फ़ेसबुक पs वीडियो शेयर करे के कोशिश करे के आरोप लग रहल बाड़ें। फ़ेसबुक्स के रिपोर्ट के अनुसार, चोरी के घटना के बाद ई मामला प्रकाश में आईल",0.6,0.25,0.6
145,"महिला लोग के एचआईवी संक्रमण से बचावे खातिर साल में दू बेर दिहल जाए वाला इंजेक्शन के परीक्षण दक्षिण अफ्रीका आ युगांडा में शत-प्रतिशत सफल रहल बा। ई इंजेक्शन, लेनाकापाविर, 5 हजार से अधिका महिला पर परीक्षण कइल गइल आ एको महिला एचआईवी के शिकार ना भइल। जबकि दुसरा समूह में, जवना में ई दवाई ना दिहल गइल, संक्रमण के मामला सामने आइल। कंपनी के कहना बा कि जल्दीए एह दवाई के दाम चालीस डॉलर रखे के लक्ष्य बा, जवन कि आम जनता खातिर सस्ता होई। अगर ई दवाई के मंजूरी मिल गइल तS महिला लोग एचआईवी संक्रमण से बच सकेली।","एह इंजेक्शन के मदद से महिला के एचआईवी संक्रमण से बचावे में मदद मिली। वैज्ञानिक दक्षिण अफ्रीका आ युगांडा के महिला पS ए इंजेक्शन के परीक्षण कइले बाड़े, जवन कि शत-प्रतिशत सफल रहल। महिला लोग के घातक एड्स के टीका के परीक्षण के बाद अब दू बेर दिहल जाए वाला इंजेक्शन महिला पर भइल, जबकि पुरुष में करीब पांच हजार से अधिका महिला पर सफल भइल। वैज्ञानिक लोग के कहनाम बा कि एह दवाई के इस्तेमाल के अनुमति लेवे के जरूरत बा। फ़ेसबुक आ ट्विटर पर पोस्ट कहल गइल जानकारी के अनुसार, एह दवा के नाम हS लेनाकापाविर ( lenacapavir) बा, जवना के परीक्षण में पूरा तरह से सफल साबित भइल बा आ महिला के स्वास्थ्य के बारे में जानकारी देवे में मदद मिलल बा। शुरुआती परीक्षण में ई दवाई के उपयोग के अनुमति मिली।",0.4,0.0,0.4
146,इंडोनेशिया के राष्ट्रपति प्रबोवो सुबियांतो आज राष्ट्रपति भवन में राष्ट्रपति द्रौपदी मुर्मू आ प्रधानमंत्री नरेंद्र मोदी से मुलाकात कइलें। ऊ 76वां गणतंत्र दिवस समारोह में मुख्य अतिथि के रूप में शामिल होखे खातिर भारत आइल बाड़ें। सुबियांतो भारत से ब्रह्मोस सुपरसोनिक क्रूज मिसाइलन के खरीदारी के इच्छुक बाड़ें आ एह यात्रा के दौरान ई विषय पर चर्चा करिहें। अतवार के इंडोनेशिया के 352 सदस्यीय मार्चिंग आ बैंड दल गणतंत्र दिवस परेड में भाग लीहें। भारत-इंडोनेशिया के संबंधन में तेजी आइल बा आ 2023 में द्विपक्षीय व्यापार 29.40 बिलियन अमेरिकी डॉलर दर्ज कइल गइल।,"इंडोनेशिया के राष्ट्रपति प्रबोवो सुबियांतो आज राष्ट्रपति भवन के प्रांगण में राष्ट्रपति द्रौपदी मुर्मू आ प्रधानमंत्री नरेंद्र मोदी से मुलाकात कइलें। ऊ 76वां गणतंत्र दिवस समारोह में बतौर मुख्य अतिथि के रूप में सामिल होखे खातिर भारत आइल बाड़ें। इंडोनेशिया के 352 सदस्यीय मार्चिंग आ बैंड दल कर्तव्य पथ पs गणतंत्र दिवस परेड में भाग लिहें। ई पहिला बेर होई जब इंडोनेशिया के चउथा राष्ट्रपति राष्ट्रपति सुकर्णो भारत-इंडोनेशिया संबंधन के व्यापक रणनीतिक साझेदारी तक बढ़ावल गइल बा। इंडोनेशिया में भारत-इरान संबंधन पर चर्चा होखे के संभावना बा।ള फ़ांसी वॉल स्ट्रीट जर्नल ऑफ इंडियन इकोनॉमिक टाइम्स में प्रकाशित खबर के अनुसार इंडोनेशिया के रक्षा मंत्री एह रिपोर्ट के अनुसार, इंडोनेशिया के लोगन के बीच भारत आ भारत के रक्षा क्षेत्र में निवेश के संबंध में चर्चा हो गइल बाड़न।विवादन के",0.5,0.3333,0.5
147,"जम्मू-कश्मीर पुलिस के स्टेट इन्वेस्टिगेशन एजेंसी (SIA) जम्मू में कश्मीर टाइम्स के दफ्तर पs छापामारी कइले बा। अखबार पs आरोप बा कि ऊ देस विरोधी गतिविधियन में सामिल बा आ देस के संप्रभुता के खतरा पहुंचा रहल बा। छापेमारी में AK-47 आ पिस्तौल के कुछ राउंड गोली, संगही ग्रेनेड के एगो लीवर बरामद भइल बा। अधिकारी बतवलें कि अखबार पs “देस के हितन के खिलाफ एक्टिविटीज के महिमामंडन” करे खातिर केस दर्ज कइल गइल बा। जम्मू-कश्मीर में आतंकवाद के खिलाफ सुरक्षा एजेंसियन के कार्रवाई तेज हो गइल बा।","जम्मू-कश्मीर पुलिस के स्टेट इन्वेस्टिगेशन एजेंसी (SIA) जम्मू में एगो अंग्रेजी अखबार के दफ्तर पs छापामारी कइले बा आ आरोप बा कि ऊ देस विरोधी गतिविधियन में सामिल बा आ देस के संप्रभुता के खतरा पहुंचा रहल बा। SIA के दर्ज एफआईआर में अंग्रेजी अखबार कश्मीर टाइम्स के एडिटर के नामो शामिल बा, जेकरा से लिंक्स आ गतिविधियन के बारे में पूछताछ हो सकेला। पुलिस के अधिकारी बतवलें कि एगो प्रमोटर्स के खिलाफ केस दर्ज कइल गइल बा आ जल्दिये पूछताछ के कार्रवाई शुरू कइल जाई।า qualifieds ऑरिजिनलाइजेशन आ पब्लिकेशन सिस्टम के बारीकी से तलाशी लेल जा रहल बाड़ें। शुरुआती जांच के बाद सुरक्षा एजेंसियन के कार्रवाई तेज भइल बा। शुरुआती जांच रिपोर्ट के अनुसार, छापामारी के दौरान आतंकी संगठन के सक्रियता बढ़ गइ",0.4,0.25,0.4
148,"गूगल करोड़ों जीमेल अकाउंट बंद करे के फैसला कईले बा। ई फैसला ओह यूजर खातिर बा जवन बहुत दिन से अपना अकाउंट के इस्तेमाल नईखे कइले। अगर रउआ जीमेल खाता के इस्तेमाल 2 साल से ना कइले बानी, तs उ अकाउंट इनएक्टिव हो जाई। यूजर लोग चाही तs अपना अकाउंट के बचा सकेला, बस उनकरा के लॉग इन कs के ई-मेल पढ़े के होई। जदी रउआ चाहतानी कि पुरान अकाउंट बंद हो जाए, तs उहे छोड़ सकतानी।","गूगल करोड़ों जीमेल अकाउंट बंद करे के फैसला कईले बा। गूगल अब लाखों यूजर बाड़े जवन के ई-मेल सेवा के इस्तेमाल नईखन कईले। ई अकाउंट गूगल के सर्वर पs बेवजह जगह घेरले बा आ ई बेकार अकाउंट के फायदा उठा सकेले। गूगल अपना ब्लॉगपोस्ट में कहलस कि ई करोड़ों अनयूज्ड अकाउंट्स के ब्लॉक कs दिही, जवना से नया यूजर के फायदा होखी। अगर अकाउंट के लंबा समय ले इस्तेमाल ना होखे तs इs इनेक्टिव हो जाला। अगर रउ के अकाउंट बंद हो जाई, तs ई अकाउंट के इस्तेमाल 2 साल से बंद कइल जा सकेला। फ़ेसबुक पोस्ट में गूगल ई जानकारी दिहल गइल बा कि ई अकाउंट एकरा खातिर इस्तेमाल ना होई।विरासत खातिर गूगल अब ई जानकारी दे रहल बा आ उनकरा के जानकारी देल गइल बाड़ें।",0.9091,0.6667,0.7273
149,भारतीय टेस्ट क्रिकेट में नया जुग के आरंभ रोहित शर्मा आ विराट कोहली के संन्यास के बाद हो रहल बा। इंग्लैंड दौरा 20 जून से शुरू होई आ बीसीसीआई टेस्ट सीरीज खातिर टीम के एलान कइले बा। शुभमन गिल के नया कप्तान बनावल गइल बा आ ऋषभ पंत के डिप्टी नियुक्त कइल गइल बा। विराट कोहली के जगह साई सुदर्शन के चुनल गइल बा। टीम में रवींद्र जडेजा आ जसप्रीत बुमराह मात्र दुगो अनुभवी खिलाड़ी बाड़ें।,"भारतीय टीम आ विराट कोहली के संन्यास लेला के बाद भारतीय टेस्ट क्रिकेट में नया जुग के आरंभ हो गइल बा। बीसीसीआई सनीचर के टेस्ट सीरीज खातिर टीम के एलान कs देलस। शुभमन गिल के नया कप्तान बनावल गइल बाड़ें, जबकि ऋषभ पंत आ ऋषभ पंत के डिप्टी नियुक्त कइल गइल। भारतीय टीम में रवींद्र जडेजा आ जसप्रीत बुमराह मात्र दुगो अनुभवी खिलाड़ी के रूप में मवजूद हबा लोग। इंग्लैंड दौरे खातिर भारतीय टीम के संगे ऋषभ पंत, केएल राहुल, साई सुदर्शन, अभिमन्यू ईश्वरन, करुण नायर, नीतीश रेड्डी, ध्रुव जुरेल आ कुलदीप यादव।- जसप्रीत बुमराह, मोहम्मद सिराज, प्रसिद्ध कृष्णा, आकाश दीप, अर्शदीप सिंह, कुलदीप यादव आ जसप्रीत जसप्रीत बुमराह। फ़ीचर सीरीज खातिर भारत के टीम में विराट कोहली आ रोहित शर्मा के अलावा युवा खिलाड़ी के भी चयन होई।...जजजसंकेत",0.0,0.0,0.0
150,"उत्तर प्रदेश के मुख्यमंत्री योगी आदित्यनाथ आजु अपन पूरा मंत्रिमंडल के साथे प्रयागराज चहुँपत बाड़न। आजु दुपहरिया बारह बजे से यूपी कैबिनेट के बइठक होखी, जहाँ 12 से अधिका प्रस्ताव के मंजूरी दिहल जा सकेला। बइठक के बाद मुख्यमंत्री आ 54 मंत्री संगम में डुबकी लगा के माई गंगा से प्रार्थना करीहें। एह बइठक में यूपी के 40 लाख विद्यार्थियन के टैबलेट आ स्मार्टफोन उपलब्ध करावे के प्रस्ताव आ कई गो महत्वपूर्ण प्रस्ताव पर चर्चा होई। धार्मिक सर्किट बनावे के प्रस्ताव के भी मंजूरी दिहल जा सकेला।","उत्तर प्रदेश के मुख्यमंत्री योगी आदित्यनाथ आजु आपन पूरा मंत्रिमंडल के साथे प्रयागराज चहुँपत बाड़न, जवन दुपहरिया बारह बजे से शुरू होखी। एह बइठक में 12 से अधिका प्रस्ताव के मंजूरी दिहल जा सकेला, जवना में 50 लाख विद्यार्थियन के टैबलेट आ स्मार्टफोन उपलब्ध करावे के प्रस्ताव शामिल बा। कैबिनेट के बैठक में कई महत्वपूर्ण प्रस्ताव पs चर्चा भइल बा, जिनमें आगरा के मेडिकल कॉलेज पीपीपी मोड पs, आगरा में नाया आवासीय परियोजना, बलरामपुर के सरकारी मेडिकल कॉलेज आ आगरा एयरोस्पेस अवुरी रक्षा इकाई के प्रोत्साहन के प्रस्ताव भी शामिल होई। मंत्रिमंडल के बइठके में धार्मिक शिक्षा के सुधार के भी फैसला भइल बाड़न।वित्त मंत्री योगी आदित्यनाथ आ उनुकर सगरी 54 मंत्री धार्मिक पर्यटन क्षेत्र के विकास के ध्यान में राखत बाड़ें। बड़ बड़ बड़ घोषणा कइल गइल बा।",0.5,0.0,0.5
151,भारत सोमार का दिने अग्नि 5 मिसाइल के सफलतापूर्वक परीक्षण कइलसि। पीएम मोदी ‘एक्स’ पs इ जानकारी देले। अमेरिका अग्नि 5 मिसाइल के परीक्षण के भारत के बढ़त ताकत बतवले बा आ अमेरिकी सांसद रिक मैकॉर्मिको भारत के एह उपलब्धि खातिर बधाई दिहले। अग्नि-5 मिसाइल में 5000 किलोमीटर के दूरी से हमला करे के क्षमता बा आ ई भारत के आत्मरक्षा प्रणाली खातिर महत्वपूर्ण बा। मिशन दिव्यास्त्र के सफलता के बाद अब अग्नि 5 से एक बेर में कई गो निशाना के निशाना बनावल जा सकेला।,भारत सोमार का दिने अग्नि 5 मिसाइल के सफलतापूर्वक परीक्षण कइलसि। पीएम मोदी ‘एक्स’ पs इ जानकारी देले कि भारत के प्रतिक्रिया का रहे। भारत एक बेर फेरू अग्नि-5 मिसाइल के परीक्षण कऽ के दुनिया के सामने भारत के ताकत के इजहार कइले बा। अमेरिकी सांसद रिक मैकॉर्मिक कहले कि भारत भारत के बढ़त ताकत बतवले बा आ रउवा अर्थव्यवस्था बढ़ेला आ सेना में निवेशो बढ़ेला। भारतीय प्रधानमंत्री नरेंद्र मोदी सोशल मीडिया प्लेटफॉर्म ‘एक्स के जरिए भारत के एह उपलब्धि खातिर बधाई दिहले। भारत के सफलता से भारत के आत्मविश्वास बढ़ गइल बा।า qualifieds दुनियाभर में भारत मजबूत आ मजबूत स्थिति में बा। चारों तरफ से प्रतिक्रिया मिल रहल बा आ अमेरिकी सांसद भारत के मजबूत समर्थन खातिर बधाई दे रहल बाड़ें।विवादन के दौर जारी बा आ भारत के रक्षा क्षेत्र में महत्वपूर्ण भूमिका निभा रहल बाड़,0.6,0.5,0.6
152,"सड़क चौड़ा करे, बिजली के तार-पोल शिफ्टिंग आ फीडर विभक्तिकरण के काम के चलते मोहद्दीपुर उपकेंद्र के फीडर के आपूर्ति सबेरे 11 बजे से दुपहरिया 2 बजे ले बंद रहल। एह दौरान राय कॉलोनी, मोहद्दीपुर, ओरियन मॉल के पीछे, दरगहिया, नंदा नगर आ अन्य इलाकन में बिजली आपूर्ति बाधित रहल। टाउनहॉल खंड के तारामंडल पावर सबस्टेशन के कुछ फीडर भी सबेरे 10 बजे से सांझ 4 बजे ले बंद रहल। खोराबर उपकेंद्र से निकले वाला दिव्या नगर फर्स्ट फीडर भी एह दौरान बंद रहल। ई सब मरम्मत के काम खातिर कइल गइल बा।","सड़क चौड़ा करे, बिजली के तार-पोल शिफ्टिंग, फीडर विभक्तिकरण के काम के चलते बिजली उपकेन्द्र मोहद्दीपर उपकेंद्र के फीडर के आपूर्ति बंद रही। सबेरे 11 बजे से दुपहरिया 2 बजे ले ओरियन मॉल के पीछे राय कॉलोनी, मोहद्दीपुर, दरगहिया, नंदा नगर,उचवां, झरना टोला, गायत्री नगर, कोदइया, नीना थापा वगैरह इलाकन के बिजली आपूर्ति बाधित रही। ई जानकारी एसडीओ खोराबर दिहले बाड़न आ स्थानीय लोग के गरमी में बिजली के बेहतर आपूर्ति मिल पाई। जीडीए कार्यालय के सामने, तारामंडल, दाउदपुर, नहर रोड, विवेकपुरम, गौम विहार क्षेत्र के सामने बिजली आपूर्ति बंद रहल बा। फ़ेरे सांझ 4 बजे से सांझ 5 बजे ले बंद रहली।... मंगलवार सुबह 11 बजे के सांझ साढ़े चार बजे",0.6667,0.2857,0.6667
153,"ईरान के 180 मिसाइल हमला के जवाब में इजरायल हिजबुल्लाह आ हमास पs हमला शुरू कइलस। बेरूत हवाई अड्डा के लगे इजरायल देर रात 10 गो हवाई हमला कइलस आ जमीनी अभियान भी चलावल। इजरायल हमास प्रमुख जही यासर अब्द अल-रजेक औफी के मार गिराए के दावा कइलस। हिजबुल्लाह इजरायली सेना के 17 अफसर आ जवानन के मारले के दावा कइले बा। इजरायली सूत्र के अनुसार, हिजबुल्लाह के वरिष्ठ अधिकारी हाशेम सफीदीन के निशाना बनावल गइल बा।","ईरान के 180 मिसाइल हमला के जवाब में इजरायल हिजबुल्लाह आ हमास पs हमला शुरू कइलस। बेरूत हवाई अड्डा के लगे इजरायली सेना के 17 गो अफसर आ जवानन के मारले के दावा कइले बा। हमास प्रमुख जही यासर अब्द अल-रजेक औफी के मार गिराए के दावा भी कईले बा, उनकर पहचान जही हमास के वरिष्ठ अधिकारी हाशेम सफीदीन के रूप में कइल गइल बा। जही हियफे के दिने कहलस कि ऊ पश्चिमी तट के तुलकरम पs हमास नेटवर्क के प्रमुख के हत्या कs दिहले बिया। फ़ायरवाही एजेंसी रॉयटर्स एगो रिपोर्टर के हवाला देत कहले बाड़न कि हमास पर हमला कइल जा रहल बा, जे हमास नेता हमास का समर्थन करत बाड़ें। वॉशिंग्टन पोस्ट के",0.6667,0.2857,0.6667
154,"जी एंटरटेनमेंट एंटरप्राइजेज (जील) के सीईओ पुनीत गोयनका सनीचर के जी सिने अवार्ड्स 2025 में कंपनी आ ओकर ब्रांडन के नया लोगो के घोषणा कइलें। ई नया लोगो 8 जून के लॉन्च होई आ एकर उद्देश्य प्रीमियम गुणवत्ता वाला सामग्री पेश कइल बा। गोयनका कहलें कि नया रूप भविष्योन्मुखी आ गतिशील बा, जवन उपभोक्ता अनुभव के बढ़ावे खातिर उभरत प्रौद्योगिकियन के अपनावे के प्रतिबद्धता के दरसावेला।","जी एंटरटेनमेंट एंटरप्राइजेज (जील) के मुख्य कार्यकारी अधिकारी पुनीत गोयनका सनीचर के जी सिने अवार्ड्स 2025 में कंपनी आ एकर आउर ब्रांड, जी टीवी, जी 5, जी म्यूजिक कंपनी आ जी स्टूडियोज के लिए लोगो के नया सेट के घोषणा कइलें। नया ब्रांड ब्रह्मांड के नया रूप परिकल्पित कइल गइल बा, जवन उभरत प्रौद्योगिकियन के अपनावे के प्रतिबद्धता के दरसावेला, जबकि कॉर्पोरेट ब्रांड पहिलही आपन लोगो बदल देले बा।, जीएंटरटेनिंग एंटरप्रेन्योर आ डिजिटल मार्केटिंग के क्षेत्र में मजबूत फोकस के रेखांकित करेला। दुनियाभर में तेजी से विकसित हो रहे परिदृश्य में चुस्त आउर अनुकूलता के संकेत दे रहल बा आ ब्रांड ब्रह्मांड पर ध्यान केंद्रित कइल जाई।... रंगीन रंगीन रंगीन उत्पाद श्रृंखला श्रृंखला जील के तहत ब्रांड लोगो 8 जून",0.8,0.0,0.8
155,बोइंग के स्टारलाइनर अंतरिक्ष यान 12 हफ्ता बितवला के बाद अब आईएसएस से घर लवटला खातिर तइयार बा। सुनीता विलियम्स आ बुच विल्मोर बिना छव सितंबर के धरती पs लवटी। अंतरिक्ष यान न्यू मेक्सिको के वॉइट सैंड्स स्पेस हार्बर में उतरी। नासा के चिंता बढ़ रहल बा काहे कि स्टारलाइनर में खराबी के कारण वापसी के समय नइखे तय भइल। सुनीता आ विल्मोर के सुरक्षित वापसी खातिर इंजीनियर लोग मेहनत कs रहल बा।,"अंतरिक्ष में 12 हफ्ता बितवला के बाद बोइंग के स्टारलाइनर सुनीता विलियम्स आ बुच विल्मोर के बिना छव सितंबर के अंतरिक्ष से धरती पs लवटी। सुनीता विलियम्स अमेरिका के स्थानीय समयानुसार छह सितंबर, सांझ छव बजे के आसपास परिक्रमा प्रयोगशाला से अलग हो जाई। दुनो के सुरक्षित वापसी खातिर आवे वाला स्पेसएक्स उड़ान से दुगो अंतरिक्ष यात्रियन के संख्या कम कs देले बा। अब नासा के निक हेग आ रूसी अलेक्जेंडर गोरबुनोव सितंबर में स्पेसएक्स रॉकेट से आईएसएस जाई लो। नासा के भारतीय मूल के अंतरिक्ष यात्री सुनीता विलियम्स के संगे दु महीना से जादे समय से अंतरिक्ष में फंसल बाड़ी। बतावत बा कि सुनीता विलियम्स, बैरी विल्मोर आ स्टेफनी विल्मोर अंतरराष्ट्रीय अंतरिक्ष स्टेशन (आईएसएस) पs मवजूद बा लो। अंतरिक्ष यात्री के वापसी के समय में खराबी के कारण दुगो के वापसी नइखे हो सकेला।",0.8571,0.8,0.8571
156,झारखंड में शराब घोटाला ममिला में एसीबी बड़ कार्रवाई कइले बिया। एसीबी बियफे के छत्तीसगढ़ के शराब कारोबारी नवीन केडिया के गोवा से धर दबोचलस आ ओकरा के रांची ले आवे के तइयारी में बिया। नवीन केडिया पर पहिले से गिरफ्तारी वारंट जारी रहे आ ऊ फरार चलत रहे। एसीबी के जांच में विनय कुमार चौबे के भूमिका पs खास नजर रखल जा रहल बा। नवीन के पूछताछ से शराब घोटाला के नेटवर्क आ पईसन के लेनदेन के कड़ी सामने आ सकेला।,"रांची में शराब घोटाला ममिला में भ्रष्टाचार निरोधक ब्यूरो (एसीबी) बड़ कार्रवाई कइले बिया। एसीबी बियफे के आरोपी नवीन केडिया के गोवा से धर दबोचलस। गिरफ्तारी के बाद अब एसीबी ओकरा के ट्रांजिट रिमांड पs रांची ले आवे के तइयारी में लागल बिया, जहां ओकरा से पूछताछ कइल जाई। एसीबी पहिले से गिरफ्तारी वारंट निकलला के बाद ऊ फरार चलत रहे आ कोर्ट में जमानत खातिर अर्जियो देले रहे। एसीबी के जांच में कइयन गो अहम खुलासा होखे के उम्मेद जतावल जा रहल बा। जांच एजेंसी नया उत्पाद नीति के तहत ई मामला दर्ज कइल गइल बा, जवना से ऊ फरार भइल। फ़ेसबुक लाइवलीहुड।აविजनल जांच एजेंसी के अनुसार, ई मामला में नया उत्पाद योजना के तहत कार्रवाई हो रहल बाड़ें।-विजन आ",1.0,0.0,1.0
157,"गगनयान मिशन के तहत पीएम मोदी आज मानव अंतरिक्ष उड़ान के अंतरिक्ष यात्रियन के नाम के घोषणा कइले। ई भारत के पहिला अइसन मिशन होई, जवना में अंतरिक्ष यात्रियन के 2025 में 400 किलोमीटर के निम्न कक्षा में भेजल जाई। पीएम मोदी केरल के तिरुवनंतपुरम में इसरो के विक्रम साराभाई स्पेस सेंटर के दौरा कइले आ एही दौरान ट्राइसोनिक विंड टनल प्रोजेक्ट के शुभारंभ कइले। अंतरिक्ष यात्रियन के नाम के एलान के बाद पीएम मोदी कहले कि ई 140 करोड़ aspirations के स्पेस में ले जाए वाला 4 गो शक्ति बा। मिशन के तहत अंतरिक्ष यात्रियन के दू से तीन दिन बाद सुरक्षित वापस हिंद महासागर में उतारल जाई।","पीएम मोदी आज गगनयान मानव अंतरिक्ष उड़ान मिशन के अंतरिक्ष यात्रियन के नाम के घोषणा कइले। पीएम मोदी केरल के तिरुवनंतपुरम में मौजूद इसरो के विक्रम साराभाई स्पेस सेंटर के दौरा कइलस आ एह दौरान उऽ ए सेंटर से ट्राइसोनिक विंड टनल प्रोजेक्ट के शुभारंभ कइलीं। ई मिशन 2025 में लॉन्च कइल जाई आ एकरा तहत दू से तीन गो अंतरिक्ष यात्राियन के 400 किलोमीटर के निम्न कक्षा में अंतरिक्ष में भेजल जाई। प्रधानमंत्री मोदी कहले कि भारत पहिला बार आपन 4 गो गगनयान यात्रियन से परिचित भइल। ई खाली 4 हो नाम आ 4 गो इंसान नइखन, ई 140 करोड़ aspirations के स्पेस में ले जाए वाला 4 गो शक्ति बा। भारत के पहिला महिला अंतरिक्ष यात्री बा। फ़ेसबुक वॉल स्ट्रीट जर्नल ऑफ इंडिया से बातचीत में पीएम मोदी बतवलें कि अंतरिक्ष यात्रा के इतिहास में अब तक के सबसे लंबा सफर के इतिहास",0.7692,0.5455,0.7692
158,गूगल मैप के सहारा लेके फिरोज आ उनका दोस्त नौशाद आधा रात में गेहूं के खेत में पहुंच गइलन। जब मदद खातिर कुछ लोग आइल त ऊ लोग कार लूट के भाग गइल। फिरोज पुलिस में रिपोर्ट दर्ज करवलें आ पुलिस ममिला के जांच में जुट गइल बिया। ऊ बतवलें कि लियाकत से मिले के बाद ऊ खेत में फंस गइल रहलन आ मदद मांगलन। पुलिस के कहना बा कि मामला के जांच सुरू कइल गइल बा।,"गूगल मैप दु दोस्तन के आधा रात के गेहूं के खेत में पहुंचा देलस। मदद खातिर कुछ लोग आइल तs ऊ कार लूटके फरार हो गइल। पुलिस रिपोर्ट दर्ज के ममिला के जांच में जुट गइल बिया। मेरठ के शास्त्रीनगर निवासी फिरोज कोतवाली में दिहल तहरीर में बतवलें कि पांच फरवरी के साथी नौशाद के संगे अपना वैगनआर कार से शामली जात रहस। ऊ रोहाना टोल प्लाजा पs अपना दोस्त लियाकत से मिले के रहे। ऊ फोन कइलें, जवना पs लियाकत उनका के लोकेशन भेजलें आ सहारनपुर रोड पs चले के कहलें। ऊ लोकेशन लगाके चले लगल आ गाड़ी के धक्का लगावे लगलें। बाड़ें। बतावत बा कि बाइक सवार लोगन के गाड़ी से बाहर निकलल बाइक सवार से मदद मंगलें।...... शुरुआती जांच में पुलिस के",0.0,0.0,0.0
159,"आरक्षण में वर्गीकरण के विरोध में 21 अगस्त के भारत बंद के असर वाराणसी में देखल गइल। बसपा आ भीम आर्मी के कार्यकर्ता सड़क पs जमा होके जिला मुख्यालय पर प्रदर्शन कइले आ राष्ट्रपति के ज्ञापन देले। कार्यकर्ता नीला झंडा आ बाबा साहेब डॉ. भीमराव अम्बेडकर आ मायावती के तस्वीर वाला प्लेकार्ड लेके आरक्षण के वर्गीकरण खतम करे के मांग कइलें। रामनगर में समाजवादी पार्टी के ओर से फुट मार्च निकालल गइल, जहाँ कार्यकर्ता कई नारा लगावत मार्च कइलें। अंत में एगो बइठक भइल, जहाँ कई नेता मौजूद रहले।","भारत बंद के असर वाराणसी में भी देखल गइल। बुध के दुपहरिया में बसपा कार्यकर्ता आ भीम आर्मी के कार्यकर्ता जिला मुख्यालय में विरोध प्रदर्शन कइले आ राष्ट्रपति के संबोधित ज्ञापनो देले। कार्यकर्ता लो के पुलिस से झगड़ो हो गइल आ बाबा साहेब डॉ. भीमराव अम्बेडकर आ मायावती के तस्वीर वाला प्लेकार्ड लेके जिला मुख्यालय पहुंचले। कार्यकर्ता संविधान के नौवीं अनुसूची में आरक्षण के वर्गीकरण के संविधान के सूची में शामिल होखे के बात कहले। सरकार के विशेष सत्र बोलावे के चाही आ आरक्षण के फैसला के रद्द करे के फैसला लेवे के चाहल। रामनगर में समाजवादी पार्टी के ओर से फुट मार्च कइल जा रहल। कार्यकर्ता पीडीए यूनिटी जिन्दाबाद, सुप्रीम कोर्ट अपना फैसला पर फेर से विचार करे, पिछड़ल दलित के अधिकार आ अधिकार पs हमला कइल बंद करऽ, कोटा आरक्षण देके बंटवारा के राजनीति बंद कर देव आदि नारा लगावत रहले। लोग के कहनाम बा कि कॉलेजियम सिस्टम",0.6667,0.0,0.6667
160,"आंध्र प्रदेश के श्रीकाकुलम जिला में एगो बड़ हादसा हो गइल बा, जहाँ काशीबुग्गा वेंकटेश्वर मंदिर में भीड़ के चलते भगदड़ मच गइल। एह घटना में सात श्रद्धालुअन के मौत हो गइल आ कई लोग घायल हो गइल बानी। मुख्यमंत्री एन चंद्रबाबू नायडू आ मंत्री नारा लोकेश एह घटना पर गहिराह दुख जतवले बाड़ें आ घायलन के बेहतर इलाज खातिर मदद के बात कहलें। स्थानीय प्रशासन आ पुलिस राहत आ बचाव के काम में जुटल बाड़ी।","आंध्र प्रदेश के श्रीकाकुलम जिला में एगो बड़ हादसा हो गइल बा। एकादशी के दिन काशीबुग्गा इस्थित वेंकटेश्वर स्वामी मंदिर में भीड़ जुटल रहे। भीड़ बढ़ला के चलते भगदड़ मच गइल, जवना में सात श्रद्धालुअन के मौत हो गईल आ कई लोग घायल बानी। राज्य के मुख्यमंत्री एन चंद्रबाबू नायडू एह घटना पs गहिराह दुख जतावत कहलें कि ई बहुते दुखद घटना बा। ऊ एक्स पs लिखलें कि मृतक आ घायलन के सही संख्या के आधिकारिक पुष्टि अभी बाकी बा। तेलंगाना के मंत्री नारा लोकेश एह हादसा पर दुख जतवलें आ दुख व्यक्त कइलें- “आज एकादशी के पावन दिन पs ई दुख द घटना हमनी सभे के हिला देले बा। हम मृतक परिवारन के बेहतर इलाज के आदेस दिहल गइल बिया।”...ṣา",0.0,0.0,0.0
161,"स्मार्टफोन के बाजार तेजी से बढ़ रहल बा आ एकरा से जुड़ल एक्सेसरीज के मांग में बढ़ोतरी भइल बा। लोग अक्सर चार्जर के मरम्मत करावे के बजाय नया चार्जर लेवे के पसंद करेलें। लेकिन नकली चार्जर के इस्तेमाल से फोन के भारी नुकसान हो सकऽता, जेकरा से विस्फोट के खतरा भी बा। नकली चार्जर से बचे खातिर बीआईएस केयर ऐप के मदद ले सकतानी, जे सरकारी ऐप हऽ आ एंड्रॉयड आ आईओएस दुनो पर उपलब्ध बा। नया चार्जर में प्रोडक्ट नंबर भा क्यूआर कोड होला, जवन स्कैन कऽ के चार्जर के जानकारी मिल जाई।",स्मार्टफोन के बाजार बहुत तेजी से बढ़ रहल बा। एकरा से जुड़ल एक्सेसरीज के मांग में काफी बढ़ोतरी भइल बा। अक्सर जब फोन के चार्जर काम ना करे भा चार्जर में दिक्कत होखे तऽ लोग ओकरा के मरम्मत करावे के बजाय नाया फोन से चार्जर लेवे के पसंद करेले। बीआईएस यानी ब्यूरो ऑफ इंडियन स्टैंडर्ड केयर ऐप भारत सरकार के तहत काम करेला। ई एगो अइसन संगठन हऽ जवन फर्जी चार्जर के इस्तेमाल करतानी तऽ भारी नुकसान हो सकऽता। रउआ समझ नइखे आवत तऽ बता दी कि नया चार्जर भारत में बिकाए वाला चीजन के मानक के साथे क्वालिटी सर्टिफिकेट देला। फ़ेसबुक आ ट्विटर पर पोस्ट कइल गइल बा कि ई एकरा के नकली चार्जर बा। फ़ेसबुके पर ध्यान दिहल जा रहल बाड़ें आ यूजर्स खातिर जरूरी बा।,0.0,0.0,0.0
162,"अबू धाबी में आज आईपीएल 2026 के मिनी ऑक्शन हो रहल बा, जवन मल्लिका सागर के हाथ में बा। ऊ कुल 369 खिलाड़ियन के नीलामी करइहें आ फ्रेंचाइजी लोगन से करोड़न रुपिया खर्च करइहें। मल्लिका सागर, जेकरा पास 25 साल से जादे के अनुभव बा, आईपीएल आ डब्ल्यूपीएल के अलावे प्रो कबड्डी लीग में भी ऑक्शनर रह चुकल बाड़ी। उनकर कुल संपत्ति करीब 15 मिलियन डॉलर बतावल जाला आ ऊ मुंबई के एगो नामी बिजनेस परिवार से ताल्लुक रखेली। 2023 में ह्यूग एडमीड्स के तबीयत खराब होखला पर मल्लिका सागर ऑक्शन संभाल लेले रहली, जवन बाद में बीसीसीआई द्वारा उनकर स्थायी ऑक्शनर बना देवे के फैसला भइल।","अबू धाबी में आज आईपीएल 2026 के मिनी ऑक्शन होखे जा रहल बा। मल्लिका सागर आईपीएल ऑक्शन करावे के जिम्मा संभालत रहल बाड़ी। ऊ कुल 369 खिलाड़ियन के नीलामी करइहें आ फ्रेंचाइजी लोगन से करोड़न रुपिया खर्च कर रहल बाड़ें। ऊ 2024 सीजन से आईपीएल में ऑक्शन करावत रहलन आ ऑक्शन में हिस्सा लेवे के अनुभव बा। ऊ प्रो कबड्डी लीग से जुड़ल बाड़ी आ ई लीग में अपना करियर शुरू कइले बाड़ी। फ़ेसबुक, ट्विटर आ ट्विटर, ट्विटर, इंस्टाग्राम, इंस्टाग्राम पर फॉलोअर्स के साथ-साथ ऊ अपना करियर के शुरुआत कइलस। फ़ेसबुक्स आ इंस्टाग्राम पर पोस्ट कहले बाड़न।...विशलें बाड़ें आ ऊ ऑक्शनिंग के फील्ड में अपना 25 साल से जादे के अनुभव आ डब्ल्यूपीएल के अलावे आईपीएल के ऑक्शन",0.6667,0.2857,0.6667
163,Google One VPN सेवा 20 जून 2024 के हमेशा खातिर बंद होखे जा रहल बा। ई सेवा 2020 में अक्टूबर में लॉन्च कइल गइल रहे। Google अपना सपोर्ट पेज पर बतवलस कि उपयोगकर्ता अपना डिवाइस से VPN के कइसे हटा सकत बाड़े। Pixel 8 आ नया डिवाइस में इन-बिल्ड VPN सर्विस होई। Pixel 7 यूजर सिस्टम सॉफ़्टवेयर अपडेट कइला के बादो VPN फंक्शनालिटी के उपयोग जारी रख सकीले।,"Google आपन एगो सर्विस के 20 जून 2024 के बंद करे जा रहल बा, जवना के 20 मई 2024 से बंद कइल जाई। अब रउआ के बता दी कि एह फीचर के काहे बंद कइसे हटाइब। गूगल अपना एगो आउर सेवा के बंद करी जा रहले बा आ डेट के घोषणा कऽ दिहल गइल बा। Pixel 8 आ नया डिवाइस अपना सिस्टम सेटिंग्स के तहत एगो इन-बिल्ड VPN सर्विस देत रहे। Google अपना सिस्टम सॉफ़्टवेयर के अपडेट कइले बा, जे 20 जून, 2024 तक जारी रहल। फ़ेसबुक, ट्विटर, ट्विटर आ ट्विटर पर सब्सक्राइबर्स के सपोर्ट के साथ अपडेट कइल गइल रहे।वित्त सप्ताहांत 2024 में ई सेवा के लॉन्च करी जाई आ 20 जून के बाद से ही अपना डिवाइस के अपडेट करे के बात",0.5185,0.24,0.4444
164,"भारतीय टीम के पूर्व हेड कोच रवि शास्‍त्री के माने के बा कि विराट कोहली के टेस्‍ट संन्‍यास के बेहतर ढंग से संभारल जा सकत रहे। ऊ कहलें कि पिछला साल ऑस्‍ट्रेलिया सीरीज के बाद कोहली के दोबारा कप्‍तान बना देवे के चाहत रहे। कोहली 123 टेस्‍ट में 30 शतकन के मदद से 9230 रन बनवलें आ उनकर संन्‍यास से क्रिकेट जगत हैरान रहे। शास्‍त्री के अनुसार, जदि ऊ कुछुओ लिहल-दिहल रहित त ऊ कोहली के कप्‍तान बना देते। अब शुभमन गिल के नया कप्‍तान बनावल गइल बा आ भारतीय टीम 20 जून से इंग्‍लैंड के खिलाफ टेस्‍ट सीरीज खेली।","भारतीय टीम के पूर्व हेड कोच रवि शास् त्री के माने के बा कि विराट कोहली टेस् ट संन् यास के बेहतर ढंग से संभारल जा सकत रहे काहेकि ऊ अच् छा विदाई के हकदार बाड़ें। ऊ कहलें कि पिछला साल ऑस् ट्रेलिया सीरीज के बाद विराट कोहली के दोबारा कप् तान बना देवे के चाहत रहे। ऊ सोशल मीडिया पोस् ट के माध्यम से संन् यस के घोषणा कइले रहस। ऊ बतवलें कि कोहली ख् याल से हार गइलें आ विराट कोहली भी हार के बदला लेलें। रविंद्र जडेजा एंड कंपनी के सीईओ राहुल द्रविड़ भी टीम के साथ काम कर रहल बां। फ़ेसबुक पs स् पोर्ट्स डेस् ट सीरीज जीतल बा, जवना से संपर्क साधे के सलाह दिहल गइल बा। रजिस् ट्रेशन के अनुसार, जसप्रीत बुमराह, जसप्रीत",0.0,0.0,0.0
165,"वायनाड के लोकसभा उपचुनाव खातिर भाजपा नाव्या हरिदास के उम्मीदवार बनवले बिया, जिनकर मुकाबला प्रियंका गांधी वाड्रा से होई। पार्टी असम, बिहार, छत्तीसगढ़, कर्नाटक, केरल, मध्य प्रदेश, राजस्थान आ पश्चिम बंगाल के विधानसभा उपचुनाव खातिर उम्मीदवारन के सूची जारी कइलस। असम में भाजपा निहार रंजन दास, विशाल प्रशांत आ अशोक कुमार सिंह के उम्मीदवार बनवले बिया। कर्नाटक में भरत बसवराज बोम्मई आ केरल में सी कृष्णकुमार के उम्मीदवार बनावल गइल बा। पश्चिम बंगाल में दीपक कुमार रॉय आ अन्य के उम्मीदवार बनावल गइल बा।","वायनाड के लोकसभा उपचुनाव खातिर भारतीय जनता पार्टी (भाजपा) नाव्या हरिदास के मैदान में उतरले बिया, जहां उनकर मुकाबला कांग्रेस नेता प्रियंका गांधी वाड्रा से होई। पार्टी असम, बिहार, छत्तीसगढ़, कर्नाटक, केरल, मध्य प्रदेश, राजस्थान आ पश्चिम बंगाल के विधानसभा उप चुनावन खातिर उम्मीदवारन के सूची जारी कइलस। असम के विधानसभा उपचुनाव में भाजपा ढोलाई (अनुसूचित जाति) सीट से निहार रंजन दास, बेहाली सीट से दिंगता घाटोवर आ समागुरी से दीप्लु रंजन शर्मा के उम्मीदवार बनवले बिया। बिहार के उपचुनाव में तरारी सीट से विशाल प्रशांत आ रामगढ़ सीट से अशोक कुमार सिंह के उम्मीदवार बनावल गइल बा। राजस्थान के झुंझुनू सीट पs राजेंद्र भा भा भाया, जबकि, बाड़मेर सीट से रामनिवास रावत आ बा। फ़ेसबुक लाइव रिपोर्टस के अनुसार, भाजपा छत्तीसगढ़ के उपचुनाव खातिर नाव्या",0.0,0.0,0.0
166,"लखनऊ: प्रदेश सरकार सांसद आ विधायक लोगन के संग यूपी में जिला पंचायत अध्यक्ष आ ब्लॉक प्रमुख के चुनाव सीधे जनता से करावे के बारे में विचार क रहल बिया। सूत्रन के अनुसार, प्रदेश सरकार जल्दी ही केंद्र सरकार के प्रस्ताव भेज सकेला। पंचायती राज मंत्री ओम प्रकाश राजभर एकर पुष्टि कइले बाड़ें आ बतवले बाड़ें कि ऊ मुख्यमंत्री योगी आदित्यनाथ से मुलाकात क के ई प्रस्ताव रखले बाड़ें। ऊ कहलें कि पिछला चुनाव में ई चाहत रहस आ केंद्रीय गृह मंत्री अमित शाह भी सीधे चुनाव के समर्थन कइले बाड़ें।","लखनऊ: प्रदेश सरकार सांसद आ विधायक लेखा यूपी में जिला पंचायत अध्यक्ष आ ब्लॉक प्रमुख के चुनाव सीधे जनता से करावे पs मंथन कs रहल बिया। ऊ केंद्र सरकार के प्रस्ताव भेज सकत बिया, जदि केंद्र राज्य सरकार के एह प्रस्ताव पs मुहर लगा देलस तs आवे वाला पंचायत चुनाव में नया चुनाव प्रक्रिया के लागू कs दिहल जाई। पंचायती राज मंत्री ओम प्रकाश राजभर बतवलें कि ऊ पिछलके चुनाव में ई चाहत रहस। राजभर के कहनाम बा कि ऊ चुनाव आयोग से प्रस्ताव तइयार करावे खातिर कहल बाड़ें। फ़ेसबुक लाइवलीहुड पर टिप्पणी कइल गइल बा।विवादन के दौर चल रहल बा आ मुख्यमंत्री योगी आदित्यनाथ से बात कइल जा रहल बाड़ बाड़न।विवाद के दौर में भी चर्चा हो रहल गइल बाड़े।...विदय पढ़ें...",0.0,0.0,0.0
167,"भारतीय क्रिकेट टीम इंग्लैंड के मेजबानी खातिर तइयार बिया आ 22 जनवरी से 5 मैच के टी-20आई सीरीज शुरू होई। पहिला मैच कोलकाता के ईडन गार्डन में खेलल जाई, जवन तीन साल बाद हो रहल बा। सगरी मैच स्टार स्पोर्ट्स नेटवर्क पर लाइव प्रसारित होई आ डिज्नी प्लस हॉटस्टार पर भी स्ट्रीमिंग उपलब्ध होई। मैच भारतीय समय अनुसार साँझ सात बजे से खेलल जाई आ टॉस 6.30 बजे होई। सीरीज के बाद दुनु टीम के वनडे सीरीज में मुकाबला होई।",भारतीय क्रिकेट टीम आपन घरेलू मैदान पs इंग्लैंड के मेजबानी करे खातिर तइयार बिया। दुनो टीम के बीच 5 मैच के टी-20आई सीरीज 22 जनवरी से शुरू होई। पहिला टी-20 मैच कोलकाता के ऐतिहासिक क्रिकेट मैदान ईडन गार्डन में खेलल जाई आ तीन साल बाद टी20आई मैच के आयोजन कइल जा रहल बा। भारत बनाम इंग्लैंड के मैच के लाइव स्ट्रीमिंग स्टार स्पोर्ट्स के अलग अलग चैनल पs देखल जा सकेला। भारत आ इंग्लैंड के बीच टी-20I सीरीज के सगरी मैच भारतीय समय साँझ सात बजे से खेला जाई। qualified T20II खिलाड़ी भारत के खिलाफ मैच के प्रसारण 20 जनवरी 2022 के कोलकाता में भइल रहे आ भारत- इंग्लैंड मैच 20 फरवरी 2022 के रांची में होखे वाला बा।भवभविष्य में भारत-ऑस्ट्रेलिया टी-20 सीरीज के फाइनल मैच के तइयारी 22 जनवरी 2022 से शुरू हो रहल,0.2727,0.1,0.1818
168,छपरा में मानसून के बरसात के बीच पावर ट्रिप आ ट्रांसफार्मर लोड के समस्या आ रहल बा। बिजली विभाग पावर मेंटनेंस के काम कइल जाई। डोरीगंज पीएसएस में बिजली कट कs के मेंटनेंस के काम होई। आज सुक के चिरांद फीडर से पावर कट कइल जाई।,"छपरा में मानसून के बरसात के बीच पावर ट्रिप आ ट्रांसफार्मर लोड के समस्या पेश आवे लागल बा। एही क्रम में डोरीगंज पीएसएस में बिजली कट कs के मेंटनेंस के काम कइल जाई। आज सुक के चिरांद फीडर से पावर कट कइल गइल बा, जवना के लेके बिजली विभाग के ओर से पावर के काम चल रहल बा। आज सुक में चिरांदे फीडर आ डोरेगंज फीडर में पावर कट के समस्या हो रहल बाड़े के आशंका बा। ऊधमसिंहपुर पीएसएस से आज सुक फीडर पर पावर कट भइल बा, लेकिन आज सुक से चिरांदा फीडर के पावर कट हो गइल। ऊधम सिंह नगर पीएसएस आ छपरा पीएसएस के चिराद फीडरे से पावर काट के समस्या से जूझत बाड़ें। शुरुआती जांच में दिक्कत बाड़ें बाड़े बाड़ें आ पावर ट्रिप के समस्या",1.0,0.0,1.0
169,"देवरिया में पुलिस अपराध नियंत्रण के मुहिम में बड़ सफलता पवले बिया। सलेमपुर इलाका के कुख्यात अपराधी राजेश यादव के मुठभेड़ के बाद दोबारा गिरफ्तार कइल गइल। ऊ पेट दर्द के बहाना बना के अस्पताल ले जाए के दौरान दरोगा के पिस्टल छीने के कोशिश कइलस आ भागे लागल, लेकिन पुलिस के फुर्ती से ओकर चाल नाकाम हो गइल। पुलिस ओकरा के चकरवा-बहोरदास रोड पर घेर के जवाबी फायरिंग में दहिना पैर में गोली मार के पकड़ लिहलस। राजेश यादव पs गोवध निवारण अधिनियम आ गैंगस्टर एक्ट के तहत कई ममिला दर्ज बा।","देवरिया जिला में पुलिस अपराध नियंत्रण के मुहिम में एगो बड़ सफलता हासिल कइले बिया। सलेमपुर इलाका के कुख्यात अपराधी राजेश यादव के पुलिस मुठभेड़ के बाद दोबारा गिरफ्तार कइलस आ पेट दर्द के बहाना बना के अस्पताल ले जाये के दौरान पिस्टल छीनल। पुलिस के फुर्ती से ओकर सब चाल नाकाम पड़ गइल। लार थाना के जगदीशपुर गांव के रहेवाला राजेश यादव, जे गैंगस्टर एक्ट में वांछित रहे, पुलिस पहिले ओकरा के पकड़ चुकल रहे। पुलिस गैंगस्टर राजेश यादव पर गोली चला के घायल कइलेस आ दोबारा धर दबोचलस।า फ़ायरवालिया मेडिकल कॉलेज, देवरिया में पुलिस के फायरिंग के बाद आरोपी के चकरवा-बहोरदास रोड पs घेर लेल गइल बा।विदय निवारण अधिनियम के तहत मामला दर्ज कइल गइल बिया, जवना के तहत कार्रवाई भइल।",1.0,0.0,1.0
170,"धर्मशाला में खेलल गइल तीसरका टी20 मुकाबला में भारतीय टीम साउथ अफ्रीका के 7 विकेट से हरा देलस आ सीरीज में 2-1 के बढ़त बना लेलस। साउथ अफ्रीका के टीम 20 ओवर में मात्र 117 रन पs ऑलआउट हो गइल, जबकि भारत 118 रन के लक्ष्य के आसानी से हासिल कइलस। अभिषेक शर्मा आ शुभमन गिल के शानदार शुरुआत के बाद तिलक वर्मा आ शिवम दुबे टीम के जीत तक ले गइल लोग। तिलक वर्मा टी20 क्रिकेट में 4000 रन पूरा करे वाला तीसरका सबसे तेज बल्लेबाज बन गइलें। हार्दिक पांड्या टी20 इंटरनेशनल में 100 विकेट पूरा करे वाला तीसरा भारतीय बनलें।","धर्मशाला के खूबसूरत मैदान पs खेलल गइल तीसरका टी20 मुकाबला में भारतीय टीम साउथ अफ्रीका के 7 विकेट से हरा देलस। भारत पांच मैच के टी20 सीरीज में 2-1 के बढ़त बना लेलस आ धर्मशाला में जीत के हैट्रिक पूरा कs लेलस। साउथ अफ्रीका लगातार तीसरा टी20 मैच जीतल, जवन टीम इंडिया के आत्मविश्वास के साफ झलक देखवलस। भारत के तरफ से वरुण, अर्शदीप, हर्षित आ कुलदीप के दु-दु विकेट मिलल, जबकि हार्दिक पांड्या आ शिवम दुबे के एक-एक सफलता मिलल। 118 रन के आसान लक्ष्य के पीछा में भारत के सुरुआत सानदार रहल। अभिषेक शर्मा आ शुभमन गिल मैदान पर उतरतही साउथ अफ्रीकी गेंदबाजन पs टूट पड़ल लोग। फ़ॉर ऑल आउट हो गइल। फ़ेसबुक वॉल स्ट्रीट क्रिकेट टीम के कप्तान एडेन मार्करम के शानदार अर्धशतक से खेलत 28 रन बनाके",0.6957,0.1905,0.5217
171,सीएम योगी आदित्यनाथ कहले कि पूरा दुनिया के लोग के एह भूमि के प्रति अपार आकर्षण बा आ प्रधानमंत्री नरेंद्र मोदीयो विकास आ विरासत के बात करेलें। उऽ 5251वां श्री कृष्ण जन्मोत्सव के उद्घाटन कइले आ ब्रज खाती 1037 करोड़ रुपया के 178 विकास परियोजना के उद्घाटन कइलन। सीएम सपा आ कांग्रेस पर हमला कइले आ कहलन कि ओह लोग के बांग्लादेश के घटना पर मुँह बंद बा। उऽ कहले कि हमनी के एकजुट रहे के बा आ राष्ट्र सर्वोपरि बा।,"सीएम योगी आदित्यनाथ कहले कि पूरा दुनिया के लोग के एह भूमि के प्रति अपार आकर्षण बा आ प्रधानमंत्री नरेंद्र मोदीयो ओही विकास आ विरासत के बात करेलें जवन रउरा लगे बा। आज भगवान श्रीकृष्ण के 5251वां जन्मदिन मनावे जा रहल बा, जवना के मूल एतना पुरान बा। उऽ ब्रज खाती 1037 करोड़ रुपया के 178 विकास परियोजना के शिलान्यास कइले, जवन हिंदू-मुसलमान के बीच मतभेद पैदा कइल गइल बा। उनका कहना बा कि भारत के चुनौती सनातन धर्म के बा आ भारत के संकट के समझे के होई। फ़ाजिरवाणी बा। बाड़ें कि भाजपा आ कांग्रेस पर हमला कइलन।भविष्य में भी मुख्यमंत्री योगी आदित्यनाथ बतवलें कि हिंदू-मुस्लिम एकता के बात कहलें कि ऊ लोग एकजुट रहल बाड़ें आ हिंदू-हिजा समुदाय के बीच तनाव बढ़े।",1.0,1.0,1.0
172,भाजपा सांसद आ प्रवक्ता सुधांशु त्रिवेदी कोलकाता में एगो प्रशिक्षु डॉक्टर के बलात्कार आ हत्या के मामला पर कांग्रेस आ सपा पs सवाल उठवले। उ कहले कि यूपी के दुनो लइका काहे चुप बाड़े आ सपा अपराधी के सुरक्षा देवेले। प्रियंका गांधी के चुप्पी पर उ सवाल उठवले आ मुख्यमंत्री योगी आदित्यनाथ के शासनकाल के बारे में बतवले कि उ सबसे लंबा समय तक मुख्यमंत्री रहल बाड़े।,"भाजपा सांसद आ प्रवक्ता सुधांशु त्रिवेदी कोलकाता में प्रशिक्षु डॉक्टर के संगे बलात्कार अउरी हत्या के मामला के लेके कांग्रेस आ सपा पs सवाल उठवले। उ कहले कि यूपी के दुनो लइका अब काहे चुप बाड़े? उऽ कहलें कि इ कवनो घटना ना बलुक मानसिकता हऽ, लेकिन सपा अपराधी के सुरक्षा देवेले। उ बतवले कि कन्नौज आ अयोध्या के मामला में सपा के असली चेहरा सोझा आइल बा आ प्रियंका गांधी इ नारा देले रहली कि हम लईकी हई, हम लड़ सकऽतानी। मुख्यमंत्री योगी आदित्यनाथ 15 अगस्त के अपना कार्यकाल के 7 साल 148 दिन पूरा कइले आ कांग्रेस के पहिला मुख्यमंत्री डॉ. संपूर्णानंद सबसे लंबा समय तक एह पद प रहले।विनोद त्रिवेदी लखनऊ में आयोजित पत्रकार वार्ता में कहल कि उऽ मुख्यमंत्री अखिलेश यादव के कार्यकाल में सबसे लंबा कार्यकाल के रिकॉर्ड बनवले बाड़े।",0.4,0.0,0.4
173,"कोलंबिया के दिग्गज फुटबॉल खिलाड़ी अउर पूर्व कप्तान फ्रेडी रिनकोन के गुरुवार बिहाने निधन हो गइल। ऊ सोमवार के कार हादसा में गंभीर चोट लगला के बाद जिंदगी अउर मौत के बीच जूझ रहल बाड़ें। रिनकोन के उम्र 55 बरिस रहल आ ऊ कोलंबिया खातिर 17 गोल कइले रहलें। ऊ 1990, 1994 अउर 1998 विश्व कप में अपने देश के टीम के प्रतिनिधित्व कइले रहलें। डॉक्टर लोग कहले कि हर संभव प्रयास कइला के बावजूद ऊ बचा ना पवले।","कोलंबिया के दिग्गज फुटबॉल खिलाड़ी फ्रेडी रिनकोन के गुरुवार बिहाने निधन हो गइल। सोमवार के कार हादसा में ऊ दम तोड़ देहने के बाद उनकर कार सोमवार के दिन एगो बस से टकरा गइल रहल। एह हादसा में उनकर सिर पर गंभीर चोट आइल, लेकिन अस्पताल में इलाज के दौरान उनकर निधन हो गईल। ई खिलाड़ी रियल मैड्रिड खातिर खेले वाले मैच में 17 गोल कइले रहने अउर तीन विश्व कप में अपने देश खातिर खेलले रहल बाड़ें। उनकर नाम संयुक्त रूप से विश्व कप के इतिहास में सबसे ज्यादा मैच खेलले के रिकॉर्ड बनवले जा रहल बा। फ़ेसबुक, ट्विटर, फेसबुक, इंस्टाग्राम, ट्विटर आ इंस्टाग्राम पर पोस्ट कइल गइल जानकारी के अनुसार फ्रेडी के निधन के बाद ऊ अपना करियर के सर्वश्रेष्ठ खिलाड़ी बनल खिलाड़ी बन गइल रहे।...... फ़ेसबोली फुटबॉल जगत में",0.3333,0.0,0.3333
174,"इंडियन प्रीमियर लीग (IPL) 2026 से पहिले 16 दिसंबर के मिनी ऑक्‍शन होई। एह नीलामी खातिर 350 प्‍लेयर्स के शॉर्ट लिस्‍ट कइल गइल बा, जेमे 240 भारतीय आ 110 बिदेसी शामिल बाड़ें। क्विंटन डी कॉक आ स्टीव स्मिथ जइसन खिलाड़ी नीलामी में नजर अइहें, जहाँ स्मिथ के बेस प्राइस 2 करोड़ रुपिया बा। कुल 1390 खिलाड़ी रजिस्‍ट्रेशन करवले बाड़ें आ 10 टीमन के लगे 77 स्‍थान खाली बा।",इंडियन प्रीमियर लीग 2026 से पहिले 16 दिसंबर के मिनी ऑक् शन होई। आबू धाबी में होखे वाला एह नीलामी खातिर 350 प् लेयर्स के शॉर्ट लिस् ट कइल गइल बा। एमे 240 भारतीय आ 110 बिदेसी सामिल बा। दक्षिण अफ्रीका के विकेटकीपर-बल्लेबाज क्विंटन डी कॉक नीलामी में नजर अइहें। ऑस्ट्रेलियाई बल्लेबाज स्टीव स्मिथ ऑक् शन में उतर रहल बाडें आ उनकर बेस प्राइस 2 करोड़ रुपिया बा। स्मिथ आखिरी बेर 2021 में आईपीएल खेलले रहस। उनकरा में कुल 1390 खिलाड़ी रजिस् ट्रेशन करवले रहे लोग। आईपीएल के 19वां सीजन खातिर 10 टीमन के लगे अधिकतम 77 स् थान खाली बा। महेंद्र सिंह धौनी के बेस प्राइस 2026 के नीलामी में सामिल होखे वाले खिलाड़ियन के नाम आ उनकरा बेस प्राइस पर नजर डाललइ जावs........ṣ,0.7826,0.5714,0.7826
175,"लिस्ट में 81 खिलाड़ियन के आधार मूल्य दु करोड़ रुपिया बा, जबकि 27 खिलाड़ियन के आधार मूल्य 1.5 करोड़ रुपिया बा। सूची में ऋषभ पंत, केएल राहुल, मोहम्मद शमी, श्रेयस अय्यर, रविचंद्रन अश्विन आ यजवेंद्र चहल जइसन बड़े खिलाड़ी बा लोगन के आधार मूल्य दु करोड़ रुपिया बा। बिदेसी खिलाड़ियन में ग्लेन मैक्सवेल, मिचेल स्टार्क, जोस बटलर, डेविड वॉर्नर आ जेम्स एंडरसन जइसन खिलाड़ी लउकी लो। बेन स्टोक्स खुद के रजिस्टर ना करवले रहस आ ऊ तीन सीजन तक आईपीएल में ना खेली।","लिस्ट में 81 खिलाड़ियन के आधार मूल्य दु करोड़ रुपिया बा, जबकि 27 खिलाडियन के मूल्य 1.5 करोड़ रुपिया रखल गइल बा। एकरा अलावे सूची में 1.25 करोड़, 1 करोड़, 75 लाख, 50 लाख, 40 लाख आ 30 लाख रुपिया का आधार मूल्य वाला खिलाड़ियों बा। अबकी बेर के नीलामी एहु से दिलचस्प होई काहेकि सूची में ऋषभ पंत, केएल राहुल, मोहम्मद शमी, श्रेयस अय्यर, रविचंद्रन अश्विन यजवेंद्र चहल जइसन बड़े खिलाड़ी उतरी लो। बिदेसी खिलाड़ी में ग्लेन मैक्सवेल, मिचेल स्टार्क, जोस बटलर, डेविड वॉर्नर, जेम्स एंडरसन, ट्रेंट बोल्ट, फाफ डु प्लेसिस जइसन खिलाड़ी लउकी लो। बेन स्टोक्स खुद के रजिस्टर ना करवले रहस। अब ऊ तीन सीजन तक आईपीएल में खेलत ना लउकिहें। आईपीएल में खेलल जा सकत बा, जेकरा में ऋषभ",0.5333,0.4615,0.5333
176,"पूर्व मुख्यमंत्री लालू प्रसाद यादव के खिलाफ सोमार के शिकायत दर्ज करावल गइल बा, जवना में बलात्कार के मामला के लेके बिहार के आपत्तिजनक तरीका से जिक्र करे के आरोप लागल बा। ई शिकायत अधिवक्ता सुधीर कुमार ओझा कइले बाड़न आ एकर अगिला सुनवाई 24 अक्टूबर के होई। जदयू के प्रदेश अध्यक्ष उमेश सिंह कुशवाहा कहलन कि लालू यादव के ट्वीट से बिहार के संस्कृति आ पहचान पर हमला भइल बा आ राज्य के जन भावना के ठेस पहुँचल बा। उऽ कहले कि लालू-राबरी के शासन में महिला लोग सुरक्षित ना रहल बाड़ी।","पूर्व मुख्यमंत्री लालू प्रसाद यादव के खिलाफ सोमार के शिकायत दर्ज करावल गइल बा। एह में बिहार के जिक्र करे के आरोप लागल बा। ई शिकायत अधिवक्ता सुधीर कुमार ओझा कइले बाड़न। सुनवाई 24 अक्टूबर के होई। लालू यादव एतवार के ट्वीट में उऽ राज्य में बलात्कार के बहुत मामला के पर्दाफाश कइलस, जवना से बिहार के राजनीति में बवाल मच गइल बाड़े। उऽ कहले कि जदयू लालू यादव के घेर लिहलस। राजद मुखिया अपना एक्स हैंडल पs जवन लिखले बाड़ें कि लालू-राबरी के शासन में सत्ता से सुरक्षित अपराधी के एतना डर रहे कि राज्य के महिला अपना घर के दुआर से बहरी तक ना कदम रखली। देलें। रंगीन तस्वीर। फ़ेसबुक पs बिहार के मुख्यमंत्री नीतीश कुमार के ट्वीट से पूरा राज्य शर्मिंदा हो गइल बाड़न बा।...",0.5,0.0,0.5
177,"रूस के कड़ा जवाबी हमला के कोशिश में यूक्रेन के सेना नाकाम हो गइल बिया। यूक्रेन के सैनिकन के सीमा में घुसपैठ के बाद रूस कीव पs हमला कइलस। यूक्रेन के दावा बा कि रूस के 27 गो ड्रोन नष्ट हो गइल। आज लगातार तीसरा दिन रूस के सीमा क्षेत्र में दुनो सेना के बीच भयंकर लड़ाई चल रहल बा। वायु सेना प्रमुख शुक के अनुसार, कई गो जगह पर ड्रोन के गिरावल गइल।","रूस के कड़ा जवाबी हमला के कोशिश में यूक्रेन के सेना नाकाम हो गइल बिया। रूस के सैनिकन के अपना सीमा में घुसपैठ के बाद रूस कीव पs कड़ा हमला कs दिहले रहुवे। रूसी सेना रात भर कई गो ड्रोन छोड़ दिहलस, जबकि रूस के दावा बा कि रूस के ओर से चलावल गइल सगरी 27 गो रूसी हमलावर ड्रोन नष्ट गइल। रूस के सीमा क्षेत्र में दुनो सेना के बीच भयंकर लड़ाई चल रहल बा। नॉर्थ कोरिया के वायु सेना प्रमुख आ निप्रॉपेट्रोस क्षेत्र,” कमांडर शुक के कहले कि, ‘हवाई-विरोधी लड़ाई के परिणामस्वरूप, कीव, पोल्टावा, सुमी, मायकोलाइव, खेरसॉन, दोनेत्स्क वायु सेना आरईबी संपत्ति सभ ड्रोन के मोबाइल फायर समूह के तरफ से गिरावल गईल।... तीसरा दिन रूस के रक्षा क्षेत्र में रूसी सेना आ रूस",0.8,0.6667,0.8
178,"गाजियाबाद में उत्तर प्रदेश विकास प्राधिकरण द्वारा नया भवन निर्माण आ विकास उपविधियां आउर आदर्श जोनिंग रेगुलेशंस 2025 लागू कइल गइल बा। एकरा से जीडीए आ आवास विकास परिषद के हजार आवंटियन के लाभ मिली। नया बायलाज के अनुसार अब एक हजार वर्ग मीटर में ग्रुप हाउसिंग आ दुकान खोलल जा सकेला। औद्योगिक इकाइयन आ चिकित्सालय खातिर भवन के स्ट्रक्चरल आडिट 10 वर्ष में करावल अनिवार्य होई। सरकारी विभाग अब 7 से 15 दिन में अनापत्ति प्रमाण पत्र देवे के होई, आ देरी पर स्वत: एनओसी मानल जाई।","गाजियाबाद। उत्तर प्रदेश विकास प्राधिकरण भवन निर्माण आ विकास उपविधियां आउर आदर्श जोनिंग रेगुलेशंस 2025 लागू कइला के शासनादेश विशेष सचिव राजेश कुमार राय के ओर से कैबिनेट के मंजूरी के बाद जारी कइल गइल बा। जीडीए सहित आवास विकास परिषद के हजार आवंटियन के एकर लाभ मिली। नया बायलाज के मोताबिक अब नियमानुसार एक हजार वर्ग मीटर में ग्रुप हाउसिंग आ घर में दुकान खोले के मंजूरी मिलल बा, जवना से भवन के स्ट्रक्चरल आडिट करावल जा सकेला। शासनादेश के अनुसार, एकरा से मध्यम आ निम्न आय वर्ग के लोग लाभांवित होई, जे कम बजट में घर बना सकीला। आवासीय परिसर में दुकान के मंजूरी देवे के तिथि से 10 वर्ष में निर्माण के प्रक्रिया आसान होई। गाजियाबाद विकास प्राधिकरण (डीएचएआई) के नियमावली के अनुसार ई सुविधा उपलब्ध बा। फ़ेरी एरिया में पार्किंग सुविधा",0.6667,0.5,0.6667
179,"जिंबाब्वे में लगभग 50 हाथियन के मारे के फरमान जारी कइल गइल बा, काहेकि हाथियन के संख्या बहुत बढ़ गइल बा। ई फैसला सेव वैली कंजर्वेंसी में पारिस्थितिकी तंत्र के रक्षा खातिर लिहल गइल बा। हाथियन के मांस स्थानीय समुदायन के बीच बांटल जाई आ हाथी दांत सरकार के सउप दिहल जाई। पिछला कुछ बरिसन में ई दूसरका बेर बा जब जिंबाब्वे एह हालातन से बचे खातिर हाथियन के मारे के सहारा लेले बा। वन्यजीव अधिकारियन के अनुसार, ई कदम मानव-वन्यजीव संघर्ष के खतरा कम करे खातिर जरूरी बा।","नई दिल्ली। पूरा दुनिया में जंगल के जीवन के बचावे के मुहिम छिड़ल बा। जंगली जानवरन खातिर काम करे वाला संगठन आ सरकार एकर कुनबा बढ़ावे के योजनाएं बना रहल बा आ 50 हाथियन के मारे के फरमान जारी कइल गइल बा, जवना से ईको सिस्टम पs दबाव बढ़ रहल आ मानव-वन्यजीव संघर्ष के खतरा पैदा हो रहल। जिंबाब्वे पार्क आ वन्यजीव प्रबंधन प्राधिकरण बतवले बा कि एह रिजर्व के भीतर वर्तमान में लगभग 2,550 हाथी बा, जबकि एकर पारिस्थितिक क्षमता खाली 800 बा। ई फैसला के पीछे वजह बा कि ई लोगन के बढ़त संख्या के कारण हाथियन आ हाथियन समुदायन के बीच तनाव के माहौल बा। रंगीन जानवरन के शिकार कइले बाड़न से हाथियनन के संख्या में कमी आ जंगली जानवर के शिकार के खतरा बढ़ गइल बाड़ें, लेकिन कुछ लोगन",0.3333,0.0,0.3333
180,"PKL 8 में पुणेरी पलटन के एगो अउरी जबरजस्त जीत मिलल। पहिला हाफ में दूनों टीम के परदर्शन निम्मन रहल, लेकिन तमिल थलाइवाज पुनेरी पलटन के ऑल-आउट कइले के कोशिश कइलें। दुसरका हाफ में पुनेरी पलटन जबरदस्त तरीका से अपना के बचवलस आ 29वा मिनट में तमिल थलाइवाज के ऑल-आउट क देहलस। भवानी राजपूत सुपर रेड लगावत तीन पॉइंट्स हासिल क के अपना टीम के मैच में वापस लौटवले के कोशिश कइलें।","PKL 8 में पुणेरी पलटन के एगो अउरी जबरजस्त जीत मीलल। दूनों टीम के परदर्सन पहिला हाफ में काफी निम्मन रहल, लेकिन केहू एक दूसरे को ढेर आगे नहीं निकल पावल। तमिल थलाइवाज के ऑल-आउट कइले के निगचइनें, लेकिन पुणे की टीम खुद को बचवनें। राहुल चौधरी के भी पहिलका हाफ में सब्सटीट्यूट करत रेड कइला के मौका मिलल अउर ऊ रेड में एगो पॉइंट हासिल कईलें। तमिल के डिफेंस कुछ खास नहीं कर पाइल। भवानी राजपूत सुपर रेड लगावत तीन रेड में वापस टीम के मैच में वापस भेजल गइल।जजज ऊधमपुर के टीम के जीत के बाद पुनेरी पलटन वापसी कइलस। शुरुआती रेड में पुणे रेड कइल गइल बांकेरा बा।",0.8,0.6667,0.8
181,"सत्ताधारी भारतीय जनता पार्टी गुजरात में विधानसभा उपचुनाव खातिर दू गो सीट पs उम्मीदवारन के नाम एलान कइले बिया। कड़ी आ विसावदार विधानसभा क्षेत्र में उपचुनाव 19 जून के होई। भाजपा कड़ी से राजेंद्र चावड़ा आ विसावदार से किरीटभाई पटेल के उम्मीदवार बनवले बिया। कड़ी सीट भाजपा विधायक करसनभाई सोलंकी के निधन आ विसावदार सीट आप विधायक भूपेंद्र भयानी के इस्तीफा के चलते खाली भइल। गुजरात विधानसभा में कुल 182 सीट बाड़ी सs, जहाँ भाजपा 2022 में 156 सीट जीत के सरकार बनवले बिया।","सत्ताधारी भारतीय जनता पार्टी गुजरात में होखे वाला विधानसभा उपचुनाव खातिर दू गो सीट पs उम्मीदवारन के नाम एलान कइले बिया। गुजरात के कड़ी आ विसावदार विधानसभा क्षेत्र में उपचुनाव हो रहल बा, जहाँ 19 जून के तय कs दिहल गईल बा। भाजपा अतवार के उपचुनाव खातीर राजेंद्र चावड़ा आ किरीटभाई पटेल के उम्मीदवारी एलान कs देलस। भाजपा पहिलही से पूर्ण बहुमत के संगे सत्ता में बिया आ गुजरात विधान सभा में कुल 182 सीट बाड़ी सs जवना में से 13 सीट अनुसूचित जाति खातिर आरक्षित बाड़ी, बाकी 142 सीट सामान्य सीट बाड़ी। 2022 के विधानसभा चुनाव में भाजपा बहुमत जीत के सरकार बनवलस। भाजपा के 156 सीट मिलल, जबकि कांग्रेस के 143 सीट मिल गइल। फ़ेसबुक पs विज्ञप्ति में कहल गइल बा कि भाजपा के सरकार बनल बा आ कांग्रेस के सत्ता से बाहर हो गइल बाड़ें।",0.6667,0.375,0.6667
182,"भारत में क्रिकेट के प्रति एगो अलगे जुनून बा आ आईपीएल 2025 के शुरुआत 23 मार्च से होखे वाला बा, ई जानकारी बीसीसीआई के उपाध्यक्ष राजीव शुक्ला बतवले बाड़न। महिला प्रीमियर लीग के आयोजन स्थल के बारे में जल्दी प्रेस नोट जारी होई। चैंपियंस ट्रॉफी 2025 के बैठक 18 चाहे 19 तारीख के होई। देवजीत सैकिया के बीसीसीआई के अंतरिम सचिव बनावल गइल बाड़न आ प्रभतेज सिंह भाटिया कोषाध्यक्ष बनल बाड़न।","भारत में क्रिकेट के एगो धर्म मानल जाला। क्रिकेट के प्रति भारतीयन में एगो अलगे जुनून बा, काहे कि दुनिया के सबसे जादा देखल जाए वाला क्रिकेट लीग आईपीएल भारत में होला। कई गो स्टार खिलाड़ी आईपीएल में खेल के अपनारियर बनवले बाड़े। प्रशंसक बेसब्री से आईपीएल 2025 के इंतजार में बाड़े। बीसीसीआई के उपाध्यक्ष राजीव शुक्ला बतवले कि महिला प्रीमियर लीग के आयोजन स्थल के संबंध में स्पष्टता लगभग तय बा। आशीष शेलार के जगह प्रभतेज सिंह भाटिया के कोषाध्यक्ष बनावल जाई आ आशीष शेलार बीसीसीआई के अध्यक्ष बनला के बाद राज्य सरकार में मंत्री बाड़े।า qualified क्रिकेटरन के चयन जल्दिए जारी कइले बाड़न।विदित रहेल बाड़ें कि बीसीसीआई के सीईओ राजीव शुक्ला कहले बाड़न कि उनकर चयन जल्दी से शुरू हो जाई। शुरुआती दौर में टीम के चयन जल्दी जल्दी शुरू हो गइल बा।",0.2857,0.0,0.2857
183,"अफगानिस्तान में शनिचर के सबेरे 5:16 बजे तेज भूकंप के झटका महसूस भईल, जवन के तीव्रता रिक्टर पैमाना पs 4.7 दर्ज भइल। भूकंप के केन्द्र काबुल के लगे रहे आ पाकिस्तान के कई इलाका में भी असर भइल। फिलहाल कवनो नुकसान के सूचना नईखे मिलल, लेकिन लोग में दहशत के माहौल बा। एहसे पहिले म्यांमार में बियफे के दिने कई गो भूकंप आइल, जवन में सभसे ताकतवर 7.7 तीव्रता के रहल आ ओहिजा 144 लोग के मउत आ 730 लोग घवाहिल हो चुकल बा।","भारत के पड़ोसी देश अफगानिस्तान में आइल भूकंप के चलते लोग के घर से बाहर आवे के पड़ल। राष्ट्रीय भूकंप विज्ञान केंद्र के मुताबिक शनिचर के सबेरे 5:16 बजे अफगानिस्तान में तेज भूकंप के झटका महसूस भईल। एह भूकंप के तीव्रता रिक्टर पैमाना पs 4.7 दर्ज भइल आ एह में 144 लोग के मउत हो चुकल बा जबकि 730 लोग घवाहिल होखे के खबर बा। भूकंप में म्यांमार के कई गो भवन, पुल आ बांध के नुकसान भइल बा। भारत से आपन सीमा साझा करे वाला म्यांमार में एक के बाद एक कई गो भूकंप आइल, जवन में सभसे ताकतवर भूकंप 7.7 तीव्रता के रहल।विरासतपुरम में भूकंप आ भूकंप के कारण लोग में दहशत के माहौल बियफे के दिन भी रहल बा। आपातकालीन स्थिति के सूचना नईखे मिलल, जहाँ भूकंप आ आपातकाल के सूचना मिल",1.0,0.875,0.7778
184,‘ऑपरेशन सिंदूर’ के तहत भारतीय सेना पाकिस्तान में 9 गो लुकाइल आतंकी ठिकाना पर मिसाइल से हमला कइलस। एह हमला में कई आतंकियन के मौत होखे के खबर बा आ ई हमला लश्कर-ए-तैबा आ जैश-ए-मोहम्मद के ठिकाना प भइल बा। पीएम मोदी के अध्यक्षता में बैठक के बाद अजीत डोवल के नेतृत्व में ऑपरेशन के योजना बनल आ 9 गो हाई वैल्यू लोकेशन के निगरानी कइल गइल। पीएम मोदी आ अजीत डोवल के बीच कई गो बातचीत भइल आ दुनो लोग हमला के दौरान ऑपरेशन प नजर रखले बाड़े।,"‘ऑपरेशन सिंदूर’ के तहत भारतीय सेना पाकिस्तान में लुकाइल 9 गो आतंकी छिपल जगहन पर मिसाइल से हमला कइलस। एह हमला में बहुते आतंकियन के मौत होखे के खबर बा। ऑपरेशन सिंदूर के योजना लश्कर-ए-तैबा आ जैश- ए-मोहम्मद के लुकाइल जगह पर भइल बा। पीएम मोदी पहलगाम में भइल आतंकी हमला के बाद सुरक्षा सलाहकार अजीत डोवल के संगे बैठक बोलावल गइल आ ऑपरेशन के कमान संभालत रहले। एनएसजी के सदस्य देश के भीतर उच्च मूल्य के आतंकी शिविरन के पहचान करे के जिम्मेवारी लेले रहलें। फ़ास्ट ट्रैकिंग ऑपरेशन के दौरान सुरक्षा बलों के तैनाती बढ़ा दिहल गइल बाड़ें। शुरुआती जांच रिपोर्ट के अनुसार, ऑपरेशन में 26 लोग के मौत भइल बाड़ें, जवना में 26 आतंकी शामिल रहल बाड़न। आतंकवाद के खिलाफ कार्रवाई",0.4,0.0,0.4
185,"फुटबॉल के दिग्गज क्रिस्टियानो रोनाल्डो के एगो फैन के फोन तूड़ल महंग पड़ गइल बा। उनकरा पर 50,000 पाउंड जुर्माना अउर दू मैच के प्रतिबंध लगावल गइल बा। रोनाल्डो हालही में मैनचेस्टर यूनाइटेड के साथ अनुबंध खत्म कइले बाड़ें। ऊ इंस्टाग्राम पर माफी मांगत कहले कि उनकर आचरण अनुचित रहल। फिलहाल ऊ कतर में 2022 फीफा विश्व कप में भाग ले रहल बाड़ें।","फुटबॉल के दिग्गज अउर मैनचेस्टर यूनाइटेड के पूर्व खिलाड़ी क्रिस्टियानो रोनाल्डो के अपने फैन के फोन तूड़ल महंग पड़ गइल बा। ऊ एही साल एवर्टन में एगो फैन के हाथ से मोबाइल फोन छीन लिहले रहनें अउर ओके तूड़ दिहले रहल। रोनाल्डो के टीम के हार से खिसियाइल रोनाल्डो पर 50,000 पाउंड (लगभग 49.43 लाख रुपया) जुर्माना लगावल गइल बाड़ें। एह विवाद में एफए अनुचित आचरण के आरोप लगवले बानें। ऊ अपना दू मैच खातिर सस्पेंड कइल गइल अउर जुर्मानो लगवलस। रोनाल्डो पर एफए के मर्सीसाइड पुलिस आगाह कइले रहे कि उनकर आचरण के खिलाफ सख्त कार्रवाई कइल जाई। फ़ॉरवर्ड खिलाड़ी रोनाल्डो के प्रशंसकन के मन में गुस्सा आ गुस्सा के भावना पैदा होखे वाला बा।...ṣ",0.5714,0.4,0.5714
186,दिल्ली विधानसभा चुनाव के नतीजा आइल के दस दिन बाद भाजपा आजु नया मुख्यमंत्री के नाव एलान करे जा रहल बिया। नया सीएम के नाव भाजपा विधानमंडल पार्टी के बइठक में मंजूरी मिल जाई। नया मुख्यमंत्री के शपथ ग्रहण काल्हु रामलीला मैदान में होखी। 27 साल बाद दिल्ली में भाजपा सत्ता में आ गईल बिया। भाजपा कार्यालय के बहरी जश्न के माहौल बा।,"दिल्ली विधानसभा चुनाव के नतीजा घोषित भइला के दस दिन से अधिका हो गइल बा आ भाजपा आजु मुख्यमंत्री के नाव एलान करे जा रहल बिया. दिल्ली के नयका सीएम के नाव भाजपा विधानमंडल पार्टी के बइठक में मंजूरी मिल जाई। दिल्ली के मुख्यमंत्री कौन बनी? एह सस्पेंस के आजु पर्दाफाश होखे वाला बा. भारतीय जनता पार्टी आजु दिल्ली के सीएम के नाम मंजूर करे जा रही बिया। नयका मुख्यमंत्री के शपथ ग्रहण काल्हु रामलीला मैदान में होखी, जहाँ 27 साल बाद दिल्ली में भाजपा सत्ता में आ गईल बा। कुछ देर बाद दिल्ली के अगिला सीएम के एलान हो जाई आ भाजपा कार्यालय के बहरी जश्न के माहौल बा आ ढोल बजावल जाता। बाड़ें। बाड़ें बाड़ें कि मुख्यमंत्री के नाम भाजपा विधायिका पार्टी आ आम आदमी पार्टी बइठका में तय कइल जाई बा। शुरुआती घोषणा कइल गइल बि",1.0,0.0,1.0
187,"पिछला कुछ दिन से भारत में वनप्लस स्मार्टफोन के बिक्री बंद होखे के खबर आ रहल बा। रिपोर्ट में कहल गइल बा कि 1 मई 2024 से मोबाइल रिटेल चेन वनप्लस के उत्पाद के बिक्री रोक देवे के फैसला कईले बिया। साउथ इंडियन ऑर्गेनाइज्ड रिटेलर्स एसोसिएशन (ओआरए) के चिट्ठी के बाद कंपनी के बयान आइल बा कि ऊ खुदरा विक्रेता के संगे मिल के समस्या के समाधान खोजे के कोशिश करत बिया। हालांकि, कंपनी के ओर से ई साफ नइखे कहल गइल कि ऑफलाइन बिक्री आज से बंद होई कि ना। ग्राहक के नाराजगी आ बिक्री में घाटा के चलते खुदरा विक्रेता के दिक्कत हो रहल बा।","पिछला कुछ दिन से पूरा भारत में वनप्लस स्मार्टफोन के बिक्री बंद होखे के खबर आवत बा। एगो रिपोर्ट में दावा कईल गईल बा कि मोबाइल रिटेल चेन वनप्ल स्मार्टफोन, टैबलेट आ टैबलेट के बिक्री 1 मई 2024 से बंद करे के फैसला कईले बिया। कंपनी खुदरा विक्रेता के संगे मिल के एs मुद्दा के समाधान खोजे के कोशिश करतिया। कंपनी के पछिला 7 साल से भारत के भरोसेमंद खुदर विक्रेता के समर्थन मिलल बा आ कंपनी अपना साझेदार खुदरा से मिल के चिन्हित मुद्दा के हल करे के काम करे के कोशिश कइले बा। फ़ेसबुक के सीईओ रंजीत सिंह के मुताबिक, ओह लोग अपना उत्पाद के ऑनलाइन बिक्री पर रोक लगावे के फैसला कइल गइल बा। टेक्निकल स्नैपडीलर्स एसोसिएशन ऑफ इंडिया के मुताबिक कंपनी के बयान में बा कि ना।गर्स एसोसिएशन के अनुसार, कंपनी के",0.6667,0.5,0.6667
188,"इंडोनेशिया में एगो भयानक सड़क हादसा भइल बा, जवना में 16 लोगन के जान चल गइल बा। ई हादसा सोमार के आधा रात भइल, जब 34 सवारियन के लेके जा रहल एगो बस कंक्रीट के बैरियर से टकरा गइल। बस ड्राइवर के नियंत्रण छूट गइल रहे, आ बस पलट गइल। हादसा के बाद 18 लोग घायल भइल, जिनमें से पांच के हालत गंभीर बा। प्रशासन हादसा के कारणन के जांच में जुटल बा।","इंडोनेशिया में एगो भयानक सड़क हादसा भइल बा, जवना मे 16 लाेगन के जान चल गइल बा। ई हादसा स्थानीय समय के मोताबिक सोमार के आधा रात भइल, जब 34 सवारियन के लेके जा रहल बस कंक्रीट के बैरियर से टकरा गइल। टक्कर एतना तेज रहे कि बस पलट गइल आ कइयन गो लोग बुरा तरे घायल हो गइले। नेशनल सर्च आ राहत एजेंसी के प्रमुख बुडियोनो बतवलें कि बस ड्राइवर के बस पs नियंत्रण छूट गइल रहे। हादसा के करीब 40 मिनट बाद पुलिस आ बचाव दल मौका पs पहुंचल आ घायल लोगन के शव बरामद भइल। फ़ायरिंग के खबर बा। भइल समाचार एजेंसी के अनुसार, ई घटना के बाद लोगन में अफरातफरी के माहौल बा। अस्पताल ले जात घरी भा इलाज के दौरान भइल रहे आ हादसा में कुल 18 लोग",0.6667,0.2857,0.6667
189,"सरकार व्हाट्सएप आ टेलीग्राम जइसन ओटीटी प्लेटफार्मन पर फर्जी कॉल पर लगाम लगावे खातिर बड़हन तइयारी कइले बिया। इलेक्ट्रॉनिक्स आ सूचना प्रौद्योगिकी मंत्रालय एकरा खातिर एगो व्यापक अभियान चलावे के फैसला कइले बा। हाल ही में सरकार दूरसंचार नियामक ट्राई के साथे एगो संयुक्त समिति बनवले बिया, जवन ओटीटी आ आरसीएस के माध्यम से होखे वाला घोटाला के रोके के काम करी। नया नियमन के तहत यूजर के स्पैम कॉल के रिपोर्ट कईल आसान हो गईल बा आ 90 प्रतिशत तक के फर्जी कॉल खुद नेटवर्क स्तर प बंद हो जाला।","व्हाट्सएप आ टेलीग्राम जइसन ओटीटी प्लेटफार्मन पर बढ़त फर्जी कॉल पर लगाम लगावे खातिर सरकार बड़हन तइयारी कइले बिया। इलेक्ट्रॉनिक्स आ सूचना प्रौद्योगिकी मंत्रालय एकरा खातिर एगो व्यापक अभियान चलावे के फैसला कइला बा, जवना में घोटालाबाज एs प्लेटफार्म के माध्यम से फर्जी कॉल आ मैसेज के निशाना बनावे के फैसला कईले बाड़े। दूरसंचार नियामक ट्राई के साथे एगो संयुक्त समिति बनवले बिया जवन फर्जी कॉल के रोके के काम करी। टेलीग्राम जईसन ऐप इंटरनेट के सेवा के गुणवत्ता में सुधार खातिर कड़ा दिशानिर्देश जारी कइल गइल बा। दूरसंचार विभाग के नया नियमन के अनुसार, ई सेवा में बिना माँगल वाणिज्यिक संचार (यूसीसी) खातिर लागू होई। फ़ीचर के खिलाफ सख्ती से कार्रवाई कइल जाई। फ़ेसबुक, ट्विटर, फेसबुक, ट्विटर आ अन्य सोशल मीडिया प्लेटफॉर्म पर फर्जी कॉलिंग के खिलाफ",0.0,0.0,0.0
190,"गुजरात के भरूच में एगो फैक्ट्री में भीषण आग लाग गइल बा। दमकल के 15 गाड़ी मवका पs पहुंचके आग पs काबू पावे के कोसिस क रहल बाड़ी स। आग तेजी से फइलत जा रहल बा आ धुंआ के कइयन किलोमीटर दूर से देखल जा सकत बा। घटना में कवनो जानमाल के हानि के सूचना नइखे, लेकिन फैक्ट्री के बहुते नुकसान भइल बा। आग लगला के वजह अभी पता नइखे चलल।","गुजरात के भरूच में इस्थित एगो फैक्ट्री में भीषण आग लाग गइल। आग के सूचना मिलतही दमकल के 15 गाड़ी मवका पs पहुंचली सs। आग पs काबू पाये के पूरा कोसिस कइल जा रहल बा। आग तेजी से फइलत जा रहली बा आ आग के लपट आ करिया धुंआ से इलाका में हड़कंप मच गइल बा, लेकिन कवनो जानमाल के हानि के सूचना नइखे। ई हादसा भरूच के GIDC पानोली इस्थित संघवी ऑर्गेनिक्स प्राइवेट लिमिटेड में भइल। आग धीरे-धीरे एगो बड़ हिस्सा के अपना चपेट में ले लेलस। आग से फैक्ट्री के बहुते नुकसान भइल बा। फायर ब्रिगेड के कर्मचारी आग बुझावे के कोशिश कइले रहल बाड़ें, लेकिन आग बुझला के बादे नुकसान के अंदाजा लगावल जा सकी। बड़ हिस्सा पर काबू पाया जा सकेला।",0.75,0.6667,0.75
191,"वनप्लस हाले में अपना नया कॉम्पैक्ट फ्लैगशिप OnePlus 13s के बाद मिड-रेंज सेगमेंट में दुगो नया फोन, नॉर्ड 5 आ नॉर्ड सीई 5, लॉन्च करे जा रहल बा। ई फोन के लॉन्च इवेंट आज 2:00 बजे कंपनी के YouTube चैनल पऽ लाइव होई। नॉर्ड 5 में 7,000mAh के बैटरी आ 100W वायर्ड फास्ट चार्जिंग के सपोर्ट होई, जबकि नॉर्ड CE 5 में 7,100mAh के बैटरी आ 80W फास्ट चार्जिंग के सुविधा होई। दुनो डिवाइस में बेहतरीन कैमरा सेटअप आ पावरफुल चिपसेट होई।","वनप्लस हाले में एगो कॉम्पैक्ट फ्लैगशिप OnePlus 13s पेश कइलस, जवना के बाद अब कंपनी मिड-रेंज सेगमेंट में दुगो नया फोन लॉन्च करे जाई। नॉर्ड 5 आ नॉर्ड सीई 5 के लॉन्च इवेंट 2:00 बजे लाइव कइल जाई, जवन कंपनी के YouTube चैनल पऽ स्ट्रीम कइल गइल। स्मार्टफोन में क्वालकॉम के स्नैपड्रैगन 8s जेन 3 चिप देखे के मिली। रिपोर्ट्स से पता चलल कि फोन में 120Hz रिफ्रेश रेट के बैटरी आ 4K रेजोल्यूशन के सपोर्ट मिल सकेला। फ़ेसबुक के अनुसार, ई फोन में 100W वायर्ड फास्ट चार्जिंग के सपोर्ट के सपोर्ट मिली। लेटेस्ट टेक्नोलॉजी के साथ-साथ, ईयरबड्स के भी अपडेट दिहल गइल गइल बा।...अधिक जानकारी के लिए देखे जाई लेटेस्ट लेटेस्ट लेटेस्ट टेक्नोलॉजी",0.5714,0.4615,0.5714
192,"कुछ महीना बाद बिहार में विधानसभा चुनाव होखे जा रहल बा आ चुनाव के तइयारी जोर शोर से शुरू हो गइल बा। अबकी बेर नाया ईवीएम के इस्तेमाल कs के वोट दिहल जाई, जेकरा खातिर बहुत जिला में ईवीएम मशीन जल्दिए मिले जा रहल बा। चुनाव कार्यालय से कर्मी के सत्यापन हो रहल बा आ रिपोर्ट भेजल गइल बा। एम-3 ईवीएम के विशेषता इ बा कि जदी एकरा से छेड़छाड़ कईल गईल तs इ निष्क्रिय हो जाई। चुनाव के तइयारी के तहत कर्मी के स्वास्थ्य आ तैनाती के जानकारी भी मांगल गइल बा।","कुछ महीना बाद बिहार में विधानसभा चुनाव होखे जा रहल बा आ चुनाव के तइयारी पूरा जोर शोर से शुरू हो गइल बा। एम-3 ईवीएम एगो नवीनतम तकनीक से लैस ईवीएम हs आ 21 मई तक इs उपलब्ध होखे के संभावना बा। 25 मई से पहिला स्तर के जांच शुरू हो जाई। करीब एक महीना ले 25 इंजीनियर एक संगे काम करीहे आ एकरा से छेड़छाड़ कईल गईल। अब आवे वाला विधानसभा चुनाव में इहे ईवीएम के इस्तेमाल होई। चुनाव कार्यालय से रिपोर्ट मिलला के बाद चुनाव कर्मी के तैनाती कईल जा सकता। जिला निर्वाचन कार्यालय इहो पूछले बा कि चुनाव के काम में भाग लेबे वाला कार्यकर्ता फिलहाल कहाँ तैनात बाड़े। बाड़े कि सेवानिवृत्त बाड़े आ सेवानिवृत्त बाड़ें। बा।विदय कर्मी के सत्यापन कइले बाड़ें, जेकरा में सेंध लगावे के बात कही जा सकेला। शुरुआती जांच में शामिल बाड़ें",0.6667,0.2857,0.4444
193,"आज के दिन जातक खातिर नया विचार आ योजना बनावे के समय बा। विद्यार्थियन के पढ़ाई में सफलता मिली आ हनुमान जी के पूजा से मनोकामना पूरा होई। दांपत्य जीवन में प्रेम आ आदर बढ़ी, लेकिन स्वास्थ्य के ध्यान रखे के जरूरत बा। आर्थिक स्थिति मजबूत रही, लेकिन खर्च पर ध्यान देवे के चाहीं। प्रेमी जोड़ा खातिर दिन अच्छा रही आ नया काम शुरू करे के योजना बनावल जाई।","आज के दिन नया विचारन से मन खुस रही बा, लेकिन काम के पूरा करे खातिर कवनो प्रभावशाली व्यक्ति के संपर्क में आयेम। विद्यार्थियन खातिर आज के समय अच्छा रहे वाला बा, पढ़ाई में सफलता प्राप्त होई आ हनुमान जी के पूजा कइला से मनोकामना पूरा होई। वैवाहिक जिनगी में प्रेम, आदर आ स्नेह बढ़ी, संगही मानसिक चिंता रही, लेकिन माई-बाबूजी के स्वास्थ के नजरअंदाज मत करीं। काम के सिलसिला में नतीजा बेहतर रही आ मन पs जाये के जरूरत बा। जेकर नाम का,की, कु, घ, ड, छ, के, को, हा से सुरू होला, उनकर सफलता के जोग बा, उनकरा के भाग्य में सुधार होई। फ़ास्ट एंड फ्यूरियस योग बन रहल बा।विवस् थ् यवस् था मजबूत बा, जेकरा से शुरू हो सकेला।त् त शनिदेव के कृपा से",0.0,0.0,0.0
194,"उत्तर मध्य मैक्सिको में एगो दुकान के लगे गोलीबारी में आठ लोग के मउत हो गइल आ दू लोग घवाहिल हो गइल। ई घटना अपेसियो एल ग्रांडे शहर में भइल बा, जहाँ गिरोह के बीच गोलीबारी के मामला आम बा। गोलीबारी में एगो आदमी आ एगो महिला भी घवाहिल भइल लोग। स्थानीय मीडिया के रिपोर्ट के अनुसार, एगो स्वास्थ्यकर्मी के भी मउत हो गइल बा, लेकिन एह बात के पुष्टि नइखे भइल कि ऊ मरे वालन में से हउवें कि ना। सोशल मीडिया पर एगो वीडियो में मोटरसाइकिल के बीच चोट के निशान वाला आदमी के शव देखाई देत बा।","उत्तर मध्य मैक्सिको में सड़क के किनारे एगो दुकान के लगे बंदूकधारी ग्राहकन आ राहगीरन पs गोलीबारी कइला से आठ लोग के मउत हो गइल। अधिकारी एs घटना के बारे में जानकारी देले बाड़े। गोलीबारी अपेसियो एल ग्रांडे शहर में भइल बा, जहाँ गिरोह के बीच गोलीबारी के घटना सामने आवत रहेला। गोलीबारी में एगो आदमी आ एगो महिला भी घाही हो गईल लोग। घायल लोग के हालत पर फिलहाल कवनो जानकारी उपलब्ध नईखे। मेडिकल रिपोर्ट के मुताबिक, एगो स्वास्थ्यकर्मी आ स्वास्थ्यकर्मी के बीच माथा पs चोट के निशान वाला आदमी के शव देखाई जा रहल बा। बाड़े। अस्पताल पs फैलल एगो वीडियो में दोकान के बहरी खड़ा मोटरसाइकिल आ अस्पताल के सामने माथा प में चोट आ चोट आ घाव के निशान के निशान बा आ अस्पताल में जवना के हालत गंभीर बा।...",0.0,0.0,0.0
195,"आईसीसी विश्व टेस्ट चैंपियनशिप फाइनल 2025 के तारीख 11 जून के लॉर्ड्स में खेलल जाई। विजेता टीम के इनामी राशि 3.6 मिलियन यूएस डॉलर, जवन कि पिछला संस्करण से दोगुना बा। रनर अप के 2.1 मिलियन अमेरिकी डॉलर मिली। ऑस्ट्रेलिया के कप्तान पैट कमिंस आ दक्षिण अफ्रीका के कप्तान तेम्बा बावुमा दुनो अपना-अपना टीम के महत्व बतवले बाड़ें।","आईसीसी विश्व टेस्ट चैंपियनशिप फाइनल 2025 के तारीख अब निचिका आ गइल बा, लेकिन फैंस के मन में एह मैच के लेके उत्सुकता बढ़ रहल बा। 11 जून से लॉर्ड्स के मैदान में खेलल जाये वाला एह फाइनल के इनामी राशि के खुलासा आईसीसी मई में कइले रहे। आईसीसी विजेता टीम खातिर 800,000 अमेरिकी डॉलर माने 6.84 करोड़ रुपिया मिलल, जबकि उपविजेता टीम के 3.6 मिलियन यूएस डॉलर माने 30.81 करोड़ रुपिया मिली। आईसीसी के अनुसार, ओह फाइनल में हार के बाद टीम के शीर्ष स्थान हासिल कइलस। qualified टीमन के शीर्ष रैंकिंग में भारत, ऑस्ट्रेलिया, न्यूजीलैंड, न्यूजीलैंड आ दक्षिण अफ्रीका के स्थान के बारे में जानकारी दिहल गइल गइल। फ़ेसबुक लाइव अपडेट में बतवलें कि विजेता टीमन में बढ़न्ती टेस्ट क्रिकेट के प्राथमिकता देवे के जरूरत बा।- ऑस्ट्रेलिया, भारत, आस्ट्रेलिया",0.4706,0.2667,0.4706
196,"भारतीय महिला वेटलिफ्टर मीराबाई चानू वर्ल्ड वेटलिफ्टिंग चैंपियनशिप के 48 किलो वर्ग में सिल्वर मेडल जीत लेले बाड़ी। ई उनकर तीसरा मेडल हs, पहिले 2017 में गोल्ड जीत चुकल रहली। उत्तर कोरिया के री सोंग-गम गोल्ड मेडल जीतली आ नया वर्ल्ड रिकॉर्ड बनवली। मीराबाई चानू अगिला कॉमनवेल्थ वेटलिफ्टिंग चैंपियनशिप में गोल्ड जीत चुकल बाड़ी। भारत से 14 सदस्यीय टीम भेजल गइल बा, जेमे महिला आ पुरुष दूनो वर्ग के वेटलिफ्टर शामिल बाड़ें।","मीराबाई चानू वर्ल्ड वेटलिफ्टिंग चैंपियनशिप के 48 किलो वर्ग में देस खातिर सिल्वर मेडल जीत लेले बाड़ी। ई मीराबाई के एह प्रतिष्ठित प्रतियोगिता में तीसरका मेडल हs। ई प्रतियोगिता में चानू कुल 213 किलो (91 किलो + 122 किलो) भार उठाके गोल्ड मेडल जीतली। भारत के थान्याथोन सुकचातरोएन 198 किलो (88 किलो स्नैच + 110 किलो क्लीन एंड जर्क) उठाके ब्रॉन्ज मेडल जीत चुकल बाड़ी। महिला वर्ग में मीराबाई अगस्त 2024 में कॉमनवेल्थ गेम्स 2026 में गोल्ड जीत चुकली, जबकि पुरुष वर्ग में उनकर तीनो प्रयास सफल रहल बा। फ़ेसबुक लाइव।विवाद-विवादन-उन्होंने बताया कि ई स्पर्धा में गोल्ड मेडल के दावेदारी कइल गइल बा, जेकरा खातिर उनकर मेहनत सफल भइल बा।...",0.2857,0.1667,0.2857
197,"अयोध्या में 8 अक्टूबर के केंद्रीय वित्त मंत्री निर्मला सीतारमण आ मुख्यमंत्री योगी आदित्यनाथ एक दिवसीय दौरा पर आइल लोग। दूनो नेता बृहस्पति कुंड के भव्य लोकार्पण कइल लोग, जवन दक्षिण भारतीय श्रद्धालुअन के आस्था के केंद्र बा। एह कार्यक्रम में टेढ़ी बाजार चौराहा के नाम बदलके निषादराज चौराहा रखल गइल आ मुख्यमंत्री निषादराज के प्रतिमा के अनावरण करिहें। राम मंदिर में दर्शन-पूजन के बाद श्रद्धालुअन के संगे आध्यात्मिक अनुष्ठानन में सामिल होई लोग। सुरक्षा आ यातायात बेवस्था के सख्त कइल गइल बा ताकि श्रद्धालुअन के कवनो असुविधा ना होखे।",अयोध्या आज (8 अक्टूबर) एगो ऐतिहासिक पल के गवाह बनी। केंद्रीय वित्त मंत्री निर्मला सीतारमण आ मुख्यमंत्री योगी आदित्यनाथ एक दिवसीय दौरा पs अयोध्या पहुंची लोग। दूनो नेता बृहस्पति कुंड के भव्य लोकार्पण करी लोग आ श्रद्धालुअन के आस्था के केंद्र मानल जा रहल बा। ई प्रतिमा दक्षिण भारत के सांस्कृतिक आ भक्ति परंपरा के समर्पित बा। कमिश्नर राजेश कुमार बतवलें कि ई प्रतिमा के सुंदरीकरण काम पूरा हो चुकल बा आ वित्त मंत्री सीतारमण प्रतिमा के उद्घाटन करिहें। पुलिस आ प्रशासन तइयारी पूरा कs लेले बा आ ट्रैफिक बेवजह रोक के सामना कइले लोग।า पत्नियां आ परिवार के संगे आध्यात्मिक अनुष्ठानन में सामिल होई लोग।विरुध् ध धनाढ्य लोगन के सुरक्षा आ धार्मिक अनुष्ठानन के ध्यान में रखल जावं खातिर महत्वपूर्ण सूचना दिहल गइल बा बा।वित्त मंत्री कहलें कि वीवीआईपी सुरक्षा,0.5,0.0,0.5
198,"भारत आ आस्ट्रेलिया के बीच खेलल गइल बॉर्डर-गावस्कर ट्रॉफी 5 जनवरी के खतम भइल, जहाँ टीम इंडिया के 1-3 से हार भइल। आखिरी टेस्ट में जसप्रीत बुमराह कमर में चोट के चलते मैदान से बाहर हो गइलन, जेकरा चलते भारतीय गेंदबाजी कमजोर पड़ गइल आ आस्ट्रेलिया 6 विकेट से जीत गइल। बुमराह के चोट के कारण बीसीसीआई के मेडिकल टीम उनकर रिहैब पर ध्यान दे रहल बा ताकि ऊ आईसीसी चैंपियंस ट्रॉफी 2025 खातिर तइयार हो सकें। अगर बुमराह के चोट गंभीर भइल तs ऊ इंग्लैंड के खिलाफ वनडे सीरीज आ चैंपियंस ट्रॉफी से बाहर हो सकेलन।",भारत आ आस्ट्रेलिया के बीच बॉर्डर-गावस्कर ट्रॉफी 5 जनवरी के खतम हो गइल। एह सीरीज के आखिरी टेस्ट मैच सिडनी में भइल जवना के दुसरका दिने जसप्रीत बुमराह कमर में चोट के चलते मैदान से बाहर हो गइलन आ ओकरा बाद ऊ गेंदबाजी ना कs पवले. टीम इंडिया के तिसरका दिन गेंदबाजी में एकर नतीजा भोगे के पड़ल। बुमराह के अनुपस्थिति में भारतीय गेंदबाजी कमजोर बा आ आस्ट्रेलिया 6 विकेट से मैच जीत के सीरीज पs कब्जा कs लिहलस आ विश्व टेस्ट चैम्पियनशिप के फाइनल में आपन जगहा पक्का कइलस। बीसीसीआई के मेडिकल टीम के रिपोर्ट में कहल गइल बा कि बुमराह के पीठ के ऐंठन के ग्रेड के बारे में अबे जानकारी बा। फ़ॉर ऑलराउंडर जसप्रीत बुमराह आ जसप्रीत बुमराह के चोट के कारण भारत के खिलाफ सीरीज से बाहर कइल गइल बाड़ें।-धोनी के ग्रेड में बदलाव के,0.5455,0.0,0.5455
199,"केंद्रीय मंत्री आ बेगूसराय के सांसद गिरिराज सिंह ""बांटोगे तो काटोगे यात्रा"" के दौरान राहुल गांधी पs बड़ हमला बोलले बाड़ें। ऊ कहलें कि राहुल गांधी देस में गृह युद्ध करावल चाहत बाड़ें आ वक्फ बोर्ड के कांग्रेस के नाजायज औलाद बतवलें। गिरिराज सिंह कहलें कि ई यात्रा 18 अक्टूबर से भागलपुर से शुरू होके 22 अक्टूबर के खत्म होई आ ई हिंदुत्व के जगावे के यात्रा हs। ऊ लालू आ तेजस्वी यादव पs भी हमला कइले बाड़ें आ कहलें कि ई राजनीतिक यात्रा नइखे।","“बांटोगे तो काटोगे यात्रा” पs सीमांचल के सांसद गिरिराज सिंह राहुल गांधी पर बड़ हमला बोलल बाड़ें। ऊ वक्फ बोर्ड के नाजायज औलाद कहलें कि राहुल गांधी देस में गृह युद्ध करावल चाहत बाड़ें आ ई कानून के ना मामेले। गिरिराज सिंह कहलन कि वक्फ बोर्ड कांग्रेस के नजायजा औलाद के तरे बा, लेकिन ऊ अपना वोट बैंक के लेके विरोध कs रहल बा। केंद्रीय मंत्री गिरिराज सिंह कहले कि ई यात्रा हिंदू स्वाभिमान यात्रा पs कहल गइल बा, जवन मुस्लिम समुदाय के लोगन के समर्थन कइलें।ა फ़ेरीदयाल सिंह यादव भी बतवलें कि हज यात्रा के विरोध कइल जा रहल बाड़े। बाड़ें कि ऊ अपना यात्रा के समर्थन करत रहल बाड़ बाड़न। शुरुआती दौर में कहले बाड़न कि ऊ मुस्लिम समुदाय से",0.75,0.3333,0.75
200,"स्मार्टफोन के संभारके रखल बहुत जरूरी बा, काहेकि फोन में खराबी से काम रुक जाला। स्क्रीन के सेफ रखे खातिर सही स्क्रीनगार्ड के चयन कइल जरूरी बा। नया भा पुराना फोन होखे, स्क्रीन के सुरक्षा खातिर सही साइज के स्क्रीनगार्ड लगावल जाव, ताकि फोन चलावे में दिक्कत ना होखे। एंटी फिंगरप्रिंट आ ऑयल दूर करे वाला स्क्रीनगार्ड के इस्तेमाल से स्क्रीन साफ आ धुंधला ना होई। सही स्क्रीनगार्ड के चुनाव से फोन के स्क्रीन के नुकसान से बचावल जा सकेला।","लोगन के जिनगी के अहम हिस्सा बन चुकल स्मार्टफोन के संभारके रखल जरूरी बा। फोन में आइल तनिको खराबी से कइयन गो काम रुक जाला आ फोन के अंदर आ बाहर दुनो तरफ से सुरक्षित रखे के पड़ेला। फोन के स्क्रैच के संगे कैंची जइसन नुकीला चीज से नुकसान ना होखे, अइसन स्क्रीनगार्ड के चुनाव करी, ताकि फोन के टच कंट्रोल बेहतर होखे। अक्सर लोग दुकान वाला से भा फेर के स्क्रीनगार्ड ले लेवे के कोशिश करी, लेकिन स्क्रीनगार्ड से फायदा ना मिल सकेला।वित्त सप्ताह के अंत में फोन के स्क्रीन के सेफ रखल जाए के जरूरत बा।वित्त लोगन स्क्रीनगार्ड पर ध्यान दे रहल बा आ फोन में स्क्रीनगार्ड का चुनाव कइल जाई।वित्तीय जानकारी के लिए रजिस् ट्रेशन पs सही स्क्रीनगार्ड आ स्क्रीनगार्ड पसंद",0.0,0.0,0.0
201,"गोरखपुर में 17 से 24 दिसंबर तक अखिल भारतीय आमंत्रण प्राइजमनी फुटबॉल चैंपियनशिप प्रतियोगिता होखे जा रहल बा। उद्घाटन मुकाबला 17 दिसंबर के उत्तर प्रदेश संयुक्त छात्रावास आ नावेल्टी कश्मीर के बीच होई। कश्मीर के टीम गोरखपुर पहुंच गइल बा आ बाकी टीम सोमार आ मंगर तक आई। प्रतियोगिता में सीआरपीएफ जालंधर, बीएसएफ सिलीगुड़ी, आ अन्य टीम शामिल होइहें। विजेता के दू लाख, उप विजेता के एक लाख, आ तिसरका स्थान पs 50 हजार रुपिया के पुरस्कार राशि मिली।","गोरखपुर। 17 से 24 दिसंबर तक रीजनल स्पोर्ट्स स्टेडियम में आयोजित अखिल भारतीय आमंत्रण प्राइजमनी फुटबॉल चैंपियनशिप के उद्घाटन मुकाबला 17 दिसंबर के उत्तर प्रदेश संयुक्त छात्रावास आ नावेल्टी कश्मीर के बीच खेलल जाई। दु बजे से शुरू होखे वाला एह मुकाबला के लेके तइयारी जोरन पs बा आ कश्मीर के टीम अतवार के देर रात गोरखपुर पहुंच गइल बा। फुटबॉल के मानकन के अनुसार गोलपोस्ट आ मैदान के तइयार करे खातिर ग्राउंड स्टाफ लगातार काम में जुटल बा लो। प्रतियोगिता के उद्घाटन आ समापन सत्र खातिर मुख्य अतिथि लोगन के नाम अभी तय नइखे कइल जा सकल। दरअसल, 16 दिसंबर से उत्तर प्रदेश विधानसभा के शीत सत्र शुरू हो रहल बा, लेकिन, एह प्रतियोगिता के आयोजन के भव्य आ आकर्षक बनावे के कोसिस मुख्य अतिथि के बुलावे पर होई। फ़ॉरमेंस एंड कल्चरल एडमिनिस्ट्रेशन ऑफ इंडिया बा।า",0.8,0.75,0.8
202,"गोरखपुर के मोहद्दीपुर क्षेत्र के लोगन के तीन दिन ले बिजली के कटौती के सामना करे के पड़ी. बिजली विभाग के जानकारी अनुसार, 132 के०वी० मोतीराम अड्डा-मोहद्दीपुर ग्रिड लाइन के कण्डक्टर के क्षमतावृद्धि के काम के चलते ई कटौती होई. कटौती 23, 24 आ 26 दिसंबर 2024 के सांझ 11:00 से 15:00 बजे ले होई, जवन मोहद्दीपुर ओल्ड आ मोहद्दीपुर-न्यू के कई फीडर पर असर डाली.","गोरखपुर के लोगन के तीन दिन ले विद्युत आपूर्ति में कटौती के सामना करे के पड़ी. 132 के०वी० मोतीराम अड्डा-मोहद्दीपुर ग्रिड लाइन के कण्डक्टर (तार) के क्षमतावृद्धि के कार्य कइला के कारन इs कटौती होई. उक्त लाइन के सहारा लीलो प्वाइंट पs विद्युत आपूर्ति के कटौती होई आ 26.12.2024 के सांझ के 11:00 से 15:00 बजे तक बिजली आपूर्ति होई. मोहद्दीपुर ओल्ड -33 के0वी० एयरफोर्स, 33 के० वी० जी०आर०डी०, 33 में०वी0 सहारा, 33 का०वीं तारामण्डल आ 33 केंवी० यूनिवर्सिटी ना होई। 132 के0 वी० ई लाइन के सुरक्षा के दृष्टिकोण से दिनांक 23.12.1924, 24.12.1024 आ 26.10.2023 के बीच बिजली आपूर्ति के समय में कटौती होई। मोहद्दी पुर-न्यू-33 के०वि० ए०,",0.4737,0.2222,0.3684
203,भारत एशियन हॉकी चैंपियंस ट्रॉफी में बादशाहत बरकरार रखले बा। हरमनप्रीत सिंह के कप्तानी में भारतीय टीम फाइनल में चीन के 1-0 से हरवलस। जुगराज सिंह के इकलौता गोल चउथा क्वार्टर में 51वां मिनट में भइल। भारत ई ट्रॉफी के पांचवां बेर जीतल बा आ अजेय रहत खिताब बरकरार रखले बिया। भारतीय टीम लीग में सब पांच मैच जीतल रहे आ सेमीफाइनल में दक्षिण कोरिया के हराके फाइनल में पहुँचल रहे।,"भारत के एशियन हॉकी चैंपियंस ट्रॉफी में बादशाहत बरकरार बा। हरमनप्रीत सिंह के कप्तानी वाली भारतीय टीम फाइनल में मेजबान चीन के 1-0 से हरवलस। भारत रिकॉर्ड पांचवां बेर ट्रॉफी पs कब्जा कइलें। भारत के ओर से ई गोल चउथा क्वार्टर में आइल। जुगराज सिंह मैच के 51वां मिनट में फील्ड गोल दगलें। टीम इंडिया डिफेंडिंग चैंपियन के हैसियत से टूर्नामेंट में उतरल रहे, जबकि चीन के खिलाफ 3-0 के जीत सामिल बा। भारत सेमीफाइनल में दक्षिण कोरिया के हराके खिताबी मुकाबला में जगह बनवले रहे। दुनो टीम के पहिला बेर फाइनल के टिकट मिलल रहे। फ़्रांस के खिलाफ भारत के टीम लगातार छठा बेर फाइनल में हारल रहल बा। फ़ाइनलर्स ट्रॉफी में भारत के शानदार प्रदर्शन के चलते टीम इंडिया अपना पहिला बेर खिताबी मैच खेलल बाड़ें। फ़्रान्स के 3-0 से",0.5455,0.2222,0.5455
204,"प्राइवेट पब्लिक पार्टरनरशिप के तहत पूर्वांचल आ दक्षिणांचल बिजली निगम के लेनदेन सलाहकार के नियुक्ति के खिलाफ बिजली मजदूरन के आंदोलन शुरू भइल बा। बिजली मजदूर अलग-अलग अपार्टमेंट में आरडब्ल्यूए के अधिकारियन से भेंट कइले आ निजीकरण के नुकसान बतवले। सोमार के दिन सगरी ऊर्जा निगम, ठेका मजदूर आ इंजीनियर विरोध प्रदर्शन करीहें आ करिया पट्टी पहिन के काम करीहें। सीएम योगी के पत्र में टीए के नियुक्ति प्रक्रिया के जांच के मांग उठावल गइल बा। राजस्व वसूली में बढ़ोतरी आ लाइन लास में कमी के जानकारी भी दिहल गइल बा।",प्राइवेट पब्लिक पार्टरनरशिप के अंतर्गत पूर्वांचल अवुरी दक्षिणांचल बिजली निगम के चलावे खातीर लेनदेन सलाहकार (टीए) के नियुक्ति के खिलाफ बिजली मजदूर के ओर से चरणबद्ध तरीका से आंदोलन शुरू कs दिहल गईल बा। पिछला अतवार के दिने बिजली मजदूर अलग अलग अपार्टमेंट में रेजिडेंट वेलफेयर एसोसिएशन (आरडब्ल्यूए) के अधिकारियन से भेंट कइले आ निजीकरण से होखे वाला नुकसान के बारे में बतवले। सीएम योगी के पत्रउपभोक्ता परिषद के अध्यक्ष अवधेश कुमार वर्मा एकरा बारे में सीएम योगी आदित्यनाथ के चिट्ठी लिखले बाड़े। राजस्व वसूली में ट्रांजेक्शन एडवाइजर के नियुक्ति प्रक्रिया के जांच करे के मांग उठावल जाई आ राजस्व वसूली के मुद्दा पर चर्चा हो सकेला।वित्त वर्ष 2017-18 में बिजली मजदूरन के राजस्व वसूली बढ़ गइल बाड़ें। राजस्व वसूली पर सरकार के ध्यान दिहल जाई।,0.0,0.0,0.0
205,देवरिया में श्रीअनन्त इंटरमीडिएट कॉलेज के खेल मैदान पर फुटबॉल मैच के क्वार्टर फाइनल में मोहमदिया स्पोर्टिंग क्लब मऊ आ बहादुर यादव पीजी कॉलेज भटनी के बीच मुकाबला भइल। मऊ के टीम भटनी के एक गोल से हराके सेमीफाइनल में पहुँच गइल। मुख्य अतिथि अनंत विक्रम सिंह ‘निकू’ खेल के महत्व पर जोर दिहलें आ कहलें कि खेल मानसिक आ शारीरिक विकास में मददगार बा। मैच के निर्णायक मकसूद आलम रहलें आ ताहिर 7वां मिनट में गोल क के मऊ के टीम के जीत दिलवलें।,"देवरिया/अखिलेश कुमार सिंह। श्रीअनन्त इंटरमीडिएट कॉलेज सतरांव के खेल मैदान में फुटबॉल मैच के क्वार्टर फाइनल के चउथा मुकाबला मोहमदिया स्पोर्टिंग क्लब कोपागंज मऊ आ बहादुर यादव पीजी कॉलेज भटनी के बीच खेलल गइल। सईयन के संख्या में लोग खिलाड़ियन के हौंसला बढ़ावल। मुख्य अतिथि अनंत विक्रम सिंह ‘निकू’ कहलें कि खेल हमनी के जिनगी के आवश्यक हिस्सा बा आ स्वस्थ देह आ दिमाग के विकसित करे खातिर खेल महत्वपूर्ण भूमिका निभावेला। खेल कइयन प्रकार के होला, जवन तनाव दूर करे के बेहतर माध्यम बा। कार्यक्रम में डॉ. जितेंद्र अग्रहरि, सरोज कुमार, संतोष यादव, शारदा कुशवाहा, संतोष कुमार, राकेश कुमार, रामकिशन यादव आ अन्य लोग उपस्थित रहलें। रंगीन खेल के पहिला हाफ में कवनो गोल ना भइल। बाड़ें, लेकिन मैच के",0.0,0.0,0.0
206,"उत्तर प्रदेश के अमरोहा जिला में एगो बड़हन मनरेगा घोटाला सामने आइल बा, जहाँ प्रभावशाली लोग मनरेगा के लेबर कार्ड बना के सरकारी पईसा के गबन कईले बाड़े। मोहम्मद शमी के बहिन आ जीजा के नाम भी एह घोटाला में शामिल बा। भारतीय किसान यूनियन (शंकर) कार्रवाई के मांग कईले बिया आ आंदोलन के चेतावनी देले बिया। जिला मजिस्ट्रेट के कहनाम बा कि जांच होई आ दोषी लोग से वसूली कइल जाई। पलौला गांव के लोग बतावत बाड़े कि प्रधान गुले आयशा शमी के बहिन के सास हई आ ऊ अपना रिश्तेदारन खातिर मनरेगा जॉब कार्ड बना लिहले बाड़ी।","उत्तर प्रदेश के अमरोहा जिला में एगो बड़हन मनरेगा घोटाला सोझा आइल बा, जहाँ बेहद प्रभावशाली लोग मनरेगा के लेबर कार्ड बना के सरकारी पईसा के गबन कईले बाड़े। मोहम्मद शमी के बहिन आ जीजा के नाम भी एहमें शामिल बा। एह घटना के सोझा अईला के बाद मनरेगा योजना पs सवाल उठल शुरू हो गईल बा। लोग मनरेगा योजना के खिलाफ आंदोलन के चेतावनी देले बिया। ऊ लोग के खिलाफ कार्रवाई के मांग कइले बिया, लेकिन कुछ लोग उनुका खिलाफ कार्रवाई ना कइल जाई। फ़ातिमा शमी के पति मोहम्मद शमी मनरेगा में धांधली के आरोप में गिरफ्तार भइल बाड़ें आ उनकर परिवार के लोगन के खिलाफ मुकदमा दर्ज कइल गइल बाड़ें। शुरुआती जानकारी के अनुसार, उनुका के आरोप बा कि उनकर बहिन शबीना आ उनुकर जीजा गज़नवी के नाम सामने आइ",0.0,0.0,0.0
207,"जदि रउआ आईफोन के इस्तेमाल करत बानीं तs रउआ के पता चलल होई कि समय के साथ आईफोन धीमा हो जाला। एह दिक्कत के समाधान खातिर रउआ के बेकार फाइल्स आ कैशे हटावे के चाहीं। बैकग्राउंड में चल रहल एप्स के सेटिंग बंद कs के भी स्पीड बढ़ावल जा सकत बा। सॉफ्टवेयर अपडेट ना कइला से भी आईफोन के गति कम हो जाला। गैर-जरूरी एप, फाइल्स, फोटो आ वीडियो के डिलीट कs के रउआ आईफोन के स्टोरेज आ स्पीड में सुधार क सकीला।","जदि रउआ आईफोन के इस्तेमाल करत बानीं तs ई खबर काम के हो सकत बा। एपल के तकनीक भलही बहुत अच्छा होखे, बाकिर एकरा बादो कुछ सालन बाद आईफोन बहुत धीमा गति से काम करे लागत बा। आईफोन में जवना फाइल्स ट्रैश बिन में पड़ल बा, तs फोन से कैशे हटावे से फोन के स्पीड बढ़ जाला। हालांकि, कइयन बेर अइसन ना होला तब परेसानी कुछ आउर हो सकेला। आईफोन के बैकग्राउंड में कइल जाला कि एह सेटिंग के बंद करे के चाहीं। फ़ेसबुक, ट्विटर, इंस्टाग्राम, इंस्टाग्राम आ इंस्टाग्राम पर लोगन के ई-मेल, ईमेल, ईमेल आ अन्य सोशल मीडिया पर शेयर करे के सलाह दिहल गइल बा। शुरुआती खबर में जानीं कि आईफोन के स्पीड में सुधार के जरूरत बा। आईफोन के डाउनलोड स्पीड बढ़ गइ",0.8,0.6667,0.8
208,"रूस यूक्रेन युद्ध में रूस पहिला बेर इंटर कॉन्टिनेंटल मिसाइल (ICBM) दगले बा। 21 नवंबर के सबेरे 5 से 7 बजे के बीच ई हमला कइल गइल, जवन RS-26 Rubezh मिसाइल से कइल गइल बा। यूक्रेन के वायुसेना एह हमला के पुष्टि कइले बा आ रूस निप्रो शहर के निशाना बनवले रहे। अमेरिका के राष्ट्रपति जो बाइडन यूक्रेन के लमहर दूरी के मिसाइलन के उपयोग के अनुमति देले रहलें। युद्ध फरवरी 2022 से चल रहल बा आ हाल में 1000 दिन पूरा हो गइल।","रूस यूक्रेन पs इंटर कॉ न्टिनेंटल अंतरमहाद्वीपीय मिसाइल (ICBM) दगले बा। रूस रूस के मिसाइलन से हमला कइले बा आ आज (21 नवंबर) के सबेरे 5 से 7 बजे के बीच रूस के ओर से ई हमला कइल गइल। रूस RS-26 Rubezh मिसाइलन के इस्तेमाल कइल बा आ एह मिसाइल के रेंज 5,800 किमी बा। यूक्रेनी वायुसेना एह हमला के पुष्टि कइल बा आ रूस के इंटेलिजेंस दावा कइल जा रहल बा कि रूसी सेना इंटरकॉन्टीनेंटल बैलिस्टिक मिसाइल के दागे के तइयारी कइलस। फ़्रांस के राष्ट्रपति व्लादिमीर पुतिन के बयान के बाद रूस रूस पर हमला के आशंका बढ़ गइल बा। फ़्रान्स के रक्षा मंत्री माइक पोम्पियो भी रूस के खिलाफ हमला के खिलाफ बा।",0.7368,0.7059,0.7368
209,"भारतीय महिला हॉकी टीम बिहार महिला एशियन चैंपियंस ट्रॉफी राजगीर 2024 में थाईलैंड के 13-0 से हराके एगो बड़ जीत दर्ज कइलस। दीपिका 5 गोल कइली आ प्रीति दुबे 50वां कैप हासिल कइली। भारत के पहिला क्वार्टर में जोरदार सुरुआत भइल, जेमे दीपिका आ प्रीति दुबे गोल कइली। चउथा क्वार्टर में नवनीत कौर, मनीषा चौहान आ लालरेमसियामी गोल कs के स्कोर के 13-0 तक पहुंचा दिहल। अगिला मुकाबला 16 नवंबर के चीन के खिलाफ होई।","भारतीय महिला हॉकी टीम बिहार महिला एशियन चैंपियंस ट्रॉफी राजगीर 2024 के अपना तीसरका ग्रुप मैच में थाईलैंड के 13-0 से हराके एगो बड़ जीत दर्ज कइलस। 21 बरिस के फारवर्ड दीपिका सानदार प्रदर्शन करत भारत खातिर पांच गोल (3’, 19’, 43’, 45’) कइली, जबकि प्रीति दुबे आ 50वां कैप हासिल कइल। भारतीय टीम के कप्तान हरमनप्रीत कौर आ दीपिका के शानदार प्रदर्शन से भारत बढ़त के दोगुना कs देली। हरमनप्रीत कौर गोल कs के स्कोर के 3-0 क के देली आ दूसरका क्वार्टर में भारतीय टीम आक्रामक खेल जारी रखलें। फ़्रांस के खिलाड़ी दीपिका दुबे आ दीपिका दुबे के शानदार खेल के संगे भारत के बढ़त में मदद कइल गइल। फ़्राउंडर दीपिका दुबे, जवन भारत के जीत में महत्वपूर्ण योगदान दिहलस। शुरुआती बढ़त हासिल कइले",0.5455,0.3,0.5455
210,"पाकिस्तान के पूर्व प्रधानमंत्री आ 1992 विश्व कप विजेता कप्तान इमरान खान के खराब सेहत के खबर से क्रिकेट जगत में चिंता बढ़ गइल बा। 73 बरिस के इमरान खान के तबियत बिगड़त बतावल जा रहल बा आ 14 पूर्व अंतरराष्ट्रीय कप्तान एक संयुक्त चिट्ठी लिख के उनकर बेहतर इलाज के मांग कइले बा लोग। चिट्ठी में भारत के सुनील गावस्कर आ कपिल देव समेत कई दिग्गज कप्तान शामिल बाड़ें, लेकिन एको गो पाकिस्तानी पूर्व कप्तान के हस्ताक्षर नइखे। इमरान खान के दाहिना आंख के रोशनी 85 प्रतिशत तक कम हो गइल बा आ उनकर परिवार के आरोप बा कि जेल में सही इलाज नइखे मिलत।","पाकिस्तान के पूर्व प्रधानमंत्री आ 1992 विश्व कप विजेता कप्तान इमरान खान के खराब सेहत के खबर से अंतरराष्ट्रीय क्रिकेट जगत में चिंता बढ़ गइल बा। 73 बरिस के इमरान खान तबियत बिगड़त बतावल जा रहल बा आ 14 पूर्व अंतरराष्ट्रीय कप्तान पाकिस्तान सरकार के एगो संयुक्त चिट्ठी लिख के इमरान के तुरंत आ बेहतर इलाज करावे के मांग कइले बा। एह चिट्ठी पs एको गो पाकिस्तानी पूर्व कप्तान के हस्ताक्षर नइखे। भारत के महान बल्लेबाज सुनील गावस्कर, कपिल देव आ कपिल देव शामिल बा। इमरान खान विश्व क्रिकेट के महानतम ऑलराउंडर आ कप्तान रहलें आ उनकर स्वास्थ्य पs गंभीर चिंता बा।  फ़्रांस सरकार के खिलाफ कार्रवाई करे के बात कहल गइल बाड़ें।विरासत में इमरान खान भी शामिल बा आ उनकरा में शामिल बा, जवना में भ्रष्टाचार के खिलाफ आवाज बुलंद कइल जाई।... ऑरेंज कैपे",0.6667,0.5714,0.6667
211,"पंजाब किंग्स आईपीएल 2025 में शानदार सुरुआत कइले बिया आ ऊ लखनऊ सुपर जाएंट्स के हराके अंक तालिका में दूसरका स्थान पs पहुँच गइल बिया। लखनऊ के इकाना स्टेडियम में खेलल मुकाबला में पंजाब 16.2 ओवर में 177 रन बनाके जीतल। निकोलस पूरन लखनऊ के ओर से ऑरेंज कैप के दउड़ में सबसे आगे बाड़ें, जबकि नूर अहमद चेन्नई सुपर किंग्स के पर्पल कैप के दउड़ में सबसे आगे बाड़ें। आईपीएल में सब 10 टीम जीत के खोल लेले बाड़ी स।","पंजाब किंग्स आईपीएल 2025 में आपन अभियान के सानदार सुरुआत कइले बिया। पंजाब मंगर के लखनऊ सुपर जाएंट्स के हरवले रहे, जवना से ऊ चार अंक लेके तालिका में दूसरका स्थान पs पहुंच गइल बिया आ गत चैंपियन कोलकाता नाइट राइडर्स (केकेआर) तीन मैचन में दु हार आ एगो जीत से शीर्ष पs खिसक गइल। पंजाब 16.2 ओवर में 177 रन बनवले आ मुकाबला अपना नावे कs लेलस। पंजाब चउथा बेर सत्र के सुरुआत में दुगो मुकाबला जीतला बिया, जबकि दिल्ली डेयरडेविल्स आ सनराइजर्स हैदराबाद के बीच मुकाबला चल रहल बा। फ़ेसबुक लाइव रिपोर्टस के अनुसार, पंजाब के अलावे रॉयल चैलेंजर्स बेंगलुरु आ दिल्ली कैपिटल्स के टीम के भी अंक बढ़ गइल बाड़ें। शुरुआती मैच में टॉस हारके पहले बल्लेबाजी कइल गइल",0.7692,0.7273,0.7692
212,दिल्ली के मुख्यमंत्री आ आम आदमी पार्टी के संयोजक अरविंद केजरीवाल 18 दिसंबर के एगो बड़हन एलान कइले बाड़न। आज दुपहरिया एक बजे ऊ प्रेस कांफ्रेंस कs के बुजुर्गन खातिर संजीवनी योजना के एलान कइलन। ई योजना 60 साल से ऊपर के बुजुर्गन के स्वास्थ्य सेवा से जुड़ल बा आ दिल्ली सरकार एकरा तहत उनकर खरचा उठाई। केजरीवाल सोशल मीडिया पर लिखले कि ई घोषणा दिल्ली मॉडल में एगो मील के पत्थर साबित होई।,"दिल्ली के मुख्यमंत्री रहल आ आम आदमी पार्टी के संयोजक अरविंद केजरीवाल आजु 18 दिसंबर के दिल्ली के जनता खातिर एगो बड़हन एलान कइले बाड़न। आज दुपहरिया एक बजे केजरीवाल एगो प्रेस कांफ्रेंस कs के बुजुर्गन खातिर संजीवनी योजना के एलान कइलन, जवन बुजुर्गन के स्वास्थ्य सेवा से जुड़ल बा। अरविंद केजरीवाल सोशल मीडिया साइट ‘एक्स’ पs ट्वीट करत लिखले कि, “हम लोग खातीर होई आ दिल्ली मॉडल में एगो मील के पत्थर साबित होई।” अरविंद केजरीवाल केजरीवाल सरकार 60 साल से ऊपर के बुजुर्ग के खरचा उठाई आ उनकर स्वास्थ्य सेवा में मदद कइलस। आपातकालीन स्वास्थ्य सेवा के एलान के तहत स्वास्थ्य सेवा पर ध्यान दिहल जा रहल बा, जेकरा खातिर आपन परिवार के खर्चा उठावल गइल बा।”ა ऊधम सिंह नगर में आम आदमी के सरकार के तरफ से एगो महत्वपूर्ण घोषणा कइल गइ",0.8571,0.8,0.8571
213,"कोका-कोला के वैश्विक मुख्यालय के सचिव जोया विलियम्स के पेप्सी के एगो नाया उत्पाद के गोपनीय जानकारी बेचे के कोशिश के आरोप में गिरफ्तार कइल गइल। ऊ आ उनकर सहयोगी इब्राहिम डिमसन आ एडमंड दुहानी मिल के 15 लाख अमेरिकी डॉलर के कीमत पर चोरी भइल जानकारी बेचे के साजिश रचले रहले। ई साजिश तब असफल हो गइल जब पेप्सी कोका-कोला आ एफबीआई के जानकारी दिहलस। जोया विलियम्स पर गैरकानूनी तरीका से व्यापारिक रहस्य चोरी आ बेचे के आरोप बा, आ उनकर खिलाफ पेप्सी के झूठा नाम से चिट्ठी लिखे के आरोप भी लागल बा।","कोका-कोला के वैश्विक मुख्यालय के सचिव के पेप्सी के एगो नाया उत्पाद के बारे में बहुत गोपनीय व्यापारिक जानकारी बेचे के आरोप में गिरफ्तार कइल गइल। जोया विलियम्स अपना सहयोगी इब्राहिम डिमसन आ एडमंड दुहानी के संगे मिल के ई चोरी भइल जानकारी के 15 लाख अमेरिकी डॉलर (12.6 करोड़ रुपया) के भारी कीमत पऽ बेचे के साजिश रचले, जवन कि पीला रंग के गर्ल स्काउट कुकी बॉक्स के भीतर छिपल रहे। ई गुप्त अभियान ज़ोया विलियम्स आ उनकर सहयोगियन के गिरफ्तारी के संजोग से भइल जवना के गैरकानूनी सौदा पूरा होखे से पहिले गिरफ्तार कइले। शुरुआती जांच में खुलासा हो चुकल बा कि ई मामला अमेरिकी दूतावास के गोपनीय दस्तावेज के उल्लंघन कइल जा रहल बा। फ़ॉरमेंस आ गोपनीय जानकारी के जानकारी लीक हो गइल बा, जेकरा से ई मामला के खुलासा",0.5,0.0,0.5
214,बुध के 31 जनवरी के भारतीय रिजर्व बैंक पेटीएम पेमेंट बैंक के खिलाफ कार्रवाई कईलस। आरबीआई कहलस कि 29 फरवरी 2024 के बाद कवनो ग्राहक के खाता में पईसा जमा करे पs रोक लगावल गईल बा। एह बयान के बाद सोशल मीडिया पs #Paytm ट्रेंड हो रहल बा आ लोग पेटीएम के शेयरधारकन पर मीम बना रहल बा। आरबीआई के कहना बा कि प्रतिबंध के बावजूद ग्राहक अपना बचत आ चालू खाता से बकाया बैलेंस निकाल सकेलें।,"बुध के 31 जनवरी के भारतीय रिजर्व बैंक एगो बयान जारी कs पेटीएम पेमेंट बैंक के खिलाफ कार्रवाई कईलस, जवना में कवनो ग्राहक के खाता, प्रीपेड उपकरण, वॉलेट, फास्टैग, NCMC कार्ड आदि में पईसा जमा करे पs रोक लगा दिहल गइल बा। आरबीआई के एह बयान के बाद सोशल मीडिया पs #Paytm ट्रेंड हो रहल बा आ लोग पेटीएम के शेयरधारकन के बारे में मजेदार मीम बना रहल बाड़ें। आरबीआई कहलस कि कइसे लोग सोशल मीडिया पर मीम शेयर करे के जरूरत नईखे। आरबीआई के कहना बा कि एह प्रतिबंध के बावजूद लोग अपना बचत खाता, चालू खाता, प्रिपेड इंस्ट्रूमेंट वगैरह से बकाया बैलेंस के आसानी से निकाल सकेलें भा ओकर इस्तेमाल कs सकेलां। शुरुआती दिनों से ही लोग पेटीएम पर मीम्स के इस्तेमाल कइलें आ",0.6154,0.3636,0.6154
215,"भारत के उपकप्तान ऋषभ पंत इंग्लैंड के खिलाफ सीरीज से बाहर हो गइल बाड़ें काहेकि उनकर गोड़ में चोट लागल बा। मैनचेस्टर टेस्ट के पहिला दिन बल्लेबाजी करत समय उनकर गोड़ पs गेंद लागल आ उ रिटायर्ड हर्ट हो गइलें। स्कैन में पता चलल कि उनका गोड़ के अंगुरी टूट गइल बा आ डॉक्टर आराम करे के सलाह देले बाड़ें। पंत के बाहर होखल भारत खातिर बड़ झटका बा, काहेकि उ फॉर्म में रहल बाड़ें आ अब टीम में एगो कम बल्लेबाज हो जाई। बीसीसीआई जल्दी उनका रिप्लेसमेंट के एलान करी।","इंग्लैंड दौरा पs भारत के एगो आउर झटका लागल बा। भारतीय खिलाड़ियन के चोटिल होखला के दौर जारी बा आ उपकप्तान ऋषभ पंत के नाम जुड़ चुकल बा। पंत मैनचेस्टर टेस्ट के पहिला दिन बल्लेबाजी करत गोड़ में चोट लागल रहे, लेकिन उ बहुते दरद में लउकल रहस आ रिटायर्ड हर्ट हो गइल रहस। बीसीसीआई उनकर के एंबुलेंस में ले जाय के कोसिस कइल गइल बा, जवन उनकर पैर के अंगुरी टूट गइल बाड़ें। फ़ॉर ऑलराउंडर ऋषभ पंत भी चोटिल बाड़ें आ टीम के साथ खेलल गइल बाड़न। फ़ेसबुक लाइव में बतवले बाड़ें कि उनकर स्कैन खातिर ले जाइल जा रहस, जवना से उनकर चोट के बारे में जानकारी दिहल जा रहल बा आ उनकर फिटनेस पर चर्चा हो सकेला। फ़ेस",1.0,0.0,1.0
216,"विश्व टेस्ट चैंपियनशिप के बाद टेस्ट क्रिकेट के रोमांच बढ़ गइल बा। आईसीसी 2027-29 चक्र में छोट देसन खातिर चार दिवसीय टेस्ट मैच के मंजूरी देवे के तइयारी में बा, जबकि भारत, ऑस्ट्रेलिया आ इंग्लैंड पारंपरिक पांच दिवसीय मैच खेली। आईसीसी अध्यक्ष जय शाह चार दिवसीय टेस्ट के समर्थन कइले बाड़ें आ ई नियम के मंजूरी खातिर चर्चा भइल। भारत आ इंग्लैंड के बीच टेस्ट सीरीज 20 जून से लीड्स में शुरू होखे जा रहल बा। चार दिवसीय टेस्ट में प्रतिदिन न्यूनतम 98 ओवर खेलल जाई।","विश्व टेस्ट चैंपियनशिप के अइला के बाद से टेस्ट क्रिकेट के रोमांच दोगुना हो गइल बा। अब टीमन के बीच जीत के लेके रोमांचक जंग देखे के मिलत बा। एकरा के आउर रोचक बनावे खातिर आईसीसी प्लेइंग कंडीशन में बदलाव करे जा रहल बा आ चार दिवसीय टेस्ट मैच के मंजूरी देवे खातिर तइयार बा। इंग्लैंड, ऑस्ट्रेलिया आ इंग्लैंड जइसन बड़ टीम एमे अपवाद रहिहें सs। ई तीन चारो देस एक दूसररा के खिलाफ पारंपरिक पांच दिवसीय मैच खेली जा सकेला। इंग्लैंड आ इंग्लैंड के बीच टेस्ट सीरीज के समय में बदलाव के जरूरत बा। फ़ॉर ऑलराउंडर जसप्रीत बुमराह, जसप्रीत बुमराह आ मोहम्मद शमी के शानदार फॉर्म के चलते ई सीरीज में बदलाव हो सकेला बा।- इंग्लैंड आ दक्षिण अफ्रीका के बीच क्रिकेट ऑस्ट्रेलिया के खिलाफ टेस्ट सीरीज में भी बदलाव के संभावना बा आ इंग्लैंड, इंग्लैंड आ ऑस्ट्रेलिया के बीच पांच दिवसीय टेस्ट सीरीज खेली जा",0.0,0.0,0.0
217,"टीम इंडिया 5वां टेस्ट मैच आस्ट्रेलिया के खिलाफ खेल रहल बिया। जसप्रीत बुमराह अचानक मैदान से बाहर निकल गइलन, जेकरा से प्रशंसकन के धड़कन बढ़ गइल। बुमराह एह सीरीज में टीम इंडिया के सबले सफल गेंदबाज रहल बाड़न आ कुछ देर बाद उनुका के मेडिकल स्टाफ के संगे स्कैन खातिर स्टेडियम के बहरी जात देखल गईल। एकर वीडियो भी सामने आइल बा।",टीम इंडिया आस्ट्रेलिया के खिलाफ खेल रहल बिया। एह सीरीज के 5वां टेस्ट मैच के बीच भारतीय टीम आ प्रशंसकन खातिर एगो बुरा खबर आइल बा। टीम इंडिया अबहियो एह मैच में मजबूत पोजीशन में लउकत रहुवे कि जसप्रीत बुमराह अचानक मैदान से बाहर निकल गइलन। जसप्रीत बुमराह भारत खातिर सबले सफल गेंदबाज रहल बाड़न। बुमराह के स्कैन खातीर स्टेडियम के बहरी जात देखल गईल। एकर वीडियो में उनुका के गाड़ी में बैठके रवाना होखत देखल जा रहल बाड़ें। शुरुआती जांच में टीम इंडिया के स्टार ऑलराउंडर जसप्रीत बुमराह के सफल गेंदबाज के पहचान हो गइल बा आ उनुका में से एकर सफल गेंदबाज बन गइल बाड़े। जसप्रीत बुमराह एह टेस्ट मैच में सफल गेंदबाज बाड़ें आ टीम इंडिया खातिर सबली सफल गेंदबाज बाड़ बाड़न बाड़न बाड़े बाड़ें बा। शुरुआती मैच के दौरान,1.0,0.0,1.0
