index,gold,pred,ROUGE-1_F1,ROUGE-2_F1,ROUGE-L_F1
0,"१०० वर्षक बाद मिथिलाक भविष्य पर विचार करैत, आजुक युवा विश्व परिवेश संग डेग बढा रहल छथि। बाबा आदम वला कहावत मिथक बनि गेल अछि, आ आजुक युग मे अर्थक आवश्यकता बेसी भऽ गेल अछि। प्रवासी मैथिल समुदायक बच्चा सब गाम छोड़िकय शहर मे सफलताक संग जीवन यापन कय रहल छथि, मुदा भविष्यक सन्तति आ संस्कृति केर चिन्ता एकटा पैघ चुनौती बनल अछि। दहेज मुक्त मिथिला केर आन्दोलन सफल भऽ रहल अछि, आ एहि सन्देश केँ बुझि भविष्यक चिन्ता केँ समाधान करबाक गुंजाइश बनत। अन्यथा, मिथिला केर सभ्यता पर गंभीर संकट उत्पन्न भऽ सकैत अछि।","१०० वर्षक बाद मिथिलाक बाल बच्चा विश्व परिवेश संग डेग बढा रहल अछि। आब ओ बाबा आदम वला कहावत जे फल्लाँ बाबा एतेक सिद्धयोगी रहथि कि ओ अपन इलाका सँ बाहर पैर तक नहि रखलाह। प्रवीण सँ पुछब त कहत जे बाबा के जमाना नीक छल। हुनकर इच्छा आ मांग सेहो एहेन सीमा मे छलन्हि जे हुनका अपन गामहु केर सीमा सेहो बाहर पैर रखबाक जरूरी नहि भेलन्हि। प्रवीण कहैत छथि जे ओ गरीबक जीवन सँ भटकल अछि, मुदा ओ गरीब व्यक्ति केर जीवन मे बाधा उत्पन्न करैत अछि। खूब पढ़ेल लेख लेख सँ जागरूक होइत अछि जे समाज मे गरीबी आ गरीबी केर समस्या केँ दूर करबाक प्रयास कयल जा रहबाक आवश्यकता अछि।॔एजेंसीएजेंसी",0.2967,0.1063,0.2201
1,"प्रवीण नारायण चौधरी झा चन्दन केर कार्टून मैथिली सिनेमा सँ भोजपुरी सिनेमा दिस समाजक झुकाव बढ़बैत अछि। मिथिलावासी अपन मूल्य केँ अवमूल्यन करैत छथि आ अपन घरक खोज नहि करैत छथि। साहित्यक समुद्रमे हाइकू, शेर्न्यू, रूबाइ आ गजल केर चर्चा कयल गेल अछि। चोरक हल्ला मचैत गाम मे पुछारि होइत अछि।",प्रवीण नारायण चौधरी झा चन्दन केर कार्टून मे निजभाषा ‘मैथिली’ केर सिनेमा छोड़ि अश्लील आ फूहरता सँ भरल भोजपुरी सिनेमा दिशि समाजक झुकाव बढैत अछि। मिथिलावासी अपन मूल्य केँ अवमूल्यन करैत आनक पात चाटय सँ पाछाँ नहि हँटैत छथि। अपन घर के खोजे नहि अन्ना के पुछारि अपने भ्रष्ट से सोचे नहि सभ्यताके बिसारि! मिथिला राज बनाबय लेल तेलंगाना के वेट बारीक पटुआ तीत अछि दूरक लगबी रेट! कौआ कुचरय सांझ के खायब नहि आब गुँह भिन्सर फेरो बिसरैत अछि दौड़ि मारय मुँह! मोरक पाँखि पहिरि के नाचि सकय नहि जोर पाउडर मुँह रगड़ि कतबो बनय केओ कि गोर! नित्य नया टन्टा झाड़य मारय झटहा तीर महाबूड़ि कोढिया मनुख बनय हमेशा वीर! साहित्य,0.3293,0.1728,0.2805
2,"डा. उपेन्द्र ठाकुरक ""प्रारम्भिक राजतंत्रः विदेह"" पुस्तकमे विदेह प्रदेश आ एकर जनता पर चर्चा कयल गेल अछि। विदेह प्राचीन आर्यभूमिक एक महत्वपूर्ण क्षेत्र छल, जकरा जैन आ बौद्ध धर्मक प्रसारक कारणे समादर नहि भेटल। मनुस्मृति अनुसार विदेहक लोक आर्यावर्तक निवासी छलाह आ राजनीतिक आ सांस्कृतिक उपलब्धिमे अग्रणी रहलाह। विदेह आ लिच्छविक वर्गीकरण ब्राह्मणधर्मक प्रमुख प्रतिनिधिक रूपमे वैदेहलोकनिक उपस्थिति केँ दर्शाबैत अछि। विदेहक लिच्छवी शाखा बौद्धधर्मक विकासमे महत्वपूर्ण भूमिका निभौने छल।","डा. उपेन्द्र ठाकुर “प्रारम्भिक राजतंत्रः विदेह” नामक पुस्तकमे विदेहक महत्व पर चर्चा कयल गेल अछि। ब्राह्मण ग्रन्थ सभक सम्पादनक समय मध्यदेशक पूर्वमे कौशल विदेह नामक सजातीय जन सभक महासंघ छल, जकर महत्व पुरु पंचाल जन सभसँ थोड़बो कम नहि छलैक। मनुक अनुसार, विदेह देश आर्यभूमिक प्राच्यतम् प्रदेश छलाह, जतय ब्राह्मणक आवासी नहि छलाह। ब्राह्मणक इतिहास मे विदेह आ आर्यावर्तक वंशक उल्लेख अछि, जकरा कारण विदेह लोकनिक समादरक दृष्टि सँ नहि देखल जाइत छलनि। मनुस्मृतिक ४ अनुसार विदेह केँ विदेह कहबैत अछि, मुदा ब्राह्मणक वंश आ आर्यक वंशक उत्थान आ विकासक आवश्यकता अछि। फ़ायदा अछि। हिन्दू धर्मक इतिहास अनुसार, ई पुस्तकमे ब्राह्मणक उत्थानक इतिहास",0.3006,0.0702,0.1965
3,"दरभंगा, जनवरी १०, २०१८. मिथिला राज्य निर्माण सेनाक महासचिव राजेश झा संजय झा संग भेंट कयलनि आ राज्य निर्माणक प्रक्रिया मे सहयोगक अपेक्षा रखलनि। संजय झा मिथिलाक विकास आ युवा अभियानी लोकनिक ध्यानाकर्षण कयलनि। महासचिव झा १६ जनवरीक ब्रह्मपुरा कार्यक्रमक तैयारी मे लागल छथि आ मिथिला राज्यक स्थापना लेल जन गण मनकेँ जागरूक करबाक संकल्प व्यक्त कयलनि। रत्नेश्वर झा आ ई. शिशिर कुमार झा द्वारा विकास परिषद आ राज्य निर्माणक मुद्दा पर विचार कयल गेल।","दरभंगा, जनवरी १०, २०१८। महासचिव राजेश झा मिथिला राज्य निर्माण सेनाक जमीनी नेतृत्व मे सुसुप्तता केँ तोड़ैत छथि। ओ ललित बाबू उपनाम सँ प्रसिद्ध नेता संजय झा संग भेंटघाँट करैत राज्य निर्माण जा धरि अपन प्रक्रिया मे अछिताहिमे सहयोगक अपेक्षा रखलनि, जखन कि विकासक कार्य लेल निरन्तर राजनीति मे अपन जीवन लगेनिहार संजय झाक नेतृत्व मे युवा अभियानी लोकनिक ध्यानाकर्षण कएलनि। ओ अपन फेसबुक स्टेटस मे एहि चर्चाक शुरुआत देलनि। मैथिली विकास मे योगदान दैत मिथिलाक विकास मे महत्वपूर्ण भूमिका निभाबैत अछि, जकरा लेल विभिन्न राजनीतिक दल आ संगठनक सहभागिता आवश्यक अछि। फ़ायरपोर्ट, एम्स आ मिथिला डेवलपमेंट कौंसिल के गठनक आवश्यकता पर जोर देल गेल अछि।॔ खूब चर्चा क",0.3478,0.1758,0.2717
4,गजल में साच्चे आँहाक याद बड तड्पाबैत रहैय आ बिछोडक पीडा बहुते सताबैत रहैय। राति में सजनी तरेगन गनि गनि कटै छी आ मन साँझे बिरहक गीत गाबैत रहैय। आँखिक सोझाँ सँ हटैत नै चेहरा आँहाक आ सपना में आबि सदैब पिराबैत रहैय। सु मधुर स्वर सँग कुहकि कुहकि क यै अहीक बराई कोइली सुनाबैत रहैय।,"गजल साच्चे आँहाक याद बड तड्पाबैत रहैय, जतय बिछोडक पीडा बहुते सताबैत रहिैय !! तरेगन गनि गनि राति कटै छी सजनी ! मन साँझे बिरहक गीत गाबैत आैय !! आँखिक सोझाँ सँ हटैत नै चेहरा आँहाक ! सपना में आबि सदैब पिराबैक रहैय !! सु मधुर स्वर सँग कुहकि कुहक क यै ! अहीक बराई कोइली सुनाबैत छथि। अशरफ राईन सिनुरजोडा अँहिक गुणगथा सुनाबय रहैत अछि। सरल बार्णिक बहर वर्ण १६ अशरफ़ राईन आ आ आहीक संग संग संगहि कोइली के गुणगान कयल जा रहैय अछि।॔विवादक दौर में कोइली आ कोइली सुनबैत अछि त",0.6533,0.4189,0.56
5,"पीताम्बरी देवी के कथा दहेज मुक्त मिथिला समूह द्वारा आयोजित लघुकथा प्रतियोगिता में तृतीय स्थान पर पुरस्कृत भेल अछि। भोलाबाबू, जे गाम के पैघ खेतिहर छथि, अपन चारि बेटी आ तीन बेटा के विवाह आ पढ़ाई के व्यवस्था कयलनि। फूलमतिया के विवाह एक नीक लड़का संग भेल, मुदा सासु के दबाव आ घरक काज में फूलो के कठिनाई भ' गेल। एक दिन फूलो अपन माय के घर भागि गेल आ ओहि ठाम अपन जीवन के नया शुरुआत कयलनि। अंततः फूलो अपन बेटी के पढ़ाई कराबि क' शिक्षिका बना देलनि आ सब दिन सत्यनारायण भगवान के पूजा करैत छथि।","पीताम्बरी देवी, कबीर चक, दरभंगा में आयोजित लघुकथा प्रतियोगिता मे ई कथा तृतीय स्थान लेल पुरस्कृत कयल गेल अछि। फूलमतिया बेचना भोलाबाबू के ओतय सबदिन हुनकर बेगारि खटलक। भोलाबाबू सब किछु बेचना पर छोड़ि देने छथिन, काज त सबटा बेचना सम्हारने छथि। भोला बाबू के चारि टा बेटी आर तीन टा बेटा छन्हि। बेटी सब के विवाह दान भ’ गेल अछि, जखनि सब बेटी सब एक बेर खेत मे नौकरी चाकरी करैत छथि, मुदा घर में सबटा के भार बेचि देल गेल। मैथिली कथा के अनुसार, भोलाबाबू गांव मे नौकरी कयलनि आ गाँव मे नौकरी करबाक चाही। उन्निहारहार सब के जीवन पर ध्यान देल जा रहल अछि।॔า खूब चर्चा कयल जा रहै।",0.3524,0.0385,0.2286
6,१७ जुलाई २०१९ केँ धरान मे नेपाल तराई विद्यार्थी नवजागरण संघ द्वारा पूर्वाञ्चल इंजीनियरिंग कैम्पस केर छात्र सभक लेल एक भव्य विदाई समारोह आयोजित कयल गेल। एहि समारोह मे विदाई सम्मान पत्र दय केँ छात्र सभक भविष्यक शुभकामना देल गेल। प्रमुख अतिथि प्राचार्य आरडी यादव सहित अन्य शिक्षक आ छात्र नेता लोकनि उपस्थित छलाह। कार्यक्रम मे मैथिली आ भोजपुरी गीत पर सांस्कृतिक प्रस्तुति सेहो कयल गेल। विदाई समारोह मे मातृभाषा प्रेम आ भाषिक उत्थान पर विशेष ध्यान देल गेल।,"२१ जुलाई २०१९ केँ नेपाल तराई विद्यार्थी नवजागरण संघ धरान द्वारा पूर्वाञ्चल इंजीनियरिंग कैम्पस केर कोर्स पूरा कय घरमुंहाँ छात्र सभक लेल एक भव्य विदाई समारोहक आयोजन १७ जुलाई बुध दिन आयोजित कयल गेल छल। फेयरवेल प्रोग्राम २के७६ शीर्षक मे आयोजित एहि समारोह मे तराई मधेशक विद्यार्थी लोकनि केँ विदाई सम्मान पत्र दय केँ आगू नीक भविष्यक शुभकामना देल गेल। समारोहक मुख्य अतिथि विद्यानन्द बेदर्दी, साक्षी चौधरी आ साक्षी चौधरी उपस्थित छलाह, जकरा मे मैथिली आ अन्य महत्वपूर्ण विषय पर चर्चा कयल जा रहल अछि। कार्यक्रम मे विभिन्न प्रतिभागी उपस्थित रहल छथि आ विभिन्न विषय पर विचार कयलनि। उन्निहार विद्यार्थी सभक सहभागिता बढ़ल छल। हिन्दुस्तानी भाषा आ संस्कृति केँ बचाबय लेल महत्वपूर्ण भूमिका निभाबय केर आवश्यकता अछि।॔ खूब पढ़ेल",0.5152,0.2959,0.4444
7,"रुस द्वारा भारतीय प्रधानमंत्री नरेन्द्र मोदी केँ सर्वोच्च राष्ट्रीय सम्मान देबाक घोषणा सँ हुनका एक प्रशंसकक रूप मे बड़ पैघ प्रसन्नता भेटल। ई सम्मान रुसक राष्ट्रपति पुतिन केर हस्ताक्षरित अछि आ भारत आ रुसक बीच विशेष रणनीतिक साझीदारी केँ बढेबाक लेल देल गेल अछि। मोदी जी केँ पहिने सेहो विश्वक विभिन्न देश द्वारा कई सर्वोच्च सम्मान भेटल अछि, जइमे यूएई द्वारा जायेद मेडल, सियोल शान्ति पुरस्कार आ राष्ट्रसंघ द्वारा पृथ्वीक चैम्पियन सम्मान शामिल अछि। मोदी जीक मेहनत आ लगन केँ मान्यता दैत ई सम्मान सब हुनका भेटल अछि।","भारतीय प्रधानमंत्री नरेन्द्र मोदी केँ ओहि ठामक सर्वोच्च राष्ट्रीय सम्मान ‘ ' ' देबाक घोषणा सँ मोदी जी केर प्रशंसकक रूप मे बड़ पैघ प्रसन्नता भेटल। रसियन फेडरेशन आ भारतीय गणतंत्रक बीच विशेष आ प्राथमिक रणनीतिक साझीदारी केर विकास आ दुइ राष्ट्रक जनताक बीच सौहार्द्रता आ मित्रता केँ बढेबाक लेल रुसक राष्ट्रपति पुतिन केर हस्ताक्षरित कयल गेल। एहि सम्मान मे भारतक प्रधानमंत्री नरेन्द्र दामोदारदास मोदी (एन डी मोदी) केँ देल जेबाक निर्णय भेल अछि। भारतक सर्वोच्च स्टेट ओनर (सम्मान) भारत केँ भेटल, जकरा लेल मोदी जीक प्रयास केँ प्रशंसा कयल जायत। फ़ायरल गेल अछि। फ़्रांस केर प्रधानमंत्री मोदीजी केँ भारत केर सर्वोच्च नागरिक सम्मान ' 'भारत रत्न' देल गेल, जतय भारत आ अफगानिस्तान केर सम्मान",0.4828,0.2587,0.335
8,"डा. लक्ष्मण झा, जे मिथिला राज्य आन्दोलनक बीजि पुरुष आ उद्भट विद्वान् छलाह, हुनक पुण्यतिथि पर श्रद्धांजलि अर्पित कएल गेल। हिनकर छात्र जीवन सँ लंदन विश्वविद्यालय सँ पीएचडी कयलनि आ मिथिला विश्वविद्यालयक कुलपति पद पर रहलाह। १९५२ मे दरभंगा महराजक नेतृत्व मे मैथिली महासभा द्वारा मिथिला राज्यक आह्वान कयल गेल, जकरा बाद १९५३ मे कलकत्ता मैथिल संघक प्रदर्शन भेल। डा. झा द्वारा लिखल गेल पोथी ‘राज्य केर औचित्य आओर स्वरूप’ आ ‘गोरखा पाया विरोध आंदोलन’ महत्वपूर्ण अछि। हिनकर त्याग आ समर्पण मैथिलीक उत्थान मे प्रेरणास्रोत बनल अछि।","डा. लक्ष्मण झाक स्मरण मे मिथिला राज्य आन्दोलनक बीजि पुरुष, उद्भट विद्वान्, मैथिलीक डलबाह, भोर दुपहर साँझ राति आ विशेषतः एखनुका काल समय मे सदिखन स्मरणीय छलाह। हुनक पुण्यतिथि पर कोटि कोटि नमन। अपन छात्र जीवनहि सँ अद्भुत प्रतिभा संपन्न डा. झा लंदन विश्वविद्यालय सँ पीएचडी छलाह आ हिनकर शोधक विषय छल “मिथिला आ मगध”। एहि योद्धा १९५२ मे कलकत्ता मैथिल संघ प्रदर्शन कएलनि। १९५२ ईश्वी मे मैथिली महासभा एकर आह्वान पहिने कय चुकल छल मुदा प्रस्तावक बाद मिथिला विश्वविद्यालयक कुलपति पद केँ सेहो सुशोभित भेलाह। एहि योद्धाक नेतृत्व मे १९५३ मे गिरीश पार्क मे आयोजित मजदूर सम्मेलनक अध्यक्षता सँ मिथिला मैथिल महासभा केँ संबोधित कएल गेल। खूब चर्चा कयल जा रहल अछि।... खूब पढ़े-ल",0.4455,0.21,0.2673
9,"हनुमान चालीसा के मैथिली अनुवाद में लेखक रमेश द्वारा प्रेरणा देल गेल अछि। ई पाठ हनुमान जी के गुण आ महिमा के बर्णन करैत अछि, जतय हुनकर बल, बुद्धि आ विद्या के महत्त्व बताओल गेल अछि। पाठ में हनुमान जी के उपकार, रामकाज में योगदान आ भक्तजन के संकट सँ मुक्ति के बारे में चर्चा कयल गेल अछि। अंत में, हनुमान जी के जयकारा आ भक्तिपूर्ण प्रार्थना प्रस्तुत कयल गेल अछि।","हनुमान चालीसा (मैथिली अनुवाद) प्रेरणाः लेखक रमेश, दरभंगा द्वारा प्रस्तुत कयल गेल अछि, जतय हनुमान चालीसे रामक महिमा आ महिमा के वर्णन कएल गेल अछि। रामदूत अतुलित बलधाम अंजनिपुत्र पवनसुत नाम॥२॥ महावीर विक्रम बजरंगी कुमति निवारि सुमति के संगी॥३॥ कंचन वरण विराज सुवेश कान में कुंडल घुंघरल केश॥४॥ हाथ वज्र आ ध्वजा विराजय कान्ह पर मूँज जनेऊ साजय॥५॥ शंकर सुवन हे केसरीनन्दन तेज प्रताप महा जगवन्दन॥६॥ विद्यावान गुणी अति चातुर राम काज करय लेल आतुर॥७॥ प्रभु चरित्र सुनय मे रस ली राम लखन सीता मन बसबी॥८॥ सुक्ष्म रूप धय सिया देखाबी विकट रूप आ लंका जराबी॥९॥ हनुमानजी के काज सम्हारी॥१०॥ आ हनुमान जी के कार्य आ",0.2712,0.1029,0.2147
10,एक जरूरी विमर्श मिथिलाक आर्थिक विकास मे उद्यमशीलताक भूमिका पर केन्द्रित अछि। विद्वान श्री अजय झा द्वारा कहल गेल अछि जे मिथिलाक जागरूकता लेल उद्यमिता क्षेत्र सँ योगदान आवश्यक अछि। ओ कहैत छथि जे मिथिला केँ जोड़यवला तत्त्व आ समान जुड़ाव उत्पन्न करबाक साधन पर विचार करबाक जरूरत अछि। विमर्श मे अनूप कुमार झा सेहो अपन विचार रखैत छथि जे आर्थिक प्रारूप बनाबय लेल बिहारक सामाजिक ढांचा केँ ध्यान मे राखब जरूरी अछि। एहि सब विचार सँ स्पष्ट होइत अछि जे मिथिलाक विकास लेल ठोस कार्य आ सामूहिक प्रयासक आवश्यकता अछि।,"मिथिलाक आर्थिक विकास मे उद्यमशीलताक भूमिका आ संचारकर्म केर धर्म केँ निभबैत, विद्यमान समाज मे मिथिला प्रति चिन्तन मनन केँ निरन्तरता देबाक लेल आजुक ई विमर्श अछि। एहि मे रुचि रखनिहार आ उपयुक्त योग्यता सँ योगदान देनिहारक सहभागिता मात्र जरूरी अछि। सर्वप्रथम ध्यानाकर्षण आ अपनेक जवाब एहि दुइ विन्दु मात्र पर चाहब। जनक जानकीक मिथिला केँ जोड़यवला तत्त्व आजुक परिस्थिति मे कि सब छैक? मिथिला रत्न श्री अजय झा अपन विचार (तीरभुक्ति, अक्टूबर दिसम्बर २०२० अंक) संग एक अत्यन्त महत्वपूर्ण विषय रखलाह, आ लिखलनि जे विश्व भरिक मैथिल कें जागरूकता प्रति एकटा सामाजिक क्रांतिक संभावना देखा रहल अछि। मैथिली कें विकास आ उद्यमशीलता केँ बढ़ावा देल जायत। अंततः, मैथिल संस्कृति केर विकास आ विकास पर चर्चा करबाक आवश्यकता अछि।",0.381,0.1442,0.2381
11,"कामिनी मिश्रा अपन अधिकारक बात कऽ रहल छथि। ओ कहैत छथि जे बेटा आ बेटी मऽ फर्क नै होएबाक चाही आ ओ अपन नाम रोशन करबाक लेल तैयार छथि। ओ अपन माँ सँ आग्रह करैत छथि जे हुनका एक मौका दिअ, ताकि ओ अपन फर्ज पूरा कऽ सकथि। ओ अपन सम्मान बढ़ेबाक लेल प्रतिबद्ध छथि आ धरती पर आबै कऽ अधिकारक बात करैत छथि।","कामिनी मिश्रा द्वारा लिखित लेख में माँ माँ के महत्व पर चर्चा कयल गेल अछि। बेटी बैन अइ दुनियाँ मऽ, हमरा सऽ प्रेम नइ, जे अपन फर्ज पुरा करब। माँ के फर्ज पूरा करब, आ हम अपन नाम रोशन करब। एकटा मौका दऽ कऽ देखु माँ, बेटी बैन कऽ हम सम्मान बढायब, अई धरती पर आबैकऽ हमरो अछि अधिकार माँ । एकटा मौका देल गेल अछि, जतय माँ आ बेटा के बीच प्रेम बढ़े। खूब खूब खूबियां व्यक्त कयल जा रहल अछि। खूबियाँ पढ़ी जा रही अछि, मुदा माँ के सँ प्रेम आ सम्मान बढ़ेबाक इच्छा व्यक्त करबाक आवश्यकता अछि। खूब खूबियाँ पढ़ेल लेख में अछि अछि अछि जे हमरा आहा बेटी मानब, बेटा बैन आ दुनियाँ में आबै कऽ। हम आहा कऽ नाम रोशन",0.2963,0.0749,0.1481
12,"दीपक कुमार मैथिल, १२ जनवरी २०२०, मैथिली जिन्दाबाद!! मुंबई में भ रहल अछि मैथिला मे रोजगार के जोगार नासिक महाकुंभ २०१५ मे किछु मैथिल व्यक्ति आ संस्था सबहक बिचार स “मैथिल समन्वय समिति” के स्थापना भेल। एहि समिति द्वारा ५० स अधिक संस्था के सहयोग स मैथिल समाजक कल्याण हेतु अनेकों क्रार्यक्रम के आयोजन कयल गेल अछि। आगमी १६ फरवरी २०२० क नवी मुंबई के वाशी मे एकटा “बिजनेस कन्क्लेव” के आयोजन भ रहल अछि, जाहि मे २०० मैथिल आ अन्य बिजनेसमेन के संग व्यापार आ उद्योग पर चर्चा होएत। आशा अछि मिथिला समाजक उत्थानक दिशा मे एहि कार्य मे देश के अन्य राज्य आ मैथिलक सहभागिता रहत।","दीपक कुमार मैथिल, १२ जनवरी २०२०, मैथिली जिन्दाबाद!! मुंबई मे रहनिहार मैथिल व्यक्ति आ किछु मैथिल संस्था सबहक बिचार स एकटा एहैन संस्था बनेबाक बिचार भेल, जाहि मे देशक अत्यधिक मैथिल मिथिला के नाम पर काज केनिहार संस्था सब एकमंच पर आबि किछु नया करैथ। संदीप झा केर संरक्षण आ श्री प्रेमचंद झा के अदय्क्षता मे “मैथिल समन्वय समिति” के स्थापना भेल। संस्था द्वारा २०० मैथिल बच्चा के धीरज प्रतिभा सम्मान के निरंतर सफलता के बाद आगमी १६ फरवरी २०२० क नवी मुंबई के वाशी मे एकटा “बिजनेस कन्क्लेव” के आयोजन भ रहल अछि। संदीप युनिवर्सिटी के सिजौल, मधुबनी मे १०० मैथिल आ अन्य बिजनेसमेन स १ बात करबाके लेल आयोजन कयल गेल अछि, जतय मैथिल समाज के उत्थान आ विकास के दिशा मे महत्वपूर्ण योगदान देल गेल अछि।",0.5907,0.3745,0.4388
13,"खरिहान ओ स्थान अछि जतय पशु मवेशी, खेती के औजार आ काटल गेल फसल राखल जाइत अछि। मिथिला में खरिहानक उपयोगिता अन्न संग्रह के अलावा शुभ अशुभ काज लेल होइत अछि। आब गाम में खरिहान बहुत कम देखय लेल भेटैत अछि आ खेती बाड़ी में रुचि कम भऽ रहल अछि। उच्च शिक्षा आ आरामदायक जीवनक अपेक्षा में लोक शहर दिस पलायन कऽ रहल छथि, जकरा कारण खरिहान विलुप्त होइ के कगार पर अछि। खेती में मेहनत बेसी आ लाभ कम होएब सेहो एकटा कारण अछि जे खरिहानक उपयोगिता घटा रहल अछि।","खरिहान जकरा खलिहान या बाड़ा सेहो कहल जाइत छैक। ओ स्थान जाहि में पशु मवेशी,खेती के औजार और काटल गेल फसल राखल जाइत अछि। गाम घरक आस पास के जमीन के कहल जायत अछि, जतय अन्न अनाज राखल जायत। गाम में खेती के उत्तम काजक संज्ञा देल गेल अछि। भारत एक कृषि प्रधान देश अछि, जिकर अधिकांश जनसंख्या कृषक सभक अछि। गांव में खेती आ मजदूरी के महत्व पर चर्चा कयल जा रहल अछि, मुदा गांव में अनाज के उचित मूल्य नहि मिलल अछि। मिथिला में खेतीक महत्व बढ़ल अछि आ ग्रामीण क्षेत्र में रोजगारक अवसर बढ़ेबाक आवश्यकता अछि। फ़ायदादायक समाचार पढ़कर खुशी व्यक्त करैत छथि। फ़यशा झा झा आ आभा झा कहल गेल अछि जे गाम में कृषि आ रोजगार के अवसर",0.3738,0.1226,0.2336
14,गोपाल जी गोपाल केर जन्मदिन पर प्रवीण शुभकामना देल गेल अछि। ओ बायोटेक्नोलौजी केर प्राध्यापक छथि आ विभिन्न संस्थान सभ मे सलाहकारक रूप मे कार्यरत छथि। हिनका द्वारा मिथिलाक्षेत्रक बच्चा सभ केँ उच्च शिक्षा प्राप्ति लेल प्रेरित कयल गेल अछि। ओ दहेज मुक्त मिथिला अभियान मे सेहो सक्रिय रहल छथि आ शिक्षा आ संस्कार केर विकास पर जोर दैत छथि। आजुक विशेष अवसर पर हुनका प्रति स्नेह आ आशीषक संग शुभकामना देल जा रहल अछि।,"'गोपाल जी गोपाल' केर जन्मदिन पर प्रवीण शुभकामना एक विशिष्ट व्यक्तित्व छन्हि, जे मैथिली मिथिलाक संग मातृभूमि व राष्ट्र लेल समर्पित सज्जन छथि। बायोटेक्नोलौजी विषय केर प्राध्यापक, युसीए तर्सादिया विश्वविद्यालयक एसिस्टैन्ट प्रोफेसर, आस्क एजुकेशन मे एडवाइजर, फास्ट ट्रैक यंग साइंटिस्ट, दृष्टि क्रिएटिव प्राइवेट लिमिटेड, जेनेक्सप्लोर डायग्नौस्टिक्स रिसर्च प्रा. लि., एप्लसप्लस वेन्चर आ ग्रीन एग्रीमाइल्स केर समन्वयक, ओन्ट्रोप्रेन्यीशीप कमिटी सी.जी.आइ.बी.टी. केर संयुक्त सचिव, ओएनजीसी लंदन, ई टीवी चैनल केर सह-संस्थापक, जेएनटीयू केर अध्यक्ष आ अन्य सदस्य रहैत छथि, जे विभिन्न विषय पर चर्चा कयलनि।, गोपाल जी गोपाल केर व्यक्तित्व विकास आ शिक्षा केर महत्व पर चर्चा करबाक",0.269,0.0947,0.1637
15,"पटना मे निरन्तर वर्षा आ जलजमावक कारण जनजीवन त्रस्त अछि। किछु क्षेत्र मे पानि एतेक लागि गेल अछि जे लोक लेल घर सँ बाहर निकलनाय कठिन भऽ गेल अछि। सरकार राहत पहुँचाबय लेल प्रयास कय रहल अछि, मुदा ई राहत आवश्यकता मे रहल लोक धरि नहि पहुँचि पाबि रहल अछि। मिथिला स्टुडेन्ट यूनियनक स्वयंसेवी आ अन्य लोक राहत सामग्री पहुँचाबय मे लागल छथि। स्थिति धीरे-धीरे सामान्य होयबा दिश उन्मुख अछि, आ स्वयंसेवी लोक केँ नमन कयल जाइत अछि।","पटना मे बाढिक अवस्था आ जलजमावक कारण जनजीवन त्रस्त अछि। जलनिकासीक सारा इन्तजाम फेल छैक, कारण पटनाक निचला भाग सँ जे सब नदी आदि बहि रहल अछि, जलग्रहण क्षेत्र स्वयं ऊफान पर रहत त स्वाभाविके जलबहाव रुकि जाइत अछि। सरकार आ स्वयंसेवी लोकनिक संग सहकार्य करैत महत्वपूर्ण कार्य कय रहला अछि। आदरणीय जेठ भ्राता भाइजी, दीदी आ चेतना समितिक द्वारा सेहो एहि दिशा मे महत्वपूर्ण कार्य सब कयल जा रहल छथि, जतय लोक सब राहत कार्य सँ जुड़ल छलाह आ राहत कार्य मे सहयोग करैत छथि।॔ फ़ँसल लोक केँ राहत पहुँचेबाक प्रयास कयल जायत।निसंदेहक संग सहयोग लेल अपील करबाक अपील कयल गेल अछि, जकरा संग सहयोग करबाक आग्रह करबाक आवश्यकता अछि",0.3915,0.1176,0.2222
16,"काठमांडू, 6 फरवरी 2022 । मैथिली जिन्दाबाद!! जानकी मन्दिर कें विश्व सम्पदा सूचीमे सूचीकृत करबाक लेल संस्कृति मन्त्री प्रेम आले कें मधेशी आयोगक अध्यक्ष डा. विजयकुमार दत्त द्वारा पत्र सौंपल गेल अछि। पत्रमे जानकी मन्दिरक संग-संग सप्तरीक सखड़ेश्वरी मन्दिर, राजविराजक राजदेवी मन्दिर, धनुषा, महोत्तरी, सर्लाही आ रौतहट जिलाक अन्य सांस्कृतिक स्थलसभक विकासक मांग कयल गेल अछि। अध्यक्ष डा. दत्त ओहि क्षेत्रसभक स्थलगत अनुगमन कयने छथि आ स्थानीय विज्ञ सभक संग सहकार्य करैत पत्र सौंपलनि अछि।","काठमांडू, 6 फरवरी 2022 । मैथिली जिन्दाबाद!! जानकी मन्दिर कें विश्व सम्पदा सूचीमे सूचीकृत करबाक हेतु संस्कृति मन्त्री डा.विजयकुमार दत्त द्वारा संस्कृति, पर्यटन तथा नागरिक उड्डयन मन्त्री प्रेम आ अन्य सांस्कृतिक स्थलसभक व्यवस्थापन करबाक मांग कयल गेल अछि। अध्यक्ष डा. दत्त सप्तरी स्थित सखड़ेश्वरी मन्दिरकें सार्वजनिक व्यवस्थापन, राजविराज स्थित राजदेवी मन्दिर जे पुरातात्विक अध्ययन सँ तेसर शताब्दीक रहल आ बलान बिहुल गा.पा ३ मौवाहाकें करिब २ सय बर्ष पुरान लक्ष्मीनारायण मन्दिरक आवश्यक विकास तथा व्यवस्थापन, धनुषा जिल्लाक धनुषाधाम, महोत्तरीक जलेश्वरनाथ, सर्लाही एवं रौतहट जिल्लाक बीच मे रहल नुनथर. वारा जिल्लाक गढीमाई, मोरंग जिल्लाक विराटनगर सहित विराट दरबार, बाँके जिल्लाक नेपालगंज स्थित बागेश्वरी मंदिर सहितक जिल्लासभ कें उचित तथा यथाशी",0.4022,0.2747,0.337
17,"विजेता चौधरी ध्वस्त ताजमहल के रहस्यमयी चञ्चलता संग घुमैत छथि। शनि दिन ओ अपन प्रियतम संग भेटबाक योजना बनौने छथि आ ओहिठाम पहुँचिकऽ हुनकर प्रतीक्षा करैत छथि। हुनक आँखि अभिव्यक्तिक सिम्बोल थिक आ ओ अपन प्रेमक भावना व्यक्त करैत छथि। धरहरा चढ़बाक क्रम में ओ एक दोसराक हाथ पकड़ि लऽ कऽ अपन प्रेमकेँ शब्द आ भावकेर आकार दैत छथि। अंततः, ओ एक दोसराक आलिङ्गनमे भरि लैत छथि, जतय दुनू के धड़कन तेज भऽ उठल अछि।","विजेता चौधरी ध्वस्त ताजमहल आंखिमे रहस्यमयी चञ्चलताक विम्ब लऽ कऽ घुमैत रहैत छथि। हुनक आँखि अभिव्यक्तिक सिम्बोलसन एकदम्म बाचाल छैक। शनि दिन घुमऽ जएबाक योजना ओ एक हप्ता पहिने तय कऽ चुकल छलीह, मुदा हुनका मनमे चुम्बकक गुरुत्वाकर्षण उत्पन्न होइत अछि। हुनकर आँखि सबका ध्यान आकर्षित भऽ रहल अछि आ हुनक स्मृतिसभ हर क्षण व्यग्र बनबैत छल। ओ कतेकरास अंतरंग बातसभ बतियाएल छलहुँ, आ हुनकेँ देखल जा रहल छथि, जकरा कारण हुनक मनमे भय उत्पन्न भऽ गेल अछि। विजेता चौधरी के अनुसार, हुनक जीवनमे एक नया अध्याय लिखल गेल अछि, जतय हुनकी स्मृतिसभ केँ देखबामे कठिनाई भेल अछि।",0.3121,0.1053,0.2081
18,"ईश्वर अनिवार्य आ ऐच्छिक विषय पर पंडित रुद्रधर झा द्वारा लिखल गेल अछि। ब्रह्मवैवर्तपुराण आ महाभारत केर उद्धरण सँ सिद्ध होइछ जे माता, पिता, गुरु आ अतिथि चारू अनिवार्य ईश्वर छथि। विद्या आ मन्त्र केर दाता गुरु माता सँ बेसी श्रेष्ठ छथि। भगवान् स्वयं केँ ऐच्छिक ईश्वर मानैत छथि, कारण जे मानव समाजक विभिन्न धारणा आ विश्वासक संगति बनल रहय। जगद्गुरु भगवान् कृष्णक आदेश अछि जे मनुष्य केँ सदा ध्यान आ कर्म मे योगयुक्त रहबाक चाही।","ब्रह्मवैवर्तपुराण कृष्णजन्म ७२ ११०, ११२ समस्त पूज्य लोकनि मे पिता वन्द्य महान् गुरु छथि, मुदा माता गर्भ मे धारण आ पालन करय सँ पिता सँ सौ गुना श्रेष्ठ छथि। वेदानुसार गुरु सँ पैघ वन्द्य आ पूज्य कियो आर नहि छथिथि। ‘पितुः शतगुणा माता, मातुः सुरः। मन्त्रदस्तन्त्रदश्चैव सुराणां च चतुर्गुणः॥’ – ब्रह्मवैव पुराण कृष्णजन्म ८३ ११ पिताक कथा बतबैत अछि, जतय माता केँ पूजां द्विजः कुर्यादिति पौराणिकीश्रुतिः॥ महाभारत अश्वमेधिकापर्व अचानक पहुँचल परिचित अभ्यागत आ अपरिचित अतिथि कहाइत छथि आ वेदक पालन आ पालनक महत्व पर चर्चा कयल गेल अछि। उन्नाम आ भविष्य मे विद्या केर महत्व पर ध्यान केन्द्रित करबाक आवश्यकता अछि।॔",0.2938,0.0229,0.113
19,"जनवरी २६, २०१८ केँ गणतंत्र दिवसक अवसर पर मैथिली आ भोजपुरी भाषाक प्रसिद्ध गायिका डा. शारदा सिन्हा केँ पद्म भूषण सम्मान आ वैज्ञानिक मानस बिहारी वर्मा केँ पद्मश्री सम्मानक घोषणा कयल गेल अछि। ई सम्मान बिहारक ८५ व्यक्तित्व मे शामिल अछि, जे राज्य लेल गौरवक बात अछि। अन्य सम्मानित व्यक्तित्व मे महेंद्र सिंह धोनी आ पंकज आडवाणी सेहो छथि। पद्म पुरस्कारक लेल १५,७०० लोकनि आवेदन केने छलाह।","जनवरी २६, २०१८ केँ मैथिली जिन्दाबाद!! मिथिलाक लोकमानस मे एहि ठामक दुइ दिग्गज व्यक्तित्वकेँ वर्ष २०१८ केर गणतंत्र दिवसक संध्यापर पद्म पुरस्कारक घोषणा कयल गेल। एहि समारोह मे धोनी, पंकज आडवाणी, शारदा सिन्हा केँ पद्म भूषण सम्मान आ लक्ष्मीकुट्टी केँ पद्मश्री लेल सम्मानित कयल जा रहल अछि। पद्मभूषण लेल भारतक ११म राष्ट्रपति डा. जे. अब्दुल कलाम केँ सम्मानित कय देल गेल अछि। एहि बेर पुरस्कार हेतु १५,७०० लोकनि आवेदन केने छलाह। साहित्य आर शिक्षा, चिकित्सा, कला आर सामाजिक कार्यक विभिन्न क्षेत्र सँ कुल ८५ व्यक्तित्वक लेल चुनल गेल। हालहि स्वर्गीय डा. जी. डी. बर्मन केँ भारत रत्न लेल पद्मभूषण सम्मान लेल घोषणा कय गेल अछि, जकरा लेल बिहार केँ गर्व लेल लेल बधाई। खूब चर्चा कयल जात अछि।",0.4108,0.1967,0.2595
20,"दिल्ली सरकार द्वारा मातृभाषा मे पढौनीक लेल देल जा रहल अछिकार पर किछु लोक ईर्ष्या आ डाह मे फँसि रहल छथि। स्व. काशीकान्त मिश्र 'मधुप' जी केर नाम पर एकटा नकारात्मक पोस्ट लिखल गेल, जे मैथिलीक पढौनीक मंजूरी पर हमला करैत छल। दिल्ली सरकारक ई घोषणा मैथिली भाषाभाषी लेल एकटा पैघ अवसर अछि, जकरा संग प्रतियोगी छात्र लोकनि लेल विशेष कोचिंग केर व्यवस्था सेहो होएत। सोशल मीडिया पर नकारात्मक चर्चाक बदला मातृभाषाक महत्व केँ बुझबाक आ माहौल बनेबाक आवश्यकता अछि।","दिल्ली सरकार द्वारा मातृभाषा मे पढौनीक लेल दिल्ली सरकार पर दबाव डालल जा रहल अछि, जकरा कारण हुनका मातृभाषा केँ सम्मानक भूख आ पुछारि लोक करैत रहैत छथि। हुनकर पोस्ट आ फेसबुक पर प्रकाशित पोस्ट केर माध्यम सँ दिल्ली सरकार केँ चेतावनी देल गेल अछि, जे मैथिलीक बड़का कहबैका लोकनिक धियापुता गुमाने गुम्हरैत रहथि। काशीकान्त मिश्र ‘मधुप’ जी केर अंश सँ अपन नाम केँ प्रतिष्ठित कयनिहार सज्जन ‘शंकर मधुपांश’ केर लिखल देखि अत्यन्त छगुनता मे पड़ि गेलहुँ। दिल्ली सरकार मैथिली भाषा केँ बढ़ावा देलय लेल प्रयासरत अछि, मुदा दिल्ली सरकार आ दिल्ली सरकारक प्रयास सफल नहि भऽ रहल। फ़ेसबुक पर प्रतिक्रिया व्यक्त कयल गेल अछि जे दिल्ली सरकार सेहो व्यक्त करैत अछि",0.3854,0.1263,0.2292
21,"गायक रामा मंडल, जे नेपालक मोरंग जिलाक विराटनगर मे जन्मल छथि, अपन गायन केर यात्रा प्रारंभ कयलनि। हुनक माता-पिता साधारण परिवार सँ छथि, आ गायन कला मे प्रेरणा हुनका मातृसँ भेटल। रामा मंडल विभिन्न भाषाक गीत गबैत छथि, जइमे मैथिली, भोजपुरी, आ नेपाली शामिल अछि। ओ रेडियो नेपाल पर २०३९ वि. सं. मे गायन शुरू कयलनि आ राजा रानीक स्वागत समारोह मे सेहो भाग लेलनि। हुनक गायकीक लोकप्रियता आ प्रस्तुति शैली लोक केँ बहुत प्रिय अछि।","गायक रामा मंडल मिथिलाक धरातल पर आइयो धरि एक सँ बढिकय एक महान बेटा जन्म लय रहल अछि। ओ एक गोट उदाहरण छथि जे नेपालक सुप्रसिद्ध गायक ‘रामा मंडल’। ५९ वर्ष पूर्व अगहन मास २०१७ वि. सं. साल मे एक अत्यंत साधारण परिवार मे मैथिली सहित नेपाली आ अन्य कतेको रास भाषाक गीत गेनिहार चर्चित गायक रामक जन्म मोरंग जिलाक संग कोसी अञ्चलक मुख्यालय – हाल नेपालक कुल ७ गोट प्रदेश मे सँ पहिल यानि प्रदेश १ केर राजधानी ‘विराटनगर’ केर दरहिया वस्ती मे भेलनि। विराटनगर जुट मिल मे डिपार्टमेन्ट सुपरवाइजर आ ‘हेड सरदार' केर नाम सँ प्रसिद्ध हिनक पिता लक्ष्मी मंडल छलाह, आ माय रज्जो देवी एक साधारण मिथिलानी महिला तथा कुशल गृहिणी छलीह। गायन कला केर प्रथम गुरु माय आ विद्यापतिक गीत केर बालमोन केँ गायन दिश आकर्षित",0.3107,0.0882,0.1456
22,"मैथिली भाषाक मिठास संग जोगबनी विराटनगर मे अन्तर्राष्ट्रीय विद्यापति महोत्सव २०१८ केर आयोजन भेल। एहि महोत्सव मे महाकवि विद्यापति केर स्मृति मे विशेष कार्यक्रम आयोजित कयल गेल, जाहि मे हजारों जनमानसक सहभागिता रहल। बिहार आ नेपाल केर मंत्री लोकनि द्वारा उद्घाटन कयल गेल आ मैथिली भाषा आ संस्कृति केर महत्व पर चर्चा कयल गेल। कार्यक्रम मे सांस्कृतिक प्रस्तुतिक संग विभिन्न सम्मान सेहो प्रदान कयल गेल। एहि महोत्सव सँ मैथिली भाषा आ मिथिलाक पहिचान केँ आगू बढ़ेबाक संकल्प कयल गेल।","विराटनगर मे मैथिली भाषाक मिठास मे सराबोर जोगबनी विराटनगर केर विशाल जनमानस, माला मिश्रा आ माला मिश्रा केँ समर्पित अछि। एहि भाषाक एक महान कवि भेलाह, जे अपना समय मे संस्कृत मे लेखनीक प्रचलन केँ चुनौती दय लोकभाषा मे लिखबाक ओकालति कएलनि। विद्यापति केँ मिथिलाक सभ्य सम्भ्रान्त विद्वत समाज द्वारा अपन मातृभाषाक महत्व केँ उजागर करबाक आरोप लागल अछि। ओ अपन भाषा आ संस्कृति केँ बचाबय लेल प्रयास करैत छथि, मुदा ओ एक नया इतिहास रचबाक संकल्प लेल गेल अछि। फ़ातिमा पाण्डेय केर रचना आ लेखनक महत्व पर चर्चा करैत अछि।निनिनि मिथिला केर भाषा आ साहित्य केँ बढ़ावा देल जा रहल अछि।॔प्राकृतिक भाषाक महत्वक चर्चा सँँ मैथि",0.3226,0.0978,0.2258
23,गौतम बाबू अपन शक्ति पूजा क विराम देलैन आ फलहारक लेल कानियां केँ आवाज लगेलैथ। करुणा अपन पति केँ फलहार परसैत बजलीह जे माय केर फोन आयल छल आ ओ अष्टमी क नैहर बजेली। गौतम बाबू चिचिया उठला आ कहला जे ओ बिना पूछने निर्णय ल लेलथि। करुणा सोचय लगलीह जे मिथिलांचल मे प्रायः शक्ति पूजा होइत अछि आ ओ सेहो शक्ति छी।,"किरण प्रभा गौतम बाबू क शक्ति पूजा क विराम देलैन आ पूजा समाप्तिक संगे कानियां केँ आवाज लगेलैथ, “कतय छी यै! मरि गेलौं की जिबैत छी! हमर पूजा समाप्त भेल फलहारि देब की माये स बतियैत रहब दिन भैर।” करुणा बेचारी बौआ क सुतेनाय छोड़ि दौड़ल अयली। पति केँ फलहार परसइत बजलीह, “यौ! ई माय केर फोन आयल छल, ओ हमरा खोईंछ भरै लेल अष्टमी क नैहर बजेली आ कहली जे वैह नबका साड़ी कीनि लेने छथिन।"" अंत मे, गौतम बाबू अपन इच्छा अनुसार पूजा समाप्त कयलनि। अंततः, पूजा समाप्त होइत अछि, जखन कि पूजा समाप्त भऽ जायत अछि।॔ खूब चर्चा कयल गेल अछि।",0.3713,0.2061,0.3234
24,"मिथिला सं पलायन के मुख्य कारण अछि सामाजिक असुरक्षा, जिबिकोपार्जन के कमी आ भौगौलिक परिवेश। आबादी के पलायन के प्रमुख कारण अपर्याप्त जिबिकोपार्जन अछि, जे कृषि, कुटीर आ लघु उद्योग पर निर्भर करैत अछि। बिहारक मुख्य मंत्री सभ मिथिलांचल क्षेत्र के अवनति देखलाह आ पलायन रोकबाक लेल जिबिकोपार्जन के व्यवस्था केनाइ आवश्यक अछि। कृषि उद्योग आ अन्य उद्योग के विकास सं समुचित विकास संभव अछि। मिथिलावासी के सामूहिक प्रयास सं अपन क्षेत्र के विकास करबाक आ घर वापसी के लेल जागरूक होए के जरूरत अछि।","मिथिला क्षेत्र के भौगौलिक स्थिति के बुझनाई जरुरी अछि। मिथिला उत्तर में नेपाल, दक्षिण में गंगा नदी, पूरब में कोशी, कोशी आ पश्चिम में गंडक नदी तक फैलल अछि। अहि के अंतर्गत कमला, बलान, बागमती आ अन्य नदीक जल सं इ क्षेत्र परिपूर्ण रहैत अछि। आबादी करीब साढ़े पांच करोड़ के लगभग अछि आ आबादी के हिस्सा के पलायन के कारण सामाजिक असुरक्षा के भावना उत्पन्न भेल। श्री लालू प्रसाद यादव के नेतृत्व में मिथिला उद्योग, लघु उद्योग आ उद्योग क्षेत्र के विकास पर जोर देल गेल अछि। भड़कीली भाषा आ संस्कृति के महत्व पर चर्चा कयल जा रहल अछि, जकरा कारण मिथिला के विकास में बाधा उत्पन्न भऽ रहल छथि।एजेंसीएजेंसीएजेंसीग्यसहित मिथिलाक विकास के लेल महत्वपूर्ण भूमिका निभाबय के आवश्यक आवश्यकता अछि। जरूरी कदम उठाबय आवश्यक अछि।",0.3962,0.1143,0.2358
25,"फिल्म अभिनेत्री डौली सरकार संग साक्षात्कार मे ओ कहैत छथि जे हिनक फिल्म ""भोर"" मैथिली आ नेपाली भाषा मे बनल अछि आ ई सफलताक ओर बढ़ि रहल अछि। ओ कहैत छथि जे फिल्मक विषय सामाजिक आर्ट फिल्म थिक, जतय भावनात्मक अभिव्यक्ति पर जोर देल गेल अछि। डौली सरकार अपन सफलता केर श्रेय अपन प्रशंसक आ शुभचिन्तक लोकनि केँ दैत छथि। ओ मैथिली सिनेमा मे दर्शकक कमी केँ स्वीकार करैत छथि, मुदा यू ट्युब पर मैथिली सामग्रीक लोकप्रियता पर विश्वास व्यक्त करैत छथि। कलाकारिताक क्षेत्र मे संघर्ष आ समर्पणक महत्व पर जोर दैत, ओ कहैत छथि जे एकटा सफल कलाकार बनबाक लेल शिक्षा आ अनुशासन आवश्यक अछि।","प्रवीण नारायण चौधरी भोर सिनेमा जे नेपाली भाषा मे बनल मैथिली कथानक पर आधारित सिनेमा अछि तेकर चर्चा खूब जोर सोर सँ चलि रहल अछि। हिनका आगामी फिल्म “मिथिला रत्न विश्वास” केर सफलताक संकेत मानल गेल अछि। ओ अपन फिल्म भोर पर सोशल मीडिया पर उठल विवाद लेल विज्ञजन केँ आश्वस्त कयलनि जे आगामी फिल्मक विषय मे जनतब भेटतनि, जखन कोनो सिनेमा सोशल मीडिया मे विवाद मे आबैत अछि त स्वाभाविके एहि पर पक्ष विपक्ष मे खूब चर्चा होएत। विशेषज्ञ सभक राय मे ई फिल्मक सफलता एकर अपूर्व सफलता मानल जाएत अछि। डाली सरकार अपन आगामी फिल्म भोर मे प्रदर्शित करबाक आशा व्यक्त कय रहल छथि, जकरा कारण ई फिल्म सफल नहि भऽ रहल।॔ फ़ीमेल मीडिया केँ धन्यवाद देत अछि।हर कलाकारक दृष्टिकोण आ कलाकारिताक क्षेत्र मे सफलताक",0.3777,0.0866,0.1803
26,"हम सब मुमुक्षु मानवता केर लोक छी आ मानवता हमरा सभक एकमात्र धर्म अछि। शिक्षा व्यवस्था में जातिवादिता आ धार्मिकता केर प्रभाव अछि, जे समाज केँ उलझा रहल अछि। चुनाव आ सरकार बनला के बादो लोक अपन धर्म आ जाति में उलझल रहैत अछि। हालहि में मिथिला गान केर लोकार्पण समारोह में भारत आ नेपालक दिग्गज व्यक्तित्व लोकनि सहभागी भेलाह, जे अपन भाषा आ संस्कृति प्रति निष्ठावान छथि। विभाजनकारी तत्व समाज केँ बाँटिकय देखैत अछि, मुदा सृजनशीलता केर श्रृंगार कयनिहार मानवता केर हित में कार्यरत रहत।","हम सब मुमुक्षु मानव जाति केर लोक केवल मानव छी, मानवता केर एकमात्र धर्म अछि। सब एक्के स्कूल केर छात्र आ एक्के पढ़ाई केर शिक्षक होइत छथि, जे मानव रूप सफल जीवन जियैत अपन कर्तव्य पालन करैत चली। समाज में जातिवादिता आ धर्म एतेक हावी अछि जे मानव समुदाय एहि दुइ अवयव में बदतर ढंग सँ ओझरायल जा रहल छी। एक दिश हम सब सुशिक्षित सुसंस्कृत समाज केर परिकल्पना करैत छी, जे जातिवाद आ प्राकृतिक न्याय केर वकालत करैत अछि। शिक्षा आ शिक्षा केर महत्व पर जोर देल गेल अछि, मुदा शिक्षा आ संस्कार केर आवश्यकता अछि। खूब पढ़ेल लेख में कहैत अछि जे समाज केँ शिक्षित कय रहल छथि आ समाज के विकास केर दिशा में कदम बढ़ा रहल अछि। पीढ़ी केँ शिक्षा आ संस्कृति केर माध्यम सँ जागरूक कयने के आवश्यकता",0.3744,0.129,0.2283
27,"अप्रैल ९, २०१८ केँ डा. काञ्चीनाथ झा किरण केर पुण्यतिथि पर “किरण मैथिली साहित्य शोध संस्थान” द्वारा ‘किरण स्मृति समारोह’ केर आयोजन कयल गेल। एहि समारोह मे चर्चित साहित्यकार सुभाष चंद्र यादव केँ ‘किरण पुरस्कार’ सँ सम्मानित कएल गेल। किरणजी एक विलक्षण साहित्यकार छलाह, जे साहित्य केँ क्लासरूम सँ बाहर निकालि कऽ समाजक संग जोड़लनि। हुनकर योगदान मैथिली भाषा आ साहित्यक विकास मे अद्भुत रहल अछि। समारोह मे अनेक गणमान्य व्यक्तित्व सभ उपस्थित रहथि आ हुनका प्रति श्रद्धांजलि अर्पित कएल गेल।","अप्रैल १०, २०१८ केँ डा. काञ्चीनाथ झा किरण केर पुण्यतिथि पर धर्मपुर (उजान) मे“किरण मैथिली साहित्य शोध संस्थान”क तत्वावधानमे ‘किरण स्मृति समारोह’ केर आयोजन कयल गेल। एहि समारोह मे डॉ. सुभाष चंद्र यादव आ डॉ रामजी ठाकुर केँ सम्मानित कएल गेलाह। समारोह मे अनेक साहित्यकार आ साहित्यकार उपस्थित रहल छथि, जकरा मे डा. अशोक कुमार झा आ अन्य साहित्यकार सभ उपस्थित छथि। कार्यक्रम मे विभिन्न विषय पर विचार-विमर्श कएल गेल, जतय लेखक आ साहित्यकार केँ सम्मान प्रदान कयल जा रहल। डॉ. किशोरनाथ झा केर जीवन पर प्रकाश डालल गेल अछि। फ़ौरन बधाई। हिन्दुस्तानी साहित्य आ संस्कृति केँ बचाबय केर महत्व पर चर्चा करबाक आवश्यकता अछि। फ़ायदा अछि जे मैथिलीक चर्चित साहित्यकार आ लेखक सभकेँ सम्मानित करबाक लेल",0.4646,0.2653,0.3636
28,"२४ जनवरी २०२१ केँ एन्टा द्वारा आयोजित कार्यक्रम ""वर्तमान मे मैथिली भाषाक स्थिति आर नेपाली जनगणना २०७८"" पर विमर्श कयल गेल। एहि कार्यक्रम मे विभिन्न भाषाविद्, साहित्यकार आ अभियानी लोकनि भाग लेलनि। रामभरोस कापड़ि भ्रमर मैथिली भाषाक वर्तमान अवस्था पर चर्चा कयलनि आ सुधारक सुझाव रखलनि। कार्यक्रमक अध्यक्षता डा. इन्द्रदेव साहु आ संचालन मोहन यादव द्वारा कयल गेल। मैथिली केँ सरकारी कामकाजक भाषाक रूप मे मान्यता देबाक आ जनगणना मे स्थान सुरक्षित रखबाक आवश्यकता पर जोर देल गेल।","२४ जनवरी २०२१ केँ एन्टा द्वारा नेपालक समय रात्रि ८ बजे सँ ११ः३० बजे धरिक समय मे मैथिली भाषा केन्द्रित विमर्शक आयोजन कयल गेल। एन्टा एहि तरहक कार्य निरन्तर करैत आबि रहल अछि, जतय भाषाक स्थिति आ शब्दकोश मे परिमार्जन पर चर्चा भेल। कार्यक्रम मे एन्टा अध्यक्ष डा. इन्द्रदेव साहु आ अन्य अतिथिगण उपस्थित रहल छथि, जकरा मे विभिन्न भाषाविद्, साहित्यकार, अभियानी व आयोजक संस्थाक विज्ञजन लोकनि उपस्थित रहैत छथि। कार्यक्रमक अध्यक्षता एन्टा स्पोक्सपर्सन मोहन यादव कयलनि, जखनकि कार्यक्रमक आयोजन मे विभिन्न विषय पर विचार विमर्श कयल जा रहल। खूब चर्चा कयल जायत आ कार्यक्रमक सफलता पर जोर देल गेल अछि।विद् आ साहित्यकारक सहभागिता बढ़ेबाक लेल आभार व्यक्त कयल जाइत अछि।",0.4233,0.2139,0.2751
29,"कानपुर, उत्तरप्रदेश मे ११ दिसम्बर २०१७ केँ मिथिलांचल महासभा केर वार्षिक आयोजन ‘मिथिला महोत्सव’ भव्य कवि गोष्ठी संग सम्पन्न भेल। महासभाक संस्थापक अध्यक्ष रविनाथ मिश्र केर अध्यक्षता मे आयोजित एहि कार्यक्रम मे रंगारंग सांस्कृतिक कार्यक्रम नहि भेल, कारण हुनक परिवार मे पुत्रशोक छल। कार्यक्रमक विशिष्ट अतिथि विधायक अजय कपूर द्वारा छात्रवृत्ति प्रदान कयल गेल आ मैथिलीक सुप्रसिद्ध कवि लोकनि अपन प्रस्तुति सँ दर्शक केँ आनंदित कयलनि। महासभाक प्रतिबद्धता आ मिथिला समाज केर सेवा मे समर्पित रहबाक वचनबद्धता प्रकट कयल गेल।","कानपुर, उत्तरप्रदेश। दिसम्बर ११, २०१७ केँ मिथिलांचल महासभा उत्तरप्रदेश केर वार्षिक आयोजन ‘मिथिला महोत्सव’ यथार्थपरक समाजोपयोगी कार्यक्रम सब केँ समेटैत कयल गेल अछि। स्थानीय होटल रिलेशंश केर सभागार मे महासभाक संस्थापक अध्यक्ष रविनाथ मिश्र केर अध्यक्षता आ प्रवक्ता अनिल झा केर संयोजन मे एहि वर्षक आयोजन भेल। हुनकहि दिवंगत पुत्र केर चिर स्मृति मे एकटा छात्रवृत्ति देबाक महत्वपूर्ण कार्य कयल जा रहल अछि। कार्यक्रमक विशिष्ट अतिथि स्थानीय विधायक अजय कपूर केर हाथ सँ कुशु मिश्रा छात्रवृत्ति, पलक ठाकुर, पलक झा, अभिषेक प्रतिहस्त एवम् अभिषेक चौधरी केँ प्रदान कयलनि। आयोजन मे संस्थाक अध्यक्ष अनिल झा, वरिष्ठ पदाधिकारी अनिल झा आ अन्य पदाधिकारी उपस्थित रहलाह। एहि आयोजन मे विभिन्न कवि गोष्ठी मे विभिन्न विषय पर विचार-विमर्श कयल जायत। खूब चर्चा आ शुभकामना देल गेल। खूब शुभकामना। बढ़ि गेल आयोजनक",0.4541,0.1854,0.3285
30,"वर्तमान मिथिला मे औद्योगिक वातावरण शिथिल अछि। सुधीर मिश्र केर अनुसार, शिक्षा क्षेत्र में सरकारी नौकरी के महत्व के कारण छात्र सब पलायन कय रहल छथि, आ मिथिला में कोनो कोचिंग चेन नहि अछि। माछ, पान आ मखान के क्षेत्र में नव मशीन के उपयोग आ निजी निवेश के कमी सेहो समस्या बनल अछि। ओ एकटा मंच तैयार करय चाहैत छथि जतय शिक्षक आ विद्यार्थी सब निःशुल्क नीक शिक्षा प्राप्त कय सकथि।","सुधीर मिश्र केर विचारः मिथिलांचल सब दिन स साहित्य क गढ़ रहल अछि, जकरा कारण मिथिला मे औद्योगिक वातावरण शिथिल अछि। सुधीर मिश्र कहलनि जे मधुबनी पेंटिग विश्व भरि में फेमस अछि, पान, मखान आ माछ उत्पादक होय के बाबजूद व्यपार कय रहल छथि। शिक्षा क्षेत्र में करियर के महत्व पर जोर देल गेल अछि, मुदा मिथिला के कोनो स्कूल मिथिला स बाहर नय मिलत। एक बात आ जे कियो एक टा स्कूल स सफल भेला ओय के बाद ओ राजनीति में करियर खोजे छैथ। २) माछ, पान , मखान – इ वो छेत्र छी जतय मिथिला में सबसे ऊपर हेबाक चाही, से ने भय रहल आ आंध्र प्रदेश स माछ आबि रहल य, की कारण अछि। ओ मैथिली में करियर बनाय के प्रयास कयलनि। ओ कहैत छथि जे मिथिलाक विकास आ रोजगार के अवसर",0.3575,0.1463,0.2415
31,"जयन्तीपुर दाथ, बेनीपुर, दरभंगा मे १३ जून २०१८ केँ ""रन फ़ॉर दहेज मुक्त मिथिला"" केर विशेष जागरूकता अभियान चलायल गेल। जानकी वाहिनी केर सुप्रीमो रूबी दीपक केर अध्यक्षता मे बैसार कयल गेल, जाहि मे दहेज मुक्त मिथिलाक विशेष राजदूत आर के दीपक सेहो भाग लेलनि। ओ कहलनि जे समाज केँ दहेज कूप्रथा सँ मुक्ति दियेबाक लेल सब कियो कृत् संकल्पित छथि। प्रशिक्षु लोकनि केँ दहेज प्रथा सँ होइत हानि आ कन्या भ्रुण हत्या पर प्रकाश दैत महिला सशक्तीकरण अभियानक बारे मे सेहो जानकारी देल गेल। उपस्थित प्रशिक्षु लोकनि एहि शुभ कार्य मे संग देबाक वचनबद्धता प्रकट कएलन्हि।","जयन्तीपुर दाथ, बेनीपुर, दरभंगा। जून १३, २०१८. मैथिली जिन्दाबाद!! “रन फ़ॉर दहेज मुक्त मिथिला वास्ते जानकी वाहिनी द्वारा विशेष जागरूकता अभियान” कुर्स केर उद्घाटन कयल गेल। समाजसेवी स्व. टी. पी. निराला केर पुण्यतिथि पर पैछला साल सेहो दौड़क आयोजन कयल जा रहल अछि, जकरा कारण ग्रामीण कामकाज मे बाधा उत्पन्न भेल अछि। एहि मैराथन दौड़ मे ग्रामीण लोकनि सेहो भाग लेलनि आ सामूहिक रूप सँ हिस्सा लेल अपील कयलनि। मैराथन दौड़ प्रति वर्ष बढ़ेबाक लेल प्रेरित करबाक आवश्यकता अछि। स्त्रीक स्वास्थ्य आ सुरक्षा केँ लेल जागरूक करबाक लेल जागरूकता अभियान चलायल गेल अछि। खूब सफल रहल छथि आ दहेज मुक्त समाज केँ बचाबय केर प्रयास करबाक कामना करबाक शुभकामना देलनि। फ़ॉर",0.3173,0.0971,0.1731
32,"नई दिल्ली, दिसम्बर २२, २०१७ केँ साहित्य अकादमी द्वारा २४ भाषाक पुरस्कृत स्रष्टाक नाम केर घोषणा कयल गेल। मैथिली भाषाक पुरस्कार कवि उदय नारायण सिंह नचिकेता केँ कविता संग्रह ‘जहलक डायरी’ लेल देल जाएत अछि। निर्णायक मंडली मे डा. ब्रजकिशोर मिश्र, राजनन्दन लालदास आ तुलानन्द मिश्र शामिल छथि। पुरस्कारक रूप मे ताम्र पत्र, चादर आ १ लाख टकाक चेक देल जाएत अछि। ई पुरस्कार १२ फरबरी, २०१८ केँ नई दिल्ली मे समारोहपूर्वक हस्तान्तरण कयल जाएत।","नई दिल्ली, दिसम्बर २२, २०१७ केँ साहित्य अकादमी द्वारा २४ भाषाक पुरस्कृत स्रष्टाक नाम केर घोषणा कयल गेल अछि। लेखक उदय नारायण सिंह नचिकेता केँ मैथिली भाषाक पुरस्कारक घोषणा कयने छथि, जकरा संग अन्य निर्णायक मंडली सदस्य उपस्थित रहल छथि। ई पुरस्कार १२ फरबरी, २०१८ केँ नई दिल्ली मे समारोहपूर्वक हस्तान्तरण कयल जा रहल अछि, जतय साहित्यकार उदय नारायण केँ सम्मान प्रदान कयल जायत। पुरस्कारक चयनक प्रक्रिया मे प्रतिभागी केँ सम्मानित कयल जाएत अछि, मुदा लेखकक नाम पर मोहर लगल अछि। एहि समारोह मे साहित्यकारक चयन पर विचार-विमर्श कयल जाइत अछि। फ़ातिमा सिंह केर योगदानक चर्चा आ सम्मानक महत्व पर चर्चा करबाक आवश्यकता अछि। फ़ौरन जानकारी देल गेल अछि जे लेखक केँ पुरस्कृत कयला जाएत छथि आ पुरस्कारक",0.5078,0.3455,0.3834
33,"लेख में लेखक अपन बचपन के अनुभव साझा करैत छथि, जतय ओ अपन माँ सँ एकटा दीदी के बारे में जिज्ञासा पूछैत छथि। दीदी के बारे में जानकारी भेटलाक बाद, ओ अपन दादी सँ सेहो पुछैत छथि आ जानैत छथि जे दीदी के बाप हुनका नौ साल के उम्र में बेचि देलनि। लेखक के सवाल अछि कि कियैक समाज में बेटी बेचब सामान्य मानल जाइत अछि, जबकि बेटा बेचब पर कियो विचार नै करैत अछि। ओ ई प्रश्न उठबैत छथि कि बेचल चीज पर अधिकार कतेक उचित अछि।","रूबी झा, जहन छोट रही, करीब पन्द्रह साल केर, त एकटा टोल के दीदी (बुआ) बुलैय लेल अंगना एलीह, माँ कहलक दीदी छथिन गोर लगहुन। ओ गोर त लागि लेलियनि लेकिन जहन दीदी चैल गेलखिन्ह त माँ केँ हम सवाल पूछैय लगलियैक। हम छोटे सँ बहुत जिज्ञासु छलहुँ, आ फेर सँ कहय लगलियैन, “माँ, एहि दीदीक बारे में तों कहियो बतेलें किया नहि? टोल पड़ोस केर जतेक दीदी सब सबहक चर्चा हरदम करैत रहैत छथि।"" अंततः, ""माँ आ दीदी के बारे में पूछैत अछि, मुदा हुनकर चर्चा केर चर्चा कयल जा रहल अछि। खूब चर्चा करैत अछि। फ़ौरन",0.2473,0.0543,0.1505
34,"स्वाध्याय आलेख में भगवान् शिव केर लिङ्ग आ साकार विग्रह केर पूजाक महत्वक वर्णन कयल गेल अछि। ब्रह्माजी द्वारा श्रवण, कीर्तन आ मनन केँ साधन बताओल गेल अछि, जे महेश्वर केर प्राप्ति लेल आवश्यक अछि। व्यासदेव जी संग भगवान् सनत्कुमार केर संवाद में श्रवण, कीर्तन आ मनन केँ मुक्तिक साक्षात् कारण कहल गेल अछि। ऋषि लोकनि द्वारा प्रश्न उठाओल गेल अछि जे जे मनुष्य एहि साधन में असमर्थ अछि, ओ कोन उपाय सँ मुक्त भऽ सकैत अछि।","स्वाध्याय आलेख मे भगवान् शिव केर लिङ्ग आ साकार विग्रह केर पूजाक रहस्य आ महत्वक वर्णन कयल गेल अछि। शिवपुराण मे महादेव केर लिंग पूजन, कीर्तन आ मनन केँ साधन कहल गेल अछि, जतय शिव केँ आँखि सँ देखल जा रहल अछि। ई साधन केवल शिवपद केर प्राप्ति केर साधन नहि होइछ, अपन ज्ञान आ साधना केर माध्यम सँ प्राप्त होइत अछि। ब्रह्मा जी द्वारा कल्प केर आरम्भ मे ई साधन श्रवण कयल जायत, जकरा सँ मनुष्य केँ मोक्ष प्राप्ति लेल प्रेरित करबाक चाही। अछि। विदुषी केर अनुसार, ई साधन सँ साधक केँ सुख आ समृद्धि प्राप्त करैत अछि, मुदा ई साधन सब केँ लाभ देल जाइछ। फ़ायदा अछि जे मनुष्य केर जीवन में सुख-समृद्धि लेल प्रेरणा देल जा",0.4286,0.2371,0.3469
35,किरण झा कहैत छथि जे हुनकर नैहर में एक विशाल वट वृक्ष अछि आ ओ दस भाई बहिन छथि। ओ बच्चा स देखैत रहथि जे माँ अतिथि के सत्कार करैत छथि आ पिताजी आर एस एस में रहैत छथि। विवाह के बाद हरदम दूटा पाहुन रहैत छथि। मुम्बई में रहि कऽ ओ पाहुन के स्वागत प्रेम सऽ करैत छथि आ विभिन्न प्रकार के भोजन बनाबै में रुचि रखैत छथि। मिथिला के भोजन के विशेषता के संग समधी के अतिथि सत्कार करैत छथि।,"नैहर नैहर एक विशाल वट वृक्ष अछी हम दस भाई बहिन रहैत छथि। पिताजी आर एस एस में रहथित कखनो भोजन बनल में दूचारि टा लोग आबि जाय माँ के कनिको परेशान नै देखितौं बहुत प्रेम सऽ अतिथि के भोजन कराबैत। मुम्बई में छी त पाहुन नै के बराबर अछि, जे अबैत अछि हुनकर स्वागत कऽ विभिन्न प्रकार भोजन बनेनाइ पंसद अछि आस्कत नै अछि। मिथिला के भोजन ओकर त जवाब नै अछि संचार लगा क जमाय के आगा में देल जाएत अछि तेनहीं समधी के विषेश अतिथि सत्कार करैत छि।विभिन्न भाषा आ संस्कृति के महत्व पर जोर देल गेल अछि। मुम्बई में हुनका स्वागत कयल जा रहल अछि, जखनकि समधी सभ के विवाह के बाद तऽ हरदम दूटा पाहुन रहबे टा करैत अछि",0.5146,0.2353,0.3107
36,"मां के रूप में ममता बांटथि आ पत्नी के रूप में स्नेह। बेटी के रूप में एली जानकी आ बेटा घर के संस्कार। दुनू के अस्तित्व एक-दूसरा पर निर्भर अछि। समता राखब से सुख भेटत। पिता, पति आ पुत्र द्वारा स्त्री के सुरक्षा भेटैत अछि, मुदा स्वतंत्रता ओहिके योग्य नै अछि।","मां के रूप में एली जानकी, पुलकित सुनैना संग विदेह।। बेटा घर के संस्कार बेटी संस्कृति। जेना विश्व में व्याप्त पुरूष प्रकृति।। एक बिना दोसरक अस्तित्व असंभव। बिना सतीश सती के सतीत्व असंभव।। ओ अपन जीवन में सुख भेटैत छैन। ओ शक्ति स विहीन शिव के पूजन केना होयत। ओ अन्नपूर्णा मां के किनको भोजन भेटत?? पिता रक्षति कौमारे। भर्ता रक्षति यौवने।। पुत्र:तु स्थविरे भावे। न स्त्री स्वातन्त्र्यमर्हति।।(मनुस्मृति बाल्यकाल में पिता द्वारा।युवावस्था में पति द्वारा।एवं वृद्धावस्था में पुत्रादि द्वारा।स्त्री के सुरक्षा भेटैते।।) स्वतंत्रता एवं स्वच्छंदता स्त्री के योग्य नै छैन आ हुनका लेल लांछन के कारण बनैत अछिन। कृष्ण कान्त झाक लेख में नारी के सम्मान के महत्व पर जोर देल गेल अछि",0.3171,0.1111,0.1951
37,"बुचीरानीक कथा १९९० ई. सँ शुरू होइत अछि, जतय हुनकर पति साधारण सेल्समैन छलथिन आ परिवारक आर्थिक स्थिति कमजोर छल। समयक संग बुचीरानी अपन पढ़ाईक उपयोग कय ट्यूशन पढ़ा कऽ परिवारक स्थिति सुधारलनि। हुनकर बेटी सभ शिक्षा मे सफल भऽ कऽ प्रतिष्ठित स्थान प्राप्त कयलनि। बुचीरानीक बुद्धिमत्ता आ मेहनत सँ परिवारक विकास भेल आ ओ समाज मे एकटा आदर्श बनलथि। ई कथा मिथिलाक मौलिक बुद्धिमत्ता आ संस्कृति केँ बचाबय के प्रेरणा दैत अछि।","प्रवीण नारायण चौधरी बुचीरानी एक काल्पनिक कथा थिक, जे समाजक नजरि पर सँ पट्टी हंटेबाक लेल लिखि रहल छथि। हुनकर पति कलकत्ताक एकटा कपड़ा दोकान मे साधारण सेल्समैन छलथिन आ २ हजार टका मासिक वेतन रहनि। ओ गरीब परिवार मे जन्म लैत छथि, जकरा कारण आर्थिक स्थिति कमजोर भऽ जाइत अछि। ओ आर्थिक स्थिति सँ परेशान छथि आ आर्थिक स्थिति मे सुधार नहि कय सकैत छलीह। ओ परिवारक आर्थिक स्थिति पर चिंता व्यक्त कयलनि। अंततः, ओ कपड़ा उद्योग मे काम करबाक निर्णय लेल असमर्थ भऽ गेल। अछि जे परिवार के आर्थिक स्थिति मजबूत भऽ जायत। खूब सुखी रहल अछि आ परिवार के विकास मे सहयोग करबाक लेल प्रेरित करबाक आवश्यकता अछि।विदित अछि जेकिँ, मुदा, ओकरा लेल प्रयास कयल जा रहल",0.2798,0.0733,0.1969
38,प्रवीण नारायण चौधरी अपन हाथ मे सब बात रखैत दिन बिताइत छथि। उच्च रक्तचाप आ तनावक समस्याक बीच सन्तुलित रहबाक आवश्यकता महसूस होइत अछि। मिथिला मे जन्मल व्यक्ति केँ समाजक समस्यासभ सँ जूझैत रहनाय जरूरी अछि। राति नींद टूटलाक बाद भगवन्नाम सुमिरन सँ शांति भेटैत अछि। मिथिला मे नव प्राणक संचरण होइत देखाइत अछि आ जनगणाना मे मातृभाषाक सम्मान लेल हल्ला करैत लोक जागरूक भ’ रहल छथि।,"प्रवीण नारायण चौधरी अपनहि हाथ मे सब बात होइछ दिन बितैत जा रहल अछि। दिन दिन जिम्मेदारी बढ़ैत जेबाक फील आ तनाव केर कतिपय स्थिति नहियो चाहैत बेर बेर आबि जाइछ। एहेन सब स्थिति मे अपना मात्र केँ सन्तुलित आ नियंत्रित करबाक अलावे आन कोनो मेडिसिन (औषधि, उपाय) नहि देखाइछ। ओ अपन मन आ मस्तिष्क केँ शांत करबाक प्रयास करैत छथि, जकरा कारण जीवनक कठिनाइयां उत्पन्न भेल छी। अंततः, जीवन मे कठिनाई आ कठिनाई उत्पन्न भ’ रहल छथि। स्त्रीक जीवनक सुख आ समृद्धि केँ प्राप्त करबाक आवश्यकता अछि।विवादक स्थिति केँ दूर करबाक प्रार्थना कयल जाइत अछि। फ़ायदाक महत्व पर जोर देल गेल अछि, मुदा जीवन मे सफलता आ सफलता केर महत्व पर चर्चा",0.2556,0.0787,0.1778
39,"लघुकथा में दहेज के समस्या पर चर्चा कयल गेल अछि। अन्नपूर्णा आ अंजू नामक दू बहिनक विवाह एके दिन भेल, जतय अन्नपूर्णा के पिताजी पाँच लाख आ अंजू के पिताजी एकावन हजार दहेज देलनि। अन्नपूर्णा अपन महंगा दहेज पर गर्व करैत अछि, जबकि अंजू अपन कम दहेज के कारण दुखित अछि। अंजू कहैत अछि जे वरक बाप खर्चा नहि करैत छथि आ दहेज के असमानता पर विचार करैत छथि। कथा में दहेज के सामाजिक दबाव आ ब्राह्मण समाज में ई समस्या के गंभीरता देखायल गेल अछि।","रूबी झा दहेज के मूल अर्थ बिसैर हम मिथिलावासी बेटा केँ बरद महिस जेकाँ अपन दाम लगबैत छथि। बेटा बेचैय छथि आ बेटी केँ बाप खरीदैत अछि। ई घृणीत कार्य सब सँ बेसी हमर सबहक ब्राह्मण समाज में होइत अछि आ दहेज जतेक देल गेल ओहि हिसाबे कनियाँ केँ नुवा, गहना, लहठी आ भार दौर आबैय छैन। अन्नपूर्णा आ अंजू दुनू एके टोल केर बेटी छलैथि, जकरा कारण सब अपन सास ससूर ससूर केना क भैजलकौयै, आ देखहिन त गहना सब केँ बेचैत रहथि। अंत में, अंजू के पिताजी अपन कन्या केँ उपहार देलथि। खूब खूब चर्चा कयल गेल अछि। रंगीन लघुकथा में कहैत अछि जे ओ अपन पति केँ",0.3469,0.1546,0.1633
40,मैथिली जिन्दाबाद केर ६ वर्ष ११ अप्रैल २०१५ केँ लोकार्पण कयल गेल छल। एखन धरि लगभग ५००० आलेख आ १० लाख पाठक एकर लाभ उठेलनि अछि। मैथिली संचारकर्म केँ मजबूत बनेबाक लेल मैथिलीप्रेमी लोक केँ योगदान देबाक आ आवश्यकता अनुसार विज्ञापन उपलब्ध कराबय के आग्रह कयल गेल अछि। संवाददाता सब केँ किछु भुगतानी करबाक लेल समाचार संकलन करबाक आ युवा पीढी केँ जोड़बाक प्रयास चलि रहल अछि। सम्पादक प्रवीण नारायण चौधरी मैथिली जिन्दाबाद केर विकास आ नागरिक सहभागिता पर जोर दैत छथि।,"मैथिली जिन्दाबाद केर ६ वर्ष अप्रैल ११ – २०१५ केँ लोकार्पण कयल गेल अछि। एहि ६ वर्ष मे लगभग ५००० आलेख आ समाचारमूलक पोस्ट्स आदि मौजूद अछि। लगभग १० लाख पाठक एकर लाभ उठेलनि अछि, जे गूगल पर सर्च करब आ ई-मेल केर माध्यम सँ जुड़बाक प्रयास कयल जा रहल अछि। २०२२ तक के सारा खर्च (हौस्टिंग, मेन्टिनेन्स, डोमेन शुल्क) आदि चुक्ता कयल जायत। ई समय मे मैथिल लोक अपन भाषा सँ विज्ञापन उपलब्ध कराबय लेल प्रेरित भऽ रहल छथि। मैथिल समाज केँ जागरूक कयल जाएबाक आवश्यकता अछि, जकरा लेल सरकार द्वारा उचित कदम उठाबय आवश्यक अछि। खूब खूब शुभकामना देल गेल अछि आ मैथिल समुदाय केँ प्रोत्साहित करबय केर आवश्यकता अछि। हिन्दुस्तान जिन्दाबाद केँ प्रोत्साहन देल जायत जे मैथिल संस्कृति केँ बढ़ावा",0.4585,0.197,0.3122
41,"एक मध्यमवर्गीय परिवार अपन बेटी केर विवाह 'सरकारी नौकरी वला दूल्हा' सँ करबाक निर्णय कयलनि। विवाहक बाद दूल्हा अपन भाउज संग आपत्तिजनक स्थिति मे देखा गेल, जकरा कारण नवकन्या आ दूल्हा बीच विवाद शुरू भेल। विवाद बढ़ल आ पति-पत्नीक संबंध मे दरार पड़ि गेल, जकरा कारण कनियाँ थाना पुलिस तक पहुँचि गेल। दूल्हा अपन सरकारी नौकरी केर सहारे स्थिति सँ निजात पाबय लेल प्रयास कय रहल छथि, मुदा मामला परिवार आ समाजक बीच जटिल भऽ गेल अछि। अंततः, ई कथा एकटा चेतावनी थिक जे विवाहक निर्णय सोच-समझ कय कयल जाए।","सरकारी नौकरी वला दूल्हा संग बेटीक विवाह (मैथिली कथा) एक मध्यमवर्गीय परिवार अपन बेटी केर सुखक वास्ते ‘सरकारी नौकरी' करबाक नियार बनौने रहथि। ई लोकनि भारतक एक समृद्ध राज्य मे रोजी रोटी कमाइथ, गाम आयब जायब त होइत छल। ओ अपन कुटुम्ब मार्फत एक दोसरा केँ कहैत आ एक गोट सरकारी नौकरी केर परिचय भेटि गेलनि। विवाहक बात शुरू भजियबैत, मुदा दूल्हा अपन परिवार केँ अपन घर पर पहुँचलाह आ दूल्हा केर जीवनक सुख आ समृद्धि के बारे मे बताबैत छथि। स्त्रीक विवाहक महत्व पर जोर देल गेल अछि। फ़ौरन जरूरी जानकारी देल जा रहल छथि जे विवाहक प्रक्रिया मे बाधा उत्पन्न भेल अछि आ दहेजक समस्या उत्पन्न भऽ रहल अछि।॔",0.3483,0.1206,0.1891
42,"नाटक ""उगना विद्यापति"" महाकवि विद्यापति आ महादेव पर आधारित अछि। विद्यापति पूजा कय रहल छथि आ महादेव आ पार्वती हुनकर भक्तिभावना केँ देखैत छथि। पार्वती महादेव सँ कहैत छथि जे विद्यापति धन आ मान सम्मान नहि चाहैत छथि, ओ त त्यागी छथि। महादेव पार्वती केँ कहैत छथि जे विद्यापति अपन मरण मे स्वर्ग आ जीवन मे राज्य नहि चाहैत छथि, ओ त अलौकिक आत्मा छथि। नाटक मे विद्यापति के पूजा आ महादेवक परीक्षा के विषय पर चर्चा होइत अछि।","मिथिलाक सुप्रसिद्ध सत्यकथा ‘उगना’ मे महाकवि विद्यापति के मृत्यु पर आधारित नाटक उगना विद्यापति (मूल लेखक डा. गिरिजा किशोर झा तथा डा. ललन कुमार झा) के जीवन पर आधारित हे। विद्यापति अपन दलान पर विद्यापति पूजा पर बैसल छथि आ धोती पहिरने, उघार देहे, जनेऊ धारण कएने तथा माथा पर त्रिपुण्ड व लाल रंगक सिन्दूर ठोप लगेने, छाती, बाँहि और गला मे भस्म तथा रुद्राक्षक माला पहिरल हुनक रूप रंग देखैत छथि, जतय भगवान शिव के चरण स्पर्श कयल जा रहल छथि। अंततः, विद्यापतिक मृत्यु पर शोक प्रकट कयल गेल अछि। अंत मे विद्यापति एक व्रत केँ स्वीकार कयलनि, जकरा सँ जीवनक सुख आ समृद्धि केँ प्राप्त करैत अछि।-कहैते, मैथिली भाषा आ साहित्य के माध्यम से",0.3077,0.0725,0.1538
43,"रमेश बाबु, जे बंगलोर निवासी छथि, एक साधारण केस कटिंग आ स्टाइलिंग केर ब्यापार सँ करोड़पति बनि गेल छथि। ओ अपन कठिन परिश्रम आ ईमानदारी सँ २०० कार केर मालिक बनल छथि, जाहि मे लक्जरी गाड़ी सभ सेहो शामिल अछि। रमेश अपन पिता केर मृत्युक बाद सैलून चलाबय लगलाह आ धीरे-धीरे कार रेन्टल आ टैक्सी संचालन केर ब्यापार मे सफलतापूर्वक कदम बढ़ेलाह। आजुक समय मे ओ नामी कलाकार आ राजनेता सभक चहेता नौआ बनि गेल छथि, आ अपन ग्राहक केँ मात्र ६५ रुपया मे सेवा प्रदान करैत छथि। रमेश अपन सफलता केर श्रेय नीक सोच आ कर्म केँ दैत छथि।","रमेश बाबु एकटा साधारण ब्यापार सँ करोड़पति बनि सकैत छथि। रमेश बाबु अपन व्यवसाय सँ ५० टा कार उपलब्ध कय रहल छथि, जकरा कारण ओ अपन परिवार केर आर्थिक स्थिति पर असर पड़ैत अछि। रमेश अपन पत्नी आ पुत्र केँ अपन गाड़ी केर सेवा करय लेल प्रेरित कयलनि। रमेश बेसीकाल अपन कार्यस्थल पर लगभग ३.१ करोड़ मूल्यक रौल्स रायस घोस्ट कार केर रखबाक सौभाग्य प्राप्त कएलनि, मुदा रमेश बाबु केर परिवार केँ आर्थिक स्थिति सँ लाभ नहि भेल अछि। स्त्रीक जीवन संग संग रहबाक चाही। उन्निक्षा सँ रमेश बाबु कहैत अछि जे हुनकर परिवारक सुख-दुख केँ दूर करबाक लेल प्रेरणा देल गेल अछि।...॔एजेंसीएजेंसीएजेंसीग्यसहित",0.2956,0.0796,0.2069
44,"पल्लवी झा द्वारा लिखित ई लेख मिथिला के धरती आ सीता-राम के कथा पर आधारित अछि। जनक जी द्वारा धनुष तोड़ि के राम जी के स्वयंवर पूरा भेल आ सीता संग विवाह भेल। राम जी के वनवास आ सीता के हरण के बाद हनुमान रावण के संग युद्ध कयलनि। अंततः राम जी के अयोध्या वापसी आ लव-कुश के जन्म के संग नारी गरिमा के महत्व पर जोर देल गेल अछि। लेखिका पूर्णिया, बिहार के निवासी छथि आ काव्य रचना में रुचि रखैत छथि।","पल्लवी झा मिथिलेश्वर अप्पन खेत में हल के शिरा घुमाओल जहिना जनकनन्दिनी भेली अवतरित धरा के भीतर सँ हे बहिना धन्य भेल। सीता जनक भवन में बधैया अन धन सोनवा लुटबै खुशी में झूमी। सीता धनुष त्रिपुरारी के हो देख अचंभित भेलैथ जनक जी लेलैथ प्रतिज्ञा भारी जे कियो तोड़त धनुष ई तिनके से बियाहब सुकुमारी सर्व गुण सम्पन्न सिया के रूप चन्द्र सँ तेज लेल भेज देलैन। सीता सीता के वन प्रस्थान के बाद सिया सुकुमारी के रूप में राम के वन प्रवेश केलनि। अंततः, सीता सीता आ सीता के बीच प्रेम आ प्रेम के प्रतीक बनल छथि। फ़ौरन उल्लेखित कथा में उल्लेख अछि जे रावण के वध के बाद सीता के लंका नरेश के जीवन के महत्व पर चर्चा कयल गेल अछि।॔",0.3188,0.078,0.2415
45,"मिथिला अर्थतंत्रक औद्योगिक विकास पर विचार कयल गेल अछि जे मिथिलादेश पहिने बड सम्पन्न आ आत्मनिर्भर छल। हालाँकि, औद्योगिक विकास शिथिल भऽ गेल अछि आ भारतीय मिथिलाक्षेत्र मे चीनी मील आ पेपर मील बंद भऽ गेल अछि। बिहार सरकार द्वारा नव औद्योगिक निवेश प्रोत्साहन नीति लागू कयल गेल अछि, जाहि मे निवेशक केँ विभिन्न सब्सिडी आ टैक्स प्रतिपूर्ति केर व्यवस्था कयल गेल अछि। नेपालक प्रदेश २ मे सेहो औद्योगिक विकासक महात्वाकांक्षी नीति आ कार्यक्रमक घोषणा कयल गेल अछि, मुदा कार्यान्वयन मे बाधा देखाइत अछि। मिथिला क्षेत्रक उद्योगक विकास लेल मैथिल प्रोफेशनल्स सँ सुझाव आ विचार मंगायल गेल अछि।","मिथिला अर्थतंत्रः औद्योगिक विकास पर वैचारिक मंथन सुनल जाइत अछि जे मिथिलादेश कहियो बड सम्पन्न आ आत्मनिर्भर छल। सीता समान ब्रह्माण्डनायिकाक ऋद्धि सिद्धिक बाद मुगल ब्रिटीशकालहु मे एकर सम्पन्नता आइ सँ नीक कहल जाइत छल, मुदा वर्गीय विभेद आ भौतिक विपन्नता केँ बेसी देखाइत छल। वर्तमान समय मे मिथिलाक आर्थिक विकास मे स्थानीय लोकगीतहुक योगदान आ आधुनिकता के महत्व पर विचार कयल जा रहल अछि, जकरा कारण मिथिला के विकास मे बाधा उत्पन्न भेल अछि। मिथिला क्षेत्र मे औद्योगिक विकास आ औद्योगिक विकास केँ बढ़ावा देल जा सकैत अछि। फ़ौरन मिथिला विकासक लेल प्रयासरत अछि आ विकास केर दिशा मे कदम बढ़ाबय के आवश्यकता पर जोर देल गेल अछि।॔ खूब चर्चा कयल गेल अछि जे विकासक आवश्यकता अछि",0.3889,0.1495,0.25
46,"लघुकथा में लाल काकी आ हुनकर पुतोहु बेलोना बाली के बीच झगड़ा के चर्चा कयल गेल अछि। लाल काकी के बेटा लाल कुमैर विवाह कयलनि आ ओ बेलोना बाली सँ लड़ाई में शामिल भऽ गेल। लाल काकी खुश छथि जे लाल कुमैर बेलोना बाली के छोड़ि नै रहल छथि। बड़की काकी सेहो ई बात पर विचार करैत छथि। अंत में, ई कहावत ""घरक औजार भोथे नीक"" के सत्यता के दर्शाबैत अछि।","लाल काकी के जीवन पर आधारित लघुकथा “घरक औजार भोथे नीक” में एक कहावत सच होइत अछि, जकरा में लाल कका अपन बेटा के सेहो विवाह दुरागमन भेलैन आ भरफोड़ीयो नैं बितलैन। लाल कुमैर के अपन पुतोहु केर नाम पर लाल कुमैन रखलनि आ अपन घर सम्हारू। ई बेलोना बाली के एक टक्कर नैं होइत छलैन, जतय काकी घर छोड़ि दै छलीह। ओ कहैत छथि जे काकी अपन पति के संग झगड़ा करैत छलाह, मुदा काकी सँ झगड़ा कयल जा रहल छथि। अंत में, लाल कुमरिया केर विवाह के बाद सेहो टूटैत अछि। खूब चर्चा कयल गेल अछि। लघुकथा में लालकाकी केर जीवन पर प्रकाश डालल गेल अछि, मु",0.5333,0.1685,0.2222
47,"नेस्ले इन्डिया द्वारा निर्मित नुडल्स खाद्य गुणस्तर जाँच मे फेल भेलाक कारण विवाद उत्पन्न भेल अछि। उपभोक्ता सभ ठकायल छथि, कारण मैगी नुडल्स केँ सबसँ अधिक लोकप्रिय मानल जाइत छल। एफएसएसएआइ द्वारा जाँच मे शीशाक मात्रा बेसी आ मोनो सोडियम ग्लुटामेट बिना लेबल घोषणा केनहिये पाओल गेलैक, जे मानव स्वास्थ्य लेल हानिकारक अछि। कंपनी नेस्ले अपन उत्पादन प्रक्रिया आ जाँच प्रक्रिया मे सरकारी संस्था संग सहयोग करबाक लेल तैयार अछि आ भविष्य मे एहेन समस्या नहि होएत से कहलक अछि।","नेस्ले इन्डिया द्वारा निर्मित नुडल्स खाद्य गुणस्तर जाँच मे फेल भेलाक कारण बहुत पैघ विवाद मे फँसल देखा रहल अछि। उपभोक्ता काफी ठकायल अनुभूति कय रहल छथि, जकरा कारण मैगी नुडल केँ सबसँ अधिक लोकप्रिय बना रहल छल। विवाद के कारण उत्तराखंड केर रुद्रपुर मे मैगी, महाराष्ट्र, गुजरात, दिल्ली, मध्य प्रदेश, केरल आ गोआ केँ मैगीक सैम्पल चेक कैल जाइत छैक आ एक्कहि प्रकारक समस्या सब ठाम अभरैत अछि। खाद्य पदार्थक नमूना जाँच केर ब्योरा देखला सँ पता चलैत अछि जे नैनीताल आ अन्य राज्य मे उपलब्ध भेल अछि, मुदा सब राज्य केँ ई स्थिति सँ मुक्ति मिलल। त्योहारी मौसम केँ ध्यान मे रखबाक आवश्यकता अछि।॔प्राकृतिक खाद्य पदार्थ केर गुणवत्ता पर ध्यान देल जा",0.3814,0.1667,0.3196
48,"सी टेट परीक्षा मे मैथिली भाषाक विकल्प नहि रहनाइ मिथिलावासीक अपमान थिक। श्री प्रवीण नायक द्वारा एहि विषय पर ध्यानाकर्षण कयल गेल अछि, जकरा अनुसार मैथिली केँ शामिल करितय तऽ मिथिलाक लोक केँ लाभ होइत। भारत मे शिक्षाक अधिकार अधिनियम केर तहत प्राथमिक शिक्षा मातृभाषाक माध्यम मे होबाक प्रावधान रहितो मैथिली केँ टीचर्स एलिजिबिलिटी टेस्ट सँ बाहर कियैक राखल गेल, ई चिन्तनीय विषय अछि। मैथिलीभाषी लोकनिक संग भऽ रहल विभेद केँ दूर करबाक लेल उचित प्रतिनिधित्व आ सरकारक ध्यानाकर्षण आवश्यक अछि।","सी टेट परीक्षा मे मैथिली भाषाक विकल्प कियैक नहि? श्री प्रवीण नायक, , एक सामाजिक कार्यकर्ता आ सजग मैथिल जनता, विशेष रूप सँ युवा आ हमरा लोकनिक अभियान दहेज मुक्त मिथिला मे सहयोगीक भूमिका निर्वाह कयनिहार आ संगहि जनता दल युनाइटेड केर बिरौल अनुमंडल (दरभंगा) केर पदाधिकारी द्वारा ई विषय पर ध्यानाकर्षण करायल गेल अछि। ओ लिखलनि जे संचारधर्मक मूल नियम अनुसार एहि विन्दु पर अपन अध्ययन गहिंर करैत समाधानक वातावरण तैयार करब। सीबीएसई द्वारा ई परीक्षा राज्य तथा केन्द्र दुनू लैत अछि। सीबीएसई आ आईसीएसई द्वारा आयोजित कयल जा रहल अछि, जकरा मे मैथिल लोक केँ लेल जायवला शिक्षकक योग्यता जाँच केर विकल्प केँ शामिल करबाक निर्णय लेल जाइत छै।॔ खूब पढ़ल जा रहैत अछि",0.3655,0.1231,0.2234
49,"जननायक कर्पूरी ठाकुरक जन्म 24 जनबरी 1924 ई०केँ समस्तीपुरक पितौंझिया गाम मे भेल छलनि। ओ संघर्ष आ समाजवादक समर्थक रहथि, जिनकर जीवन सादगी आ मेहनति सँ भरल छल। कर्पूरी जी मुख्यमंत्री बनला बादो ओ कहियो पदक दुरुपयोग नहि कएलनि आ समाजक दीन दशा सुधारबा लेल कई महत्वपूर्ण निर्णय लेलनि, जइमे स्त्री शिक्षा आ आरक्षणक व्यवस्था शामिल अछि। हुनक जीवन आ कार्य समाजक गरीब आ पिछड़ल वर्गक उद्धारक लेल प्रेरणादायक रहल अछि।","कर्पुरी ठाकुर, रहुआ, मधुबनी। जननायक कर्पूरी ठाकुर ओ हुनक संघर्ष 1924 ई०केँ समस्तीपुरक पितौंझिया गाम मे भेल। हिनक पिता गृहस्थ रहथि आ अपन पारम्परिक काज हजामी सेहो करैत रहथि। जन्मदात्री माय केर नाम रहनि रामदुलारी देवी आ छोट पुत्र रामनाथ ठाकुर, जे हिनक विवाह फुलेश्वरी देवीसँ भेल छथि। हुनकर शिक्षा ग्रामीण वातावरणमे भेल छल, मुदा हुनका संघर्ष आ कर्मठता पर जोर देल गेल अछि। ओ कहैत छथि जे हुनक जीवनक सार्थकता पर ध्यान केन्द्रित कयल जा रहल अछि। खूब संघर्ष आ हुनक सफलता पर चर्चा करैत अछि। फ़ातिमा झा, हुनक प्रेरणादायी लेख लेख मे अछि जे मैथिल भाषा आ मैथिल संस्कृति केर महत्व पर बल देल",0.2486,0.0914,0.1808
50,"मिथिलांग आ माछ पर प्रवीण नारायण चौधरी द्वारा लिखल गेल ई लेख मिथिलाक परंपरा आ संस्कृति केँ उजागर करैत अछि। लेखक बतबैत छथि जे मिथिलाक लोक माछ केँ देवकर्म आ पितरकर्म मे विशेष महत्व दैत छथि, आ बिना माछक पितरकर्म पूरा नहि भऽ सकैत अछि। विवाहक समय माछक परंपरा सेहो महत्वपूर्ण अछि, जतय वर पक्ष द्वारा कनियाँ पक्षक लेल माछक भार साँठल जाएत अछि। लेखक माछक प्रति अपन प्रेम आ मिथिलाक परंपराक महत्ता केँ व्यक्त करैत छथि, संगहि वर्तमान समयक व्यस्तता आ परंपराक बीचक संघर्ष पर चर्चा करैत छथि। अंत मे, ओ पाठक लोकनिक माछ प्रति प्रेमभाव सँ अपन संस्मरण रखबाक आग्रह करैत छथि।","प्रवीण नारायण चौधरी शुभे हो शुभे – माछ सँ प्रेम फोटो साभारः सुधीर सहनी अपन मिथिलाक विधान केँ यदाकदा अपनहि लोक बड़ा कठिनाह, बोरिंग आ अतिपरंपरावादी, पाखंडी आदि कहैत छैक, मुमुक्षु केँ पूजा पाठ, देवकर्म आ पितरकर्म के शुभ शुभ सम्पन्न कतेक उपाय बतायल गेलैक अछि। मिथिलांग मे शुभ मुहूर्त पर शुभ कार्य आरम्भ कयल जाएत अछि, जकरा लेल शुभ मुहूर्त आ शुभ मुहूर्त केँ शुभ मानल जायत अछि। अंततः, मिथिला के लोक अपन जीवनक सुख आ समृद्धि के प्रति जागरूक रहल छथि। फ़ौरन बताओल गेल अछि जे मिथिला में शुभ मुहूर्तक शुभ शुभ आ अशुभ मुहूर्त के बारे मे जानकारी देल जा रहल अछि। पीढ़ी केँ शुभकामना देल गेलैत अछि जे अपन कर्मकांड केँ",0.3014,0.0369,0.1644
51,"लेख में नारीक सम्मान आ शक्ति पर चर्चा कएल गेल अछि। पुरुष आ नारी दुनू एक-दूसराक लेल आवश्यक छथि आ नारीक प्रगति में पुरुषक सोच आ मानसिकता में बदलाव महत्वपूर्ण भूमिका निभा रहल अछि। आजुक समय में पुरुष नारीक सफलता के स्वीकार क' ओकरा प्रगति में सहायक बनि रहल छथि। नारी घरक चारिदिवारी लाँघि क' हर क्षेत्र में कार्य क' रहल छथि, आ ई बदलाव पुरुषक सोच में परिवर्तन के कारण भ' रहल अछि। अंततः, 'हर सफल महिला के पाछाँ एक पुरुष के हाथ होइत अछि' कहब सही होएत।","प्रतिभा झा, विराटनगर (बीए, प्रथम वर्ष) ओहि पुरुषके हमरा तरफ सं कोटि कोटि प्रणाम कयलनि। ओहि नारी के सम्मान के रक्षा हेतु अपन मस्तक के छिन क’ दैत छथि। नारी के पाछाँ एक पुरुष के हाथ होइत अछि, मुदा नारी के अंतर्तत्व के अध्ययन कएल जा सकैत अछि। नारी शक्ति के महत्व पर चर्चा कएल गेल अछि, जकरा कारण समाज मे नारी के महत्व बढ़ल अछि। ओ अपन पति के प्रति समर्पण आ समर्पण के भावना प्रकट कएलनि। खूब पढ़े-लिखे लेख मे नारी शक्ति पर चर्चा करबाक आवश्यकता पर बल देल गेल अछि। फ़ातिमा झा, जे नारी के उत्थान केर महत्व पर जोर देलनि अछि आ नारी के सशक्तिकरण केर दिशा मे महत्वपूर्ण भूमिका निभाबय के आवश्यकता पर जोर दैत छै।॔ बढ़ि-चढ़ैत",0.2559,0.134,0.1327
52,"गर्मी आ बर्खा के समय फ्रिज मे किछु खास सामान नहि रखबाक चाही। फल, सब्जी, आलू, प्याज आ लहसून केँ फ्रिज मे राखब स्वास्थ्य पर प्रतिकूल असर डालि सकैत अछि। विशेष रूप सँ केरा, काटल आम, कटहर, तरबूज आ खरबूज केँ फ्रिज मे नहि रखबाक सलाह देल गेल अछि। मधु आ ब्रेड केँ सेहो फ्रिज मे नहि राखल जाए, कियाक ताहि सँ स्वास्थ्य पर नकारात्मक प्रभाव पड़ि सकैत अछि। आम लोक केँ एहि विषय मे जागरूक बनब बहुत आवश्यक अछि।","फ्रिज मे कोन कोन सामान नहि रखबाक चाही गर्मी आ बर्खा के समय तैयार खाना जल्दी खराब भऽ जाइत छैक। हरियर तरकारी, फल, दूध, दही, आदि सेहो सामान्य तापक्रम मे जल्दी खराब होइत अछि। फ्रिज मे खाद्य, उर्वरक रासायन, कीटनाशक विषादि, आदिक प्रयोग कय रहल अछि, जकरा सँ लोकक स्वास्थ्य मे अनेक समस्या उत्पन्न भेल अछि। आयुर्वेदक सिद्धान्त अनुसार, ई खाद्यवस्तुक पोषक तत्त्व सुरक्षित नहि रहल छन्हि, जे स्वास्थ्य केँ हानि पहुँचाइत अछि, मुदा स्वास्थ्य पर नकारात्मक प्रभाव पड़ैत छथि। स्वास्थ्य सम्बन्धी जानकारी देल गेल अछि। फ़ायदादायक लेख लेख मे अछि।विज्ञजन आ डायटिशियन केँ जागरूक कयल गेल अछि जे स्वास्थ्यक दृष्टि सँ आवश्यक अछि आ स्वास्थ्यक महत्व पर ध्यान देल जा सकैत अछि आ लेख मे",0.398,0.134,0.2041
53,"विराटनगर, मार्च ७, २०१८. मैथिली जिन्दाबाद!! राष्ट्रीय महिला नाट्य उत्सवक दोसर दिन विराटनगर केर आरोहण गुरुकुल मे ३ अलग-अलग रंगकर्मी समूह द्वारा ३ गोट एकल नाट्य प्रस्तुति कयल गेल। पहिल नाटक ‘म रुपियाँ’ शिल्पी कला समूह द्वारा प्रस्तुत कयल गेल, जे भारतीय नोटबन्दी केँ चित्रित करैत लोकक क्रय क्षमता आ राष्ट्रक अस्मिता पर प्रश्न उठबैत अछि। कार्यक्रम मे भारतीय राजदूतावासक प्रमुख निरज जायसवाल उपस्थित रहि कलाकार केँ सम्मानित कयलन्हि। अन्य दू नाटक सद्भाव थिएटर आ ख्वापकिमी कला संस्था द्वारा प्रस्तुत कयल गेल, मुदा दर्शक लोकनिक प्रतिक्रिया मे आलोचना देखल गेल। समापन उपरान्त सहभागी कलाकार लोकनि केँ सम्मान पत्र सेहो हस्तान्तरित कयल जायत।","विराटनगर, मार्च ७, २०१८। विराटनगर मे राष्ट्रीय महिला नाट्य उत्सवक दोसर दिन विराटनगर केर आरोहण गुरुकुल नाटक घर मे ३ अलग अलग रंगकर्मी समूह द्वारा ३ गोट एकल नाट्य प्रस्तुति कयल गेल अछि। पहिल नाटक ‘म रुपियाँ’ शिल्पी कला समूह काठमांडूक कलाकार बंसरी पाण्डे गाँधी द्वारा भारतीय नोटबन्दी केँ चित्रण केलक। ओ ५०० टकही भारतीय नोट एतेक शानदार अस्तित्व बना लेने रहल छथि, जे लोकक क्रय क्षमता केँ परिभाषित करयवला मु्द्रा सँ बढैत बढ़ैत अछि। कलाकारक प्रस्तुति मे विभिन्न कलाकार आ कलाकार उपस्थित रहैत छथि। नाटकक मुख्य कलाकार बंटी पाण्डे गाँधी आ अन्य कलाकार उपस्थित छथि जे नोटबन्दी सँ आम जनता केँ केहेन परेशानीक सामना कय लेल प्रेरित कयलनि। कलाकारों द्वारा नाटक केँ प्रस्तुत कयल जा रहल अछि, जकरा सँ दर्शकक उत्साह बढ़ल अछि। नाट्य",0.4846,0.2756,0.4053
54,"दहेज प्रथा मिथिला मे उच्च सम्भ्रान्त लोकक आडंबरी व्यवहार सँ फैलि गेल अछि। विवाहक समय मे अत्यधिक खर्च आ आडंबरक कारण समाज त्राहि त्राहि कय रहल अछि। साधारण विवाह मे सेहो लाखों टका खर्च होइत अछि, जकरा सँ न त लड़का केँ लाभ होइत अछि आ नहिये लड़की केँ। दहेज मुक्त मिथिला केर आदर्श केँ अपनाबय लेल समाजक किछु नीक लोक प्रयासरत छथि, मुदा लोभी आडंबरी व्यवहारक विरोध करब आवश्यक अछि। बिहार सरकार सेहो एहि कूप्रथा विरुद्ध कार्यक्रम चला रहल अछि।","दहेज प्रथाक बढावा देनिहार के कारण मिथिला मे उच्च सम्भ्रान्त कहेनिहार आडंबरी लोकक किरदानी सँ आइ पूरे समाज मे कोढि कुष्ठी जेकाँ पसैर गेल अछि। दहेज प्रथा सँ विवाह पूर्वहि सरियाती सब केँ सबजाना नोत, पलंग, फ्रीज आ फल्लाँ चिल्लाँक मांगहि टा दहेज नहि। विवाह मे दहेज नहि, अपन बेटा बेटीक विवाह मे एना नहि हेतैक त केहेन लगतैक। ई बीमारी यथार्थतः पाइ कौड़ी सँ सम्पन्न लोक आगू भऽ कय करैत अछि, जतय दहेज प्रथा आ दहेज प्रथा केँ समाप्त कयल जा रहल अछि। खूब पढ़े-लिखे होएत आ समाज केँ जागरूक कय रहल छथि। फ़ौरन विचार-विमर्श कयल गेल अछि जे दहेज प्रथा पर चर्चा कयल जाएत अछि आ समाज मे अपन सोच",0.3109,0.0942,0.1865
55,"दहेज प्रथा भारत में १९४० के पहिले सऽ शुरू भेल छल, आ १९७५ तक ई प्रथा विवाह में बढ़ि गेल। शिक्षा आ सामाजिक प्रतिष्ठा के कारण लोग शिक्षित लड़का सऽ विवाह करबाक चाहैत छथि, जेकरा कारण दहेज के माँग बढ़ि रहल अछि। माता-पिता के चिंता आ दहेज के कारण कई बेर भ्रूण हत्या जेकाँ गंभीर समस्या उत्पन्न होइत अछि। युवा सबके दहेज लेबऽ सऽ मना करबाक आ दहेजमुक्त विवाह के प्रति जागरूकता जरूरी अछि, ताहि सऽ ई कुप्रथा समाप्त भऽ सकैत अछि। दहेज मुक्त मिथिला के लेल सबके एकजुट होयबाक आ प्रयास करबाक आवश्यकता अछि।","दहेज १९४० सऽ १०५० के बीच पुरा भारत में दहेज लेबऽ में ज्यादा तीव्रता आबि गैलय। विवाह में भुगतान हुवैय लगलैय दहेज के अर्थ ईऽ अछि जे विवाह के समय वधु के परिवार के तरफ सऽ हुनकर जत्त विवाह ठीक होय छैय। दहेज प्रथा के कारण सब व्यक्ति अपन कन्या केरऽ विवाह शिक्षित, प्रतिष्ठित लड़का सऽ कराबैय चाहैत छथिन। युवा सब दहेज के प्रति जागरूक रहथिन आ दहेज के खिलाफ आवाज उठाबैत अछि। दहेज के कारण युवा में उत्सुकता बढ़ैत अछि, जकरा कारण समाज में कमी आ सामाजिक प्रतिष्ठा बढ़े रहल अछि।॔एजेंसीएजेंसीएजेंसी खूब खूब पढ़े-लिखे होएत।विपक्ष सऽ लेख में दहेज के महत्व पर जोर देल गेल अछि जे दहेज के प्रभाव पर चर्चा करबाक आवश्यकता पर जोर दैल जा रहल छथि।",0.3796,0.1495,0.2315
56,"भगवतीस्थान (दुर्गाजीक दरबार) मे शिक्षा आ विकासक कार्यक चर्चा कयल गेल अछि। १९७० केर दशक मे मातारानीक साधारण फूसक घर रहैत, समय संग संग मन्दिरक विकास आ संरक्षक परिवारक योगदान बढ़ल। १९८० सँ २००० केर दशक धरि मन्दिरक स्वरूप बदलल आ पक्काक घर बनल। आजुक समय मे भगवतीस्थान मे विभिन्न निर्माण कार्य आ भक्त लोकनिक सुविधा लेल स्थान बनायल गेल अछि। समाजिक हितक कार्य मे भाग लेनिहारक जीवन मे सकारात्मक परिवर्तन देखल गेल अछि।","जगजननी जगदम्बाक दरबार सँ शिक्षा प्रस्तुत तस्वीर भगवतीस्थान (दुर्गाजीक दरबार) कुर्सों नदियामीक थिकैक। भगवतीक दरबार अपन बाल्यकाल सँ बहुत नजदीक सँ देखैत आबि रहल छी, जकरा सिखबाक आ बुझबाक संग संग कतेको रास चमत्कार आ भगवतीक लीला सब देखबाक अवसर भेटल अछि। मनुष्य जखन अपन जीवन अस्तित्व मे अबैत अछि त ओकरा मात्र अपन पेट टा पोसबाक लेल नहि अपितु अपन परिवार, समाज, समुदाय, संसार आदिक भार सेहो वहन करय पड़ैत छैक। १९७० केर दशक मे ९९ लोक अपन घर मे छली छथि, जतय मातारानी केर कृपा आ आशीर्वाद प्राप्त करैत छथि।॔า फ़ेसबुक, ट्विटर, फेसबुक, ट्विटर आ ट्विटर पर शुभकामना संदेश देल गेल अछि।",0.2697,0.0795,0.1685
57,"स्वाध्याय नव वर्ष २०१९ मे 'अष्टावक्र संहिता' केर प्रथम अध्याय मे आत्मज्ञान केर उपदेश देल गेल अछि। जनक पूछलखिन जे ज्ञान, मुक्ति आ वैराग्य केना प्राप्त होयत। अष्टावक्र कहलखिन जे मुक्ति हेतु विषय केँ छोड़ि क्षमाशीलता, आर्जव, दयालुता, संतोष आ सत्यता केँ ग्रहण करू। ओ कहलखिन जे अहाँ केवल द्रष्टा छी आ अहाँ सदिखन मुक्त छी, जँ अहाँ अपन अहं केँ 'हम कर्ता छी' सँ मुक्त कय लेब। अंततः, अष्टावक्र ज्ञान आ ध्यान द्वारा आत्मा केँ पहचानबाक आ बंधन सँ मुक्त होयबाक उपदेश दैत छथि।","स्वाध्याय नव वर्ष २०१९ मे ‘अष्टावक्र संहिता’ केर प्रथम अध्याय मे आत्मज्ञान केर उपदेश संग प्रस्तुत कयल गेल अछि। ई अध्याय आत्मज्ञानक प्राप्ति केर संकल्प संग आरम्भ भेल अछि, जतय ज्ञानमवाप्नोति कथं मुक्तिर्भविष्यति। वैराग्यं च कथं प्राप्तमेतद् ब्रुहि मम प्रभो॥१॥ जनक पूछलखिन – ज्ञानक प्राप्ति कोना होयत? ओ कहैत छथि जे मुक्ति केँ प्राप्त कयल जा रहल अछि। अंत मे, ओ अपन विचार व्यक्त कयलनि। अंततः, जनक कहलखिन जे मनुष्य केँ आत्मज्ञान प्राप्त करैत अछि।- ओहि कथा मे, आत्मज्ञान आ आत्मज्ञान पर ध्यान देलनि। फ़ौरन, मुदा, अपन जीवनक सुख-समृद्धि केँ बचाबय लेल प्रयास कयल जाएत।",0.3222,0.1573,0.2889
58,श्री सुधीर कुमार ठाकुर संग वर्चुअल भेंट मे हुनकर व्यक्तित्व आ कार्यक चर्चा भेल। ओ मधुबनी जिला केर मूल निवासी छथि आ वर्तमान मे कोलकाता मे आदित्य बिड़ला ग्रुप केर सीनियर वाइस प्रेसीडेन्ट छथि। हुनकर जीवन संघर्ष आ सफलता केर गाथा सुनि प्रेरणा मिलैत अछि। सुधीर बाबू सामाजिक कार्य मे सेहो सक्रिय छथि आ अपन परिवार संग भक्ति भावपूर्ण जीवन जीबैत छथि। हुनकर विचार अछि जे मिथिलाक विभूति सभक परिचय जनमानस धरि पहुँचाबय जरूरी अछि।,"""श्री सुधीर कुमार ठाकुर"" संग वर्चुअल भेंट मिथिलाक अनेकों पुरुषार्थसम्पन्न सपूत संग सोशल मीडिया मे भेंट होइत रहैत अछि। ई सौभाग्य अपन मातृभाषा ‘मैथिली’ केर सेवा आ लेखन केर कारण नसीब होइत अछि, जे स्वीकार करय मे कनिकबो हर्ज नहि। निज भाषाक चुम्बकत्व मात्र एहेन होइत छैक जे अपन लोक संग भेंट करबैत छैत छथि। २०१४ केर सितम्बर सँ शुरू कयल अपन जीवन मे भगवद्भक्ति आ आध्यात्मिक रुचि सँ सेहो एक सँ बढिकय एक विलक्षण पुरुषार्थ सम्पन्न व्यक्तित्व सभक संग भेंट कयल गेल अछि, जकरा कारण ओ अपन माता-पिता केँ आशीर्वाद देलनि।जोधपुर, मिथिला आ मिथिला केर भविष्य केँ उज्जवल रखबाक प्रयास कयल जा रहल अछि।",0.2889,0.0337,0.1667
59,"मैथिली साहित्यिक एवं सांस्कृतिक समिति द्वारा 'प्राथमिक शिक्षाक माध्यम मैथिली' केर मांग पर विमर्श कयल गेल अछि। भारतक संविधान अनुसार मातृभाषाक माध्यम सँ प्राथमिक शिक्षा देल जाए, मुदा मैथिली केँ राजभाषा केर दर्जा नहि भेटल अछि। पटना उच्च न्यायालय सँ सर्वोच्च न्यायालय धरि मैथिली भाषाक पक्ष मे लड़ाई चलि रहल अछि, मुदा राजनीतिक कुचक्रक कारण स्थिति अराजक अछि। संगोष्ठी २२ दिसम्बर २०१८ क' आयोजित कयल जायत, जाहि मे मैथिली केँ अनिवार्य विषयक रूप मे पढ़ाएबाक मांग कयल जायत।","मैथिली साहित्यिक एवं सांस्कृतिक समिति, मधुबनीक संस्थापक दिलीप कुमार झा द्वारा ‘प्राथमिक शिक्षाक माध्यम मैथिलि’ केर मांग पर फेसबुक सँ धरातलीय विमर्शक सम्बन्ध मे आजुक टटका टटकी बहस भूमिका प्रस्तुत कयल गेल अछि। ई बहस केवल उच्च जातिक भाषा थिक कहिकय एकरा पाछुए राखब, जकरा कारण वोटबैंक केर राजनीति कय नहि भेटल अछि। पटना उच्च न्यायालय सँ दिल्लीक सर्वोच्च न्यायालय धरिक लड़ाई मे ई विवाद उत्पन्न भऽ गेल अछि, जतय राजनीतिक दल लोकनि केँ एकजुट कयलनि। राजनीतिक दलनि केर दबाव मे ई बहस चलल अछि, मुदा राजनीतिक दल केर नेता लोकनि आपस मे मतभेद उत्पन्न करैत छथि। फ़ौरन मैथिल भाषा केर महत्व पर विचार कयल जा रहल अछि जे मैथिला केँ बचाबय के प्रयास करबाक आवश्यकता अछि।",0.3795,0.1762,0.2974
60,समूह केर नियम दहेज मुक्त मिथिलाक सदस्यगण केँ कहल जाइत छन्हि जे अपन परिचय फोटो सहित समूह पर राखू। माघ पूर्णिमा दिन गंगा स्नान कय बाबाधाम यात्रा करय लेल सुल्तानगंज मे भेटय के लेल आमंत्रण देल गेल अछि। भैरवनाथ मिथिला मे आगमन कयलनि आ मिथिलाक लोक केँ मार्गदर्शन कयलनि। यात्रा दौरान भक्तजन गंगा स्नान कयलनि आ पूजा कयलनि। एहि यात्रा सँ मिथिला धन धान्य सँ सम्पन्न भ’ गेल आ सब कियो प्रसन्न भेलाह।,"प्रवीण नारायण चौधरी द्वारा लिखल लेख मे दहेज मुक्त मिथिलाक समस्त सदस्यगण केँ कहल जाइत छन्हि जे सब कियो अपन परिचय फोटो सहित समूह पर जरूर राखू। फोटो सहित परिचय केर अर्थ भेल जे एहि अभियान मे निडरता आ निःशंक बनिकय अहाँ सहभागिता दय रहल छी। श्री जानकी राघव जी केँ माफा मे बैसा शोभा यात्राक संग बाबाधाम धरि जायबाक आह्वान कयल गेल अछि, जतय सब सेहो सहभागिता कयल जा रहल अछि। अंततः, बाबाधाम यात्राकालक समय आबि गेल जे माघ पूर्णिमा दिन देवाधिदेव महादेव आ कामोद लिंग बाबा बैद्यनाथ केँ गंगाजल अर्पण करय लेल गंगा स्नान कय केँ पीठ पर राखय वला कामर मे जल भरब आ “जय सीताराम जय जय सीताराम” महामंत्र केर कीर्तन केर आयोजन कयल जाइत अछि। लेख केर माध्यम सँ पाठक",0.3939,0.1837,0.2525
61,"मंजूषा झा, दहेज मुक्त मिथिला समूहक सक्रिय सदस्य, 'सिलाई कढाई' सिखेबाक लेल आगू आबि छथि। हुनकर उद्देश्य अछि जे अपन कला सँ दोसर केँ जीविकोपार्जन करबाक अवसर प्रदान करथि। हाल धरि दर्जनों सदस्य लोकनि 'जूम प्रविधि' मार्फत प्रशिक्षित भ' रहल छथि। मंजूषा जीक योगदान सँ समाज मे सकारात्मक परिवर्तन आ रहल अछि। हुनकर प्रयास सँ बेटा आ बेटी दुनू वर्गक लोकनि केँ जीवनोपयोगी कला सिखबाक अवसर भेट रहल अछि।","मंजूषा बहिन जे दहेज मुक्त मिथिला समूह पर सक्रिय दाय माय केँ स्वरोजगार सँ सम्पन्न करबाक पुनीत उद्देश्य सँ ‘सिलाई कढाई’ सिखेबाक लेल सामाजिक अभियन्ता मंजुषा झा आगू एलीह अछि। हुनकर कहब छन्हि जे अपन कला सँ दोसर केँ जीविकोपार्जन करबाक अवसर प्रदान करबाक आवश्यकता अछि, मुदा हुनका विशेष गुण दय गेल छथि आ समाज केर हित मे काम करबाक प्रेरणा देल गेल अछि। ओ अपन प्रतिभा सँ समाज केँ जागरूक करबाक प्रयास कयलनि। बेटी केँ शिक्षित करबाक लेल प्रेरित करबाक अपील कयल जा सकैत अछि। खूब चर्चा कयल गेल अछि जे समाज मे सकारात्मक बदलाव आ सकारात्मक बदलाव लाबय लेल प्रयास करबाक आवश्यक अछि।॔ुकयायिरुन्नुुकयायिरुन्नु भऽ महिला सशक्तिकरण के लेल",0.3687,0.1921,0.2905
62,"काठमांडू, अप्रैल १०, २०१८. भोर संस्थाक संस्थापक संचालक राजकुमार महतो अपन स्टेटस मार्फत ‘भोर’ केँ ‘मिथिला सेवा सम्मान’ सँ सम्मानित कयल जेबाक जनतब देलनि अछि। ई सम्मान दरभंगाक बलभद्रपुर मे आयोजित ‘मिथिला महोत्सव’ मे देल गेल अछि। श्री महतो एहि सम्मान केँ जानकीक चरण मे अर्पित करैत सम्पूर्ण मिथिला तथा नेपाल केँ समर्पित करबाक भावना व्यक्त कयलनि अछि। ओ कहलनि अछि जे भारतक मैथिली लोक संस्कृति मंच द्वारा भोर केँ ई सम्मान भेटल अछि।","काठमांडू, अप्रैल १०, २०१८। भोर संस्थाक संस्थापक संचालक राजकुमार महतो अपन स्टेटस मार्फत हुनका द्वारा संचालित संस्था ‘भोर’ केँ ‘मिथिला सेवा सम्मान’ सँ सम्मानित कयल गेलनि। एहि सम्मान दरभंगाक बलभद्रपुर मे आयोजित 'मिथिला महोत्सव’ मे देल गेलनि अछि। एहि समारोह मे भोरक सम्पुर्ण सदस्य, शुभेच्छुक लोकनि एवम् एहि अभियानमे सहयोग कयलनि। संस्था सब केँ बधाई आ साधुवाद ज्ञापन करैत सम्मान करयवला संस्था प्रति आभार प्रकट कयल। मिथिला महोत्सवमे भोर केँ विभूषित करैत भारतक मैथिली लोक संस्कृति मंच, दरभंगा केँ समर्पित करबाक भावना व्यक्त कयल जा रहल अछि।हर संस्था द्वारा ७ अप्रैल, २०१८ केँ २१म मिथिला उत्सवमे भोरक योगदान केँ सम्मानित करैत सम्पूर्ण मिथिला, नेपाल केँ, नेपाल, नेपाल आ नेपालकेँ समर्पित",0.5326,0.3626,0.4348
63,"वन्दना चौधरी एक पीड़ित महिला के सवाल सभक चर्चा कय रहल छथि, जेकर पति के असामयिक निधन भऽ गेल अछि। ओ अपन बच्चा सभक संग जीबन के कठिनाई सभक सामना कय रहल छथि, जखन कि समाज के नियम ओहि पर दबाव बना रहल अछि। महिला कहैत छथि जे समाज के ढकोसला के कारण हुनका आ हुनकर बच्चा सभ केँ जीबन जीबै के हक नै अछि। ओ पाठक सब सँ प्रश्न पूछैत छथि जे की ई सही अछि जे समाज के बनाओल नियम सभक तहत हुनका आ हुनकर जइसन अन्य महिला सभ केँ एहन पीड़ा सहय पड़ैत अछि?","वन्दना चौधरी मरल के और कतेक मारब? अहाँ सब पूरा पढिकय अपन जवाब जरूर देबै। एकटा पीड़ित महिला के सवाल सभक जवाब देबैत छथि जे ओकर जीवन पहाड़ बनल छैक। ओ अपन मां के प्रति घृणा उत्पन्न भऽ गेल, जकरा कारण ओकर मृत्यु होइत अछि। ओ एक दिन पूर्व अपन मम्मी के हाथ में एकोटा चूड़ी नै देखिकय बच्चा सब और हदरैत छैक, जखन हम अपन संगी के फोन आयल। ओ ओकर बात सब सुनलहुँ त सच कहैत छी जे ई समाज सँ घृणा उत्पन्न भेल। एतय ढकोसला के सिवा और किछ दिन पूर्व के बात सब सब केँ दूर भऽ जा रहल अछि। खूब चर्चा कयल गेल अछि, जतय सब अपन दुख व्यक्त कयलनि। खूब भावुकता व्यक्त करैत",0.3333,0.0841,0.2037
64,"आश्रम चतुष्टय वैदिक कालक एक महत्वपूर्ण अवधारणा अछि, जे चारि आश्रम - ब्रह्मचर्याश्रम, गृहस्थाश्रम, वानप्रस्थाश्रम आ संन्यासाश्रम - केर माध्यम सँ मानव जीवनक चारि अवस्था केँ दर्शाबैत अछि। मनुस्मृति अनुसार, मानव जीवनक आयु केँ सौ वर्ष मानल गेल अछि, जे चारि आश्रम मे २५-२५ वर्षक रूप मे विभाजित कयल गेल अछि। ब्रह्मचर्याश्रम मे बालक केँ विद्याध्ययन आ नियम पालन करबाक लेल आचार्यकुल मे पठाओल जाइत अछि। गृहस्थाश्रम मे विवाह आ पितृ ऋण चुकाबय के उद्देश्य सँ जीवन यापन कयल जाइत अछि। वानप्रस्थाश्रम मे गृहस्थाश्रमक कार्य समाप्ति पर तप आ साधना केर माध्यम सँ मोक्ष प्राप्ति के प्रयास कयल जाइत अछि।","आश्रम चतुष्टयपर स्वामी श्रीविज्ञानानन्दजी सरस्वती द्वारा लिखल गेल अछि, जे चारि वर्ण आ चारि आश्रम प्राचीनकालिक अछि, मुदा आश्रम आ संन्यासाश्रम केर सम्बन्ध मे संछिप्त विचार प्रस्तुत करबाक प्रयास कयल गेल अछि। आश्रम शब्द ‘आ श्रम् आधारे घञ्’ सँ निष्पन्न होएछ, जेकर अर्थ छैक ब्रह्मचर्य, गृहस्थ, वानप्रस्थ आर संन्यास आश्रम। एकरा अलावे ऋषि मुनि केर निवासस्थान, साधु संन्यासी लोकनिक मठ, तपोवन तथा विद्यार्थीक निवासस्थान आदि सेहो आश्रमपद केर अर्थ थिक। मनुष्य जीवन मे सेहो साधारणतः चारि गोट अवस्था होएत छैक – किशोरावस्था, प्रौढावस्था आ वृद्धावस्था। एहि तरहें चारि आश्रम सेहो छैक - गृहस्थाश्रम, गृहस्थाश्रम आ गृहस्थाश्रम। महर्षि दयानंदजी केर आश्रमक कथनानुसार, मनुष्य केर जीवन केँ आध्यात्मिकता आ आध्यात्मिकता सँ मुक्ति मिलल अछि, जकरा लेल प्रयास करबाक आवश्यकता अछि",0.3028,0.0833,0.1835
65,"श्रीकृष्णक नामक महिमा आ ओकर स्मरणक महत्व पर आधारित ई लेख मे कहल गेल अछि जे अगहन मास मे 'कृष्ण कृष्ण' कहिकय नाम लेब आवश्यक अछि। जे मन, वाणी आ क्रिया द्वारा श्रीकृष्णक शरण मे आबि जाइत अछि, ओ सम्पूर्ण कामना प्राप्त करैत अछि आ वैकुण्ठधाम मे जाइत अछि। मृत्युकाल मे जँ कियो 'परमात्मा विष्णु केँ नमस्कार' कहैत अछि, त ओ मोक्ष प्राप्त करैत अछि। श्रीकृष्णक नामक कीर्तन सँ पाप नष्ट होइत अछि आ जकर जिव्हा सदिखन 'कृष्ण कृष्ण' केर कीर्तन करैत रहैत अछि, ओकर जन्म आ जीवन सफल मानल जाइत अछि।","श्रीकृष्णनाम माहात्म्य मे भगवान् विष्णु द्वारा ब्रह्माजी सँ कहल गेल अछि जे अगहन मास मे ‘कृष्ण कृष्ण’ कहिकय हमर नाम विशेषरूप सँ लेबाक चाही। ई दिन भगवान कृष्णक स्मरण कयल गेल अछि, जकरा सँ भगवान् श्रीकृष्णक स्मरण करैत छथि। भगवान् कृष्ण केँ प्रसन्न कयलनि, जखन कियो भगवान् श्री कृष्णक कृपा प्राप्त करैत अछि। श्रीकृष्ण के प्रति भक्ति आ श्रद्धा प्रकट कयल जाइत अछि, मुदा ओ अपन भक्त केँ मुक्ति देबैत छलाह। भड़काऊ भाषण नहि देल गेल अछि।-विवादित श्लोक मे भगवान श्रीकृष्ण के महिमा केँ वर्णित कएल गेल अछि आ भगवान श्रीकृष्णक स्तुति करैत रहल छथि, जतय भगवान् केर महिमा पर चर्चा करबाक आवश्यकता अछि।एजेंसीएजेंसी॔ खूब पढ़े-लिखे",0.3434,0.102,0.202
66,"गणतंत्र दिवस भारतक एक महत्वपूर्ण राष्ट्रीय पर्व अछि, जे 26 जनवरी के मनाओल जाइत अछि। 26 जनवरी 1950 कऽ भारतक संविधान लागू कयल गेल आ ई दिन भारतक पूर्ण गणतंत्र घोषित भेल। एहि दिन भारतीय कांग्रेस 1930 में पूर्ण स्वराज के घोषणा कयने छल। गणतंत्र दिवस पर राष्ट्रपति द्वारा राष्ट्रीय ध्वज के ध्वजारोहण कयल जाइत अछि आ विभिन्न कार्यक्रम आयोजित कयल जाइत अछि। ई दिन बलिदान देलनि महान व्यक्तिक स्मृति में श्रद्धांजलि अर्पित कयल जाइत अछि।","26 जनवरीक दिन भारत के राष्ट्रीय पर्व अछि। 26 जनवरी 1950कऽ पूर्ण स्वराज घोषित करय के तारीख के महत्व पर चर्चा कयल गेल अछि। गणतंत्र दिवस मनाबै के मुख्य उद्देश्य ई अछि कि भारतक संविधान लागू कयल जाय, आ 26 जनवरी के गणतंत्र दिवस के महत्व के बारे में जानकारी देल गेल। गणतंत्र दिन मनाबै में भारत सरकार अधिनियम (1935)के हटा कऽ भारत देश 15 अगस्त 1947 कऽ अंग्रेजक चंगुल सँ आजाद भऽ गेल छल, जकरा बाद 26 जनवरी कऽ स्वतंत्रता दिवस मनाओल गेल, जतय भारत के स्वतंत्रता दिवस के अवसर पर तिरंगा फहराओल जा रहल अछि।॔ उन्निराज झा के अनुसार 26 जनवरी भारत के पूर्ण गणतंत्र घोषित करबाक लेल भारत के हिंदी राष्ट्र घोषित कैल गेल छल।विशिष्ट जानकारी के माध्यम सँ गणतंत्र दिवस पर विचार करबाक शुभकामना देल जाइत अछि। विश करबाक",0.3636,0.1546,0.201
67,"नदी बहुत दिन बाद अयलहुँ अहाँ, सूरज उदास फिरैत छल। चन्द्रमा गूम्मी लदने अबैत छल, संध्याक रंग मद्धिम भेल जाइत छल। ठेहिआयल हवा बड्ड उदास रहैत छल, सांझ अपन चित चोरक उत्कंठा मे। ओ पथरायल टीला पर आसन जमैत छल, अहाँक बाट देखैत। एखनहि विपन्न आ संपन्न, सुखायल आ तोड़ैत बांधक हाल बताबैत अछि।","देखितहि नदी बहुत दिन बाद अयलहुँ अहाँ, बाट तकैत, बड्ड उदास फिरैत छल सूरज। चन्द्रमा गूम्मी लदने अबैत अछि, गाछीक ओहि पार सँ; मद्धिम भेल जाइत रंग, संध्याक; शीघ्र मौलाइत छलैक रौदक आभा; थाकल ठेहिआयल हवा बहैत छल, द्रुत विलम्बित छल। सांझ अपन चित चोरक उत्कंठा मे डूबि जाइत छल। ओहि पथरायल टीला सँऽ जाहि पर, आसन जमैत छल आ अहाँक! एतबा दिन बड्ड अन्यमनस्क रहैत आ मंदिरक घंटीक ध्वनि आबय धरि सब देखैत छथि। मिथिलाक लोकनि अपन सुखायल, कखनहु तोड़ैत बांध! अंततः, ओ सब अपन जीवनक सुख आ समृद्धि के प्रति आशा व्यक्त कयलनि।",0.4832,0.2721,0.4027
68,"खरमास हिंदू धर्म में विशेष महत्व रखैत अछि, जे मार्गशीर्ष आ पौष मासक बीच लगैत अछि। एहि समय में शुभ कार्य नहिं कयल जाइत अछि, मुदा तीर्थयात्रा, दान-पुण्य आ हवन-जाप कयल जा सकैत अछि। खरमास के भगवान विष्णुक प्रिय मास मानल जाइत अछि आ ई समय सूर्यदेव दक्षिणायन होइत छथि। मिथिला में खरमासक विशेष परंपरा अछि, जइमें बच्चाक जन्मक एक सालक अंदर पूसैठ होइत अछि। खरमास के खर माह कहय के पाछू पौराणिक कथा अछि, जे सूर्यक यात्रा आ गधा सं जुड़ल अछि।","हिंदू धर्म में खरमासक विशेष महत्व मानल गेल अछि, जे मार्गशीर्ष और पौष मासक बीच में होयत। खरमास के समय अशुभ मानल जाइत अछि, मुदा समय प्रतिकूल होइत अछि। सूर्यदेव उत्तरायणक लेल शुभ काज कयल जा सकैत छथि, जतय सूर्यदेव दक्षिणायन आ भगवान विष्णुक उपासना आ भजन केला सं मानसिक शांति प्राप्त होइत। नवरात्रक समय भगवान सूर्यनारायण दक्षिणायन कयल जायत, जकरा कारण मिथिलाक धरती सं दूरी रहैत अछि आ मिथिलावासीक जीवन में सुख-समृद्धि आ समृद्धि आ समृद्धि बढ़ेबाक आवश्यकता अछि।॔ खूब पढ़े-लिखे लेख में लेख में जानकारी दी गेल अछि जे त्योहारक महत्व पर चर्चा कयल गेल अछि। पढ़कर खुशी व्यक्त करबाक शुभकामना देल जा रहल छथि आ त्योहारक महत्ता पर जोर देल गेल छथि।",0.4242,0.1939,0.2626
69,"१३ नवम्बर २०१९ केँ कुचिपुड़ी नृत्य प्रदर्शन लेल कीतिका झा केँ नागपुर मे 'बाल नृत्य प्रतिभा' सँ सम्मानित कयल गेलनि अछि। नववर्ष केर उपलक्ष मे आयोजित शास्त्रीय नृत्य महोत्सव मे विभिन्न प्रान्त केर कलाकार द्वारा अनेकों नृत्य केर प्रस्तुति भेल। कीतिका झा द्वारा कुचिपुड़ी केर सोलो प्रदर्शन केँ दर्शक लोकनि सँ जोरदार प्रशंसा भेटल। हुनका पहिने सेहो कई सम्मान प्राप्त भऽ चुकल अछि, जइमे कटक महोत्सव २०१९ मे प्रथम स्थान सेहो शामिल अछि।","१३ नवम्बर २०१९ केँ नववर्ष केर उपलक्ष मे प्रतिभा नृत्य मंदिर द्वारा आयोजित शास्त्रीय नृत्य महोत्सव केर उदघाटन दिग्दर्शिका रत्नम जनार्दनन केर उपस्थिति मे भेल जतय देश भरि सँ विभिन्न प्रान्त केर कलाकार द्वारा अनेकों नृत्य केर प्रस्तुति सँ दर्शक लोकनिक मनोरंजन कयल गेल। एहि महोत्सव मे कीतिका अपन नृत्य प्रतोयोगिता मे प्रथम स्थान प्राप्त कएने छलीह। हुनका नृत्य प्रस्तुत कय दर्शक लोकनि केँ मंत्रमुग्ध कय देलनि। दर्शक सब सँ भरल सभागृह मे नृत्य प्रदर्शन देखैत छथि। नृत्य ज्योति केर प्रदर्शन केँ देखल गेल, जखन कि ओ अपन प्रतिभा केँ प्रदर्शित कयलनि।॔ खूब प्रशंसा कयल जा रहल अछि।...า फ़ीचरल जिन्दाबाद!!विदित हो जे मैथिली जिन्दाबाद!! कलाकारों केँ सम्मान देल गेल",0.4945,0.2556,0.3077
70,"5 फरवरी 2022 के, अंधराठाढ़ी प्रखंड में मिरानिसे के बैठक मदनपट्टी स्कूल पर भेल। बैठक में रविन्द्र यादव निराला जी के जलसैन पंचायत में मिथिला राज्य निर्माण सेना के अध्यक्षक दायित्व प्रदान कैल गेल। निराला जी मैथिली भाषा स स्नातक उत्तीर्ण छथि आ सामाजिक रूप स अंधराठाढ़ी प्रखंड में सक्रिय रहला अछि। बैठक में ठाढ़ी मिरानिसे अध्यक्ष मुकेश कामत जी, अनिल जी, फेकू राय जी, गंगाय जी आ अन्य ग्रामीण उपस्थित छलाह।","5 फरवरी 2022 के मैथिली जिन्दाबाद!! राजेश कुमार झा, महासचिव, मिथिला राज्य निर्माण सेना ठाढ़ी, मधुबनी। अंधराठाढ़ी प्रखंड अध्यक्ष विक्रम मंडल जी आ उपाध्यक्ष द्वय सुजीत जी आ अनंत जी, महासचिव राज नारायण राय जी( ठाढ़ी मुखिया) तथा बैजू यादव जी( जलसैन मुखिया) के उपस्थिति में आई मिरानिसे के बैठक मदनपट्टी स्कूल पर संपन्न भेल। बैठक में सर्वसम्मति स रविन्द्र यादव निराला जी के जलसैक पंचायत में मिथिलाराज्य निर्माण सेना के अध्यक्षक दायित्व प्रदान कैल गेल। बैठक मे मैथिलि भाषा स स्नातक उत्तीर्ण छथि। सामाजिक रूप स अंधराठी प्रखंड में सदैव सक्रिय रहला अछि, मुदा ग्रामीण सभक सहभागिता बढ़ल अछि। कार्यक्रम में ठाढ़ी मिरानिस के अध्यक्ष मुकेश कामत जी, अनिल कामत जी आ अनिल जी, फेकू राय जी, गंगाय जी संग बहुतों ग्रामीण उपस्थित छलाह, जकरा ले जान कि दे जान",0.6207,0.4179,0.5419
71,"मुरारीकुमार झा ‘पुरातत्व’, देवकुली, दरभंगा। २५ अगस्त २०१९ केँ “कवि कोकिल विद्यापति प्रतिमा अनावरण समिति” केर प्रथम बैठक देवकुली स्थित वर्धमानेश्वर नाथ महादेव मंदिर प्रांगण मे आयोजित कयल गेल। बैठक मे निर्णय लेल गेल जे बाबा वर्धमानेश्वर नाथ महादेव मंदिर परिसर मे कवि कोकिल केर प्रतिमा स्थापित कयल जायत। सामाजिक कार्यकर्ता श्री कृष्णभगवान झा कहलनि जे कवि कोकिल विद्यापति जीक जन्म स्थल बिस्फी आ कर्मस्थल देवकुली थिक। बैठक मे उपस्थित सदस्यगण सहित सैकड़ों लोक उपस्थित रहलाह।","मुरारीकुमार झा ‘पुरातत्व’, देवकुली, दरभंगा। २५ अगस्त २०१९ केँ “कवि कोकिल विद्यापति प्रतिमा अनावरण समिति केर भेल भेल। बैठक मे कवि कोकिल केर कर्मभूमि, मिथिला चित्रकला सँ सुसज्जित कयल जायत। बैठक केँ संबोधित करैत सामाजिक कार्यकर्ता श्री कृष्णभगवान झा कहलनि कि “सर्वविदित अछि जे कवि केर जन्म स्थल बिस्फी, कर्मस्थल मिथिला केर पूर्व राजधानी आ मोक्ष प्राप्ति स्थल चमथा थिक।"" बैठक मे विभिन्न विषय पर विचार-विमर्श कयल गेल, जकरा सँ कवि कोकि केर प्रतिमा केर महत्व पर चर्चा कयल जा रहल अछि। फ़ौरन बताओ जे मैथिली जिन्दाबाद!!... विकिपीडिया पर विशेष लेख लेख प्रकाशित करैत अछि जे जे जे मैथिल भाषा आ साहित्य केर विकास पर जोर देल गेल अछि। मिथिला लोकनि केँ",0.4362,0.2903,0.3723
72,कुरसों दुर्गास्थानक वर्णन पर आधारित एक भजन में भक्तक अम्बार आ मैया के अद्भुत श्रृंगारक चर्चा कयल गेल अछि। भजन में ब्रह्म मुहुर्तक भोरू पहर में पूजा आ रंग बिरंगक फूलक माला चढ़ाबय के बात कहल गेल अछि। मायक मन्दिरक सोना स्वरूपा ज्योति आ दुर्गा संग विष्णु सरकारक पूजा सेहो उल्लेखित अछि। भक्तगण मायक महिमा गाबय आ मिथिला केँ नेहाल करय के विनती करैत छथि।,"नवरात्र विशेष – कुरसों दुर्गास्थानक वर्णन पर आधारित एक भजन में प्रवीण नारायण चौधरी मैया के अद्भुत श्रृंगार देखल जा रहल छथि, जकरा में भक्त चढौलनि मायक गाला, भक्ति लहर में डूबि भेला सब ठाढ। शिव प्रिये शंकर आ सीता दुर्गा संग विष्णु सरकार द्वारा प्रस्तुत विभिन्न भजन-कीर्तन कयल गेल अछि, जतय सब भक्ति लहर के वर्णन कयल जायत अछि। भजन में कहैत छथि जे शिव भक्तक भक्ति आ भक्ति के महत्व पर जोर देल गेल अछि। उन्नि मिथिला के लोक संस्कृति आ परंपरा के बारे में विस्तार सँ जानकारी देलनि अछि। अछि अछि, मिथिला में देवी-देवताओं के पूजा-अर्चना के अवसर सँ विशेष रूप सँ प्रस्तुत करबाक आवश्यकता अछि। फ़ायदादायक लेख। नवरात्र पर्वक अवसर पर कहल गेल अछि जे हम सब केँ शुभकामना देल",0.3492,0.1711,0.254
73,"२ जुलाई २०१२ के सौराठ सभागाछी सऽ विवाह करब एक समय में बहुत पैघ उपलब्धि छल। समय के संग संग एहि परंपरा में परिवर्तन अयलैक आ अब सौराठ सभा सऽ विवाह करनिहार के संख्या घटि गेल अछि। दहेज मुक्त मिथिला के निर्माण हेतु प्रयास जारी अछि, मुदा एकर पुनरुत्थान के लेल लोक में जागरूकता आ हिम्मत के आवश्यकता अछि। श्री मिहिर झा आ श्री चन्दन झा के विवाह के उदाहरण अनुकरणीय मानल गेल अछि। सौराठ सभा के ऐतिहासिक महत्त्व के पुनर्जीवित करबाक लेल विभिन्न कार्यक्रम आ पहलकदमी उठायल जा रहल अछि।","२ जुलाई २०१२ के एक समय छलैक जहिया सौराठ सभागाछी सऽ विवाह करब अपना आप में बहुत पैघ उपलब्धि होइत छथि। लड़का के संग लंगड़ी लूल्ही कनिया कपार में थोइप कऽ, लड़का नीक खानदान आ सुन्दर सुशील लड़की के कपार मे साइट कऽ विवाह कयनिहार कयल गेल। विवाहक समय के धारामें परिवर्तन अयलैक, आ लड़का एहिठाम आ भ्रष्टाचारिता सऽ हरही सुरही सभ के पास करैत छलाह। लड़का एहि सभाके उपयोग करब जरुरी बुझैछ, जतय लड़कीवाला लड़का के खोजय ई परंपरा के उपयोग करब जरूरी बुझैत अछि। फ़ायरल जा रहल छथि, जकरा कारण विवाहक प्रक्रिया में बाधा उत्पन्न भऽ रहल अछि। फ़ायदा आ दहेज प्रथा के खिलाफ आवाज उठाओल जा सकैत छै।॔",0.396,0.15,0.2673
74,"नागरिकता विधेयक बहुमत सँ पास कयल गेल अछि, जे विदेशी महिला केँ नेपाली पुरुष सँ विवाह कयनिहाइर ७ वर्ष स्थायी बसोबास कयलाक बाद अंगीकृत नागरिकता देबाक व्यवस्था करैत अछि। विपक्षी दल नेपाली कांग्रेस आ जनता समाजवादी पार्टी (राजपा आ समाजवादी) द्वारा फरक मत राखल गेल अछि। ई विधेयक राज्य व्यवस्था समिति मे पिछला दुइ वर्ष सँ अटकल छल आ हाल २ गते आषाढ मे निर्णय लेल गेल। कांग्रेस सांसद लोकनि द्वारा कहल गेल अछि जे ई निर्णय संविधानक मर्म विपरीत अछि। नागरिकता विधेयक संसद मे पेश करबाक तैयारी चलि रहल अछि।","पुरान समाचार २०७७ असार ७ गते २१:०१ मे प्रकाशित राज्य व्यवस्था समितिक बैठक प्रतिनिधिसभाक राज्य व्यवस्था तथा सुशासन समिति द्वारा नेपाली पुरुष सँ विवाह कयनिहाइर विदेशी महिला केँ ७ वर्ष स्थायी बसोबास कयलाक बादे टा अंगीकृत नागरिकता देबाक व्यवस्था सहितक नागरिकता विधेयक बहुमत सँ पास कयल गेल अछि। समितिक ई निर्णय मे विपक्षी नेपाली कांग्रेस तथा जनता समाजवादी पार्टी (राजपा र समाजवादी) द्वारा फरक मत राखल गेल अछि । प्रधानमन्त्री केपी शर्मा ओली द्वारा वृहस्पति दिन कांग्रेस नेता सभक संग परामर्श सेहो कयल जा रहल अछि, जकरा बाद सरकार ५ दिनक समय मंगबाक निर्णय भेल अछि। फ़ायदादायक खबर अछि।-विवादक स्थिति सँ सरकार केँ सहयोग करबाक आवश्यकता अछि, मुदा विपक्ष केँ एकजुट करबाक निर्णय लेल जा रहबाक आशा व्यक्त कय रहल छथि।",0.5377,0.3143,0.3113
75,"मिथिला सदा सनातन अछि आ हिन्दू धर्मक इतिहास मे महत्वपूर्ण स्थान रखैत अछि। सीता आ रामक कथा सँ मिथिलाक सांस्कृतिक आ आध्यात्मिक पहिचान जीवित अछि। हालाँकि, राजनीतिक आ सामाजिक कारण सँ मिथिला समाज विखंडित भऽ गेल अछि। लोक अपन जातीय अहंकार मे डूबि जाइत छथि, मुदा आध्यात्मिक पहिचान मे मिथिलाक अस्तित्व अमर अछि। हम सब केँ अपन योगदान दैत रहबाक आ मिथिलाक पहचान केँ सुरक्षित रखबाक आवश्यकता अछि।","मिथिला सनातन रहल आ रहत अछि। मिथिला सदा सनातन आ हिन्दू धर्मक इतिहास पुराण मे उद्धृत होयबाक कारण परिचित छैक। सीताक विभिन्न स्वरूप पर चिन्तन कयल गेल अछि, जकरा कारण मिथिलाक भौगोलिक पहिचान छहोंछित अवस्था मे अछि। सीता ओहिना नहि अयलीह, अपन समस्त विग्रहक संग सीताक आगमन भेलनि। सीता आ श्रीमन्नारायण अपन सब विग्रह संग अयलाह, जखनहि मिथिला केँ सदा सदा लेल जीवन्त रहबाक आवश्यकता रहल अछि। अंततः, सीता केर आगमनक समय आ स्थान पर प्रश्न उठैत अछि, मुदा मिथिला आ भारत केर स्थिति पर चिंता व्यक्त करबाक आवश्यकता अछि। खूब चर्चा कयल जा रहल छथि, जतय मिथिला पर अन्याय आ अन्याय केर विरुद्ध आवाज उठबैत छथि।॔า",0.3657,0.0925,0.2171
76,"लेख में ममता झा नारीक विभिन्न रूप आ जीवनक पड़ाव पर चर्चा केलनि। ओ कहैत छथि जे नारीक जीवन तीन प्रमुख पड़ाव मे बंटल अछि - विवाह सँ पहिने, पतिक घर मे आ चौथापन मे। चौथापनक समय मे नारीक कष्ट बढ़ि जाइत अछि, विशेष रूप सँ जखन ओ अपन सन्तान पर ध्यान दैत छथि। बेटा आ बेटी केर परिवारक समझदारी पर निर्भर करैत अछि कि बुढ़ापाक समय कतेक सहज होएत। लेख में ई सेहो कहल गेल अछि जे नारीक दर्द आ मुस्कान दुनू संगहि चलैत अछि, मुदा समाजक दबाव आ परिस्थिति के कारण ओ अपन परिवारक रक्षा करैत छथि।","ममता झा द्वारा लिखित लेख मे नारीक स्थिति पर चर्चा कयल गेल अछि। नारीक जन्म आ जीवनक पड़ाव तीन बेर अबैत अइ। पहिल बेर पिताक घर मे जन्म सँ विवाह धरित पड़ाव, फेर दोसर बेर पतिक घर युवाकाल केर अवस्था, आर तेसर बेर जखन ओ नारी अपन चौथापन मे पहुँचि जाइत अछि। नोकरियाह सब अवकाशप्राप्त भऽ जाइत छथि, मुदा ओ अपन घर केर स्थिति पर ध्यान देलनि। नारी के जीवनक सुख आ समृद्धि केँ देखल जा रहल अछि, जकरा लेल समाज मे जागरूकता बढ़ल अछि। लेख में नारीक जीवनक महत्व पर चर्चा करबाक आवश्यकता पर जोर देल गेल अछि, ताकि समाज मे सकारात्मक बदलाव आ नारी केँ सशक्त बनाब।॔ खूब पढ़ेल लेख मे अछि। लेख मे ममता झा कहैत अछि जे समाज मे नारी सँ",0.3839,0.1081,0.2143
77,"दहेज प्रथा समाज में एक विकराल समस्या बनि गेल अछि, जेकरा रोकनाय आवश्यक अछि। विवाह सँ पूर्व कन्या पक्ष सँ माँगल जाई वाला सामान दहेज कहल जाई छै, जेकरा कारण परिवार आर्थिक समस्या में पड़ि जाइत अछि। दहेजक माँग सँ भ्रूण हत्या आ कन्या के प्रताड़ना बढ़ि रहल अछि। समाज में दहेज के प्रति मानसिकता बदलनाय जरूरी अछि, ताकि रिश्ता दू दिल आ परिवार के मेल होइ। युवा वर्ग केँ एहि दिशा में जागरूकता बढ़ाबऽ के आवश्यकता अछि।","शिव कुमार सिंह। दहेज प्रथा दहेज प्रथा के कारण विकराल रुप धारण कऽ देने छथि, जकरा रोकनाय आवश्यक अछि। वर पक्ष द्वारा कन्या पक्ष सँ विवाह सँ पूर्व जे माँग राखल जाई छै, तऽ हुनको इच्छा रहैत छैन। कन्या के पसंद के ध्यान राखैत उपहारस्वरुप दहेजक परिभाषा बदलि देल गेल अछि। लड़का लड़की पसिन भेल तेकर बाद लेन देन के बात होइत अछि, जखन दहेजक समस्या बढ़ैत अछि। विवाहक समय दहेजक मांग बढ़े रहल अछि, मुदा दहेजक प्रथा बढ़ेबाक आवश्यकता अछि। वैवाहिक जीवन में दहेज के समस्या बढ़ल अछि आ दहेज प्रथा में कमी आ दहेजक मात्रा बढ़ेबय पर जोर देल जा रहल छथि। खूब चर्चा कयल गेल अछि,जहाँ दहेज प्रथा समाप्त भऽ जायबाक बात कयल जा सकैत अछि",0.3858,0.1231,0.2132
78,"मार्च ९, २०१८ केँ राष्ट्रीय महिला नाट्य उत्सव २०७४ केर तेसर आ आखिरी दिन ३ अलग-अलग रंगकर्मी समूहक महिला कलाकार द्वारा ३ गोट नाटकक प्रस्तुति कयल गेल। सुशीला थापा द्वारा 'देउकासी', भीमा खतिवडा द्वारा 'चितावाट प्रश्न' आ शिल्पी कला समूह द्वारा 'खेतको गङ्गेटो' नाटक प्रस्तुत कयल गेल। समापन समारोह मे प्रदेश १ केर प्रमुख गोविन्द तुम्बाहाङ्ग प्रमुख अतिथि छलाह, जखन कि विशिष्ट अतिथि खेम नेपाली महिला दिवसक अवसर पर योगमाया समान महिलाक बलिदानी केँ राज्य सम्मान दियअक मांग कयलन्हि। आयोजकक तरफ सँ महाप्रबन्धक राजेश थापा आ प्रवीण नारायण चौधरी महोत्सवक सफलताक बात पर प्रसन्नता व्यक्त कयलन्हि। रमेश रंजन झा द्वारा नाट्य उत्सवक उपलब्धि गनाकय कहल गेल जे समाज मे परिवर्तनक सन्देश देल गेल।","मार्च ९, २०१८ केँ मैथिली जिन्दाबाद!! राष्ट्रीय महिला नाट्य उत्सव २०७४ केर तेसर आ आखिरी दिन ३ अलग अलग रंगकर्मी समूहक महिला कलाकार द्वारा ३ गोट नाटकक प्रस्तुति देखायल। प्रथम प्रस्तुति शिल्पी कला समूह काठमांडूक संगीता उराँव द्वारा प्रस्तुत कयल गेल। सुशीला थापा, सांस्कृतिक संस्थान केर प्रमुख गोविन्द तुम्बाहाङ्ग द्वारा ‘देउकासी’क प्रस्तुति कयल जा रहल छल, जतय महिला कलाकार अपन दृढसंकल्प संग एकाकी जीवन जियैत अछि। कार्यक्रमक समापन समारोह मे नेपाल संगीत आ नाट्य प्रज्ञा प्रतिष्ठानक प्राज्ञ परिषद् सदस्य आ नाटक विभाग केर सदस्य उपस्थित रहल छलाह। कार्यक्रम मे महिला कलाकार आ कलाकार केँ सम्मानित कयलनि। आयोजक संस्था नेपाल संगीत केर प्रतिनिधि आ कलाकार सभ उपस्थित रहैत छथि। खूब चर्चा कयल रहल अछि। खूब सराहना कयल जात अछि।",0.4156,0.2795,0.3377
79,"बसन्त एकटा लोकदेवता छथि, जिनकर जीवनचर्या आ कर्मठता सब दिन आ सब ठाम मीठ फल दैत अछि। ओ बिना केकरो कहने विद्यालय जाएत छथि आ छोट बच्चाक बीच हँसैत रहैत छथि। बसन्त अपन गुरुआइन केर सेवा कय केँ शिक्षा आ ज्ञान प्राप्ति मे प्रतिबद्ध छथि। ओ अपन जाति समुदाय केर पूजा पाठ आ विवाह आदि मे सक्रिय भाग लेबैत छथि आ गंदगी साफ करब सेहो मंजूर करैत छथि। बसन्त मिथिलाक वर्तमान लोकदेवता छथि, जिनका मे मानव सेवा केर गुण भरपूर अछि।","बसन्त थिक लोकदेवता केँ चरितार्थ करैत अछि। ओ अपन जीवनचर्या आ कर्मठता पर ध्यान दैत छथि, मुदा जातिगत परम्परा सँ सर्वथा भिन्न छैक से सिखा देने छैक। ओ बिना केकरो कहने सुनने स्वयं हाथ मे किताब लय नित्य विद्यालय जाएत अछि आ छोट छोट बच्चाक बीच कने बेसी उमेरगर देखायवला बसन्त सदा पर कियो हँसितो छैक, ताहि सँ ओकरा कोनो फर्क नहि पड़ैत। ओ ओकरा अपन गुरुआइन केर घर जा कय रहैत अछि, जतय ओ ओकर जीवनक लक्ष्य प्राप्ति मे सफलता प्राप्त करैत छलाह। प्रवीण नारायण चौधरी के अनुसार, बसन्तक जीवन मे शिक्षा आ शिक्षक केर सेवा कय केँ आवश्यक अछि आ ओकरा शिक्षा आ संस्कार केर महत्व पर जोर देल गेल अछि। ओकरा केर जीवनक महत्व पर चर्चा कयल जा रहल छथि।",0.402,0.1782,0.2745
80,"पंडित रुद्रधर झा केर आलेख 'गूढ तत्त्व समीक्षा' मे भगवान् केर बालस्वभाव पर चर्चा कयल गेल अछि। ओ कहैत छथि जे भगवान् बच्चा जेकाँ निष्प्रयोजनहि सर्जन, पालन आ संहरण कय रहल छथि। पुराण आ वेद केर उद्धरण सँ ई सिद्ध कयल गेल अछि जे भगवान् अपन खेल (लीला) मे प्राणी सभक संग खेलाइत छथि। लेखक केर उद्देश्य अछि जे पाठक लोकनि एहि विचार केँ अपन जीवन मे ग्रहण करथि।","पंडित रुद्रधर झा केर 'गूढ तत्त्व समीक्षा' नामक महत्वपूर्ण पोथी मे भगवान् केर स्वभाव बच्चा जेकाँ होइत छन्हि, एहि पंक्ति केँ मीमांसक पं. रुद्रधर केँ सिद्ध करैत छथि। ओ एकरा पढला मनन केला सँ हमरा लोकनि कोन तरहक शिक्षा ग्रहण करैत छी, आ भगवान् सृजति हन्त्यजः। आत्मसृष्टैरस्वतन्त्रैर्निरपेक्षोऽपि बालवत्॥ भगवान् व्यास केर ब्रह्मसूत्र सँ ज्ञात होइत अछि, मुदा ओ अपन शरीर सदिखन खेलैत रहैत अछि। ओहिना भगवान् सेहो निष्प्रयोजनहि सिर्फ सर्जन, पालन आ संहरण रूप खेल (लीला) सेहो खेलबैत रहथि। अंततः, भगवान् बालस्वभाववान् छथि, जतय भगवान् अपन मनन कयलनि। भगवान् मनुष्य केर आत्मा सँ",0.4321,0.1625,0.2469
81,मिथिलाक लोक मे उद्यमशीलता बढेबाक लेल अयाची फाउन्डेशनक प्रयास चलि रहल अछि। श्रीमती रंजना झा द्वारा संचालित ई फाउन्डेशन ग्रामीण महिला लोकनि केँ स्वरोजगारक अवसर प्रदान करबाक लेल टेमी बनेबाक मशीन उपलब्ध कराबय जा रहल अछि। एहि योजना सँ जुड़ल २०० महिला लोकनि लाभ उठा चुकल छथि। सरकार द्वारा चलाओल जा रहल विभिन्न उद्यमिता विकास योजना सभक साक्षरता आ प्रभाव पर शोध करबाक आवश्यकता अछि। मिथिलाक लोक केँ उद्यमशीलता मे बढोत्तरी करबाक लेल ई प्रयास महत्वपूर्ण साबित होयत।,"अयाची फाउन्डेशन केर संचालिका श्रीमती रंजना झा भारत हो वा नेपाल मे दुनू पार मिथिलाक लोक मे बौद्धिक सामर्थ्य बड बेसी भेटैत अछि। आध्यात्मिक युग मे सवा कट्ठा जमीन सँ अपन उपभोगक सब वस्तु तैयार करबाक प्रयास कयल जाइत अछि, जतय उद्यमी लोकनिक बौद्धिक सामर्थ्य बढैत छथि। उद्यमशीलता आ उद्यमशीलता केर विस्तार पर चर्चा कयल जा रहल अछि, मुदा मिथिला केर विकास मे सरकार सेहो सहयोग जरूरी अछि। एहि योजना केर माध्यम सँ मिथिला मे उद्यमशीलता बढेबाक प्रयास करबाक आवश्यकता अछि। मिथिला आ भारत मे उद्यम विकास मे महत्वपूर्ण भूमिका निभा रहल छथि, जकरा लेल उद्यमी समाज मे जागरूकता बढ़ल अछि। फ़ातिमा झा कहलनि जे भारत मे आर्थिक विकास आ उद्यमिताक विकास केर दिशा मे महत्वपूर्ण योगदान देल जायत।निहार आयोजनक",0.3333,0.1122,0.1717
82,"कुमार विकास, मंगोलपुरी, दिल्ली। अप्रैल ४, २०१८। मैथिली फिल्म ""सस्ता जिनगी महग सेनुर"" एकटा अविस्मरणीय नाम अछि, जे मैथिली फिल्म केँ नया ऊँचाई देलक। अभिराज झा, जे एहि फिल्म केर गीतकार, पटकथा आ संवाद लिखलनि, ओ मैथिली फिल्म केर सफल चेहरा मानल जाइत छथि। हुनकर योगदान सँ मैथिली फिल्म केर इतिहास मे महत्वपूर्ण स्थान बनल अछि। ""लागल प्रीत अहाँ सँ"" फिल्म २० अप्रैल केँ रिलीज होयत आ दूरदर्शन पर नव धारावाहिक ""सीता"" सेहो जल्द टेलीकास्ट होयत।","कुमार विकास, मंगोलपुरी, दिल्ली। अप्रैल ४, २०१८ केँ मैथिली फिल्म केर सुवर्णमयी इतिहास मे एकटा अविस्मरणीय नाम अछि। फिल्म “सस्ता जिनगी महग सेनुर”। ई फिल्म भोजपुरी सिनेमा केँ नया ऊँचाई देबाक बात विश्लेषक सब त कहिते छथि, जे गामहु घर केर लोक एहि फिल्म केँ आइ धरि नहि बिसैर सकल अछि। दूरदर्शन केँ लोकप्रियता दियेनिहार एकटा व्यक्तित्व केर नाम थिकन्हि “अभिराज झा”। सस्ता जिनगी केर गीतकार, पटकथा, संवाद आ संवाद सभ सभ केर माध्यम सँ गीत केर रचना कयल गेल अछि। एहि फिल्मक गीत लोकनि केर मनोरंजन आ मनोरंजन केर अवसर प्रदान कय रहल अछि।... फ़ातिमा झा केर जीवन पर आधारित अछि। फ़ीमेल मेल, मुदा फिल्मक कहानी, गीत, गीत आ संवाद केर प्रस्तुति संग संग संग मैथि",0.3627,0.178,0.2902
83,"हनुमानजी केर लंकादहनक कथा मे, ओ अपन पूँछ केँ आगि लगाकय नगर केँ जरा देलनि। नगरवासी लोक तमाशा देखैत रहलाह आ हनुमानजी केँ हँसैत देखलनि। ओ अपन विशाल देह सँ महल सँ महल पर कूदैत रहलाह, जखनकि नगर आगि सँ बेहाल भऽ गेल। केवल विभीषणक घर बचल, बाकी सम्पूर्ण लंका जरा गेल। अंततः हनुमानजी सीताजी सँ विदाई माँगि चूड़ामणि प्राप्त कयलनि।","श्री तुलसीदासजी रचित श्रीरामचरितमानस केर सुन्दरकाण्डक मैथिली अनुवाद लंकादहन दोहा: कपि केर ममता पूँछ पर सबकेँ कही बुझाय। तेल बोरि पट बान्हिकय पावक दिहीन लगाय, तखन ई मूर्ख अपन मालिक केँ संगे लय आयत। रावणक वचन सुनैत कपि मन मुसुकेला। राक्षसगण सुनि रावण वचना। सरस्वतीजी के वचन सुनिते हनुमान्जी मन मे मुस्कुरेलाह, जखन ई बानर अपन स्वामीक पास छथि। रावण केर वचन सुनित कहैत छथि जे हुनकर प्रभुता (सामर्थ्य) तऽ देखी। अंततः, हनुमानजी केँ बुझाकय कयल गेल अछि। फ़ातिमा में रावण वचन केर चर्चा कयल जा रहल अछि, जतय रावण वचन सुनि रहल छथि, मुदा हनुमानजी आ अन्य राक्षसगण केर",0.1242,0.0126,0.0745
84,"नई दिल्ली, 24 दिसम्बर 2021। विमल जी मिश्र, मैथिली जिन्दाबाद। मैथिली ठाकुर केँ लोकमत सुर ज्योत्स्ना राष्ट्रीय म्यूजिक अवार्ड सँ सम्मानित कयल गेल अछि। एहि अवार्ड मे मैथिली ठाकुर आ तामिलनाडु के पियानो आ ड्रम वादक लीदियन नादस्वरम चयनित भेलाह। चयनित कलाकार कें एक लाख रुपया आ मोमेंटो प्रदान कयल जाए छैक। सम्मानित अतिथि मे पूर्व मुख्यमंत्री फारुख अब्दुल्ला, अनुराग ठाकुर, आ अन्य गणमान्य व्यक्ति उपस्थित रहथि।","नई दिल्ली, 24 दिसम्बर 2021। लोकमत सुर ज्योत्स्ना राष्ट्रीय म्यूजिक अवार्ड सँ सम्मानित भेलिह मिथिला के धिया मैथिली ठाकुर कें ढ़ेर रास आशिर्वाद यशस्वी भव अछि। एहि नेशनल म्यूजिक अवार्ड मे देश के जानल मानल संगितज्ञ गायक शामिल रहैत छैक। एहि बेर आठम अवार्ड के चयन मे फिमेल कैटेगरी मे तामिलनाडु के पियानो आ ड्रम वादक लीदियन नादस्वरम चयनित भेलाह। अवार्ड स्वरूप चयनित कलाकार कें (1,00,000) एक लाख रुपया आ मोमेंटो प्रदान कयल जाएत। एहि वर्ष के सम्मानित अतिथि मे पूर्व मुख्यमंत्री जम्मू कश्मीर फारुख अब्दुल्ला , अनुराग ठाकुर, दिग्विजय सिंह , प्रफुल्ल पटेल , रामदास आठवले , पंडित राजन मिश्र आ पंडित राजन साजन मिश्र शामिल रहथि। हिन्दुस्तान टाइम्स द्वारा जारी विज्ञप्ति के अनुसार, ई वर्ष के समारोह मे विभिन्न कलाकार केँ सम्मानित कयल जा रहल छथि, जकरा सँ पुरस्कार प्रदान क",0.52,0.3737,0.47
85,"मैथिल संस्था गुण कीर्तन पर विचार करैत, कुणाल कहैत छथि जे गुण देखनाइ जरूरी अछि, अवगुण नइ। विद्यापति पर्व समारोह के चर्चा करैत, ओ कहैत छथि जे एहि समारोह के फाइव स्टार स्तर पर पहुँचाओल गेल अछि। मैथिली भाषा के शुद्धता पर जोर दैत, ओ कहैत छथि जे ई संस्था सब मिथिलांचल में खुसी-खुसी सेटल भ गेल अछि। मैथिली के पूजा अर्चना में शुद्धता आवश्यक अछि, आ ई संस्था सब मैथिली के संरक्षण आ प्रचार में कटिबद्ध अछि।","कुणाल (पटना) १ मैथिल संस्था गुण कीर्तन, एक हमर दोसर मोन कहलक जे इ नीक बात नइ। विद्यापति पर आगू बढ़ि दावा केना करितथि, अपन बड़ाई हल्लुक लोक करइए। ई संस्था रामकृष्ण मुखर्जी के सरापइए, मिथिलांचल मे मैथिली भाषा के संरक्षण करबाक प्रयास कयलनि। ओ अपन मातृभाषा के रक्षा करबाक जिम्मेदारी लेल प्रयास करैत छथि, जकरा कारण मैथिल संस्कृति के संरक्षण आ विकास मे बाधा उत्पन्न भेल अछि। कुणाल के अनुसार, ई संस्था भारत के विकास मे महत्वपूर्ण भूमिका निभाबैत अछि। खूब पढ़ेल जा रहल छथि जे मैथिल भाषा के विकास आ संवर्धन मे सहयोग करबाक आवश्यकता अछि। फ़ौरन बधाई देल गेल अछि जे जेहिसे मैथिल समाज के विकास के दिशा मे महत्वपूर्ण योगदान देलथि। खूब सराहना कयल गेल अछि",0.3232,0.102,0.1818
86,"बजेट क्यारियर स्पाइसजेट दरभंगा स दिल्ली, मुंबई, आ बेंगलुरू स जोड़इ वाला दैनिक उड़ान सेवा के घोषणा कएने अछि। ई उड़ान ८ नवंबर, २०२० स शुरू होएत आ स्पाइसजेट पहिल एयरलाइन अछि जे एहि क्षेत्र में उड़ान सेवा संचालित करत। एयरलाइन अपन बोईंग ७३७ ८०० के तैनात करबाक निर्णय कएने अछि आ एक तरफा प्रवर्धन भाड़ा रु ३७९९ स शुरू होयत। दरभंगा मिथिलांचल के हृदय मानल जाइत अछि आ ई एयरपोर्ट आसपास के विभिन्न जिल्ला सब में सेवा प्रदान करत। नागरिक उड्डयन मंत्रालय क्षेत्रीय उड़ान कनेक्टिविटी के प्रोत्साहित करबाक लेल २०१६ में योजना शुरू कएने छल।","नई दिल्ली : बजेट क्यारियर स्पाइसजेट दरभंगा स दिल्ली, मुंबई, और बेंगलुरू स जोड़इ वाला दैनिक उड़ान सेवा के बारेमे घोषणा कएल गेल अछि। एहि योजना के तहत एयरलाइन के तेरहम गंतव्य के घरेलू नेटवर्क पर पचपनवां गंतब्य मे चिन्हित कएल जा रहल अछि। स्पाइस जेट ७३७ ८०० के तैनात करबाक प्रतिक्रिया में कहा गेल अछि जे जे सब के प्रवर्धन भाड़ा के लेल रु ३७९९ स शुरू होयत। ई योजना बिहार के पांचम सब स पैघ शहर आ मिथिलांचल के हृदय के रूप में मानल जाइत अछि। एयरपोर्ट मिथिला क्षेत्रक विभिन्न जिल्ला सब जेना मुझफ्फरपुर, मधुबनी, समस्तीपुर, सीतामढ़ी, चंपारण, पूर्णिया सहित नेपालक मिथिलाक्षेत्र जनकपुर, बिराटनगर, सप्तरी, महोत्तरी आदि में सेवा प्रदान करत। एयरलाइन ई क्षेत्र के विकास लेल महत्वपूर्ण भूमिका निभा रहल",0.5023,0.2488,0.4018
87,"माता जानकी के चरित्र परम गौरवशाली अछि, जकरा श्रीराम संग वनवासक प्रसंग सं प्रभावित भेल छी। वैवाहिक जीवन में समर्पणक भाव बहुत जरूरी छैक, जखन पति-पत्नीक बीच समर्पणक कमी होइत अछि तखन प्रेम खत्म भऽ जाइत अछि। रामायण में श्रीराम और सीता जी के बीच समर्पणक कारण हुनकर वैवाहिक जीवन आदर्श मानल गेल अछि। सीता जी अपन पति संग वनवास जाए लेल तैयार भऽ गेली, जकरा सं ई संदेश मिलैत अछि कि परिवार में प्रेम आ सद्भावना सं रहनाइ जरूरी अछि। जय मिथिला जय जानकी।","सीता जी सीता जी के संग वनवासक प्रसंग सं प्रभावित भेल छी। पति पत्नीक संबंधक बीच तनाव के स्थिति तखन उत्पन्न होइत अछि जखन ओ अपना आपके बेसी महत्व देबऽ लगैत छथि। पति खुद के श्रेष्ठ बुझय लागैत अछि, जकरा कारण पति पत्नी के बीच दरार उत्पन्न भऽ जाइत अछि। सीता जी जीवन साथी के सुख सुविधाक महत्व देलनि, मुदा सीता जी अपन पति के प्रति समर्पण भाव प्रकट कयलनि। अंत में, सीता जी एक दोसर के प्रति पूर्ण रूपेण समर्पण भाव बतायल गेल अछि। अंततः, सीताजी सीता जी संग विवाहक प्रस्ताव रखैत छलाह, जतय सीता जी श्रीराम के संग जीवन व्यतीत कऽ रहबाक चाही। खूब चर्चा कयल गेल। खूब खूब पढ़ेल लेख में अछि।सहित, मैथिली भाषा में रामायणक माध्यम सं सं दुनू",0.3654,0.1748,0.2308
88,"कोरोना वायरस संक्रमणक समय मानवता लेल करुणा केँ अनमोल मानल गेल अछि। अनुपमा जीक पत्र मे ई स्पष्ट भेल अछि जे कोरोना संक्रमणक प्रभाव गरीब आ मजदूर वर्ग पर विशेष रूप सँ पड़ि रहल अछि। ई समय मानव सभ्यता लेल चुनौतीपूर्ण अछि, आ ग्लोबल इकोनोमी पर एकर दूरगामी प्रभाव पड़त। पत्र मे मासुम लोक आ जानवरक स्थिति सेहो खराब भऽ रहल अछि, जेकरा सब काज चौपट भऽ गेल अछि।","कोरोना वायरस संक्रमण केर प्रभाव मानवक स्वास्थ्य पर कय रल छैक, ताहि सँ गरीब गुरबा आ देहारी पर आजीविका चलेनिहार मजदूर वर्गक लोक केँ तुरन्त प्रभाव सँ भऽ रहलैक। अनुपमा जीक निम्न पत्र मे एहि तरहक अवस्थाक दर्शन भेटल अछि, जे मानव सभ्यता लेल एक चुनौतीपूर्ण समय थिक। ई पत्र मानव स्वास्थ्य पर बहुत असर कय रहल छथि, जकरा कारण मानव के स्वास्थ्य पर असर पड़ैत अछि। ओ कहैत छथि जे कोरोना वायरस के प्रभाव के कारण मानव स्वास्थ्य केँ खतरा भेल अछि। फ़ेसबुक पर पोस्ट कहल गेल अछि, जतय ई लेख के माध्यम स सँ मानव सभ्यता केँ सुरक्षित रखबाक प्रेरणा देल गेल अछि। खूब खूब पढ़ेल जा रहल अछि आ शुभकामना देल जा सकै।विवादक भावना व्यक्त कयल गेल",0.4127,0.0749,0.1799
89,"रिपोर्ट “रविन्द्र भारती” मधुबनी, बिहार दिनांक 31 07 2018 दिन मंगल में अखिल भारतीय विद्यार्थी परिषद् द्वारा “सेल्फी विथ कैम्पस राष्ट्रीय कार्यक्रम” झंझारपुर नगरक बिभिन्न कैम्पस में आयोजन कयल गेल। 2 केजरीवाल उच्च विद्यालय आ पार्वती लक्ष्मी महिला महाविद्यालय में ई कार्यक्रम मनाओल गेल। कार्यक्रमक माध्यम सं राष्ट्रवाद संदेश आ छात्र-छात्रा के मूलभूत समस्याक संग्रह कयल गेल। अखिल भारतीय विद्यार्थी परिषद् सदैव समस्याक समाधान लेल तत्पर रहैत अछि। जिला संयोजक गीतेश झा छात्र सब के संबोधित कयलनि आ 1 लाख 65 हजार छात्र-छात्रा के राष्ट्रवादक ओर जोड़बाक प्रयासक जानकारी देलनि।","“रविन्द्र भारती” मधुबनी, बिहार दिनांक 31 07 2018 दिन मंगल अखिल भारतीय विद्यार्थी परिषद् द्वारा “सेल्फी विथ कैम्पस राष्ट्रीय कार्यक्रम झंझारपुर नगर आ पार्वती लक्ष्मी महिला महाविद्यालय के प्रांगण में मनाओल गेल। ई कार्यक्रमक माध्यम सँ छात्र- छात्रा के मूलभूत समस्याक संग्रह कयल गेल। कार्यक्रमक नेतृत्व विष्णु विज्ञान झा( ललित नारायण जनता महाविद्यालय) द्वारा कायल गेल आ कार्यकर्ता सब में मनीष कुमार झा, कौशल सिंह, प्रकाश कुमार,शम्भू यादव, अभिषेक कुमार, नितिन कुमार,अभीषेक बर्णवाल आदि। एहि मौका पर छात्र सब के संबोधित केलैण आ कहलैन 1 लाख 65 हजार, छात्र छात्रा के राष्ट्रवादक के ओर जोड़बाक प्रयास करत। ताहि लेल 30 अगस्त 2018 के बाद छात्र सब एकजुट रहैत छथि। छात्र संगठनक जिला संयोजक गीतेश झा आ अन्य कार्यकर्ता सभ के संबोधित कयलनि।निशी कुमार झा के",0.5302,0.3568,0.4372
90,"प्रवीण नारायण चौधरी द्वारा प्रस्तुत एकटा सहज लेकिन महत्वपूर्ण दर्शन मे भोगक प्रभाव आ आत्मा केर चेतना पर चर्चा कयल गेल अछि। जखन जीवन यात्रा भोगक विन्यास सँ प्रभावित होइत अछि, तखन लोक अपन मन मे सवाल उठबय लगैत अछि। ई प्रक्रिया हरेक जीव मे होइत अछि आ मनक गति केँ नियंत्रित करब मानव लेल कठिन होइछ। लेख मे योग साधना केर माध्यम सँ मनक गति केँ नियंत्रित करबाक सुझाव देल गेल अछि, जे जीवन केँ सफल बनाबय मे मददगार होइछ। अंत मे, जन्मक योनि तय करनिहार प्राण केर महत्व पर जोर देल गेल अछि।","प्रवीण नारायण चौधरी जबानीक जोश जखन माथ पर सवार रहैछ त लोक केवल इन्द्रिय केर विषय भोग मे रमण करैत छथि। ओ भोगक विन्यास सँ जखन जीवन यात्रा प्रभावित भेल, तखन लोक के मन मस्तिष्क मे सवाल उठय लगैत छैक। ओहि सवाल के जवाब सेहो ओ अपने सँ ताकल करैत अछि, जतय ओ आत्मिक चेतावनी पर सकपका कय लोक सही बाट पर चलबाक संकल्प लेल छल। ओ आध्यात्मिक स्वाध्याय आ ताहि सँ प्राप्त निचोड़ यानि अमृत केर रसास्वादन केर महत्व पर चर्चा कयलनि। ओ अपन अनुभव आ अनुभव के बारे मे जानकारी देलनि। ओ कहलनि जे ओ आध्यात्मिकता आ आध्यात्मिकता केर विकास मे महत्वपूर्ण भूमिका निभाबय लेल प्रयास कय रहल छथि आ ओ सबका सहयोग करबाक आवश्यकता अछि।॔",0.3286,0.1043,0.1878
91,"सुन्दरता ओ गुण अछि जे ककरो आकर्षित करैत अछि। ई जीवमंडल मे कतेको जीव सुन्दर मानल जाइत अछि, जेकरा देखिते लोक आकर्षित होइत अछि। सुन्दर बनय लेल मेक अप आ अन्य शृंगारक आवश्यकता होइत अछि, मुदा प्राकृतिक सुन्दरता सेहो महत्वपूर्ण अछि। आध्यात्मिक दृष्टिकोण सँ, असली सुन्दरता बिना श्रृंगारक होइत अछि आ ई दीर्घायु बनबैछ। अंततः, व्यक्तिक आत्मीयता आ व्यवहार सेहो सुन्दरता केँ परिभाषित करैत अछि।","प्रवीण नारायण चौधरी द्वारा लिखित विचार मे सुन्दरता के महत्व पर चर्चा कयल गेल अछि। सुन्दरता मनुष्य केँ आकर्षित करैत अछि, मुदा मनुष्यक आध्यात्मिक महत्व पर प्रश्न उठाबैत अछि। ओ कमेन्ट्स मे 'सुन्दर, बहुत सुन्दर, नीक, बहुत बढियां, आदि' सब जे कमेन्टस देल गेल अछि, जे सुन्दरता मे कमी आ ओकरा नीक लागि जाइत छैक। ओहि कमेन्ट के माध्यम सँ सुन्दरता पर ध्यान देल जा रहल अछि, जकरा कारण मनुष्य के आध्यात्मिक महत्व मे कमी भेल अछि। अंततः, ओ कतेको लोक अपन उपस्थिति देखबय लेल बिना पढनहियो ‘बहुत सुन्दर’ आदि कमेन्ट देल करैत छथि। अंत मे, ओ अपन आध्यात्मिक महत्व के बारे मे विचार कयलनि। खूब पढ़ेल जाइत अछि आ ओ सबका ध्यान आकर्षित करबाक आवश्यकता अछि।-अपना व्यक्तित्व",0.3169,0.0331,0.1311
92,"यात्रा संस्मरण में वाणी भरद्वाज अपन बचपन के टायरगाड़ी यात्रा के बारे में बतबैत छथि। ओ समय ओ सात-आठ बरस के छलाह आ दादी के गाम नवानी में रहैत छलाह। पीसी संग टायर गाड़ी पर यात्रा कयलनि, जे करीब पच्चीस किलोमीटर दूर मामा बाबा के गाम छल। यात्रा के दौरान ओ गिट्टी चुनैत आ खेलैत रहलाह। साँझ में मामा बाबा के गाम पहुँचि क पिताजी संग भेंट भेल आ माँ के देख क ओ हतप्रभ भ गेली।","यात्रा संस्मरणः बचपन आ टायरगाड़ीक यात्रा मे वाणी भरद्वाज के बचपन आ किशोरावस्था के अनुभव साझा कयल गेल अछि। ओ अपन माँ पापा लग जायब, मुदा ओतय पुरूष नहि छलाह जे हमरा कोईलख क द अबितैथ। पीसी के बौआ गाम सं पीसी के ल जाए लेल टायर गाडी आयल, आ हुनकर उम्र एक बरष पैघ रहल छथि। हुनका यात्रा कठिनाह होइत छथि, जकरा कारण ओ ओकर उम्र कम भऽ रहल अछि। बचपन मे ओकर यात्रा बहुत कठिन होइत अछि, जतय ओ हार भऽ जायत। फ़ायरगाड़ी के यात्रा सँ जुड़ल अछि आ ओकर सफलता सुनिश्चित कयल जा रहत अछि। फ़ौरन संपर्क कयल जायत जे ओकरा यात्रा मे महत्वपूर्ण अछि।विवादक महत्व पर जोर देल जा रहल",0.2932,0.0106,0.1675
93,लवली झा द्वारा लिखल गेल ई सत्य घटना में प्रिया के विवाह आ ओकरा संग भेल दहेज के समस्या के वर्णन कएल गेल अछि। प्रिया के पति प्रकाश झा आ ओकर परिवार दहेज के लेल प्रिया पर अत्याचार करैत छल। गर्भवती रहिते प्रिया के नैहर छोड़ि देल गेल आ ओकरा संग मारपीट कएल गेल। अंततः प्रिया के हत्या कयल गेल आ ओकर लाश जंगल में फेंक देल गेल। ई घटना समाज में दहेज प्रथा के खिलाफ एक गंभीर संदेश छोड़ैत अछि।,"लवली झा अपन सासुरे में प्रिया के विवाह भेल रहल छथि, जखन प्रिया के पति प्रकाश झा 10,12लाख टका खर्च केने रहैथ। विवाहक बाद प्रिया के जीवन जरा क छाउर क डेलक भेल छल, मुदा दहेज रूपी अग्नि प्रिया के मांग पर जोर देल गेल अछि। प्रिया के बाबूजी आ सासुर बाला सब हरदम हुनका संग गलत व्यवहार कयलनि, जकरा कारण पति आसासुर बाला के बीच प्रेमक भावना बढ़ैत अछि। अंततः, प्रिया के हत्या कयल गेल अछि, जतय ओ अपन पति के संग प्रेम पूर्ण व्यवहार कएलनि।॔ फ़ायरल जा रहल अछि। सलोनी झा के अनुसार, विवाहक समय में दहेज के मांग केल गेल जे जे दहेज के खिलाफ आवाज उठैत छथि। खूब दहेज के प्रथा के खिलाफ मुहिम",0.392,0.2132,0.2915
94,"मैथिली सुन्दरकाण्ड मे हनुमान्जी सीताजी सँ विदाई माँगैत छथि आ चूड़ामणि प्राप्त करैत छथि। सीताजी हनुमान्जी केँ चिह्न देलखिन, जकरा संग ओ श्री रामजी केँ प्रणाम करबाक बात कहैत छथि। हनुमान्जी जानकीजी केँ धीरज दैत छथि आ हुनकर चरणकमल मे सिर नमा कय श्री रामजी केर पास गमन करैत छथि। ई प्रसंग हनुमान्जी केर भक्ति आ सीताजी केर प्रेम केँ दर्शाबैत अछि।","मैथिली सुन्दरकाण्ड में हनुमान्जी केर सीताजी सँ विदाई माँगब आ चूड़ामणि पायब दोहा शामिल अछि। सीताजी अपन चूड़ामनि उतारि फेर देलनि, मुदा सीताजी केर विदाई केँ छोट रूप बहोरि। जनकसुता केर आगू ठाढ़ भेला कर जोड़ि॥२६॥ भावार्थ: पूँछ मिझाकय, थकावट दूर कयकेँ और फेर छोट सन रूप धारण कय हनुमान्जी श्री जानकीजी केक सामने हाथ जोड़िकय आबि ठाढ भऽ गेलाह। प्रभु सँ हमर प्रणाम निवेदन करब आर एना कहब कि प्रभु! प्रभु! ओ सब केर कृपा सँ पूर्ण काम कयलनि। अंत मे, सीताजी सब केँ प्रसन्न करबाकय प्रार्थना करबाक आवश्यकता अछि। खूब खूब खूब चर्चा कयल गेल अछि।॔विश्लेषण एवं मैथि",0.284,0.075,0.1975
95,"सोहनक कथा एकटा सफल आ महान व्यक्तित्व बनबाक अछि। ओ अपन बचपन मे मेला घूमय लेल लालच मे रहैत छल, मुदा पिता केर मेहनत आ साधारण जीवन सँ ओ सीखलनि जे कतेक कठिनाई सँ परिवार चलैत अछि। जब ओ कालेज जाएबाक चाह मे छल, त पिता ओकरा स्पष्ट कयलनि जे ओ गाम मे रहि पढ़ाई करत। सोहन ई बुझि गेल जे पिताक क्रोध उचित छल आ ओ अपन निर्णय लेल। आजुक समय मे सोहन अपन सफलताक श्रेय अपन पिता केँ दैत अछि, जे ओकरा आत्मनिर्णय करय मे मदति केलक।","सोहनक कथा मे माँ बाबू अथवा जेठ श्रेष्ठ चारि आना, आठ आना देल करैत छल, आ पाँच पैसाक एकटा बैलून, दोसर पँच पैसाही सँ पाँच गो लाय (मुरहीक लाय), तहिना अन्य १५ पैसाक कतेको रास धियापुताक मनोरंजन लायक चीज वस्तु कीनिकय मेला घुमनाय भऽ जाइत छल। हुनकर काज छलन्हि साप्ताहिक हाट पर किसान परिवारक लोकक अनाज बाजार भाव सँ किछु कम दाम पर नगद कीनि फेर ओकरा सोहनक माय द्वारा कुटि छाँटि अलग अलग दर्जाक अनाजक पैकिंग बनाकय बाजार मे बेचि देनाय। एहि तरहें किछु मुनाफा सँ परिवार चलल छल, मुदा हुनका परिवारक आर्थिक स्थिति पर असर पड़ैत अछि। फ़ौरन परिवार के आर्थिक स्थिति सुधारल जा रहल अछि आ ओ अपन व्यवसाय सँ आर्थिक स्थिति मजबूत करैत छथि। चलचित्र के माध्यम सँ ओ",0.1792,0.0571,0.1132
96,"जनकात्मजा रामभार्या जानकी केर अनुकम्पा आ श्रीहनुमानजीक कृपा सँ रमेश द्वारा सुन्दरकाण्ड केर अनुवाद कयल गेल अछि। हनुमानजी अपन बल आ बुद्धि सँ रघुकुलश्रेष्ठ रामक कार्य कय रहल छथि। ओ सुरसा नामक राक्षसी सँ भेंट कयलनि, जकरा संग ओ अपन रूप बदलि कय ओकर कपट केँ पहचानलनि। हनुमानजीक बल आ बुद्धि केर प्रशंसा कयल गेल अछि, आ ओ रामक कार्य कयलाक बाद हर्षित भऽ आगू बढ़लाह।","जनकात्मजा रामभार्या जानकी केर परम अनुकम्पा, श्रीहनुमानचालीसाक अद्भुत कृपा आ मैथिली साहित्यक प्रसिद्ध लेखक रमेश केर प्रेरणा सँ सुन्दरकाण्ड रचबाक प्रयास कयल गेल अछि। सीताजी केँ प्रणाम कहैत छथि जे सीताजी सँ सीताजी आ लक्ष्मणजी केर प्रेमक प्रतीक बनल छथि। ओ अपन इच्छा अनुसार सीताजीक पूजा कयलनि, मुदा सीताजी, सीता, लक्ष्मण, लक्ष्मण आ अन्य देवता केँ नमन करैत छलाह। हनुमानजी केर कृपा सँ समस्त पाप केँ हरयवला, करुणा केर खान, रघुकुल मे श्रेष्ठ तथा राजा लोकनिक शिरोमणि राम कहेनिहार जगदीश्वर केर आशीर्वाद सँ मुक्ति मिलल अछि। फ़ातिमा मे सेहो शामिल अछि। खूब पढ़ेल जा रहल अछि, जकरा सँ हम सबका ध्यान रखबाक",0.3214,0.0964,0.2024
97,"दरभंगा, ८ सितम्बर, २०१८. सद्भावना यात्रा समिति द्वारा ७ सितम्बर केँ एमएमटीएम कालेज मे भव्य कजरी महोत्सव केर आयोजन कयल गेल। एहि महोत्सवक संयोजक मणिकान्त झा छलाह, जे फेसबुक पर एक सप्ताह मे आयोजन करबाक इच्छा व्यक्त कयलनि। महोत्सवक उद्घाटन दरभंगा महापौर बैजयंती देवी खेड़िया द्वारा कयल गेल आ विभिन्न विशिष्ट गायक लोकनि अपन प्रस्तुति सँ सभागारक वातावरण केँ सुरम्य बनौलनि। उपस्थित अतिथि लोकनि कजरी गीतक विशेषता आ मिथिलाक लोकपरम्परा मे ऋतुगीतक महत्वक सराहना कयलनि।","दरभंगा, ८ सितम्बर, २०१८. सद्भावना यात्रा समिति दरभंगाक तत्वावधान मे ७ सितम्बर स्थानीय एमएमटीएम कालेज केर सभागार मे भव्य कजरी महोत्सव केर आयोजन कयल गेल। एहि महोत्सवक संयोजक आकाशवाणी दरभंगक संवाददाता एवं मैथिली भाषाक चर्चित ‘मणि’ मणिकान्त झा द्वारा भेल आ एहि महोत्सव मे मिथिलाक गायन परम्परा मे ‘कजरी गीत’ केर अपन अलग स्थान अछि आ बरखा बुन्नीक मौसम मे एकर गायनक अलग विशेषता अछि। ई महोत्सव मे विभिन्न विशिष्ट गायक लोकनि भाग लेल उपस्थित छलाह। महोत्सवक खबरि खूब प्राथमिकताक संग प्रकाशित कयल जा रहल अछि। आयोजक लोकनि कहलनि जे कजरी गीत गायन लेल मिथिला केर लोकनि केँ प्रोत्साहित करबाक प्रयास कयल जायत। फ़ातिमा झा द्वारा कजरी केर महत्व पर प्रकाश डालल गेल अछि आ कजरीक महत्व पर चर्चा क",0.4821,0.228,0.3487
98,"विराटनगर, २६ दिसम्बर २०२० केँ रामा मंडल, जे रेडियो नेपाल मे पदस्थापित छथि, मैथिली जिन्दाबाद केँ शुभ समाचार दैत कहलथि जे रेडियो नेपाल विराटनगर मे गीत संगीत सिखबाक लेल एकटा नीक पहल आरम्भ भेल अछि। ओ आशा व्यक्त कयलथि जे ई विराटनगर केर लोक लेल पैघ अवसर सिद्ध होयत। रामा मंडल संग रेडियो नेपाल केर योगदान अविस्मरणीय रहल अछि आ ई प्रशिक्षण केन्द्र सैकड़ों प्रशिक्षु आ गायन क्षेत्र मे भविष्य निर्माण कयनिहार इच्छूक व्यक्ति सब लेल लाभकारी होयत। जिनका एहि अवसरक लाभ लेबाक इच्छा अछि, ओ रामा मंडल जी सँ सम्पर्क कय सकैत छथि।","विराटनगर, २६ दिसम्बर २०२०। मैथिली जिन्दाबाद!! मैथिलीक लेजेन्ड सिंगर- सुपरिचित नाम ‘रामा मंडल’ जे हाल रेडियो नेपाल मे पदस्थापित रहि गीत संगीत आ राष्ट्रसेवा कय रहला अछि। श्री मंडल अपन जीवन यात्रा कतय सँ केना केना आरम्भ भेल, जतय रेडियो नेपाल केर योगदान अविस्मरणीय होयबाक आख्यान सुनौने छथि। एहि तरहें आब नव नव नव लोकनि केँ प्रेरणा देल गेल अछि, जकरा सँ विराटनगर केर लोक लोकनि अपन कला संस्कृति साझा रूप मे फूलाइत अछि। वर्तमान समय मे श्री मंडल एक ऐतिहासिक नगरी रहल छथि, जकर कारण लोकनि भोजपुरी, भोजपुरी आ अन्य भाषाभाषी लोकनि सेहो जुड़ल रहत। फ़ीमेल पर चर्चा कयल गेल अछि।॔ खूब खूब खूब शुभकामना देल जा रहल अछि।",0.3431,0.1188,0.1961
99,"भाईजी सब, दहेज के बारे में सोचब जरूरी अछि। बियाह में लड़की के नखरा उठेबा के लेल दहेज चाही, लेकिन ध्यान राखू, इ नखरा दहेज लेला पर 10 गुना बढ़ि जायत। आजुक नारी अबला नै अछि, त दहेज लेब त कनिया के नखरा सहय पड़त। बियाह में मिठाई के जगह पोपकोर्न खा के चलि जाउ, लेकिन दहेज गलती से भी नै लेब। ई सब बात के ध्यान राखब जरूरी अछि।","चेतना झा दहेजखौका भाईजी सब के समर्पित छथि। ओ अपन बेटी के नखरा के लेल 10 गुना बैढ जाएत दहेज लेब त। केना?? अरे! मतलब दहेज कते ल रहल छी?? की कहलियैक? नै सोचलियै। अरे त जल्दी सोचु। काली, दुर्गा, रणचण्डी सब अवतार के दर्शन एके दिन नै भ जाइत छथि, जतय सब अपन अपन पति के संग रहल छथि आ अपन पत्नी के सम्मान कयलनि। अंततः, ओ सब के प्रति सम्मान प्रकट करैत अछि, मुदा सब के सम्मान के बात कयल जा रहल अछि।॔ फ़ौरन दहेजक खिलाफ आवाज उठैत अछि आ सब के समर्थन कयल गेल अछि। खूब पढ़े लेख मे दहेज के महत्व के बारे मे जानकारी देल गेल अछि जे सब के महत्व पर चर्चा करबाक आवश्यकता अछि",0.2618,0.0635,0.1885
100,"काठमांडु, जुन २५, २०१५. भारतीय विदेश मंत्री श्रीमती सुषमा स्वराज नेपालक दौरा पर आयल छथि। ओ नेपालक राष्ट्रपति डा. राम बरण यादव संग भेंट कय भारतक सहयोग सदैब बनल रहबाक बात कहलनि। श्रीमती स्वराज नार्वे देशक विदेश मंत्री संग सेहो औपचारिक भेंटवार्ता कयलनि। नेपालक पुनर्निर्माण मे भारतीय निर्माण कंपनीक योगदान आ युरोपीय अनुदान राशि खर्च करबाक मंत्रणा सेहो भेल। भारतक उदार सहयोग निर्माण कार्य मे बेसी होयत।","काठमांडु, जुन २५, २०१५. भारतीय विदेश मंत्री श्रीमती सुषमा स्वराज एखन नेपालक दौरा पर आयल छथि। महाभुकम्प उपरान्त नेपालक पुनर्निर्माण हेतु अन्तर्राष्ट्रीय समुदाय द्वारा कैल गेल सहयोग केँ व्यवस्थित रूप सँ पीड़ित पक्ष तक पहुँचायल जाय, नेपालक ध्वस्त आ भूकम्प सँ त्रस्त विभिन्न भौगोलिक विश्व धरोहर, सड़क, सरकारी मकान आदि केँ कोना फेर सँ निर्माण कैल जाय, आ विश्व बैंक द्वारा मान्य राशि आ सहयोग राशिक व्यवस्थापन सेहो सबहक रेख देख मे सम्पन्न हो। श्रीमती स्वराज नेपालक राष्ट्रपति महामहिम डा. राम बरण यादव संग भेंट करैत भारतक सहयोग सदैब बनल रहबाक बात दोहरेली। नेपालक निर्माण कार्य मे भारतीय निर्माण व व्यवस्थापन कंपनीक योगदान सँ युरोपीय अनुदान राशि खर्च कैल जेबाक मंत्रणा सेहो केने हेती। उम्मीद इहो कैल जा रहल अछि जे वर्तमान चुनौतीपूर्ण निर्माणकार्य मे अधिकांश भारतीय निर्माण आ व्यवस्थापन कंपनी के योगदान आ सहयोगक",0.495,0.37,0.4158
101,भारत आ पाकिस्तान बीच युद्ध स्थिति पर चर्चा करैत इस्लाम सहयोग संगठनक ४६वाँ अधिवेशन आबुधाबी मे आरम्भ भेल अछि। भारतक विदेश मंत्री सुषमा स्वराज पहिल बेर एहि अधिवेशन मे विशिष्ट अतिथि केर रूप मे भाग लेलीह। पाकिस्तानक विदेश मंत्री शाह महमूद कुरैशी भारतक विदेश मंत्री केँ सम्मान सँ चिढ़ि कय बैठक मे भाग नहि लेबय सँ मना कय देलनि। ओ काश्मीरी पर भारत द्वारा कयल जा रहल कथित अत्याचार केर मुद्दा उठेलनि। ओआइसी केर एहि अधिवेशन मे धार्मिक सौहार्द्र केँ प्रसार करबाक प्रयास सेहो कयल जा रहल अछि।,"भारत पाकिस्तान बीच युद्ध स्थिति आ इस्लाम सहयोग संगठनक बैसार मे भारत केँ प्राथमिकता आजुक विशेष – ’ ( ) केर ४६वाँ अधिवेशन आबुधाबी ( ) मे भेल अछि। एहि अधिवेशन मे भारतक विदेश मंत्री माननीया सुषमा स्वराज आ अन्य वरिष्ठ नेता उपस्थित रहल छलाह, जतय ओ अपन विचार व्यक्त कयलनि जे आतंकवाद केँ रोकि सकब शिष्टाचारक विरुद्ध होयत। पाकिस्तानक विदेश सचिव शाह महमूद कुरैशी एहि बैसारमे भाग लेल आमंत्रित कयल जा चुकल छथि, जकरा कारण भारत सरकार द्वारा पाकिस्तान केँ आर्थिक सहायता प्रदान करबाक लेल आग्रह कयल गेल अछि।, भारत पाकिस्तानक आर्थिक स्थिति पर चिंता प्रकट कय रहल अछि, मुदा भारत सरकार केँ सहयोग नहि देल जा सकैत अछि। उन्निहार प्रस्ताव पर चर्चा करबाक आवश्यकता अछि आ भारत सरकार सँ प्रस्ताव पारित करबाक आग्रह कएने छलाह।",0.4744,0.1784,0.2977
102,"मनीष कर्ण द्वारा जनकपुरधाम में ४ मार्च, २०२२ केँ मिथिला माध्यमिकी परिक्रमा केर सुरुवात भेल। एहि परिक्रमा में साधु संत आ स्थानीय श्रद्धालु भक्तजन ""जय सियाराम"" जपैत यात्रा कएलक। १५ दिनक एहि यात्रा में नेपाल आ भारतक विभिन्न रामसीता स’ सम्बन्धित तीर्थ स्थल सभ पर विश्राम कयल जायत। परिक्रमाबासी सभ कुल १३६ किलोमीटर दूरी तय करताह आ ई परिक्रमा सदभाव, प्रेम आ आस्था केर उत्सव मानल जाइत अछि।","मनीष कर्ण, जनकपुरधाम ४ मार्च,२०२२। मिथिलाक महाकुम्भक रूपमें चिन्हल जाएवला मिथिला माध्यमिकी परिक्रमा सुरुवात काल्हि स’ भेल। नेपालक धनुषा जिला स्थित मिथिलाबिहारी नगरपालिका वार्ड नं.८ कचुरी गाम स’मिथिलाबिहारीक एक डोला जनकपुरक अग्निकुण्डक लेल प्रस्थान कएलक। परिक्रमाक लेला साधु संत,स्थानीय श्रद्धालु भक्तजन सभ “जय सियाराम”भगवन नाम जप करैत हर्षोल्लास सँग यात्रा विधिवत सुरू भेल, जतय मिथिला परिक्रमा नेपाल आ भारतक विभिन्न रामसीता स’ सम्बन्धित तीर्थ स्थल सभमें पड़ाव पर विश्राम करैत यात्रा पूर्ण करत। भारतक कल्याणेश्वर सँ परिक्रमा कय औपचारिक सुरुवात मानल जाइत अछि। यात्रामें ओ लोकनि क्रमशः हनुमाननगर,कल्याणेश्वर, फुलहर,मठिहानी,जलेश्वर, मड़ई, ध्रुवकुण्ड, कञ्च",0.3875,0.1772,0.3375
103,"मिथिला सांस्कृतिक आ ऐतिहासिक धराक रूप में जानल जायत अछि, मुदा सरकारक उदासीनता आ आमजनक घटैत रूचि के कारण संस्कृति बिसरैत जा रहल अछि। मिथिला स्टूडेंट यूनियन ऐतिहासिक संस्कृति केँ पुनः जीवित करबाक प्रयास क रहल अछि। आजुक दिन एमएसयू केर टीम मंडन मिश्रक गुरू कुमारिल भट्ट केर डीह पर पंहुचि अवलोकन केलनि आ कलश में माटि ल जायल जायत। तीन दिनक यात्रा में रथ यात्रा केर माध्यमे आम जन केँ बिसरल एेतिहासिक संस्कृति सँ अवगत कराउल जायत। टीम में संतोष मिश्रा, डाँ. एमएम झा, अविनास भारद्वाज आ अन्य लोक सामिल छलथि।","घनश्याम झा वीडियोः मिथिला आदि काल सँ सांस्कृतिक आ ऐतिहासिक धराक रूप में जानल जायत अछि। मिथिलाक विद्वता सँ संपूर्ण विश्व के प्रभावित केल गेल अछि। मुदा सरकारक उदासीनता आ आमजनक घटैत रूचि के कारण मिथिला अपन संस्कृति केँ बिसरैत जा रहल अछि। किछु महान विभूति सभकेँ त याद अखनो धरि लोक सभ रखने छथि, मुदा कतेको के नाम धरि नञ जानैत छथि। एमएसयू के राष्ट्रीय अध्यक्ष अविनास भारद्वाज केर नेतृत्व में टीम मिथिला केर विकास आ विकास केँ लेल प्रयास कयलनि। एहि यात्रा के माध्यम सँ लोक सभ केँ जागरूक करबाक प्रयास कय रहल छथि आ समाज में जागरूकता फैलाबय के आवश्यकता पर जोर देल गेल। खूब खूब चर्चा कयल गेल अछि, जकरा सँ मिथिला स्टूडेंट यूनियन केर युवा नेता संतोष मिश्रा",0.4558,0.216,0.2977
104,"कोरोनाक त्रासक बीच नेपाल आ भारतक सम्बन्ध बिगड़ि रहल अछि। नेपाल द्वारा भारत विरोधी वातावरण बनि रहल अछि, जकरा कारण नागरिक सब त्रस्त छथि। भारतीय रक्षामंत्री द्वारा कैलाश मानसरोवर जायवला मोटरेबल रोडक उद्घाटन पर नेपाल मे प्रतिक्रिया भेल अछि। नेपालक प्रधानमंत्री ओली भारतक खिलाफ कड़ा शब्द प्रयोग कयलनि आ चीनक राजदूत नेपालक राजनीतिक विवाद केँ साम्य करबाक प्रयास कय रहल छथि। एहि सब घटनाक्रम सँ नेपालक राजनीतिक स्थिति विदेशी प्रभाव मे देखाइत अछि।","कोरोनाक त्रासक बीच नेपाल भारत सम्बन्ध बिगड़बाक भयावह त्रास देल गेल अछि। भारत नेपाल विवाद केर कारण नेपाल मे राजनीतिक उथल पुथल आ द्वंद्व बढ़ल अछि। नेपालक सत्ताधारी दल आ अन्य राजनीतिक दल केर नजरि मे भारत चीन केँ बेसी भाव बट्टा देल जेबाक पूर्वकालिक समर्पण नीति नहि रहत। हालक कइएक विवादपूर्ण बात विचारक कारण दुनू देश मे रहि रहल नागरिक सब सँ बेसी त्रसित अछि। लाखों नेपाली भारत मे, लाखों भारतीय नेपाल मे रहल छथि आ हजारों के संख्या मे छात्र सब भारतीय स्कौलरशीप पाबि उच्च शिक्षा प्राप्त करबाक विन्दु पर अनिश्चितताक तलवार लटकैत देखल जा रहल अछि, जकरा कारण नेपाल केँ भारत सरकार द्वारा आर्थिक सहायता नहि मिलल अछि आ भारत सरकार केँ उचित सहयोग नहि मिलत अछि। खूब पढ़ेल लेख लेख मे कोरोनाक प्रभावक बारे मे जानकारी देल जाइत अछि",0.3301,0.0882,0.1942
105,"पवन झा ‘अग्निवाण’ द्वारा लिखित मैथिली गजल में समाजक समस्याक चित्रण कयल गेल अछि। नेता लोकनि पर दोष लगाबय के बात कयल गेल अछि, जखन कि परजा मूक बनल अछि। लोकतंत्रक स्थिति पर चिंता व्यक्त कयल गेल अछि, जतय सुख आ दुखक बीच संघर्ष चलि रहल अछि। गंगा आ जमुना जकाँ नदियन के प्यास आ धरतीक बिसाह पर विचार कयल गेल अछि। गजल में मानवता के गुमनाम फरिश्ता के रूप में प्रस्तुत कयल गेल अछि।","पवन झा ‘अग्निवाण’ ऊर्फ ‘गुमनाम फरिश्ता’ एहेन एलै रामराज बाजब गुनाह भेल मूक बनल परजा के नेता घताह भेल ककरा पर दोष धरब के पतियायत जकरे पर आश रखल। पवन झा कहैत छथि जे मोन के भुलवितौं देवता पितर सहस्त्र पूजन अथाह सत्य लगै ओल जेना झूठ लगै मिसरी जे बाजल झूठ सांच ओकरे निबाह भेल पोखैर, ईनार कत बोन बाध हरियर जत देखू ततै लागै काज अधलाह भेल मरैत रहू कानि कहियौ सब दुखड़ा के सुनत ककर आब जीवन अथाह भेल लोकतंत्र कहबा लेल लोकक छै सत्ता लूटि लेलक सुख सबटा दुखक बेसाह आ सब कहै करबा लेलक। मैथिली गजल में पवन झा अपनो कनाह के कथा बतबैत",0.2174,0.0659,0.1522
106,"समयानुसार परिवर्तन संग जे व्यक्ति चलैत अछि, ओ सुखी रहैत अछि। रीती रिवाज आ धर्म के परिभाषा हर युग में अलग-अलग रहैत अछि। स्त्री के स्थिति दयनीय रहय आ पुरुष के अभद्र व्यवहार पर सजा स्त्री के भुगत परय छल। सुरक्षा कारणें छुवाछुत के नियम बनलई, मुदा आब स्त्री अपन गरिमा में वापस आ रहल अछि आ पुरुष वर्ग सेहो सहयोग द रहल छैथि। पुष्पा ठाकुर के अनुसार, भैसुर बेटी के मानय छथि आ कोनो छूआछूत नय।","समयानुसार परिवर्तन के साथ जे व्यक्ति चलैत अछि वो सुखी रहैत अछि। रीती रिवाज कि धर्म के परिभाषा तक हर युग के अलग अलग छय। जाहि समय में इ भैसुर भावों वला रिवाज बनल अछि, जतय स्त्री अपन गरिमा में वापस आ रहल छथि आ पुरुष वर्ग सेहो बहुत साथ द रहल छल। आज के समय में स्त्री के स्थिति दयनीय रहल अछि आ पुरुष कोनो अभद्र, व्यवहार कैलथिन तॢईयो सजा स्त्री के भुगत परय छल। ओकरा बचाव में बहुत कम आवाज़ उठय छथि। ताई सुरक्षा कारणें ई नियम बनलई जे ,छुवाछुत क दियौ ताकि दुनु दूर दूर रहतय आ कोनो असभ्य दुर्घटना स बचतय। ऐहन बहुत किस्सा दादी व गाम के अन्य लोक सुनलऊ। ऐतिहासिक घटना में संदर्भ भेटय छय आ ओक गरिमा में लौटल अछि। पुष्पा ठाकुर महिलाओं के सम्मान में बढ़-च",0.5592,0.3349,0.3507
107,"भाषा विमर्श पर चलि रहल चर्चा मे मैथिली आ नेपाली भाषाक स्थिति पर विचार कयल जा रहल अछि। मैथिली भाषाभाषी लोकनिक संख्या १२ लाख अछि, मुदा राज्य केर नीति मैथिली केँ उचित मान्यता नहि दैत अछि। नेपाल मे मैथिली सँ पहिने नेपाली केँ राष्ट्रभाषा केर सूची मे शामिल कयल गेल, जखन कि मैथिली २००३ मे शामिल भेल। मैथिली भाषा सृजनक श्रृंगार सँ विश्वपटल पर चमकि रहल अछि, मुदा राजनीतिक मनसाय आ संरक्षणक कमी कारण ई उपेक्षित अछि। मैथिली भाषाक भविष्य आ एकल भाषा नीति पर विमर्श जारी अछि।","भाषा विमर्श भाषा विमर्श मे मैथिली नहि थिक, जकरा कारण मैथिल ब्राह्मण परिवारक विभिन्न रीति रिबाजक पूरा ज्ञान नहि रहल छथि। किछु विज्ञ विद्वान् अन्हेरक चिन्ता व्यक्त कयलनि जे मिथिला मे एकटा कहबी बुजुर्ग सभक मुंह सँ बेसी सुनैत छथि जे अनबिहितक बिहित आ उखैड़ पर चढिकय बानर गाबइ य गीत गा रहल अछि। ओहि लेख मे मिथिलाक भाषा के महत्व पर चर्चा कयल गेल अछि, जतय भाषा विमर्शक महत्व पर प्रश्न उठबैत अछि। मैथिल भाषा के संरक्षणक आवश्यकता पर जोर देल गेल अछि। खूब पढ़ेल लेख मे मैथिल विद्वान् आ भाषा विमर्श के माध्यम सँ मैथिल समाज केँ जागरूक करबाक आवश्यकता अछि। फ़ायदा आ मैथिल संस्कृति के संरक्षण के आवश्यकता पर चर्चा करैत रहबाक आवश्यक अछि।॔",0.3122,0.0296,0.1756
108,"मैथिली सुन्दरकाण्ड मे श्री रामजी केर क्रोध आ समुद्र केर विनतीक वर्णन कयल गेल अछि। समुद्र तीन दिन धरि विनय नहि मानल, तखन श्री रामजी क्रोधित भऽ धनुष बाण चढ़ेलनि। लक्ष्मणजी केँ अग्निबाण संधान करबाक आदेश देलनि, जाहि सँ समुद्रक हृदय मे अग्नि केर ज्वाला उठल। समुद्र भयभीत भऽ प्रभु केर चरण पकड़िकय अपन दोष क्षमा करबाक प्रार्थना कयलनि। अंततः समुद्र श्री रामजी केर गुणगान कय केँ अपन घर चलि गेल।","श्री तुलसीदासजी रचित श्रीरामचरितमानस केर सुन्दरकाण्डक मैथिली अनुवाद समुद्र पर श्री रामजी केर क्रोध आ समुद्र केर विनती केर वर्णन कयल गेल अछि। रामजी क्रोधक जलधि जड़ गेल तीनि दिन बीति। बजला राम सकोप तखन भय बिनु होय न प्रीति॥५७॥ भावार्थ: एम्हर तीन दिन बीत गेल, मुदा जड़ समुद्र विनय नहि मानैछ। क्रोधी शम कामीहि हरिकथा। ऊसर बिया बाउग फल यथा। ई कथा मनुष्य सँ ज्ञान केर कथा आ वैराग्य केँ दर्शाबैत अछि। अंत मे, क्रोधी सँ प्रेम आ करुणा केर बात कयल जा रहल अछि, जकरा कारण मनुष्य केँ भय सँ मुक्ति नहि मिलल अछि। खूब पढ़ल गेल अछि, जे मनुष्य केर जीवन केँ सुखमय बनाबय लेल प्रेरणा देलनि।",0.2983,0.1229,0.232
109,"नेपालक प्रदेश नम्बर दुइ मे भाषाक विषय पर बहस चलि रहल अछि। मैथिली, भोजपुरी, आ नेपाली भाषाक बीच सरकारी कामकाजक भाषा चुनबाक चर्चा होइत अछि। मैथिली आ भोजपुरी एहि प्रदेशक प्रमुख मातृभाषा थिक, जकरा लोकनिक बीच व्यापक रूप सँ प्रयोग कयल जाइत अछि। प्रदेश सरकार द्वारा दू भाषा केँ सरकारी भाषा मान्यता देबाक प्रयास होइत अछि, मुदा ई सहज नहि देखाइत अछि। मातृभाषाक महत्व शिक्षा आ विकास संग जुड़ल अछि, आ एहि संदर्भ मे नेपालक भाषानीति पर विचार करब आवश्यक अछि।","प्रदेश मे मैथिली एक बेर फेरो तरंगित बनि गेल अछि। प्रदेश नम्बर दुइ मे प्रदेशक भाषा केँ सरकारी कामकाजक भाषा तय कय सकैत अछि, आ करबाको चाही। प्रदेश दुइ केर आठ जिल्ला मे सप्तरी, सिरहा, धनुषा, महोत्तरी, सर्लाही मैथिलिभाषी क्षेत्र थिक तऽ रौतहटवासी एहि जिला मे हिन्दी आ बज्जिका भाषा बजबाक दावी करैत अछि। एहि जिला सब मे भोजपुरी आ मिथिला सभ सभक भाषा अछि, मुदा केन्द्र सरकार द्वारा एहि जिलाक भाषाक मान्यता प्रदान कयल जा रहल अछि। धर्मेन्द्र झा के अनुसार, एहि जिला सँ भोजपुरी सभक समान रूप मे विकास कय रहल छथि। फ़ौरन जानकारी देल गेल अछि जे प्रदेश भरिक जनता केँ अपन मातृभाषा केँ मान्यता प्रदान करबाक आवश्यकता अछि।॔ खूब चर्चा",0.3795,0.1244,0.1641
110,"एक सम्पन्न परिवार में छोटका बेटाक कनियाँ अपन सासुरक वातावरण सँ निराश भ गेलीह, मुदा अपन इष्टदेव केर प्रेरणा सँ ओ परिवारक काज में सक्रिय भ गेलीह। ओ घरक भोजन बनाबय आ अन्य जिम्मेदारी सभ लय लेलीह, जकरा कारण परिवार में शांति आ संतोष बढ़ल। हुनकर सेवा आ उदारता सब पर गहींर प्रभाव छोड़लक, आ सासु हुनका प्रशंसा करय लगलीह। धीरे-धीरे परिवारक सदस्य सभ सेहो अपन जिम्मेदारी लय लेबय लगलथि आ घरक माहौल सकारात्मक बनि गेल। छोटकी कनियाँ अपन आत्मकल्याण लेल गहूँम पीसबाक निर्णय कयलीह, जकरा सँ स्वास्थ्य आ परिवारक भलाई में सुधार भेल।","एक सम्पन्न दम्पति केर पांच गो बेटा आ दुइ गो बेटी रहनि। बेटा पांचों के विवाह हालहि भेल रहय, कनियाँ के दुइरागमन बाकिये रहय। घरक पुरुष सब काज धंधा में लागल रहैत छल आर स्त्रीगण लोकनि घर मे विभिन्न प्रकार केर विवाद में घर केँ नर्क बनेने छलीह। हुनकर इष्टदेव हुनका सँ कहलखिन्ह जे ओ अपन रूम में असगर में खूब कनलिह आ ईर्ष्या आ इरबाजी में सब फँसल सदिखन हन। हुनक मन मे ईर्षा आ डाह केँ देखल जा रहल छथि, जतय ओ कहैत छथि जे हुनकरा अपन इष्टदेव केँ नीचा देखबाक काज कय रहल अछि। फ़ातिमा अपन पति केँ अपन घरक काज केँ सुधारबाक प्रयास कयलनि।",0.2574,0.02,0.1386
111,"कावेरी, जे दरभंगा जिलाक रहनिहार छथि, दिल्ली मे शिक्षा प्राप्त कयलाक बाद मोडेलिंग आ अभिनय केर क्षेत्र मे कदम रखलनि। दक्षिण भारतीय सिनेमा मे ब्रेक लेलाक बाद हिनका हिन्दी, तमिल, तेलगु आ मलयालम फिल्म मे सशक्त भूमिकाक संग प्रसिद्धि भेटल। कावेरी कहैत छथि जे मैथिलगण अपन धियाकेँ घोघे मे राखय चाहैत छथि, मुदा ओ अपन देहक सौंदर्य देखाबय मे कोनो संकोच नहि करैत छथि। हिनका मिस महाराष्ट्र आ मिस ईन्डियाक प्रतियोगिता मे सेहो खिताब भेटल छल। कावेरी मैथिली फिल्म मे काज करबाक लेल नीक पटकथा केर प्रतीक्षा करैत छथि।","किसलय कृष्ण, सहरसा। मई ७, २०१५ केँ दरभंगा जिलाक रहनिहारि कावेरी केर मामागाम सहरसा छन्हि। दिल्ली मे प्रारंभिक आ उच्च शिक्षा प्राप्त कहैत हिनक मोडेलिंग केँ कैरियर चुनलनि। ओ दक्षिण भारतीय सिनेमा (तेलगु) मे ब्रेक लेलाक बाद अपन अभिनय आ सुन्दरताइ सँ टप स्टार एक्ट्रेस केर रूप मे प्रसिद्धि प्राप्त कयलनि। मैथिलगण अपन फिल्मक नायिका आ नायिका केँ घोघे मे राखय चाहैत छथि, मुदा हुनकर देह देखेबा लेल भेटल छैक तऽ कियैक नहि देखाउ। मैथिली फिल्म मे नारी छी – फूलक संग चिंगारी छी। ई कथा मैथिल केँ बहुत पसंद कयल गेल अछि, जतय हुनका जीवन पर ध्यान केन्द्रित कयल जा रहल अछि।॔",0.4271,0.1684,0.3021
112,"ललन दरभंगावाला, विरार। जुन ११, २०१५। मैथिली जिन्दाबाद!! महाराष्ट्र केर विरार महानगरपालिका मे स्थानीय प्रशासनक चुनाव १४ जुन केँ होयत। एहि चुनाव मे वार्ड संख्या २४ सँ मैथिलानी पुतुल रविन्द्र झा केँ उम्मेदवारी ‘बहुजन विकास अघाड़ी’ द्वारा देल गेल अछि। मानल जाइत अछि जे एहि वार्ड मे मैथिल जनमानसक वोटक संख्या काफी अछि आ मैथिल सब एकजुट भऽ पुतुल केँ जितेबाक प्रयास करत। पुतुल एक प्रखर समाजसेविका छथि आ विभिन्न मिथिला मैथिली संस्था सब फेसबुक पर पुतुल केँ जितेबाक आह्वान कय रहल अछि।","ललन दरभंगावाला, विरार। जुन ११, २०१५. मैथिली जिन्दाबाद!! महाराष्ट्र केर विरार महानगरपालिका मे स्थानीय प्रशासनक चुनाव १४ जुन केँ होयत। एहि चुनाव मे वार्ड संख्या २४ सँ मैथिलानी पुतुल रविन्द्र झा केँ उम्मीदवारी देल गेल अछि, जे एहि वार्ड मे मैथिल जनमानसक वोटक संख्या काफी अछि आ अपन अधिकार प्रति साकांछ मैथिल जरुर एकटा मैथिलानि उम्मीदवार केँ जितेबाक कार्य करत। ई राय विभिन्न प्रबुद्ध मैथिल द्वारा व्यक्त कयल गेल अछि जे मैथिल समुदाय केँ एकजुट कयल जा रहल अछि, मुदा मैथिल समाज केँ जागरूक कयल जायत। अछि आ मैथिल लोकनि केँ जागृत कयल जाइत अछि। विरार केर विकास अघाड़ी द्वारा मैथिल केर पक्ष मे एकजुटता आ एकजुटता केँ मजबूत करबाक प्रयास कयल जात अछि।",0.6091,0.441,0.5279
113,"मिथिला में पान के महत्व सदियों पुरान अछि। पानक उपयोग सांस्कृतिक आ सामाजिक जीवनक एकटा महत्वपूर्ण अंग थिक, जकरा देवता पितरक अराधना, भोज भात आ अतिथि स्वागत में अनिवार्य मानल जाइत अछि। पान खायब आनंद आ उल्लासक प्रतीक मानल जाइत अछि, आ विभिन्न अवसर पर पानक उपयोग आवश्यक होइत अछि। पानक औषधीय गुण सेहो अछि, जइमें बलगम हटेनाइ आ मुख शुद्धि शामिल अछि। मिथिला में पान, माछ आ मखान तीनू के महत्ता सदियों सं बनल अछि।","मिथिला में पान के महत्व के वर्णन सदियों पुरान अछि। पानक उपयोग मिथिलाक सांस्कृतिक ओ सामाजिक जीवनक एकटा महत्वपूर्ण अंग थिक, जतय देवता पितरक अराधना होयब,वा भोज भात होयब वा कोनो सामान्य अतिथि अभ्यागतक आगमन होयब प्रत्येक अवसर पर पान अर्पित करब आवश्यक रहैत अछि।मुड़न उपनयन विवाहादि अवसर पर चुमाओनक डाला पर दहीक छांछ ओ दूवि धानक पात राखल जाइत अछि, जकरा कारण ओ लोकनि अपना के अपमानित मानि सकैत छथि।भोजनक प्रबंध नहियो रहैन,केवल पान सुपारी दऽ देला सँ ओ लोकनी अपना के सम्मानित बुझैत आ अन्य लोकनि अपन प्रिय व्यक्तिक स्वागत में पान अर्पित कयल जाइत। स्त्रीकदाँ पानक महत्व के चर्चा कयल गेल अछि। मिथिला आ मिथिला के सांस्कृतिक जीवन में पानक महत्त्व पर",0.4084,0.2011,0.3246
114,"प्रवीण नारायण चौधरी एकटा बात कहला जे कत्ते केँ थोबड़ा देखू, सबटा रंग झूठे जपैत रहै छी हरि हरि। ओ कहला जे काज बेर लुकान लेब आ फोटो टांगी कहला पर अन्ठेने भला बखानी। मैथिली के प्रति प्रेम देखाबू आ मिथिला के ब्यथा धरी पड़ी। सब मैथिल देखबै छी केकरा टुनकी घर धरू, जे काज करत ओ हरी भरी।",प्रवीण नारायण चौधरी एगो बात कही जे कत्ते केँ थोबड़ा देखू जे टैग करय छी घड़ी घड़ी देखल सबटा रंग झूठे जपैत रहै छी। काज बेर लुकान लेब आर घड़ी कते फोटो टांगी कहलो पर अन्ठेने भला बखानी कि कि करी भरी!! छोड़ू लटका झटका आ तेल चुएनाय चुलबुली पेट खड़ नै रहत तँ सींग चमक कि जरी मरी!! करियौ एगो काज देखाबू हेतै। ओ मैथिली दूसि आन मुह चमकाबी मिथिला ब्यथा धरी पड़ी। ओ सबो मैथिल देखबै छी केकरा टुनकी घर धरू सड़ू मरू जे काज करत ओ हरी भरी!! हरि: हर:!!॔ फ़ायर एंड फ़ास्ट एंड फ़ोस्ट मैथिल के बारे में जानकारी देल गेल अछि जे कते केक के बारे मे जानकारी दी जा रहल अछि।,0.5114,0.2989,0.4318
115,"प्रवीण नारायण चौधरी द्वारा लिखल पत्र मे बेटी पुतोहु केँ घरक काज करबाक महत्व पर चर्चा कयल गेल अछि। ओ कहैत छथि जे कन्याकेँ घरक काज करबाक शिक्षा देनाइ आवश्यक अछि, ताकि ओ समाज मे उचित स्थान बना सकथि। आधुनिक शिक्षा आ पैकेज सैलरी पर ध्यान देनाइ के बदला, घरक कार्यक प्रति सजग रहनाइ जरूरी अछि। ओ दहेज मुक्त मिथिला केर समर्थन करैत, बेटी सब केँ विवाद सँ बचबाक आ अपन काज केँ महत्व देबाक सलाह दैत छथि।","दिलीप नारायण चौधरी द्वारा लिखल लेख मे, बेटी पुतोहु केँ घरक काज करबाक लेल शिक्षित करब आवश्यक अपनेक पत्र प्राप्त भेल। ओ अपन अभियान सभक सराहना सँ नव उत्साह सेहो भेटल, जतय ओ समझैत छथि जे घर के काज केनाइ नौकर बननाई नहीं छथि। ओ कहलनि जे कन्या के माता पिता के नव घर मे जाकर कोना रहैत अछि, मुदा ई निर्णय सही हेतैत अछि। ओ वेदविद् अनुरूप औचित्यपूर्ण लोकाचार सँ काज कयलनि, जकरा लेल समाज मे जागरूकता फैलाबय के आवश्यकता अछि। प्रवीण नारायण चौधरी के लेख में, ओ कहैत छलाह जे समाज मे नैतिकता आ नैतिकता केर महत्व पर जोर देल गेल अछि। फ़ातिमा चौधरी कहलथि जे समाज केँ शिक्षित करबाक उद्देश्य सँ ई निर्णय लेल जा रहल छथि आ समाज",0.39,0.1515,0.25
116,"गंगेश बाबू एकटा सरकारी नौकरी करैत छलाह आ हुनक तीनटा बेटी आ दूटा बेटा रहैत छल। ओ बेटी सभक विवाह दलिद्र भंजन घर में केलाह आ बेटा सब लेल खेत आ मकान खरीदलाह। गंगेश बाबू बेटी सभक वरक चयन पर ध्यान नहि देलखिन्ह, जखन कि समाजक बुद्धिजीवी लोक सब हुनका कहैत छल कि बेटा आ बेटी दुनू के एक समान व्यवहार करबाक चाही। अंततः, गंगेश बाबू के बेटा सब अपन बूढ़ा माता-पिता केँ देखबाक लेल तैयार नहि भेलाह, जकरा कारण हुनकर परिवार में असमानता बढ़ल।","लघुकथा में गंगेश बाबूक विभेदपूर्ण व्यवहारक बेटा के पेट आ बेटी के पीठ बहुत लोक बुझैत छथि। ओ अपन पाठक वर्गक सोझाँ राखि रहल छथि, जे एकटा छलथि आ एक गोटे के कहानी लिखैत अछि, जखन किरदानी बनैत छलखिन्ह। ओ कहैत छलथि जे हुनक बेटा सब लेल खेत पथार खूब खरीदलाह आ घर बनाबैत अछि। हुनक पिता सबक विदाह होइत छल, मुदा हुनक बेटी सभक विवाह सरकारी नौकरी मे नहि होइत अछि आ हुनक परिवारक सुख-दुख के बात कयल जा रहल अछि। अंततः, हुनकर विदा लेल समयक आवश्यकता अछि। कहानी में, जे लोक अपन बेटी के प्रति अपन विदापन देखल छलथि।॔ खूब चर्चा कयल गेल अछि।सहित लघुकथा मे गंग",0.3402,0.0833,0.1856
117,"सुधा देवी कहैत छथि जे मिथिला में अतिथि सत्कार कें विशेष महत्व अछि। अतिथि कें भगवान मानल जाइत अछि आ हुनकर स्वागत प्रेम आ श्रद्धा सँ कयल जाइत अछि। बचपन सँ देखैत आयल छी जे पाहुन कें स्वागत में सब गोटे जुटि जाइत छथि, आ हुनका चाय आ विशेष भोजन सँ सत्कार कयल जाइत अछि। मिथिला में दही चीनी बिना भोजन अधूरा मानल जाइत अछि, आ हमरो अतिथि कें सेवा करब बहुत प्रिय लागैत अछि।","सुधा देवी मिथिला में अतिथि सत्कार अतिथि देवो भवः मतलब अतिथि भगवान कें रूप होइ छैथ हुनकर स्वागत प्रेम भाव श्रद्भा और निहस्वार्थ भाव सें कैलजायत अछि। मिथिला मे अतिथि भगवानक रूप होइत छथि आ अतिथि भगवान तुल्य छथि। अतिथि कें सत्कार करैमें बड मोन लगैत छल, मुदा भोजन कें विशेष बेबस्था हेतैत। ओ अपन हाथ सें भोजन बनाकें तरकारी तरूवा भेनाईये, जतय पाहुन कें पालन करैत छी आ हमरो लेल अतिथि भगवान समान छैथ। अंततः, अतिथि भगवान कहला जेहिका स्वागत कयल जायत अछि। फ़ास्ट फूड, मिथिला जय मैथिली अछि, जकरा लेल हम सब सब कें स्वागत करैत रहल छथि, जखन कि हम पाहुन आ कियो अतिथी कें सम्मान करै",0.3784,0.1311,0.227
118,"मिथिला स्तुति मिथिलाक महिला लेल सीपमूलक तालिम प्रशिक्षणक आवश्यकता पर जोर दैत अछि। ईश्वर प्रति आस्था रखैत, मिथिला केँ तीर्थभूमि आ सिद्धभूमि मानल गेल अछि। मिथिलाक सीमा २४ योजन लम्बा आ १६ योजन चौड़ा अछि, जे १९२ मील आ १२८ मील होएत अछि। मिथिला, रामस्वरूपा विदेहपुरी आ जानकी जन्मभूमि, यज्ञ दान, तप ध्यान आ स्वाध्यायक शुभफल देबयवाली अछि। हम सभ मिथिला केँ प्रणाम करैत छी।","मिथिला स्तुति मिथिलाक महिला लेल सीपमूलक तालिम प्रशिक्षणक आवश्यकता पर बल देल गेल अछि, जतय मिथिला आ तंत्रभूमि सिद्धभूमि मे होयबाक लेल पुनः पुनः आभार प्रकट करैत छी। वृहद् विष्णुपुराण मे मिथिला के माहात्म्य गान करैत लिखैत अछि, जे गंगाहिमवतोमध्ये नदी पंचदशान्तरे। तैरभुक्तिरिति ख्यातो देशः परमपावनः॥ कौशिकीन्तु समारभ्य गण्डकीमधिगम्य वै। मिथिला नाम नगरो नामस्ते लोकविश्रुतः। पंचमिः कारणैः पुण्य आ पुण्यक प्राप्ति हेतु मिथिला भूमि पर ध्यान केन्द्रित करैत छथि, जकरा कारण मिथिला में अनेक प्रकार के रोग उत्पन्न करैत अछि। खूब चर्चा कयल गेल अछि। खूब खूब पढ़ेलनि।॔า फ़ायदा संग संग संग मिथिला पर ध्यान देल",0.2857,0.1509,0.236
119,"सावनक संस्मरण में मधुश्रावणी पूजाक समय एकटा घटना वर्णित अछि। 2015 में, बियाहक बाद पहिल सावन पर, लेखक अपन नैहर आयल छल। पूजा के दौरान, माँ द्वारा बनाओल भोजन में गलती सँ फिटकिरी मिलि गेल छल, जेकरा कारण लेखक केँ खाना खाय में कठिनाई भेल। अंततः, माँ दोकानदार सँ गलती मानि क' सही सेंधा नून ल' आयल, आ तेसर दिनक पूजा के बाद लेखक केँ स्वादिष्ट भोजन भेटल। ई अनुभव लेखक केँ जीवन भर मोन रहत।","सावनक संस्मरण मे प्रियम्वदा कुमारी बात कयलनि जे दहेज मुक्त मिथिला पर आयोजित लेखनीक धार प्रतियोगिता लेल तेसर चयनित कथा हमर मधुश्रावणी के बारे मे अछि। पहिल सावन केँ भरि दिनक अनूना आ तरूआ सब बनेल छल। दू दिनक पूजा के बाद हम्मर माँ हमरा लेल भात, दालि, तीमन, तरूए सब बनेला छल। ओ अपन सासुरो केँ खाना खायल जायत अछि, मुदा हुनका घर मे सबक उपस्थिति केँ देखल जा रहल छथि। अंत मे, हुनकर माँ अपन पति केँ बताओल गेल अछि जे ओ सब केँ भोजन देलनि। खूब चर्चा कयल गेल अछि।एजेंसीएजेंसी॔ फ़ेसबुक पे चर्चा सँ चयनित कथा मे अछि अछि जे हुनक माँ केँ बहुत खुशी छल।",0.2595,0.0656,0.173
120,"घोषणा आ काजक बीचक असमानता पर चर्चा कयल गेल अछि। मैथिली भाषा आ मिथिला संस्कृति सँ जुड़ल कतेको घोषणा सोशल मीडिया पर देखल जाइत अछि, मुदा कतेको बेर ई घोषणा सफलताक रेशियो कम करैत अछि। स्थानीय सहयोग आ समय साधनक सीमितता एहि समस्या केँ बढ़बैत अछि। कंजूसी आ व्यक्तिगत स्वार्थक कारण लोक सार्वजनिक हितक कार्य मे भाग नहि लैत अछि। सफलताक लेल उचित योजना आ प्रबंधनक कला आवश्यक अछि।","घोषणा सोशल मीडिया पर देखैत छी। मैथिली भाषा, मिथिला संस्कृति, समाज या आर्थिक विकास सँ जुड़ल कइएक सरोकार पर, संचार या फिल्म संग कला सम्बन्धित विषय सब पर सेहो, कतेको तरहक घोषणा ‘हम ई करब, हम ओ करब, एना हेतैक’ होइत रहैत अछि। वर्तमान समय मे लोक आगू अपन पेट तँ कुकुरो भरैत छथि, सभक पेट कोना भरत ताहि लेल सोचनिहार अछि। समाजक हित लेल लोक आगू लोकनि केँ जागरूक करबाक लेल प्रयास कयल जा रहल अछि। घोषणा कयल गेल अछि जे लोकनि अपन जीवन केँ सुरक्षित रखबाक लेल प्रेरित करबाक आवश्यकता अछि। फ़ीमेल पर चर्चा करबाक समय आ समय केँ बचाबय लेल महत्वपूर्ण भूमिका निभाबय के बात कयल जायत।॔ सन्तानक शुभकामना देल गेल",0.2951,0.0773,0.1749
121,"आरती झा, बीरगंज, नेपाल सँ अपील कयल गेल अछि जे मिथिला मैथिलीमे किछु सार्थक काज भ’ रहल अछि, मुदा संसाधनक अभाव प्रमुख बाधक अछि। राजनीतिक दल आ व्यक्तिक आर्थिक सहयोग सँ अक्सर मिथिला मैथिली हेरा जायत छैक। मैथिल लोकनि सँ अपेक्षा कयल गेल अछि जे अपन मातृभाषा मैथिली लिखथि आ घरमे प्रयोग करथि। मैथिली पुस्तकक आदान-प्रदान आ शिक्षा मे सहयोग करब आवश्यक अछि। मैथिली सभक भाषा थिक, एकर प्रचार प्रसारमे योगदान दैत रहब।","आरती झा, बीरगंज, नेपाल मित्र लोकनि, मिथिला मैथिलीमे बहुत कियो लागल छी। किछु सार्थक काजो भ’ रहल अछि, यदि संसाधनक अभाव होयत अछि। राजनीतिक दल अथवा व्यक्तिक आर्थिक सहयोग रहैत छैक, यदि नहि करैत होथि त’ राजनीतिक दलक एजेंडा, व्यक्तिक गुणगान मे सहयोग कयल जायत। ओ कहैत छथि जे राजनीतिक दल आ व्यक्तिक सहयोग आवश्यक अछि। जनगणनामे मैथिल अपन मातृभाषा लिखबथि इ प्रयास कयल गेल अछि, जतय राजनीतिक दल, व्यक्ति आ राजनीतिक दल के सहयोग नहि कयल जा सकत।, राजनीतिक दलक सहयोगक वातावरण बनबथि।॔ खूब खूब खूब बधाई देल गेल अछि अछि।-विवादित भाषा के महत्व पर चर्चा करबाक आवश्यकता पर जोर दैत अछि अछि अछि...जसहित---विपक्षक अपील अछि जे मैथ",0.4286,0.2222,0.2967
122,"भारतीय संस्कृति में नारी के सम्मान के बहुत महत्व देल गेल छइ। नारी जन्म स मृत्यु तक अपन कर्तव्य निभबैत छैथ आ समाज में हुनकर अपूर्व स्थान छै। आजुक नारी हर क्षेत्र में पुरूख के संगे कंधा स कंधा मिला क काज करै के क्षमता रखैत छैथ। मुदा, नारी के संग छेड़छाड़ आ बलात्कार जेकां घटनाक बढ़ोतरी चिंताजनक अछि। नारी के सम्मान आ अस्मिता के रक्षा पर विचार करब बहुत जरूरी अछि।","नारी भारतीय संस्कृति में नारी के सम्मान के महत्व पर जोर देल गेल अछि। संस्कृत में एकटा स्लोक अछि यत्र नार्यस्तु पूज्यनते रमन्ते तत्र देवता वास करैत छैथ। नारी जन्म स मृत्यु तक अपन सब कर्तव्य निभबैत छथि। नारी एक मां,पत्नी,बेटी,बहीन सब रिश्ता के दायित्व निष्ठा स पूरा करैत अछि। आजुक नारी जीवन के हर क्षेत्र में कन्धा स कन्धा मिला क काज करै के क्षमता रखैत अछि, जतय घर पर सुख-समृद्धि आ समृद्धि आ समृद्धि के प्रतीक बनल अछि। फ़ातिमा सिन्हा द्वारा नारी के शिक्षा,विज्ञान,राजनीति,धर्म,समाजसेवा आर सेना में सेहो महत्वपूर्ण भूमिका निभा रहल अछि, मुदा नारी के जीवनक महत्व पर चर्चा कयल जा रहल छथि, जकरा कारण समाज में सम्मान आ सम्मान के भावना के भावना बढ़ल अछि आ नारी के प्रति सम्मान बढ़ल रहल",0.4747,0.2653,0.3838
123,"सभक सिनेह केँ नसीब नहि होयत, ताहि सँ अहाँ केँ दोसरक प्रेम मे कटौती करबाक आदति नहि बनेनाय चाही। प्रेम बिना विभेद केने सभक लेल देल जाउ। फेसबुक पर लेखन कार्यक प्रतिक्रिया आ पाठकक उपस्थिति सँ अहाँक कृत्ति केर सफलता बुझल जा सकैत अछि। युवा कार्टूनिस्ट केर काजक सराहना नहि होयबाक कारण मानसिक कमजोरी देखबैत अछि। लाइक्स केर संख्या कम भेला सँ सामग्रीक मूल्य कम नहि होइत अछि, असल प्रेम त ओहि संवेदनशीलता मे छैक।","अहाँ सँ किछु विशेष बात करक छल जे कनिकबो सोच मे नहि पड़ू। सच छैक जे अहाँ केँ प्रेमक परिमाण अपेक्षा अनुरूप नहि भऽ सकैत छैक, मुदा ई प्रकृति केर नियम थिकैक। सभक सब आश पूरब कोनो जरूरी नहि छैक। लेखक सभक सिनेह नहि भेटल ताहि सँ अहाँ सेहो दोसरक हिस्साक प्रेम मे कटौती करबाक आदति बनेनाय शुरू करब, जकरा लेल अपन विचार केँ व्यक्त करबाक आवश्यकता अछि। अंततः, लेखक लोकनि केँ ई विषय पर विचार कयल जा रहल छथि, जतय लेखक केँ उचित सलाह देल जा सकत छथि। खूब चर्चा कयल गेल अछि। फ़ायदादायक लेख सभक सहयोग आ सहयोगक आवश्यकता पर जोर देल जाइत अछि।॔ बढ़ि-चल रहेल",0.3388,0.0884,0.1858
124,"२ अगस्त २०२१, मैथिली जिन्दाबाद!! मिथिला केर लोक आ विशेष रूप सँ महिला समुदाय केँ फेसबुक आ मैसेंजर पर भावनात्मक शोषण आ ठगी केर सम्बन्ध में शिकायत भेटल अछि। कनाडा में रहि रहल अस्मिता चौधरी बतौलनि जे एक व्यक्ति, जे आईएएस आ आईआईटी आईआईएम केर टैग लगाकय फ्रेंड रिक्वेस्ट पठेलनि, ओहिके बाद ठगीक जाल में फँसि गेल। हिनकर पतिदेव सुमित जखन छानबीन कयलाह त आर कतेको पीड़ित सब अपन पीड़ा बतेलनि। सुमित द्वारा समाज केँ सचेत करबाक लेल ठग केर भावनात्मक भयादोहन केर स्टोरी सामाजिक संजाल में साझा कयल गेल। मिथिला के लोक केँ एहि तरहक अपराधी सँ सावधान रहबाक अपील कयल गेल अछि।","२ अगस्त २०२१, मैथिली जिन्दाबाद!! मिथिला मिथिला केर लोक आ विशेष रूप सँ महिला समुदाय केँ आ बेरोजगार युवक सब केँ फेसबुक आ मैसेंजर मार्फ़त भावनात्मक रूप से जोड़ि विभिन्न तरहक शोषण आ दोहन आदि करयवला लोक के सम्बन्ध में शिकायत भेटल अछि। कनाडा में रहि रहल अस्मिता चौधरी कहली जे आईएएस आ आईआईटी आईआईएम केर टैग लगाकय कथित प्रकाश झा नाम्ना एक व्यक्ति फ्रेंड रिक्वेस्ट पठेलनि। ओ अपन पतिदेव सुमित जखन फरेबी केर छानबीन कयलाह त आर कतेको पीड़ित सब सोझाँ आबि अपन पीड़ा बतेलीह। सुमित के कहब छन्हि जे एहि तरहक जालसाज व्यक्ति द्वारा सरकारी कोटा के लैपटॉप उपलब्ध रहबाक बात कयल जा रहल अछि, मुदा हुनका परिवार केँ ठगी केर शिकार बनबाक डर सँ परेशान करबाक डर सकैत अछि।",0.6283,0.3929,0.5221
125,"दरभंगा दहेज हत्याकाण्ड रंजना हत्याकाण्ड मे रंजना अपन पीड़ा चिट्ठी मे लिखने अछि जे विवाहक चारि मासक भीतर ओकरा संग दुर्व्यवहार भेल। दहेजक लोभ आ कनियाँ सुन्दर नहि भेटलाक कारणे ओकर हत्या कयल गेल। पुलिस अधिकारीक परिवारक लोक एहि हत्या केँ पचेबाक प्रयास कय रहल छथि, जकरा मे सड़क दुर्घटनाक सेटिंग बनायल गेल। ई घटना दहेजक लोभ आ भ्रष्टाचारक गंभीर समस्या केँ उजागर करैत अछि। मैथिली समाज केँ एहि हत्याकाण्ड पर ध्यान देबाक आ न्यायक लेल आवाज उठेबाक आवश्यकता अछि।","दरभंगा दहेज हत्याकाण्ड रंजना हत्याकाण्डक चारि मासक भीतर ओकर पति आ बाकी परिवार कोन तरहें दुर्व्यवहार केलकैक। रंजना अपन पति आ अन्य परिवारक संग दहेज लेल विवाह करायब। दहेज खूब लेब आ अपन बेटीक जान लोक एतेक सस्ता बुझैत छैक, दुर्व्यवहार करब त एक पक्ष, जान तक मारि देबाक जुर्रत करबाक दुष्प्रवृत्ति कय रहल छथि। दहेज लोभी परिवार मे भ्रष्टाचारिता सँ अर्जन करैत अट्टालिका ठाढ करबाक प्रयास कयल जा रहल अछि, जकरा कारण रंजना आत्महत्या कय लेल मजबूर होइत अछि।॔ खूब पढ़ेल लेख लेख मे अछि जे दहेज प्रथा केँ समाप्त करबाक बात कयल गेल अछि आ समाज केँ जागरूक करबाक आवश्यकता अछि। फ़ौरन जरूरी अछि जे समाज मे दहेज प्रथाक विरुद्ध जागरूकता फैलाबय के लेल प्रेरित करबाक आवश्यक",0.3518,0.1015,0.201
126,"स्वाध्याय आलेख मे चन्द्रकला शर्मा द्वारा वर्णित घटना लगभग ४० वर्ष पहिने शुरू भेल, जखन श्रीगोकुलचन्द शर्मा हरिद्वार दर्शन लेल गेल छलाह। सपना मे हुनका नीलकण्ठ महादेव सँ आदेश भेटल जे मन्दिरक छत बनाबय। आठ वर्षक खोजबीनक बाद बीकानेर मे ओहि मन्दिरक पता लगल, जकर छत नहि छल। अंततः, स्थानीय विधायक आ अन्य लोकक सहयोग सँ मन्दिरक छत बनबैक अनुमति भेटल, आ उद्घाटनक समय प्रचंड तूफानक बावजूद मन्दिर सुरक्षित रहल। ई घटना भगवान् शिवक कृपा आ आदेशक प्रतीक बनि गेल।","स्वाध्याय आलेखः ""स्वप्न मे देलनि महादेव किछु आदेश – जे साकार भेल’ – चन्द्रकला शर्मा अनुवादः प्रवीण नारायण चौधरी एहि घटनाक वृ्त्तान्त तऽ लगभग ४० वर्ष पहिनहि सँ आरम्भ भऽ जाइत अछि, जखन हमर समधी श्रीगोकुलचन्द शर्मा परिवारसहित हरिद्वार दर्शन लेल गेल छलाह। ओ नीलकण्ठ महादेवक दर्शन करय जेबाक छलन्हि, ताहि दिन भोरे जागय सँ पहिने हुनका सपना एलनि। ओ कहलखिन जे ओ साधु चन्द्रमौलि, त्रिशूल डमरू धारण कयने भगवान् शिवशंकर केर स्वरूप मे परिणत भऽ गेलाह, मुदा ओ कहैत छथि जे हुनकर जीवन मे सुखमय भऽ जायत अछि। अंततः, ओ एक काज कर छथि, जतय ओ अपन इच्छा पूर्ण कय रहल छथि।-अपनी इच्छा केँ पूर्ण भ",0.2995,0.0865,0.2139
127,"बुराड़ी, दिल्ली मे आयोजित विश्वस्तरीय विद्यापति स्मृति समारोह मे अनेक कवि आ कलाकार लोकनि द्वारा प्रस्तुति कयल गेल। उद्घोषक कमलाकान्त झा आ किसलय कृष्ण संग गायक लोकनि कुञ्जबिहारी मिश्र, रंजना झा, हरिनाथ झा, रानी झा, विकास झा आ विजया भारती उपस्थित छलाह। समारोह मे नृत्य, गीत आ भोजक संग-संग सम्मान कार्यक्रम सेहो भेल। आयोजक लोकनि द्वारा कार्यक्रमक सफलताक लेल मनोयोग सँ काज कयल गेल, मुदा किछु अनुशासनक कमी देखल गेल। रानी झा आ विकास झा केर प्रस्तुति दर्शक लोकनि केँ बहुत भाएल।","विश्वस्तरीय विद्यापति स्मृति समारोह, बुराड़ी दिल्ली: समीक्षा अपन अपन मंच पर आयोजित कयल गेल अछि, जतय अतिथि, दर्शक आ श्रोता सभ सभक उपस्थिति रहल छथि। कार्यक्रम मे विद्यापति, झिझिया, डोमकच्छ आदि उपस्थित रहैत छथि, जकरा कारण कार्यक्रमक आभूषण आदरणीय कमलाकान्त झा आ अन्य कवि लोकनि केँ भेंट कयलनि। समारोह मे विभिन्न विषय पर केन्द्रित कविता आ गजल केर वाचन कएने छलाह, मुदा विभिन्न कवि आ गायक लोकनि द्वारा कविता वाचन कयल जा रहल अछि। अंत मे, अतिथिक संख्या बढ़ैत अछि आ श्रोताओ केँ आमंत्रित करबाक आवश्यकता पर जोर देल गेल अछि। शुभकामना शुभकामना। फ़ातिमा पाण्डेय केर स्मृति दिवस पर शुभकामना पाठ करैत शुभकामना देलनि अछि। फ़्रांस केँ शुभकामना देलक जा सकैत अछि जेक लेल बधाई।",0.2944,0.0923,0.1726
128,१३ फरवरी २०२१ केँ मैथिली कार्यक्रम ‘फुलडाली’ नागरिक एफएम पर प्रत्येक शनि दिन सन्ध्याकाल ५ बजे सँ ६ बजे शुरू भेल अछि। ई कार्यक्रम श्री प्रेम झा आ श्रीमती कविता झा द्वारा प्रस्तुत कयल जा रहल अछि। ‘फुलडाली’ कार्यक्रम मार्फत मैथिलीक अनेकों बोली आ शैली केँ जोड़बाक लक्ष्य अछि। नागरिक एफएम केर संचालक अरविन्द मेहता मैथिली मे कार्यक्रम करबाक लेल आह्वान कयने छलाह। एहि कार्यक्रम सँ मैथिली भाषा प्रति कमजोर भावना आ कुविचार सभक कारी बादल छँटबाक उम्मीद अछि।,"१३ फरवरी २०२१ केँ विराटनगर आ पुबरिया पारक मिथिलाक्षेत्र (नेपाल आ भारत दुनू दिश) लेल खुशखबरी नागरिक एफएम पर प्रत्येक शनि दिन सन्ध्याकाल ५ बजे सँ ६ बजे मैथिली कार्यक्रम ‘फुलडाली’ शुरू भेल अछि। ई कार्यक्रम श्री प्रेम झा आ श्रीमती कविता झा द्वारा संयुक्त रूप सँ आयोजित भेल छलाह। एहि कार्यक्रम मे मैथिलीक अनेकों बोली आ शैलीरूपी फूल गुथल छलाह, जकरा कारण जन जन मे लोकप्रिय रेडियो आ एफएम केर मंच उपलब्ध अछि। कार्यक्रमक संचालन अरविन्द मेहता कहलनि जे एहि कार्य लेल समर्पित लोकक जरूरत अछि। अंततः, ई कार्यक्रम एक मासक आवश्यक तैयारी संग आरम्भ कय देल गेल अछि। खूब चर्चा भेल।॔विशिष्ट जानकारी केँ साझा करबाक लेल अनुरोध कयल गेल अछि, जतय नागरिक एफ एम केर संचालक अरविन्द मेहता आ",0.56,0.3838,0.42
129,"मधुबनीक जिलाधिकारी श्री शीर्षत कपिल अशोक संग मिथिलांचल उद्योग वाणिज्य संघक अध्यक्ष श्री नविन जायसवाल आ नवारम्भक संचालक श्री अजित आजादक नेतृत्व मे एकटा शिष्टमंडल भेंट कयलनि। ई शिष्टमंडल २००६ सँ लम्बित आकाशवाणी केन्द्रक कार्य केँ पूरा करबाक लेल पत्राचारक प्रतिलिपि हस्तान्तरित कयलनि। जिलाधिकारी द्वारा काजक लम्बित रहबाक कारण आ सम्पूर्ण विवरण पर चर्चा कयल गेल। माननीय अशोक झा द्वारा विभिन्न मंत्रालय सँ निरन्तर पत्राचार कयल जा रहल अछि, आ शिष्टमंडल शीघ्रहि जिलाधिकारी सँ भेंट करबाक योजना बना रहल अछि।",मधुबनी के जिलाधिकारी श्री शीर्षत कपिल अशोक सँ आकाशवाणी मधुबनिक मादे कयल गेल वादा अनुरूप हुनका संग मिथिलांचल उद्योग वाणिज्य संघक अध्यक्ष श्री नविन जायसवाल तथा नवारम्भ केर संचालक श्री अजित आजादक नेतृत्व मे एकटा शिष्टमंडल भेंट करैत वांछित पत्राचारक प्रतिलिपि हस्तान्तरित करैत। ओ कहैत छथि जे मिथिला विकास परिषद् कोलकाताक आजीवन अध्यक्ष माननीय अशोक झा केँ पत्राचार करबाक लेल अनुरोध करबाक आवश्यकता अछि। एहि पत्राचार मे मैथिली भाषा आ संस्कृति केँ बचाबय लेल महत्वपूर्ण भूमिका निभाबैत अछि।॔ खूब खूब मेहनत कयल जा रहल छथि। विदिता केँ शुभकामना देल गेल अछि जे मैथिल भाषा आ साहित्यक विकास केँ बढ़ावा देल जाएबाक लेल प्रयास करबाक आवश्यक अछि। खूब- खूब-बहुत,0.4574,0.2903,0.383
130,"दहेज मुक्त मिथिला निस्क्रिप्टनी मे शि बचकृकृष्ण लीलाबी गोबिंद हरे गोपाल हरे केर स्तुति कयल गेल अछि। राम आ कृष्णक विभिन्न नाम सभक उल्लेख कयल गेल अछि, संगहि देवकीनंदनक बालपनक कथा सेहो वर्णित अछि। गोकुला मे नर-नारी आ पशु सभक बौखलाहट आ गोवर्धन पर्वत उठेबाक प्रसंग सेहो अछि। कृष्णक कन्सकेँ वध् आ मथुरा मे देवकी वसुदेवक संग स्नेहक संबंधक चर्चा कयल गेल अछि।","दहेज मुक्त मिथिला निस्क्रिप्टनी केँ धारमे राम कहे कृष्ण कृष्ण लीलाबी गोबिंद हरे गोपाल हरे राम हरे कृष्ण हरे कृष्ण कृष्ण कृष्ण के रूप मे बनलहुँ। मुरली मनोहर मधुसूदन हे यदुनन्दन देवकीनंदन। कृष्ण कृष्ण कहे क्यो श्याम कहे घनश्याम कहे कन्सकेँ वध् लेल मथुरा देवकी वसुदेवकेँ देलौह सब फन्द छोड़ अहाँ बाँहि पकड़ि स्नेह कयलहुँ कूबजा। कृष्ण कहे घनश्याम कहैत छथि जे राधा राधा राधा कृष्ण के संग विवाह करय लेल तैयार होइत अछि। अंततः, कृष्ण कृष्ण आ कृष्ण कृष्ण दोनों एक-दूसरे के प्रति प्रेम व्यक्त कयलनि।॔प्राकृतिक आपदा केँ दूर करूंगा।एजेंसीएजेंसीएजेंसी मुम्बई। फ़ेसबुक पर प्रतिक्रिया व्यक्त करैत मैथिली भाषा मे अछि अछि अछि।॔॔ बढ़ि-बढ़े-",0.2275,0.097,0.2036
131,"स्वाध्याय मे प्रवीण नारायण चौधरी संस्कृत पाठक महत्व आ नैतिक शिक्षा पर चर्चा कयलनि। ओ कहैत छथि जे आधुनिक शिक्षा प्रणाली मे संस्कृतक स्थान घटल अछि, जकरा कारण हानि अधिक भेल अछि। ओ नीतिश्लोक केर श्लोक आ अर्थ प्रस्तुत करैत छथि, जे शोक, विद्या आ संस्कारक महत्व बतबैत अछि। विद्या, धर्म आ मित्रता पर सेहो विचार कयल गेल अछि। अंत मे, सरस्वती पूजाक शुभकामना देल गेल अछि।","स्वाध्याय मे प्रवीण नारायण चौधरी बाल्यकाल मे संस्कृत पाठ सँ बहुत रास जीवनोपयोगी नैतिक शिक्षा भेटैत रहल छथि, जतय संस्कृत केर समुचित ज्ञान होएत छल। कालान्तर मे देशक राजनीतिक स्थिति परिस्थिति जेहेन बनैत गेल, ताहि मे संस्कृतक महत्व कतहु पाछू छूटल अछि। एकर सुखद आ दुखद पक्ष पर भविष्य चिन्तन करत, व्यक्तिगत हमर विचार मे एहि सँ लाभक बजाय हानि अधिक भेल अछि आ विश्व समुदाय सेहो एहि बात केँ क्रमशः मनन करय लागल अछि। श्रियः प्रसूते विपदः रूणद्धि,यशांसि दुग्धे मलिनं प्रमार्ष्टि आ संस्कार सौधेन परं पुनीते,शुद्धा हि बुद्धिः किलकामधेनुः ॥ शुद्ध बुद्धि निश्चय कामधेनु समान होएछ, एहिस सँ मनुष्य केँ जीवन मे सुख आ समृद्धि आ समृद्धि प्राप्त करैत अछि। शिक्षा आ संस्कारक महत्व पर ध्यान केन्द्रित",0.3351,0.1093,0.2162
132,"भैरव बाबा (भैरव स्थान) मिथिला के एक प्रसिद्ध धार्मिक स्थल अछि, जे समया महिनाथपुर (जिला मधुबनी) के नजदीक स्थित छै। विश्वामित्र जी के मिथिला भ्रमण के दौरान भैरव महादेव के स्थापना भेल, आ ई स्थान भैरव बाबा के नाम सँ जानल जाएत अछि। वर्तमान में, भैरव बाबा के लिंग धरती सँ 6-7 फीट नीचा अछि, आ नील गाय माँ के भक्ति सँ लिंग पुनः जागृत भेल। सावन आ फागुन के शिवरात्रि पर भक्तजन दूर-दूर सँ जल लऽके बाबा के समर्पित करैत छैथ। बाबा भैरव के मंदिर के चारो ओर कई गाम स्थित अछि, आ ई स्थान दर्शनार्थी सब के लेल महत्वपूर्ण बनल अछि।","मिथिला के धरोहर परिचय, सोहन कुमार झा द्वारा लिखित जानकारी के अनुसार, विश्वामित्र जी राम – लक्ष्मण क संग मिथिला भ्रमण के लेल जायत छलैथ, जखन राम- लक्ष्मण संग संग संग ओहिठाम रुकल छलैथि। ओही समय में महादेव के छः महाकाल रूप में से एक बाबा भैरव महादेव के स्थापना केलैन। ई स्थान भैरव बाबा के नाम सँ पूरा मिथिला में प्रसिद्ध भ गेल। ई क्षेत्र हिमालय पहाड़ के नजदिक रहय के कारण, बाढ़ि के नगरी कहल जायत अछि, जतय भगवान शिव के लिंग के ऊपर एक शिवलिंग स्थापित करैत छथि। एहि स्थान पर एक शिवलिंग के स्थापना कयल गेल, जकरा सँ मिथिलाक इतिहास में एक नया अध्याय जुड़ल अछि। फ़ातिमालेख में उल्लेख अछि जे भैरव के नाम के महत्व के बारे में जानकारी देल गेल अछि, मुदा शिव भोले शंकर के भक्ति से नील",0.3697,0.1525,0.2605
133,"प्रणव नार्मदेय, मैथिली साहित्यक एक चर्चित युवा कवि, १८ जनवरी २०२१ केँ काशी मे निधन भऽ गेलाह। ओ लीवर कैन्सर सँ संघर्ष कय रहल छलथि आ पिछला एक मास सँ अस्पताल मे उपचाररत रहथि। हुनकर निधनक समाचार सुनि मैथिली साहित्य जगत मर्माहत भऽ गेल आ लोक हुनका श्रद्धाञ्जलि समर्पित कय रहल छथि। प्रणव नार्मदेय केर रचना सभ मैथिली साहित्य मे महत्वपूर्ण स्थान रखैत अछि, आ ओ अपन जीवन मे कई रास उपलब्धि कयलनि। मैथिली जिन्दाबाद केर तरफ सँ हुनका विनम्र श्रद्धाञ्जलि।","प्रणव काल्हि १८ जनवरी २०२१ केँ काशी मे उपचाररत कवि प्रणव नार्मदेय केर दुखद निधन भऽ गेलनि। सोशल मीडिया मे ई खबरि समस्त मैथिली साहित्य जगत केँ मर्माहत कय देलक। वरिष्ठ साहित्यकार धीरेन्द्र प्रेमर्षि द्वारा शोक सन्देश दैत ई समाचार नवारम्भ प्रकाशनक संचालक आ साहित्यकार संगहि साझा कयल गेल। ई खबर मैथिल साहित्य जगत आ साहित्यकार केँ दुःखी कय रहल छलथि, जकरा कारण लोक अपन अपन स्मृति आ कवि केर मार्मिक रचना सभ शेयर करैत छथि। अंततः, प्रणव केर मृत्यु पर शोक व्यक्त करैत लोक अपनों केँ शोक व्यक्त कयलनि। फ़ौरन एकटा शोक संदेश देल गेल जे ओ लीवर कैन्सर सँ संघर्ष करैत छलथि। फ़ातिमा प्रेमर्षी द्वारा शुभकामना देलक जा रहल छथि जे मैथिल भाषा आ",0.4061,0.1744,0.2234
134,"लेखक सागर झा द्वारा लिखल गेल ई लेख दहेज मुक्त मिथिला पर विचार करैत अछि। ओ मिथिलांचलक लोकक पलायन के मुख्य कारण आर्थिक कमजोरी आ बेरोजगारी बतबैत छथि। लेखक अपन परिवारक इतिहास आ शिक्षा पर चर्चा करैत छथि, जतय पहिल व्यक्ति इंग्लैंड जा क उच्च शिक्षा प्राप्त कयलथि। ओ कहैत छथि जे मिथिलावासी लोक अपन क्षेत्र में रहि क व्यवसाय क सकैत छथि, मुदा बहुत लोक मजबूरी में शहर के तरफ़ पलायन करैत छथि। विवाहक बदलल परिप्रेक्ष्य सेहो पलायन के एक कारण मानल गेल अछि।","युवा विचार में सागर झा द्वारा लिखल गेल लेख मे एक युवा अपन विचार रखलनि अछि जे खेती पर निर्भर नहि कहल जा सकैत अछि। ओ अपन छेत्र स पलायन के मुख्य कारण खेती छथि, जखन कि चच्चा सब मिलिट्री सब में कार्यरत रहथि आ रिटायर्मेंट के बाद गुजरि गेला। हुनकर परिवार में आर्थिक रूप स कमजोर होइत अछि, मुदा पहिल व्यक्ति कृषि पर निर्भर रहैत छथि आ हुनका परिवार में उच्च शिक्षा प्राप्त कयलनि। ओ पढ़ाई लिखाई उच्च शिक्षा पर निर्भर अछि, जकरा कारण ओ नौकरी छोड़ि गेला छथि। युवा विचार के माध्यम स मिथिला के विकास आ समृद्धि पर जोर देल गेल अछि। खूब पढ़ेल लेख में लेख लेख में विस्तार कयल गेल अछि जे मिथिलांचलक लोक के जीवन पर ध्यान देल जा रहल अछि। युवा विचार आ युवा विचार साझा करबाक आवश्यकता अछि जे युवा पीढ़ी के",0.4,0.1166,0.2133
135,"आधुनिक शिक्षा के नीक आ दुष्प्रभाव पर चर्चा कयल गेल अछि। नीक प्रभाव में साधनक भरमार, नवीन प्रौद्योगिकी के ज्ञान, वोकेशनल आ प्रोफेशनल शिक्षा, आ व्यवहारिक ज्ञान के महत्व शामिल अछि। मुदा, शिक्षा अब व्यपार बनि गेल अछि, अभिभावक आ विद्यार्थि के भावना सॅ खिलवार होइत अछि, आ चरित्र निर्मानक उपेक्षा होइत अछि। समाधान में नैतिक शिक्षा, सही क्षेत्र आ विषयक चुनाव, आ स्व- अध्ययन लेल समय निकालबाक आवश्यकता बताओल गेल अछि।","प्रियम झा द्वारा लिखित लेख में शिक्षा के नीक प्रभाव आ दुष्प्रभाव पर चर्चा कयल गेल अछि। आधुनिक शिक्षा मनुष्य के अपना आप सॅ परिचय देबाबति छथि, जकरा कारण शिक्षाक महत्व बढ़ल अछि। शिक्षाक अर्थ खाली किताबी ज्ञान नहि होयत अछि, मुदा शिक्षा आदमी के साक्षर त बना सकति अछि मुदा शिक्षित नहि। विद्यार्थी के बचपने सॅ साइंस के लैब में प्रयोग, अनुसंधान आ प्रोफेशनल शिक्षा में देखल जायत अछि। ई शिक्षा में व्यवहारिक ज्ञान के बेसी महत्व देल जा रहल अछि, जकर शिक्षा औद्योगिक टूर के माध्यम सँ प्राप्त कयल जा सकत अछि आ शिक्षा के स्तर में सुधार के आवश्यकता अछि। फ़ायरटेकिंग आ ई-कॉमर्स क्षेत्र में रोजगार के अवसर बढ़ेबाक आवश्यकता पर जोर देल जाइए।एजेंसीएजेंसीवार्ता के माध्यम से बात कहैत अछि जे आधुनिक शिक्षा के महत्व पर जोर दैत अछि",0.3235,0.1386,0.2255
136,"सहरसा मे राजनीतिक गतिविधि तेज भ' रहल अछि, जतय विभिन्न राजनीतिक कार्यकर्ता सभक जमावड़ा अछि। सुरेन्द्रक चाह दोकान पर चर्चा भ' रहल अछि जे बीजेपी ककरा टिकट देत। संजीव झा के टिकट नइ देल गेल त' दिनेश यादव बाजी मारि सकैत छथि। पप्पू यादव आ अन्य उम्मीदवार सभक चर्चा सेहो भ' रहल अछि। मैथिली सेवी समाजक धनाकरजी आदर्शवादी समाद सुनबय लगलाह आ राजनीतिक समीकरण पर विचार भ' रहल अछि।","मैथिली जिन्दाबाद विशेष प्रस्तुति मे किसलय कृष्ण, समाचार संपादक जुन ८, २०१५ केँ सहरसा! सहरसा मे विधान सभाक चुनाव केर चौखटि धरि एहि मचान माध्यम सँ समाचार सम्पादक किसलाय कृष्ण लाइव उपस्थिति दर्ज करैत छथि। साँझुक पहर रिफ्यूजी कालोनीक सुरेन्द्रक चाह दोकान पर छी, चाह त एखने अरविन्द जीक आफिसमे पीने छलहुँ। सुरेन्द्रक दोकान पर ई भीड़ सभक जमावड़ा देखल जा रहल छथि, जकरा लेल राजनीतिक कार्यकर्ता सभक भीड़ उमड़ पड़ैत अछि। सहरसामे भाजपा आ जदयू के बीच संघर्ष चल रहल अछि, मुदा राजनीतिक कार्यकर्ता एकजुट होइत अछि आ राजनीतिक कार्यकर्ता सबक एकजुटता देखल जाइत रहल छी। फ़ौरन एहिठाम पप्पू यादव आ दिनेश यादव के समर्थन मे एकजुटता आ एकजुटता दिखाबय के प्रयास करबाक आवश्यकता अछि।",0.3135,0.1202,0.1514
137,"रामबाबू सिंह, दिल्ली। दिसम्बर २६, २०१७। दिल्लीक तालकटोरा स्टेडियम मे अखिल भारतीय मिथिला संघ २४ दिसंबर केँ अपन पचासम स्थापना दिवस पर 'स्वर्ण जयंती समारोह' मनौल। समारोह मे भाजपा राज्य सभा सांसद प्रभात झा, बिहारक मुख्यमंत्री नीतीश कुमार आ अन्य विशिष्ट अतिथि उपस्थित छलाह। उद्घाटनक बाद प्रभात झा मिथिलाक ऐतिहासिक स्थलसभक विकासक लेल सरकार सँ आग्रह कएलाह। नीतीश कुमार मिथिलाक संस्कृति आ पेंटिंगक प्रचारक बात कयलनि, मुदा जनमानस मे निराशा देखल गेल। समारोहक दौरान बटुक भाइ आ अन्य कलाकार सभक प्रस्तुति सेहो दर्शक केँ मनोरंजन कयल।","रामबाबू सिंह, दिल्ली। दिसम्बर २६, २०१७ केँ राष्ट्रीय राजधानी दिल्लीक तालकटोरा स्टेडियम मे अखिल भारतीय मिथिला संघ२४ दिसंबर केँ पचासम स्थापना दिवस पर‘स्वर्ण जयंती समारोह’ केर रूप मे मनेलक। लगभग तीन सँ चारि हजार क्षमता वाला स्टेडियम दर्शक सँ खचाखच भरल छल संगहि हेंज लोक ठाड़ आ जतय ततय बैसल सेहो देखल गेल। उद्घाटनकर्ता बिहारक मुख्यमंत्री नीतीश कुमार संगहि उपस्थित रहल छलाह, जकरा बाद कार्यक्रमक शुरुआत विद्यापतिक तैल्यचित्र पर पुष्पांजलि देलाक बाद कयल गेल। समारोहक उद्घाटन पूर्व मुख्यमंत्री विजय चन्द्र झा द्वारा कएल गेल। कार्यक्रमक मुख्य अतिथि विद्यापति आ अन्य अतिथिगण उपस्थित रहैत छथि। उन्नीक्षित आयोजनक सफलताक कामना कयल जा रहल अछि।॔ खूब खूब सराहना कय रहल आ मैथिली जिन्दाबाद!!",0.398,0.1959,0.2959
138,"१३ नवम्बर २०१९ केँ मधुबनीक सौराठ गाम मे मिथिला चित्रकला संस्थान एवं मिथिला ललित संग्रहालय भवनक शिलान्यास बिहारक मुख्यमंत्री नीतीश कुमार द्वारा कयल गेल। ई शिलान्यास १० जनवरी २०१९ केँ संस्कृत महाविद्यालयक साढे सात एकड़ जमीन पर भेल। मुख्यमंत्री नीतीश कुमार मिथिला चित्रकलाक महत्व आ महिला समाजक योगदान पर चर्चा कयलनि। संस्थान मे ६ महीनाक सर्टिफिकेट आ ३ वर्षक डिग्री कोर्स चलत, संगहि निःशुल्क होस्टल आ आर्थिक सहायता सेहो देल जायत। १३ प्रशिक्षु सभ मे ११ गोटा महिला छथि।","१३ नवम्बर २०१९ केँ मधुबनीक सौराठ गाम स्थित संस्कृत महाविद्यालयक साढे सात एकड़ जमीन मे मिथिला चित्रकला संस्थान एवं मिथिला ललित संग्रहालय भवन केर शिलान्यास मुख्यमंत्री द्वारा कयल गेल। मुख्यमंत्री नीतीश कुमार एहि कार्य लेल २०१२ मे घोषणा कएने छलाह। कार्यक्रमक वीडियोः : . . . 2028955420521660 मुख्यमंत्री नीतीश केँ भेटलहुँ आ महिला समाजक अगुवाई कयलनि। मुख्यमंत्री अपन संबोधन मे कहलनि, “सब सँ पहिने कला संस्कृति एवं युवा विभाग केँ बधाई।"" महिला सशक्तिकरण आ मिथिला कला संस्कृति केर विकास लेल विशेष ध्यान देल गेल अछि। कार्यक्रम मे महिला सशक्तिकरण केर महत्व पर चर्चा कयल जायत आ महिला सशक्तिकरण पर जोर देल जायत। फ़ातिमा पाण्डेय कहैत छथि जे मिथिला पेंटिंग केर आधुनिकता आ आधुनिकता केँ बढ़ावा देल जा रहल अछि।",0.4747,0.2755,0.3232
139,"मधुबनी मे २७ मार्च केँ चतुर्भुज आशावादीक स्मृति मे विशेष समारोह आयोजित होयत। एहि समारोह मे कवि गोष्ठी, नेपाली सिनेमा ""कैली मैना"" आ मैथिली सांस्कृतिक कार्यक्रमक प्रस्तुति कयल जायत। कार्यक्रमक स्थानीय संयोजन नवारम्भ द्वारा कयल जा रहल अछि आ बीपी कोईराला नेपाल भारत फाउन्डेशन आ भानु कला केन्द्र केर सहयोग सँ होयत। नेपाल सँ कई कलाकार आ गणमान्य अतिथि एहि कार्यक्रम मे भाग लेबय पहुँचि रहल छथि। समारोह मे चतुर्भुज आशावादीक धर्मपत्नी आ पुत्रक उपस्थिति मे गीत संगीत, नृत्य, कविता आ फिल्म प्रदर्शित कएल जायत।","मधुबनी मे चतुर्भुज आशावादी केर विशेष स्मृति समारोह २७ मार्च केँ अपराह्न १ बजे सँ संध्याकाल ६ बजे धरिक समय मे मैथिली भाषाक नेपाल भारतक बीच सेतुक कार्य कयनिहार महान् संस्कृतिविद् श्री महेन्द्र मलंगिया केर उपस्थिति मे होमय जा रहल अछि। ई कार्यक्रम मे स्व. आशावादीक धर्मपत्नी श्रीमती माया पौड़ेल, पुत्र प्रचण्ड पौड़ल आशावादी आ अन्य कलाकार लोकनि नेपाल सँ भाग लेबय पहुँचि रहल छथि। एहि कार्यक्रम मे शेक्सपियर उपनाम सँ विख्यात संगहि स्व. चतुर्भुज आ अन्य गणमान्य लोकनि उपस्थित रहैत छथि, जकरा लेल विभिन्न सांस्कृतिक कार्यक्रमक प्रस्तुति कयल जायत।-विभिन्न सांस्कृतिक कार्यक्रम आयोजित कयल गेल अछि, जतय साहित्यकार लोकनि केर सहभागिता बढ़ेबाक आवश्यकता अछि।॔ फ़ातिमा सिन्हा द्वारा कहल गेल",0.4433,0.1771,0.2062
140,सुनील अपन माय बाप केँ लाज महसूस करैत छथि आ हुनका संग दोसर ठाम चलय के चाहैत छथि। हुनक माय बाप कहैत छथि जे ओ पूरा जिन्दगी एतय बितेलहुँ आ दोसर जगह जाएब कठिन अछि। सुनील अपन माय बाप केँ सुनि नहि पबैत छथि आ अंततः दोसर इलाका मे चलि जाइत छथि। ई कथा बतबैत अछि जे बच्चा बनल आ नहि बनल दुनू स्थिति में आफद होइत अछि।,"एकटा लघुकथा में सुनील आ रूबी झा केँ परिचय करबैत अछि, जे माय बापक नाम सँ संतान केँ परिचित करैत छन्हि। सुनील पढि लिखिकय कौल सेंटर में काज करैत छलथि आ माय बाप केँ घर बैसाकय खुआयल पार नहि लगलनि। सुनील केँ कहैत छथि जे घर बैसि गेलखिनह आ घर बैसी गेलखिन्ह। सुनील आ सुनील दोनों के बीच प्रेम आ मित्रता बढ़ल अछि, मुदा हुनका माय बाप से बात कयलनि। अंततः, ओ माय बाप सँ बात कय रहल छथि आ ओ अपन बेटी केँ ईंग्लिश स्कूल में पढौलखिन्ह लिखौलथि। फ़ीमेल में लेख लिखल गेल अछि, जकरा सब केँ धन्यवाद देल जाइत अछि। मिथिला केँ बचाबय के लिए शुभकामना देल गेल छथि।",0.324,0.0791,0.2011
141,"सुजीत कुमार झा द्वारा लिखित कथा मे नेहा आ लेखकक मित्रता आ विवाहक विषयमे चर्चा कएल गेल अछि। नेहा, जे स्मार्ट आ महत्वाकांक्षी छलीह, अपन विवाहक लेल एकटा समृद्ध युवकक खोज कऽ रहल छलीह। ओ माधव संग विवाह कऽ लेलीह, मुदा बादमे हुनकर संबंध टूटि जाइत अछि। नेहा अपन नव पति संग जीवन बिताबऽ लेल तैयार भऽ गेलीह, जखनकि माधव एकटा वैरागी जकाँ भऽ गेल छथि। कथा मे प्रेम, महत्वाकांक्षा आ विवाहक जटिलताक चित्रण कएल गेल अछि।","नेहा घरसँ निकलीह, मुदा ओ अपन संगीक जीवनक विषयमे सोचऽ लगलहुँ। नेहा संगक मित्रता हमर मायकेँ पसिन नहि छल। सुन्नरि, स्मार्ट, हरेक काजमे आगाँ, नेहा हमरा बहुत नीक लगैत छलीह। ओ स्कूलसँ एक क्लास आगा छलीहि मुदा बाट एक्कहि होएबाक कारणे हमरा स्कूल जाइत छलहुँ। ओ एकिबात के लऽ कऽ कएदिन हमरा घरमे डाँटि पड़ैत छल। नेहा स्कूलस पहुँचलीह तऽ दोसरे साल हमरो नामांकन ओहि क्याम्पसमे भऽ गेल। युवासभक एकटा लम्बा लिस्ट छल, जे नेहाक दिवाना बनल छल। ओ सब केँ बिना अधुरा रहल छथि। पढ़ाई के बाद से नेहा केँ स्कूलसमे लेल जाया जा रहल अछि।॔",0.1839,0.0116,0.1149
142,"नेपाल मे मैथिली लेखन मे युवा तुर केर कवि सब, जइमे राम सोगारथ यादव प्रमुख छथि, अपन कविताक माध्यम सँ सन्देश सम्प्रेषित करय चाहैत छथि। ओ अपन मनक गहिराई आ मातृभाषा प्रति स्नेह केँ व्यक्त करैत छथि। कवितामे ओ प्रकृति, युवा आ जीवनक विभिन्न पहलू पर विचार करैत छथि। यादवक रचनासभ मे भावनात्मक गहराई आ जीवनक मिठासक खोज देखल जाइत अछि।","विराटनगर मे मैथिली लेखन मे युवा तुर केर कवि सब काफी अग्रसर छथि। ओ विद्यालय स्तर मे पढाई वास्ते ई विषय केर विकल्प रहितो शिक्षकक अभाव मे पढबाक अवस्था ओतेक नीक नहि अछि। मातृभाषा प्रति निजी स्नेह केर कारण लेखनी मे ई लोकनि काफी आगू रहैत छथि, मुदा ओ अपन कविताक माध्यम सँ कि सन्देश सम्प्रेषित करय चाहैत अछि। ओ कहलनि जे जेकँ लिखबाक इच्छा अछि, त ओ लिखब जाइत अछि, जतय ओ कहैत अछि कि हुनकर कविता आ कविता केर महत्व पर ध्यान देल जा रहल अछि। खूब चर्चा कयल गेल अछि।विवादक दौर मे मैथिल लेखन केर विकास पर जोर देल गेल अछि आ मैथिल भाषा आ साहित्यक विकास पर चर्चा करबाक आवश्यकता पर जोर दै रहल छथि आ युवा लोकनि",0.3388,0.1768,0.2514
143,"प्रवीण नारायण चौधरी के अनुसार, पितर लेल 'मृत्युभोज' नहि, बल्कि 'श्राद्ध' अवश्य कयल जाउ। श्राद्ध कर्मक वैज्ञानिक महत्ता अछि, जकरा माध्यम सँ शोकक निवारण होइत अछि आ मृतकक परिवार आ समाज मे एक सकारात्मक माहौल बनैत अछि। मिथिला मे श्राद्धक प्रक्रिया समाजक लोक एक संग बैसिकय तय करैत छथि, आ ई कर्त्ता आ पितर प्रति श्रद्धा देखेबाक एक उचित मार्ग थिक। श्राद्धक महत्व श्रद्धा सँ कयल गेल मुक्ति कर्म मे छैक, जकरा सँ पितर लोकनिक तृप्ति होइत अछि।","प्रवीण नारायण चौधरी जी द्वारा लिखित विचार मे पितर लेल ‘मृत्युभोज’ करू नहि करू ‘श्राद्ध’ अवश्य करू। वेदविहित कर्मकाण्ड मे सब ठाम यैह कहल गेल अछि जे यथासाध्य, यथोपचार, मंत्रहीन, क्रियाहीन, जहिना अपन देवता वा पितर आदिक प्रसन्नता लेल अपन पूर्ण आस्था ओ विश्वास सँ यज्ञ कय रहल अछि। यज्ञ आ दान दक्षिणा सब खत्म होइत अछि, जकरा लेल एकटा पुरोहित केर आवश्यकता अछि। ओ अपन कर्म आ आडंबरी सख मौज मे व्यस्त रहैत छथि। ओ सब केर त्याग आ त्यागक आवश्यकता पर जोर देलनि। प्रवीण चौधरी जी संग चर्चा कयल गेल जे पितर केर संस्कारक लेल एक पुरोहित के आवश्यकता अछि, मुदा एक पुरोहितक आवश्यकता अछि आ ओ सबकी जिम्मेदारी सँ सब कियो अवगत अछि।॔गुआ समाज मे",0.3163,0.0722,0.1531
144,"ओहि दिन, दौगल रिमिल आंगन मे माय लग गप्प कयलनि। रिमिल कहलीह जे धरती पर जीवित मनुक्ख रहय अछि, मुदा मुर्दा परलोक जायत छथि। ओ स्वर्ग के बारे मे कहलीह जे ओतय सब मुर्दा आ प्राणहीन रहैत छथि। रिमिल कहलीह जे हम आ’र अहाँ जीविते नीक काज करैत छी।","ओहि दिन, दौगल एलीह रिमिल आंगन मे माय लगैत छथि जे जीवित मनुक्ख रहय अछि धरती पर मुर्दा जाय छथि परलोक – गोलोक – शिवलोक – ब्रह्मलोक....” बजने जायत छलीह। अग्निमित्र ११.०५.२०१५ के अनुसार, “हम आ’र अहाँ धरतिए पर निर्भर – अकर्मण्य सभ” बजलीह। अंत मे, अग्निमित्र १०.०५-२०१५ के बीच एक-एक करके सब मुर्दा, सब प्राणहीन आ जीवित लोक पर निर्भर छथि। अग्निमित्र १२.०५।२०१५ के लेख मे, ""हम आ आ'र सब मुर्दे, सब जीवहीन, जीविते नीक, नीक काजे करैत। खूब चर्चा करैत छलाह जे आजु ओहि दिवस के महत्व के बारे मे बताओल जाइत अछि।॔न्सन्सन्स टुडे",0.4,0.1538,0.2897
145,मैथिली मचान केर उद्घाटन १ जून २०१८ केँ काठमांडू मे भृकुटी मण्डप पर डा. उपेन्द्र महतो द्वारा कयल गेल। उद्घाटन सत्र मे डा. सी. के. लाल मैथिली मचान केर महत्व पर चर्चा कयलनि। पहिल दिन मैथिली पुस्तकक प्रेमीक अपार भीड़ देखल गेल आ लगभग १२ हजार टका मूल्यक पोथी कीनल गेल। आयोजक लोकनि मैथिली साहित्यक प्रचार आ बिक्री मे सहयोगक अपेक्षा कयलनि। कार्यक्रम मे युवा छात्रक सक्रियता आ महिला-पुरुषक उपस्थिति उत्साहवर्धक रहल।,"विजय कुमार झा, काठमांडू। जून २, २०१८ केँ नेपालक राजधानी दिल्लीक २२म अन्तर्राष्ट्रीय पुस्तक मेला मे ‘मैथिली मचान’ केर भव्य सफलताक बाद मैथिली भाषा आ मौलिकता केँ बढ़ावा देल गेल अछि। एहि पुस्तक मेलाक पहिले दिन १२ हजार टका मूल्यक पोथी कीनिकय उद्घाटन भृकुटी मण्डप केर बीबी २८ नंबर स्टाल पर भऽ चुकल अछि। उद्घाटन नेपालक प्रसिद्ध उद्योगपति डा. उपेन्द्र महतो द्वारा कयल गेल। एहि अवसर पर डा. के. लाल केर अध्यक्षता मे सांस्कृतिक कार्यक्रम आयोजित कयल जा रहल छथि, जतय मैथिल भाषा आ संस्कृति केँ सुरक्षित रखबाक लेल प्रयास कयल जायत। फ़ायदादायक बात अछि।-विवादक स्थिति पर चर्चा कय रहल अछि, जकरा सँ मैथिलि भाषा केँ बचाकय आवश्यक कदम उठाबय आवश्यक अछि।",0.3696,0.1538,0.2174
146,आधुनिक विज्ञानक युग मे मिथिलाक युवा फेसबुक पर अपन पहिचान बनाबि रहल छथि। ब्रज भूषण बाबु सासूर गेल छथि आ धिया पुता केँ गामक परिचय करा रहल छथि। टाइम पास मिथिला केर टप रैंकिंग मे हिनकर फोटो चुनल गेल अछि। सौरभ बाबु हास्य क्षेत्र मे योगदान दैत छथि आ मिथिलाक संस्कृति केँ फेसबुक पर प्रस्तुत कय रहल छथि। मिथिलाक पहिचान सुरक्षित रखबा लेल युवा विभिन्न फोटो आ सामग्री साझा कय रहल छथि।,"आधुनिक विज्ञानक युग मे फेसबुक आ मोबाइलक युग इन्टरनेट सँ जुड़ल अछि, जकरा कारण मिथिला टप रैंकिंग पर अछि। मिथिलाक युवा पीढ़ी फेसबुक पर समय बिता रहल छथि, मुदा फेसबुकिया माहौल केँ धकधकेने छथि। फेसबुक पर युवा अपन फोटो केँ चुनल जाइत छथि आ मिथिला केर टप रैंकिंग मे योगदान बेसी रहैत अछि। हँसबयवला नक्षत्र मे जन्म भेल छन्हि, जतय मिथिला अपन संस्कृति आ परंपरा केँ बचाबय लेल प्रयास कयल जाइत अछि, आ समय के साथ-साथ युवा पीढ़ी केँ प्रेरणा देल जा रहल अछि। उन्निपोर्टल खूब पढ़ेल जाउ, फ़ेसबुक पेज पर शुभकामना देल गेल अछि। फ़ीचरल शुभकामना संदेश भेजल अछि जे मिथिलाकेर युवा पीढ़ीक जीवन केँ प्रोत्साहित करैत अछि",0.3757,0.1453,0.2652
147,"मिथिलामे अतिथीसत्कारक परंपरा सदिखन महत्वपूर्ण रहल अछि। पाहुनक आगमन पर घरमे विशेष तैयारी कयल जाइत अछि, जइमे भोजनक विविधता आ सत्कारक विशेष ध्यान राखल जाइत अछि। पहिने जखन पाहुन अबैत छलाह त फोन आ सवारीक सुविधा नहि रहैत छल, मुदा आब सब सुविधा उपलब्ध अछि। तथापि, लोकक मनोबल आ संस्कारक कमी देखल जा रहल अछि। मिथिलाक परंपरा अनुसार, ""अतिथी देवो भवः"" के भावना सदिखन जीवित रहबाक विश्वास अछि।","मिथिलामें अतिथीसत्कार अतिथी त ओ भेलथि जिनकर अयबाक सूचना नहि होय। पाहुन के आगमन के साथ घर में हुलिमालि के माहौल बनि जाईत अछि, जकरा कारण ओ सत्कार लेल सदैव आगॉ रहल छथि। ओ भोजनक व्यवस्था कयलनि, मुदा ओ भोजन के व्यवस्था नहि रहैत छथि, जतय पाहुन सब अबैत आ सवारी के एहन सुविधा नहि रहल अछि। ओ अपन भोजनक समय आ समय के अनुसार भोजनक क्रम मे बदलाव करबाक आवश्यकता पर जोर देलनि। उन्नीक्षित भोजनालय आ आॉगन मे भोजनक सुविधा उपलब्ध कराबय के आवश्यकता पर बल देल गेल अछि। खूब चर्चा कयल गेल अछि जे पाहुनक भोजन आ भोजन के महत्व पर विशेष ध्यान देल जाएत अछि। मिथिलाक परंपरा आ परंपरा के महत्व के बारे में जानकारी देल",0.3209,0.0757,0.1711
148,"मिथिला मे लोकदेवक उत्पत्ति वीर पुरुष आ स्त्री सभक योगदान सँ भेल अछि, जे लोककल्याण लेल प्रेरणा दैत छथि। लोकदेवता सभक पूजा वन्दना लोकविधान सँ कयल जाइत अछि। ई लोकदेवता मानव समाजक रक्षा हेतु वीरताक गाथा प्रस्तुत कयलनि आ हिनका सभक आभासी उपस्थितिक लोककथा प्रचलित अछि। जलस्रोतक कारण मानव निवास आ विकासक इतिहास सेहो जुड़ल अछि, जकरा सँ बाढ़ि आ अन्य समस्याक समाधान हेतु बाँध परियोजना लागू कयल गेल। बदलल जीवनशैली मे लोकदेव नव युग मे नहि बनि रहल छथि।","मिथिला मे लोकदेवक उत्पत्ति, प्रवीण नारायण चौधरी द्वारा कयल गेल अछि। ई लोकदेवता अपन सहचरी जीव आ विशेष रूप सँ मनुष्यक हित वास्ते अनेकों वीरताक गाथा प्रस्तुत कयलनि। हिनका लोकनिक आभासी उपस्थितिक एक सँ बढिकय एक लीलामयी (चमत्कारिक) लोककथा सब प्रचलित अछि, जकरा सँ लोक लोक केँ भगताइ पद्धति सँ पूजा प्रदान करबाक आवश्यकता अछि। ओ अपन जीवन सँ पान फूल भक्त अनुगामी सब केँ सौंपबाक कतेको परम्परा अछि। राजा सलहेश, लोरिकदेव, दीना भदरी आदिक पूजा अर्चना आ ब्रह्म थान सब आइयो ठाम ठाम पर देखल जा सकैत अछि। मिथिलाक इतिहास आ संस्कृति केँ देखल जाइत अछि, मुदा लोक लोक लोकनि केँ अपन संस्कृति आ परंपरा केँ बचाबय के प्रयास कयल जाइत छथि।",0.3212,0.1047,0.228
149,१८ मार्च २०१९ केँ काठमांडूक कमलादि स्थित नेपाल प्रज्ञा प्रतिष्ठान मे मैथिली गीत नृत्य केर प्रस्तुति कयल जेबाक कार्यक्रम अछि। भारतीय राजदूतावास एवं संस्कृति मंत्रालय भारत केर संयुक्त तत्त्वावधान मे 'फेस्टिवल अफ इंडिया इन नेपाल' कार्यक्रम अन्तर्गत ई आयोजन कयल जा रहल अछि। गोविन्द साह द्वारा जानकारी देल गेल जे काठमान्डू मे रहनिहार समस्त मैथिली भाषाभाषी एवं मित्र भाषाभाषी केँ आमंत्रित कयल गेल अछि। कार्यक्रम मे प्रवेश लेल कोनो पास अथवा टिकट केर जरूरत नहि अछि। १९ सँ २१ मार्च धरि संस्कृत पर सेमिनार होटल रैडिसन मे होयत।,"१८ मार्च २०१९ केँ काठमांडूक कमलादि स्थित नेपाल प्रज्ञा प्रतिष्ठान मे मैथिली गीत नृत्य केर प्रस्तुति कयल जा रहल अछि। दूतावास सँ आबद्ध गोविन्द साह जानकारी करबैत कहलनि अछि जे एहि कार्यक्रम मे नेपालक पूर्व राष्ट्रपति डा. रामवरण यादव सँ लैत वर्तमान नेपाल सरकार केर कइएक मंत्री तथा उच्च ओहदाधारी पदाधिकारी लोकनिक मुख्य अतिथिक रूप मे सहभागिता रहल। कार्यक्रमक पोस्टर सँ स्पष्ट होइत अछि जे ई प्रस्तुति लेल प्रांगण समूह भारत सँ आबि रहल छथि। कार्यक्रम मे विभिन्न भाषाभाषी लोकनि केर सहभागिता बढ़ल अछि, जतय विभिन्न सांस्कृतिक कार्यक्रम आ सांस्कृतिक कार्यक्रम आयोजित होइत। फ़ास्ट एंड फ्यूरियल कल्चर केँ बढ़ावा देल जायत अछि। फ़्रांस केर कार्यक्रम मे भारतीय संस्कृति आ संस्कृति केँ शामिल करबाक प्रयास करबाक आवश्यकता अछि।॔",0.4195,0.2069,0.2927
150,"पवन कुमार झा 'अग्निवाण' के विचार अनुसार, मैथिल आ मिथिला के अवनति में व्यक्तिगत सोच के प्रभाव अधिक छै। मिथिला में ईमानदारी स नौकरी कयलाक बादो सम्मान नै भेटैत अछि, आ समाज में रुतबा देखाबक लेल गलत कार्य के सहारा लेब जरूरी भऽ गेल अछि। कोलकाता में मैथिल शिक्षक के प्रधानता छल, मुदा समय के संग ओ सब समाप्तप्राय भऽ गेल। मैथिल समाज में संकीर्णता आ कुसंस्कार के चलते विकास में बाधा उत्पन्न भऽ रहल अछि। लेखक के अनुसार, सामूहिक विकास के मानसिकता बनाबक आवश्यकता अछि, ताकि मिथिला के उन्नति संभव हो सके।","पवन कुमार झा ‘अग्निवाण’ बुरबक बेटा टक्के काबिल मैथिल आ मिथिला के अवनति में सामूहिक सोच के विपरीत व्यक्तिगत सोच के अधिक प्रभाव छै। मैथिल समाज में रुतबा देखाबक लेल अतिरिक्त पाई चाही जे बिना गलत कार्य के प्राप्त कयल जा सकत। मैथिली समाज के पतनशील बना रहल छथि, जकरा कारण मैथिल के मान सम्मान में कमी भेल अछि। वर्तमान समय में मैथिल शिक्षा क्षेत्र स अपन जगह टा बनाक रखल अछि, मुदा शिक्षा क्षेत्र में अपन स्थान लेल असफल रहल अछि आ मैथिल अपन योग्यता के आधार पर नौकरी कय रहैत छथि। खूब चर्चा कयल गेल अछि जे मैथिल भाषा आ संस्कृति के महत्व पर जोर देल गेल अछि।नि मिथिला में शिक्षा क्षेत्र के स्तर पर सुधारक आवश्यकता अछि आ समाज में सुधार के आवश्यकता पर जोर दैत अछि।",0.4664,0.181,0.3049
151,"मिथिला लेल राजनीति पर विशेष सम्पादकीय सन्दर्भ मे कहल गेल अछि जे मिथिला के राजनीतिक स्थिति आ पहचान पर विभिन्न भ्रम पसारल गेल अछि। नेपालक संघीयता मे प्रदेश २ केर अवधारणा मात्र मिथिलाक्षेत्र लेल कयल गेल अछि, जकरा कारण मिथिला केँ राजनीतिक तौर पर मृत्युदान देल गेल अछि। एहि भ्रम केँ दूर करबाक लेल समय समय पर विभिन्न प्रयास कयल जाइत रहल अछि, मुदा राजनीतिक संघर्ष के बिना कोनो उपाय कारगर सिद्ध नहि भऽ सकैत अछि। हालहि मे एकटा जूम बैसार मे मिथिला लेल राजनीति विषय पर विमर्श कयल गेल, जाहि मे मिथिला दल केर स्थापनाक मटिहानी घोषणापत्र पर अमल करबाक आ जनहित आधारित राजनीति केँ प्रश्रय देबाक बात उठल।","मिथिला लेल राजनीति केँ आभिजात्य वर्गक भाषा बनेबाक आ मिथिला केवल एकल जातिक पहचान हेबाक लेल प्रयास कयल जाइत अछि। २०१५ ई. मे नया संविधान बनि जेबाक बाद नेपाल मे मैथिली मिथिलाक स्थिति मजबूत होइत अछि, जकरा कारण राजनीतिक शक्ति द्वारा भ्रम पसारिकय ‘कनही गाय के अलगे बथान’ वाली स्थिति बना देल गेल अछि। एहि सम्पूर्ण भ्रम केँ दूर करबाक लेल समय समय पर छोटछिन संस्था, समूह, कलाकर्म, भाषा अभियान, संस्कृति संरक्षण आदिक प्रयास द्वारा कयल जा रहल अछि। राजनीतिक दल द्वारा मिथिला केर अवधारणा पर जोर देल जायत। राजनीतिक दल केँ एकजुट करबाक प्रयास जारी रहल छथि। फ़ौरन राजनीतिक दल आ सामाजिक संस्था केर सक्रियता बढ़ा देल जाइत छथि जे मिथिला क्षेत्र केर विकास केँ लेल महत्वपूर्ण",0.4386,0.1681,0.2895
152,"भविष्यक योजना आ संगठनात्मक प्रयत्न पर प्रवीण नारायण चौधरी द्वारा विमर्श कयल गेल अछि। मिथिला राज्य, मैथिली भाषा आ संस्कृति केर आवश्यकता पर जोर देल गेल अछि, संगहि एहि विषय पर जनजागरण आ संगठनक एकता केर आवश्यकता बताओल गेल अछि। संगठन सभ केँ जमीनी स्तर पर कैडर निर्माण करबाक आ भ्रष्टाचारक विरूद्ध संघर्ष करबाक आवश्यकता अछि। मिथिला राज्य निर्माण लेल प्रबुद्ध वर्गक गठन आ नीति नियम बनाबय पर सेहो चर्चा कयल गेल अछि। लेखक अपन मातृभूमि आ मातृभाषा लेल समर्पित रहबाक संकल्प व्यक्त कयलनि।","भविष्यक योजना आ संगठनात्मक प्रयत्न पर चर्चा कयल गेल अछि। नवीन बाबू वरिष्ठ शिक्षाविद् आ राष्ट्रीय स्वयंसेवक संघक एक वरेण्य चिन्तक रहल छथि जे मिथिला राज्य, मैथिली भाषा आ संस्कृति केर आवश्यकता पर विचार कयलनि। ई लेख मे मिथिला केर विकास आ भविष्य पर चर्चा करैत छथि, जकरा माध्यम सँ मिथिलाक विशिष्टता आ सभ्यता केँ बचाब केँ लेल प्रयास कयल जा रहल अछि। वर्तमान समय सँ ई प्रयास जारी अछि, जतय भविष्यक दिशा मे महत्वपूर्ण कदम उठाबय के आवश्यकता अछि। उन्नीक्ष कुमार झा, लेख मे लेखक लेखक आ विचारक कहल गेल अछि जे भविष्यक आवश्यकता पर चर्चा करबाक आवश्यकता पर बल देल गेल छथि। अछि अछि। खूब पढ़ेल जाउत अछि आ भविष्यक विचार व्यक्त करबाक आवश्यक अछि।॔निधन केँ",0.4455,0.19,0.297
153,"मनीषा एकटा पढ़ल लिखल आ सुंदर छेली, जे मध्यम वर्गीय ब्राह्मण परिवार में जन्म लेल छेलहनि। हुनकर प्रेमी मनोज एक धनी भूमिहार के बेटा छलाह, मुदा मनीषा के पिता हुनकर विवाह एक निम्न स्तर के ब्राह्मण घर में तय कयलनि। विवाह के बाद मनीषा अपन पति के घर गेली, जतय भोजन के कमी छल। एक दिन हुनकर पिता हुनका हाल चाल लेबाक लेल एलखिन, त मनीषा कहलखिन जे घर में किछु नै अछि, ताहि कारणे ओ खपैर में भुजैत छली।","मनीषा एक मध्यम वर्गीय ब्राह्मण परिवार में जन्म भेल छथि। हुनकर पिता एक कट्टर ब्राह्मण छेलाहा आ ओही शहर में रहै छेला। मनीषा अपन पिता के ई बात एक दिन कैह देलखिन, तकर पिता बिना कोनो देरी केने विवाह एकटा अत्यंत निम्न स्तर के ब्राह्मण घर में तय कयलनि। ओ अपन प्रे म के बलि दैत विवाह कके अपन पति के घर चैल गेली जतय की खाइयो के उपाय नै छलैन। ओ कहलखिन जे मनीषा के हाल चाल लेबाक लेल हुनका सासुर एलखिन। मनीषा एक लोटा पैन और गुड़ लक हुनके आगू में देलकनि। अंततः, ओ ओह भोजन तैयार करैत छथि, जखन ओ भोजन के बुलाहट नै भेल। एकटा समय बीत गेल, मुदा मनीषा के पिता अपन बेटी के विवाह के लेल तैयार कयल गेल।",0.5073,0.266,0.3415
154,"श्वेता चौधरी अपन समाज मे लोक सब केँ बेटी के प्रति नकारात्मक सोच पर विचार करैत छथि। ओ कहैत छथि जे बेटी केँ बोझ आ पराया धन मानल जाइत अछि, जखन कि बेटा केँ नीक मानल जाइत अछि। नवविवाहिताक आशीर्वाद मे 'पुत्रवती भवः' कहब आ बेटी के जन्म पर नकारात्मक प्रतिक्रिया देखल जाइत अछि। ओ ई बात पर जोर दैत छथि जे समाज मे बेटी के अस्तित्व केँ कम आंका जाइत अछि आ बेटा के प्रति भिन्न मानसिकता अछि। श्वेता कहैत छथि जे एहि मानसिकता केँ बदलबाक आवश्यकता अछि।","श्वेता चौधरी अपन समाज मे नवविवाहिता केँ बजैत कहैत देखल जाइत अछि, जे जल्दी बियाह क लियऽ, बेटी के बोझ हटाउ, बेटी जातेक जल्दी अपन घर चलि जाय ओतबे नीक” – एतय सवाल उठैत छैक जे एतेक दिन तक बेटी दोसर घर में पलाइत छल की? कनी विचार करब। कोनो नवविवाहिता केँ आशीर्वाद मे भेटत ‘पुत्रवती भवः’। जानकारी लेल बता दी जे एतय पुत्र केर मतलब खाली पुत्रे टा होइत अछि। बेटी बेटा के एहि बेर नीक सन दय दिहथिन देवता पित रहल छथि। अंततः, बेटा बेटा के जन्म लेल लेल जायत छथि, जतय माता-पिता के आशीर्वाद लेल जा रहल अछि। खूब पढ़ेल लेख पढ़ेल जाउनि। बेटी के भविष्य के बारे मे",0.3483,0.1106,0.199
155,"मैथिली फिल्म आ दीना भदरी जोरावर सिंहक अत्याचारक विरुद्ध संघर्षक कथा अछि। दीना आ भदरी, मुसहर समुदायक दू भाइ, जोरावर सिंहक दमनक खिलाफ खड़ा भेलाह। ओ दुनू भाइ केँ अंततः जोरावर सिंह द्वारा हत्या कयल गेल, मुदा हुनकर आत्मा समाज केँ अत्याचार सँ मुक्त कयल। एहि कथा केँ भगैत गीत सब मे नीक सँ वर्णित कयल गेल अछि, जे मिथिला मे वर्गीय संघर्षक इतिहास केँ उजागर करैत अछि। सिनेमा बनयबाक चर्चा सेहो भेल अछि, जकरा लेल मैथिल लेखक लोकनि दीना भदरी पर गहन अन्वेषण कयने छथि।","दीना भदरी अपन खेत पर काज करनिहार कारिन्दा सब केँ काजक बदला जे बोइन देथि, अपन पोसल पहलमान द्वारा मारि पीट कराबथि आ विरोध कयनिहार केँ चुप कय देथि। एहि अत्याचारक विरुद्ध कोनो जब्बर योद्धा ठाढ हो से बात नहि कयल गेल अछि, जकरा कारण किसान आ मजदूर समुदायक संघर्ष मे कमी आ संघर्षक स्थिति बनल अछि। जोरावर सिंह केर बहादुरी आ बहादुरी केर कथा मुसहर समुदायक बीच चर्चा मे अछि, मुदा हुनका साहस आ साहस पर चर्चा कयल जा रहल अछि आ ओ अपन जाति केँ एकजुट कयलनि। फ़ातिमा सिन्हा द्वारा मैथिली फिल्म 'सैराट' मे दीना आ भदरी केर संघर्षक कथा सब चर्चा मे छथि आ ओकरा केर प्रशंसा करैत छथि।॔ खूब चर्चा सँ",0.398,0.1005,0.1692
156,"रेखा झा अपन गामक खरिहानक याद मे मोन परैत छथि। ओ विवाहक समय खरिहानक सुन्दरता आ साज सज्जा के बारे मे सोचैत छथि। मुदा, गाम पहुँचला पर देखलाह जे खरिहान उदास आ बंटवारा के कारण बर्बाद भ' गेल अछि। ओ इंसानक कृत्य पर दुखित छथि, जे अपन खरिहानक स्थिति के खराब क' देलक अछि।","रेखा झा बड्ड दिन पर गेलहुं गाम,सोचलहुं घूमब अपन खरिहान, ओ मोन परै छल। ओ कहैत छथि जे विवाहक सुरमुर होइत छल, सबहक लाज बसेने अपना मे सबके राखै छल सम्मान छल। सोचैत सोचलहुं, देखलहुं जा क खेत खरिहा रहल अछि। ओ अपन परैया के दंभ मे डूबि रहल छथि, जतय ओ कहलथिन कि ओ कतय बिलायल नहि देखल। बंटवारा के हाल के बारे मे विचार कयल गेल अछि, मुदा ओ सबक लाज बसल छल। स्त्रीक जीवनक सुख-समृद्धि आ समृद्धि के प्रति जागरूकता बढ़ाबय के आवश्यकता पर जोर देल गेल अछि।-विनोद झा लेख लेख लेख में बताओल अछि अछि अछि जे समाज के विकास के दिशा मे महत्वपूर्ण भूमिका निभा रह",0.2909,0.0613,0.1818
157,"जनकपुर मे ५ आ ६ चैत केँ 'महामूर्ख सम्मेलन' आ 'होरी महोत्सव' केर आयोजन होयबाक निर्णय भेल अछि। एहि आयोजनक तैयारी मिथिला नाट्यकला परिषद् द्वारा कयल जा रहल अछि। सम्मेलन मे हास्य आ व्यंग्यक माध्यम सँ समाज केँ सकारात्मक सन्देश देबाक प्रयास होइत अछि, जकरा तहत 'महामूर्ख' उपाधि देल जाइत अछि। एहि वर्ष सेहो विभिन्न जिला सँ होरी गायनक टोली सब विशेष तैयारी संग भाग लेत। आयोजन मे विभिन्न पुरस्कार आ प्रमाणपत्र सेहो प्रदान कयल जायत।","जनकपुर, १८ मार्च २०१९। 'होरी महोत्सव' एहि वर्ष चैत महीनाक ५ आ ६ गते जानकी मन्दिर मे होयबाक निर्णय भेल अछि। आयोजक संस्था मिथिला नाट्यकला परिषद् जनकपुर द्वारा एहि लेल वृहत् स्तर पर आमंत्रण आ सहभागिता लेल तैयारी कयल जा रहल अछि, जकरा मे वरिष्ठ नाटककार महेन्द्र मलंगिया संग सहकर्मी सर्जक यथा सुनील मिश्र, सुनील मल्लिक, श्यामसुन्दर शशि, रमेश रंजन झा, देवेन्द्र साह नेपाली आ सुनील मल्लिक उपस्थित रहल छथि। महामूर्ख सम्मेलन २० मार्च २०१९ केँ जनकपुर मे आयोजित भेल, जतय आयोजक संस्था द्वारा विभिन्न गाम सभ सँ होरी गायनक मौलिक शैली मे प्रस्तुत करबाक लेल सहभागिता दैत कार्यक्रमक आयोजन कयल गेल अछि।जोधपुर, जनकपुर आ अन्य जिला सभ केँ भेटल होरी महोत्सव केर आयोजन आ अन्य आयोजनक जानकारी देल गेल अछि, मुदा",0.4545,0.1633,0.2323
158,"वोटक लेल किछो करबाउ, देखियौ आयल फेर चुनाउ। मतदाताकेर जाति बुझाउ आ वोट गनबाउ। नेता लोकनि अपन भोगक भाग लगाउ आ समाजमे गुन्डा आ भ्रष्टाचारक कमीशन धरि कूरी लगाउ। इतिहासकेँ तोडि कऽ नीति चारू कात हरबिर्रो मचाउ। वोटक लेल किछो करबाउ, हरि: हर:!!",वोटक लेल किछो करबाउ। देखियौ आयल फेर चुनाउ चाही वोट छूछ नारा लगाउ पाछूक बात बिसरिये जाउ आगूक वादा झडी सजबाउ मतदाताकेर जाति बुझाउ जाति गुणे ओ वोट गनबाउ सदन देश सब एके रंग मैनजन डुगडुगी बजाउ या बम मारू गोली लगबाउ कोहुना लोकक मन फोडाउ नेता माने बनियौटी केनाय नोट लगाउ वोट खसबाउ नियम सजिला तेना बनाउ अपन भोगक भाग लगाउ जनताक मूडी चूल्ही मुँहमे अपन कूकर मौस पकाउ सचिव गुरु बैदो तरसाउ समाजमे गुन्डा मोछक ताउ विकासक ठेक्का ओ भ्रष्टाचार कमीशन धरि कूरी लगाउ राजधर्म जन जन फूटाउ इतिहासोकेँ तोडिये भजाउ जे मन लागय ओ टा नीति चारू कात हरबिर्रो मचाउ फूइसक नोर खुने बहाउ सीटबीट चमचा,0.3158,0.2,0.3158
159,मैथिली जिन्दाबाद!! ५ जून २०२१ केँ भारतीय विज्ञान संस्थान द्वारा कृषि एवं वित्त क्षेत्र मे मैथिली भाषा केर एनएलपी प्रोजेक्ट पर कार्य चलि रहल अछि। बीटेक तृतीय वर्षक छात्र श्री हेत पटेल एहि प्रोजेक्ट मे इन्टर्नशिप कय रहल छथि आ मैथिली भाषाक शब्दावलीक प्रयोग करैत लेखन कय रहल छथि। ओ मैथिली जिन्दाबाद केर सम्पादक प्रवीण नारायण चौधरी सँ सम्पर्क कयलनि आ मैथिली मे सामग्री जुटेबाक प्रयास कय रहल छथि। मैथिली भाषा केर विकास लेल युवा लोकनिक योगदान आ सहयोगक आवश्यकता अछि।,"५ जून २०२१ केँ मैथिली जिन्दाबाद!! भारतीय विज्ञान संस्थान द्वारा कृषि एवं वित्त क्षेत्र केर लेख शोध केर संग्रह आ एनएलपी प्रोजेक्ट जारी कयल गेल अछि। ई जनतब बीटेक तृतीय वर्षक छात्र श्री हेत पटेल केर प्रोजेक्ट मे इन्टर्नशिप कय रहल छथि। हुनक नाम प्रवीण नारायण चौधरी छन्हि, जे कृषि आ वित्त क्षेत्र मे महत्वपूर्ण योगदान देलनि। हुनकर प्रयास सफल भऽ रहल अछि, जकरा कारण ई क्षेत्र मे रोजगारक अवसर सँ वंचित छलाह। एहि प्रोजेक्ट केर माध्यम सँ युवा वर्ग केँ रोजगार सँ प्रेरित करबाक प्रयास करबाक आवश्यकता अछि। फ़ायरलाइजेशन आ तकनीक केर आवश्यकता पर जोर देल गेल अछि आ ई क्षेत्रक विकास मे महत्वपूर्ण भूमिका निभाबय केर आवश्यक आवश्यक आवश्यकता पर चर्चा करबाक आवश्यक अछि। शुभकामना देल जा रहल जानकारी केँ साझा करबाक शुभकामना।",0.5049,0.2745,0.3981
160,"विभिन्न शास्त्र आ धर्म मे व्यवहारिक मंत्रक संकलन प्रस्तुत कयल गेल अछि। गणपति, शनि, शिव, सरस्वती आ कालीकवचक स्तुति आ मंत्र सभक वर्णन कयल गेल अछि। ई मंत्र सभ भक्तजनक इच्छाक पूर्ति आ शत्रुनाशक लेल उपयोगी मानल जाइत अछि। विशेष रूप सँ, कालीकवच शत्रुनाश आ समृद्धि प्राप्तिक लेल महत्वपूर्ण अछि। जकरा पाठ सँ भक्तजनक जीवन मे सुख आ शांति आओत।",विभिन्न शास्त्र आ धर्म मे उपयोग मे रहल व्यवहारिक मंत्रक संकलन १. गणपति स्तुति सरागिलोकदुर्लभं विरागिलोकपूजितं सुरासुरैर्नमस्कृतं जरापमृत्युनाशकम् । गिरा गुरुं श्रिया हरिं जयन्ति यत्पदार्चकाः नमामि तं गणाधिपं कृपापयः पयोनिधिम् ॥ १॥ गिरीन्द्रजामुखाम्बुज प्रमोददान भास्करं करीन्द्रवक्त्रमानताघसङ्घवारणोद्यतम् । सरीसृपेश बद्धकुक्षिमाश्रयामि सन्ततं शरीरकान्ति निर्जिताब्जबन्धुबालसन्ततिम् ॥ २॥ शुकादिमौनिवन्दितं गकारवाच्यमक्षरं प्रकाममिष्टदायिनं सकामनम्रपङ्क्तये । चकासतं चतुर्भुजैः विकासिपद्मपूजितम् प्रकाशितात्मतत्वकं नमाम्यहं गणाधिपम् ॥ ३॥ नराधिपत्वदायकं स्वरादिलोक,0.1681,0.1026,0.1513
161,"मैथिलीभाषी युवा शक्ति लेल शिक्षा आ प्रशिक्षणक आवश्यकता बहुत पैघ अछि। प्राथमिक विद्यालय सँ उच्च शिक्षा धरि मैथिलीभाषी छात्र सभ केँ स्वाभिमान आ आत्मबल बढाबयवला सामग्री पाठ्यक्रम मे शामिल नहि कयल गेल अछि। सामाजिक संजाल मार्फत युवजन केँ उचित शिक्षा आ प्रशिक्षण देबाक आवश्यकता अछि। विद्यानन्द बेदर्दी नेपाल तराई विद्यार्थी नवजागरण संघ मे सक्रिय छथि, जकरा सँ मातृभाषा प्रति नव जागरण केर माहौल बनल अछि। युवा केन्द्रित शिक्षा प्रशिक्षणक कार्यक्रम पर जोर देल जाय त समाज केँ सकारात्मक प्रभाव भेटत।","मैथिलीभाषी युवा शक्ति शिक्षा आ प्रशिक्षणक पैघ आवश्यकता पर सजग होइत छैक। प्राथमिक विद्यालय सँ उच्च शिक्षा प्राप्त करैत युवा सभ केँ स्वाभिमान आ आत्मबल बढाबयवला कोनो सामग्री पाठ्यक्रम मे शामिल नहि कयल गेल छैक, आ स्थानीय विशेषता केँ झलकेबाक लेल आधारभूत शिक्षा प्रणाली मे हरेक गाउंपालिका वा नगरपालिका केँ स्थानीय पाठ्यक्रम विकास करैत सम्बन्धित विद्यालय मे छात्र सब केँ पढाई करेबाक नीति रहित अछि। वर्तमान समय मे नेपाल तराई विद्यार्थी नवजागरण संघ मे सक्रिय होइत छथि, आ आगामी २ ३ वर्ष मे मातृभाषा प्रति जागरूकता बढ़ैत अछि, जकरा लेल युवा शक्ति केँ प्रोत्साहित करबाक आवश्यकता अछि। फ़ायरल मैथिलीक युवा शक्ति भविष्य के प्रति सजग रहल छथि। खूब सक्रिय भ'बाक आवश्यकता अछि आ युवा शक्तिक सहभागिता बढ़ल अछि, मुदा युवा शक्ति",0.4776,0.2714,0.398
162,"२ जून २०१९. मैथिली जिन्दाबाद!! मिथिला मे जलसंकट केर गम्भीर स्थिति पर निरन्तर लेख प्रकाशित करबाक क्रम जारी अछि। डा. लीना चौधरीक लेख मे सरस्वती नदीक लोप आ जल समस्या पर चर्चा कयल गेल अछि। ओ बतबैत छथि जे गाछ वृक्ष केर कटाई आ मानवीय गतिविधि सँ नदीक बहाव बाधित भेल अछि, जेकरा कारण सरस्वती नदी विलुप्त भऽ गेल। सुधारक लेल सरकारी आ स्थानीय स्तर पर जागरूकता आ जलसंग्रहणक उपाय आवश्यक अछि, नहि त बिहार रेगिस्तान मे बदलि सकैत अछि।","२ जून २०१९ केँ मैथिली जिन्दाबाद!! मिथिला मे जलसंकट केर गम्भीर स्थिति पर निरन्तर लेख प्रकाशित करबाक क्रम जारी अछि। डा. लीना चौधरीक एक गोट चिन्तनयुक्त लेख प्रकाशित भेल छल, जतय दोसर लेख पुनः आयल अछि। गंगा, गंडक, बुढ़ी गंडक आ बागमती केर स्थिति पर चर्चा कयल गेल अछि, जकरा कारण नदी केर दुर्दशा बढ़ैत अछि। भारत मे तीन गोट धार्मिक महत्व केर मानव पूज्य नदी मानल जा रहल छथि, जे गंगा, यमुना, सरस्वती आ सरस्वती केर संगम स्थल मानल जाइत छथि। एहि तीन गोट सामाजिक महत्व केँ नष्ट कय रहल छी, मुदा भारत मे एक संस्कृति केर अस्तित्व केर संकट उत्पन्न भऽ गेल अछि। फ़ौरन एहि लेख मे शामिल अछि। खूब पढ़े-प्राकृतिक जल संसाधन केर बचावक बदला ओकरा नष्ट क रह",0.4158,0.24,0.3366
163,"बधाई मैथिली जिन्दाबाद कार्यसमूह आ शुभेच्छुगण! आइ, हमरा लोकनि १० हजार आगन्तुक पाठकक संख्या केँ पार कयलहुँ, जे गुणस्तरीय मैथिली पठन संस्कृतिमे वृद्धि कय रहल अछि। मैथिली जिन्दाबादक स्थापना एहि भाषाक प्रति होमय वाला राजनीति केँ बदलबाक लेल भेल अछि। आम जनमानस मैथिली मे बाजब पसिन करैत अछि, मुदा नेतागण एकरा उच्च जातिक लोक लेल आरक्षित करैत छथि। हम सब अपन सृजनशीलता सँ मैथिली केँ जिन्दाबाद करबाक आशीर्वाद ग्रहण करैत छी।","मैथिली जिन्दाबाद कार्यसमूह द्वारा १० हजार आगन्तुक पाठकक संख्या केँ टपि गेलहुँ, जखन कि, लोक केँ मुफ्त मे पढबाक खराब आदति पड़ि गेल छैक, जाहि कारण सँ एक्कहु टा मैथिकली मिडिया दीर्घकाल धरि जीवन्त नहि रहि पबैत छैक। मुदा, ई पत्रिका लगभग ३०० पाठक एकरा प्रतिदिन पढैत छथि, मुदा व्यवस्थापन पक्षक विज्ञ रहैत सकारात्मक दृश्य बनेबाक महारत हासिल अछि। एहि वेबसाइटक नाम सोद्देश्य ‘मैथिली जिन्दाबाद’ राखल गेलैक अछि, जे क्रान्तिकारी नाराक बोध देल जा रहल अछि। राजनीतिक दल आ नेतागण एहि भाषा केँ बचाब लेल प्रयास कय रहल छथि। खूब बधाई। फ़ीमेल समाचार पत्रक माध्यम सँ प्रकाशित भऽ रहल जानकारी केँ साझा करबाक आग्रह करबाक आवश्यकता अछि।",0.3146,0.1023,0.2135
164,"मिथिला गान में तिरहुत विदेहक गौरव आ संस्कृति केर बखान कयल गेल अछि। एहि में राजा सलहेस, दीनाभद्री आ लोरिक वीरक प्रणाम कयल गेल अछि। विद्यापतिक पदावली आ मांगैन केर रागक चर्चा भेल अछि। मिथिला केर भाषा आ इतिहासक महत्त्व पर जोर देल गेल अछि, संगहि विभिन्न तीर्थ आ स्थानक उल्लेख कयल गेल अछि। जय तिरहुत विदेह नैमिकानन मिथिला केर उद्घोष संग गान समाप्त होइत अछि।","मिथिला गान जय तिरहुत विदेह नैमिकानन मिथिला.. सुशोभित जगभाल पर चाननिथिला केर इतिहास पर चर्चा कयल गेल अछि। ई गीत महुआ घटवारिन आ सिंघेश्वरनाथक तीर्थ हम्में गाबैत अछि, जतय मैथिली केर प्राचीनता आ प्राचीनता पर जोर दैत अछि। मिथिलाक संस्कृति आ परंपरा केर संरक्षण आ संवर्धन केर महत्व पर जोर देल गेल अछि, मुदा मिथिला केँ प्राचीनता केर प्रतीक मानल जा रहल अछि। उन्नि मिथिला गीत आ साहित्य केर समृद्ध परंपरा पर चर्चा करबाक आवश्यकता अछि। फ़ौरन गान आ गान केर प्रस्तुति देल जाइत रहल छथि।एजेंसीएजेंसीएजेंसी खूब खूब खूब चर्चा कएल गेल अछि आ मिथिला भाषा आ संस्कृति केर संवर्धन करबाक लेल प्रयास करैत रहैत छथि जे मिथिला में मिथिला",0.3977,0.1494,0.2386
165,"राहुल सांकृत्यायन द्वारा अनल गेल महत्वपूर्ण पान्डुलिपि सभ बिहार रिसर्च सोसायटी मे संरक्षित अछि। ई पान्डुलिपि तिब्बती बौद्ध पान्डुलिपि अछि, जे भारत मे अनल गेल छल। मुख्यमंत्री नीतीश कुमार केर निरीक्षणक बाद, सीआईएचटीएस संग डिजिटाइजेशन आ अनुवादक समझौता भेल। पान्डुलिपि सभक कुल ७ लाख पृष्ठ अछि आ ई तिब्बती, संस्कृत आ नेवारी भाषा मे लिखल अछि। सांकृत्यायन १९३३ मे ई दस्तावेज पटना संग्रहालय केँ दान कयलनि, जाहि सँ बौद्धिक संपदा केर अध्ययन आ शोध संभव भेल।","३० जुलाई २०२० केँ राहुल सांकृत्यायन एकर पान्डुलिपि केँ बिहार रिसर्च सोसायटी (पटना) मे संरक्षित कयल गेल अछि। ओ एक महत्वपूर्ण दस्तावेज छलाह, जतय ओ नेपाल केर संग्रहालय मे रखल जाइत छलाह। ओ नेपाल आ तिब्बत केर दुर्गम यात्रा कय केँ कतेको कठिन आ ऊँच पहाड़ केँ नँघैत तिब्बती बौद्ध पान्डु लिपि केँ सुरक्षित रखैत छथि, जखन मुख्यमंत्री नीतीश कुमार संग्रहालय मे स्वयं निरीक्षण कएने रहथि आ पान्डुलिप केर संरक्षण करबाक निर्णय कयलनि। एहि महत्वपूर्ण अभिलेख केँ भारत सरकार केँ सौंपबाक लेल केन्द्र सरकार के प्रयास कयल जा रहल अछि। फ़ायदादायक जानकारी देल गेल। फ़यदा मैथिली जिन्दाबाद!! खूब पढ़ेल जाउत अछि जे मैथिल भाषा केँ बचाबय लेल महत्वपूर्ण दस्तावेज केँ",0.3333,0.0761,0.2043
166,२० मार्च २०१९ केँ भामती वाचस्पति मिश्र महोत्सव ठाढी गामक फूलदेवी कुशेश्वर झा महाविद्यालय प्रांगण मे सम्पन्न भेल। एहि महोत्सव केर आयोजन बिहार सरकार द्वारा प्रायोजित कयल गेल छल आ उद्घाटन मधुबनी जिलाक उप विकास आयुक्त अजय कुमार सिंह द्वारा कयल गेल। कार्यक्रम मे विद्वान् लोकनिक उपस्थिति मे वाचस्पति भामतीक योगदान केँ स्मरण कयल गेल आ मैथिली भाषा आ मिथिला संस्कृति पर चर्चा भेल। एहि बेर २ दिवसीय आयोजन मे १८ मार्चक कार्यक्रम रद्द कयल गेल छल आ कवि सम्मेलन मे १३ गोट कवि भाग लेलनि।,"२० मार्च २०१९ केँ भामती वाचस्पति मिश्र महोत्सव २०१९ केर आयोजन ठाढी गामक फूलदेवी कुशेश्वर झा महाविद्यालय प्रांगण मे विभिन्न विद्वत् विमर्श, कवि सम्मेलन एवं सांस्कृतिक कार्यक्रमक संग सम्पन्न भेल। विश्वप्रसिद्ध षट्दर्शन टीकाकार विद्यावारिधि सर्वतंत्र स्वतंत्र वाचसपति मिश्र केर स्मृति मे एहि वर्ष बिहार सरकार द्वारा प्रायोजित रूप मे राजकीय महोत्सव केर आयोजित कयल गेल अछि। ई महोत्सव १९ मार्च २०१८ केँ आयोजित भेल, जतय मुख्यमंत्री नीतीश कुमार आ अन्य नेतागण उपस्थित रहल छथि। कार्यक्रमक संचालन डा. अभिषेक कुमार कयलनि। आयोजन समितिक अध्यक्ष रत्नेश्वर झा द्वारा कहल गेल अछि जे आगामी वर्ष मे मैथिली भाषा साहित्य आ मिथिला संस्कृतिक विकास पर विशेष ध्यान देल गेल। फ़ौरन आयोजनक तैयारी कयल जा रहल अछि।॔า फ़ायदादायक विचार व्यक्त करैत अछि।",0.4631,0.2388,0.3448
167,"दरभंगा, १ जून २०१८। दहेज मुक्त मिथिला द्वारा १७ जून केँ कुर्सों सँ जिला मुख्यालय धरिक ६० किलोमीटर केर मैराथन दौड़ आयोजित कयल जायत। बैठक मे किशोर कुमार झा के नेतृत्व मे दौड़ केर प्रारूप आ समापन सभा पर चर्चा कयल गेल। आरके दीपक, कौशल कुमार चौधरी आ अन्य युवा धावक एहि दौड़ मे भाग लेबय। समाज मे दहेज प्रथा के खिलाफ जनचेतना फैलाबय लेल ई दौड़ महत्वपूर्ण मानल जा रहल अछि।","दरभंगा मे दहेज मुक्त मिथिलाक जनचेतना प्रसार कार्यक्रम अन्तर्गत चारिम बेर १७ जून केँ कुर्सों सँ जिला मुख्यालय धरिक लगभग ६० किलोमीटर केर दूरी मे मैराथन दौड़ लगेबाक वास्ते एक बैसार कयल गेल। एहि बैसार मे आरके दीपक, रूबी दीपक, तुषार राय, रन्जित सहित दर्जनों युवा शक्ति उपस्थित रहैत छथि। मैराथन दौड़ केर प्रारूप, समापन, सहभागिता, सहयोग, सहयोग आदिक विषय पर विचार विमर्श कयलनि। संस्थाक जारी प्रेस विज्ञप्ति जे हिन्दी मे अछि ओ निम्न रूप मे सविस्तार सब समाचार सँ अवगत करबैत अछि। बैसार उपरान्त समाजसेवी मुरारी मोहन झाक नेतृत्व मे एक बैठक आयोजित कयल जा रहल अछि, जतय युवा शक्ति केर सक्रियता आ सहभागिता के महत्व पर चर्चा करबाक आवश्यकता पर जोर देल गेल अछि। फ़ेसबुक, फेसबुक, ट्विटर, ट्विटर आदि पर जानकारी",0.4,0.1969,0.2667
168,"आजुक दिन शिव चतुर्दशी अछि, जे हिन्दू धर्म में उपवास आ उपासनाक विशेष महत्त्व रखैत अछि। माघ मासक कृष्ण चतुर्दशी पर विशेष पूजन आ भजन कीर्तन कैल जाइत अछि। मिथिलाक परंपरा अनुसार, मकर संक्रान्ति के बाद हरेक रविवार शिवमठ पर लोक भजन आ ध्यान करैत छथि। एहि अवसर पर वैवाहिक चर्चा आ कुटुम्बिक मिलान सेहो होइत अछि। शिव चतुर्दशी पर विशेष पूजा विधि आ प्रार्थना केर पालन करैत भक्तजन शिवजीक कृपा प्राप्त करैत छथि।","औझका प्रसाद हिन्दू धर्माचरणमें उपवास उपासनाके एक मुख्य मार्ग थीक। माघ मास के कृष्ण चतुर्दशी से आरम्भ होइत अछि, जतय भगवान शिव प्रति समर्पित विशेष पूजन अर्चन जप तप स्मरण भजन कीर्तन श्रवण लेल अछि। ओना तऽ हरेक दिन के अपन विशेष महत्त्व छैक आ हर क्षण मानव जीवनकेर अनमोल घड़ी छैक, जे ज्ञानीजन के ध्यान ईश्वरके परमसत्ता के सुखद छाया सऽ अलग नहि रहैत छथि। एहि अवसरपर साधकक मनन योग्य आ आध्यात्मिकता के महत्व पर चर्चा कयल गेल अछि। मिथिलाके परंपरानुसार माघ मास पुण्य लेल विशेष पूजा आर्चा करैक विधान रहल अछि, मुदा मिथिलावासी के जीवन में सुख-समृद्धि आ समृद्धि आ समृद्धि के अवसर सऽ विशेष महत्व अछि। खूब चर्चा करैत रहल छथि आ धार्मिक आयोजन कयल जा रहल छैक। मिथिलाक परंपरा के अनुसार, ई पर्व",0.3881,0.0704,0.2189
169,"मधुश्रावणी भारतवर्ष मे मिथिलाक अनुसार दू टा मधुमास होईत अछि, एकटा फागुन आ दोसर श्रावण। ई पावनि साओन मास के अन्हरिया में पंचमी तिथि स शुरू होइत अछि आ लगभग पंद्रह दिन तक चलैत अछि। पवनैतिन एहि पावनि में सोलहो श्रृंगार कय बिषहारा के पूजा करैत छथि, जे गौरी आ महादेवक संतान मानल जाईत अछि। पूजा में विशेष ध्यान बिषहारा पर होइत अछि आ ई पावनि मैथिल ब्राह्मण परिवार में मनाओल जाईत अछि। पवनैतिन एहि दौरान महारानी बनल रहैत छथि आ विभिन्न परंपरागत विधि के पालन करैत छथि।","बेबी झा द्वारा लिखित “मधुश्रावणी” भारतवर्ष मे मिथिलाक अनुसार भरि साल में दू टा मधुमास होईत अछि। एहि में गाछक हरियरी संग पोखरि, नदी स उछलैत पानि कंतक सान्निध्यताक लेल आतुर भय जाईत अछि, जकरा कारण पति परदेश रहैत छलाह आ पत्नी नैहर वा सासुर ई पावनि आबि कय अनायासे पीया मिलनक संयोग बना दैत छथि। एहि पावैन में पति आ पत्नी के बीच प्रेम आ प्रेमक प्रतीक बनल अछि। मैथिली भाषा में, ई पावैन के महत्व पर आधारित अछि। बेबी झा कहैत अछि जे ओ अपन पति के प्रति प्रेम आ स्नेह व्यक्त कयलनि। खूब चर्चा कयल गेल अछि।...एजेंसीएजेंसीएजेंसी फ़ेसबुक पर खूब चर्चा आ शुभकामना संदेश भेजल गेल अछि जे कयल जा रहल छथि जे मैथि",0.3805,0.069,0.2049
170,"विराटनगर, २० जुलाई २०१९। प्रतिवर्ष २२ आर २३ दिसम्बर केर दिन होयवला अन्तर्राष्ट्रीय मैथिली सम्मेलन एहि साल विराटनगर मे होयत। आयोजनक योजना मे मिथिलाक लोकसंस्कृति झलकाबय वला झाँकी प्रदर्शनी, कला संस्कृति प्रदर्शनी, खान पान प्रदर्शनी, पुस्तक मेला, फैशन शो, नाटक, सांस्कृतिक कार्यक्रम, साहित्यिक परिचर्चा गोष्ठी, आदि शामिल अछि। मैथिली केँ दोसर कामकाजी भाषाक रूप मे मान्यता नहि देल जा रहल अछि, जकरा लेल संयोजक प्रवीण नारायण चौधरी अपील कयलनि अछि। ई सम्मेलन नेपाल आर भारतक मित्रता केँ प्रगाढ़ करबाक संगहि मैथिली भाषाक संरक्षण आर प्रवर्धनक लेल महत्वपूर्ण अछि।","विराटनगर मे २२ आर २३ दिसम्बर केर दिन होयवला अन्तर्राष्ट्रीय मैथिली सम्मेलन आयोजित करबाक निर्णय कयलनि अछि। नेपाल आर भारतक विभिन्न स्थान मे ई आयोजन होइत अछि, जकरा मे नेपालक भाषा साहित्य, संस्कृति, समाजसेवी संस्था केँ आमंत्रित करबाक योजना अछि। नव संघीय नेपाल मे सब मातृभाषा केँ राष्ट्रीय भाषाक दर्जा देल गेल अछि, लेकिन नेपालीक बाद दोसर सबसँ बेसी बाजल जायवला भाषा मैथिलीक गौरवपूर्ण इतिहास तथा समृद्ध साहित्य रहितो एहि भाषाक वर्तमान दयनीय अवस्था मे अछि। आगामी २५ आ २६ दिसम्बर केँ नेपालक प्रदेश १ केर राजधानी विराटनगर में मैथिलि सम्मेलन केर आयोजन कयल गेल अछि। फ़ौरन बताओल गेल गेल अछि जे आयोजन मे विभिन्न भाषाक प्रतिनिधि केँ शामिल करबाक प्रयास कयल जा रहल अछि।नि।, आयोजनक लेल राज्यक तीनू निकाय स्थानीय तह, प्रदेश व संघीय",0.3662,0.1422,0.2066
171,"प्रेम विदेह ‘ललन’ काइल्ह श्री प्रवीण नारायण चौधरीजीक जूम मिटिङमे मिथिला पार्टी गठन पर अपन विचार रखलनि। ओ कहला जे मैथिली भाषाक लोक मुद्दा बनाबए आ एकल जातिवाद आ सम्प्रदायवादसँ मुक्ति जरूरी अछि। दलक नेता दमगर राजनीतिक व्यक्तित्व होएबाक चाही आ लेखक, गायक, नर्तक, संगीतकार आ संस्कृतिविद् लोकनिक सहभागिता होएबाक चाही। संगसंग दलक संचालन लेल ठोस अर्थ आ केन्द्रीय सरकार आ विदेशी समर्थन आवश्यक अछि। ओ सुझाव देलनि जे जनकपुरधाममे स्थापित मिथिला राज्य संघर्ष समितिक विघटन कए नव संस्था निर्माण कएल जाए।","श्री प्रवीण नारायण चौधरीजीक जूम मिटिङमे मिथिला पार्टी गठन सम्बन्धी विचार संक्षेपमे राखि रहल छथि, जतय मिथिलाक राजनीतिक दल निर्माणसँ पूर्व मैथिली भाषाके लोक मुद्दा बनाएब आवश्यक अछि। मैथिलि भाषाके एकल जातिवाद आ एकल सम्प्रदायवादसँ मुक्ति जरूरी अछि, जकरा कारण राजनीतिक दलमे अप्रत्यक्ष सहभागिता जरूरी अछि। लेखक, गायक, नर्तक, संगीतकार, कलाकार आ संस्कृतिविद् लोकनिक दलमे प्रत्यक्ष सहभागिता होनि। राजनीतिक दलक गठनमे विभिन्न जाति, वर्गक लोकनि के भागीदारी आवश्यक अछि, मुदा राजनीतिक दल गठनक आवश्यकता पर जोर देल गेल अछि।॔ खूब चर्चा कयल गेल अछि आ मिथिला के विकासक लेल प्रयास जारी अछि।निनिनिन्हो संग संग संगसंग राजनीतिक दल के गठनक चर्चा करबाक लेल आग्रह कयल जा रहल अछि।॔",0.381,0.2139,0.3175
172,"विनोद बाबू एकटा मध्यम वर्गीय व्यक्ति छथि, जिनकर दू संतान आ पत्नी छथि। हुनकर बेटी सुधा के विवाह लेल लड़का सूरज के पसंद कएल गेल, लेकिन सुधा के बी.एड. करबाक इच्छा छल। सूरज अपन माता-पिता संग विनोद बाबू के घर आएल आ कहलैन जे ओ फिजूलखर्ची के खिलाफ छथि आ साधारण विवाह करबाक चाहैत छथि। विनोद बाबू आ परिवार सूरज के विचार के समर्थन कएलक आ सुधा के भविष्य के सुधारबाक लेल सहमत भेल।","अंजू झा के अनुसार, विनोद बाबू मध्यम वर्गीय सधारण प्राईवेट नौकरी करै वला, लेकिन कतेको तरहक अभाव में रहि दुनू संतान के शिक्षित केनाई ध्येय छलैन। ओ मेधावी छलखिन आ स्नातक पूरा भेलाक बाद ओकर विवाह लेल लड़का खोजय लगलाह। बेटी के इच्छा बी.एड. करै के रहैन लेकिन परिवार के विवशता देख चुप रहली। ओ अपन पिता के फोन पर बात करैत छथि, जकरा कारण ओ विवाह के समय दहेज़ मांगल जा रहल छथि। अंत में, सूरज बाबू अपन बेटी के विवाह के खर्चा के बात कयलनि। अंततः, ओ ओकर इच्छा पूरी करय लेल तैयार भऽ गेल। बेटी के शादी के समय सब देखैत सुनैत रहली, मुदा पिता के बात केलैन आ ओकर मन में खुशी आ खुशी के लहर छलाह। बेटा के विवाहक चर्चा करैत रहल",0.3284,0.0503,0.2289
173,काल्हि 10 जनवरी 2021 क' सीतामढ़ी जिलाक पुपरी मे भव्य कवि सम्मेलन आयोजित कयल गेल। संगोष्ठी मे मैथिली कवि अरुण माया अध्यक्षता कयलनि आ विषय 'मातृभाषाक माध्यमसँ शिक्षा ओ मिथिलामे रोजगारक संभावना' पर विचार-विमर्श भेल। वरिष्ठ साहित्यकार डा. विभूति आनन्द कहलनि जे परिवारक स्तर पर भाषा बचायब आवश्यक अछि। दू सत्र मे आयोजित ई कविगोष्ठी मे अनेक कवि अपन कविता पाठ कयलनि आ मैथिली काव्य प्रतिभा के सराहना कयल गेल। कार्यक्रमक समापन डा. विभूति आनन्दक कविता आ अरुण माया जीक धन्यवाद ज्ञापन सँ भेल।,"दिलीप कुमार झाजी के फेसबुक पोस्ट काल्हि 10 जनवरी 2021 केँ सीतामढ़ी जिलाक पुपरी में भव्य कवि सम्मेलन आयोजित कयल गेल छल। पहिल सत्रमे ‘मातृभाषाक माध्यमसँ शिक्षा ओ मिथिलामे रोजगारक संभावना’ बिषयपर वक्ता लोकनि फैलसँ अपन विचार रखलनि। मैथिलीक वरिष्ठ साहित्यकार डा.विभूति आनन्द कहलनि जे सभसँ आवश्यक अछि परिवारक स्तरपर भाषा बचायब। पहिल पाठशाला छी त़ें पाठशालामे मैथिली अभियान तखने सार्थक भेल, जखन हम सभ अपना परिवारक स्तर पर भाषाक अधिकसँ अधिक प्रयोग करब। अध्यक्षीय उद्वोधनमे कवि अरुण माया कयलनि जे मैथिलि के पाठशाला धरि पहुँचेबामे जे अभियान आरंभ भेल अछि ताहिमे सीतामढी पछुआ नहि रहत। हमसभ अपन भाषाकें उचित सम्मान अवश्य लेब। डा. पंकज माया कहैत छथि जे समाज मे मैथिली के",0.3756,0.2051,0.2944
174,"मैथिली मिथिलाक गतिविधि केँ सर्वाधिक उत्कर्ष पर पहुँचबाक वर्ष २०१३ छल। लेखक मैथिली भाषा केँ अपन घरमे मात्र मम्मी आ पापा संगे बाजबाक बात कहैत छथि आ ई भाषा केँ बहुत मूल्यवान मानैत छथि। ओ मैथिलीमे लिखबाक गर्व महसूस करैत छथि, मुदा समाजमे ई भाषा केँ सरेआम प्रयोग करबामे संकोच करैत छथि। दीपावलीक शुभकामना दैत, लेखक मिथिलावासी सभ केँ एकता आ स्वराज्यक लेल लडबाक प्रेरणा दैत छथि। नेपालमे मिथिला राज्य निर्माणक लेल राजनीतिक दल सभक विचारधारा आ चुनावी घोषणाक चर्चा सेहो कयल गेल अछि।","६ फरवरी २०२० केँ मैथिली जिन्दाबाद!! मैथिकली मिथिलाक गतिविधि केँ सर्वाधिक उत्कर्ष पर पहुँचबाक वर्ष छल २०१३। एहि सँ पूर्व केर दुइ भाग मे दिसम्बर आ नवम्बर केर सारा गतिविधि, बात विचार आ लेख रचना सब शेयर कय चुकल छी। ३१ अक्टूबर २०१३ केर यात्रा कयल गेल, जतय पापा अपन स्कूलमे अंग्रेजी आ हिन्दी पढैत छथि। ई समय मैथिलीक महत्व पर जोर देल गेल अछि, जकरा कारण हम अपन मातृभाषा केँ बचाबय लेल प्रयास कयल जा रहल छथि, मुदा स्कूलक फीस बढ़ैत अछि। फ़ायदा नहि भेल। हिन्दुस्तानी भाषा आ संस्कृति केँ बढ़ावा देल जायत। फ़ायदे आ अपन भाषा केर महत्व पर चर्चा करबाक आवश्यकता अछि। फ़यदा अछि जे मैथिलि भाषा केँ सुरक्षित रखबाक",0.335,0.0923,0.2132
175,"३ जून २०१९ केँ वाणी भारद्वाज द्वारा स्थापित “सखी बहिनपा” समूह आन्तरिक विभाजन सँ दुइ भाग मे विभक्त भऽ गेल अछि। पहिल समूह मे आरती झा द्वारा मैथिली भाषा पर जोर देल गेल छल, मुदा विचार आ अभिव्यक्ति पर बन्धेज लगाओल गेल। वाणी भारद्वाज नव समूह केँ पंजीकृत कयलनि आ ओहि मे महिला सब केँ स्वाबलंबी बनेबाक दिशा मे काज करबाक योजना बनौने छथि। विभाजनक कारण आ विचार-विमर्श फेसबुक पर सेहो भेल, जतय मैथिली प्रेमी लोकनि अपन विचार रखलनि। वाणी भारद्वाज जुलाई मे वाराणसी मे शपथ ग्रहण कार्यक्रमक आयोजन करबाक योजना बना रहल छथि।","३ जून २०१९ केँ नव सखी बहिनपा केर स्थापनाकर्ता ‘वाणी भारद्वाज’ हालहि समाचार मे आयल छल जे सामाजिक संजाल सँ धरातल पर सक्रिय मिथिलानी विशेष समूह “सखी बहिकपा” मे आन्तरिक विभाजन सँ समूह २ ठाम विभाजित भऽ गेल अछि। विदिते अछि जे पहिने श्रीमती आरती झा आ आरती झा द्वारा फेसबुक सँ वैचारिक सम्प्रेषण केँ मान्यता नहि देल जायत। ई समूह समूहक संस्थापिका द्वारा विभिन्न स्रोत आ स्वयं पूर्व समूह केर बीच आपसी वाद विवाद सँ मैथिली भाषाक स्वतंत्रता आ विचारक स्वतंत्रता पर चर्चा कयल जा रहल अछि। एहि समूहक स्थापनाकर्ता श्री आरती झा केँ धन्यवाद देल गेल जे ई समूह केँ एक प्रमुख नगर वाराणसी सँ सोसाइटीज एक्ट अन्तर्गत पंजीयन सेहो करा लेल गेल। अंततः, ई ग्रुप केर सदस्यता केँ अलग-अलग जिलान्तर्गत एकजुटता आ एकजुटता केर आवश्यकता अछि।",0.3229,0.0995,0.1973
176,"मई १२, २०१८ केँ भारतीय प्रधानमंत्री नरेन्द्र मोदी अपन दुइ दिवसीय नेपाल भ्रमण कय केँ स्वदेश वापस चलि गेलाह। जनकपुर मे जानकीजीक पूजा अर्चना कयलाक बाद नागरिक अभिनन्दन समारोह मे मेयर लाल किशोर साह द्वारा हुनका स्वागत कयल गेल। काठमांडू मे सेहो पीएम मोदीजीक स्वागत लेल मैथिली आ नेपाली गीतक गायन भेल, जतय मैथिल गायक रामा मंडल केर उपस्थिति रहल। जनकपुर मे डा. चन्द्रमणिक रचना 'मंगलमय दिन आजु हे, पाहुन छथि आयल' केर गान भेल आ काठमांडू मे गायल गेल गीत मे भारत-नेपाल केर मित्रता आ सहयोगक संदेश देल गेल।","मई १२, २०१८ केँ भारतीय प्रधानमंत्री नरेन्द्र मोदी नेपाल भ्रमण कय केँ स्वदेश वापस चलि गेलाह। जनकपुरक बारहबिघा स्थित रंगभूमि मैदान मे हुनका नागरिक अभिनन्दन जनकपुर महानगरपालिकाक मेयर लाल किशोर साह द्वारा देल गेलनि, जतय मैथिलीक एक वरिष्ठ गायक सुनील मल्लिक केर उपस्थिति देखल गेल। रामा मंडल केर रचना ‘मंगलमय दिन आजु हे, पाहुन छथि आयल’ केर गान भेल छल। नेपाल मे मैथिल लोकनि द्वारा स्वागत गीत प्रस्तुत कयल गेल अछि, जकरा संग भारत नेपाल केर संयुक्त गान केर अम्बार देखल जा रहल अछि। फ़ातिमा पाण्डेय, मैथिली भाषा आ संस्कृति केर संरक्षण आ संवर्धन केर महत्व पर जोर देलनि। फ़ायरलाइन्स पर चर्चा करबाक आवश्यकता अछि, मुदा भारत नेपालक लोकनि केर सांस्कृतिक विरासत पर चर्चा करैत अछि आ भारत नेपाल",0.5167,0.2705,0.4019
177,"डा. लक्ष्मण झा १९५५ मे अपन पोथी 'द नार्दर्न बोर्डर' मे मिथिलावासी लोकक कायरता आ गुलामी प्रवृत्ति पर चर्चा कयलनि। ओ बतौलनि जे ब्रिटिश आ काँग्रेसक शासन नीति प्रति लोकक रवैया कमजोर रहल अछि। हुनकर दल 'मिथिला सोशलिस्ट पार्टी' मिथिला राज्यक गठनक लेल संघर्ष कय रहल छल, मुदा नेहरू सरकार द्वारा ई माँग नकारल गेल। डा. झा कहैत छथि जे आजुक स्थिति सेहो ओहि दिनक जेकाँ खराब अछि, जतय राजनीतिक दिशा मे जाति आ धर्मक ठीकेदार सब शासक बनि गेल छथि।","बहस १९५५ ई. मे शुरू भेल, जतय डा. लक्ष्मण झा लिखलनि जे मिथिला मे सड़ल गलल लोक थिकहुँ। ई सड़न हमरा सभक अभावक जीवनस्तर आ दुनू ब्रिटिश या काँग्रेस द्वारा अपनायल गेल शासन नीति केँ नकारि रहल छथि। हुनकर दल “मिथिला सोशलिस्ट पार्टी” द्वारा मिथिलावासी पर तंज कयल गेल, जखन कि मिथिलाक स्वतंत्रताक प्रस्ताव पारित कय रहल अछि, मुदा हुनका लोकनिक चरित्र केँ बर्बाद कय देलक। डा. राममोहन राय कहैत छथि जे ई आन्दोलन मिथिला केर इतिहास पर आधारित अछि। बहस मे डा. झा अपन विचार व्यक्त कयलनि जे भारतक स्वतंत्रता केँ सुनिश्चित करबाक लेल प्रयास कयल जा रहल। खूब चर्चा आ बहस मे भाग लेल गेल।॔॔",0.4043,0.086,0.2234
178,"मिथिलाक पिछड़ापनक मुख्य कारण अशिक्षा आ अशिक्षाक मूल कारण पर एकटा सर्वेक्षण कयल गेल। विभिन्न विद्वान् आ विशेषज्ञ लोकनिक विचार अनुसार शिक्षा मे कमी, महग निजी शिक्षा, आ सरकारी शिक्षा व्यवस्था के अव्यवस्था प्रमुख कारण छथि। मैथिलीक चर्चित साहित्यकार रमेश, किसलय कृष्ण, आ डा. चन्द्रशेखर पासवान जेकाँ लोकनिक विचार अछि जे अशिक्षा आ अवसरक कमी मिथिलाक विकास मे बाधा पहुँचा रहल अछि। अन्य विशेषज्ञ लोकनि जइमे अनिल झा, प्रदीप झा, आ मनीष आनन्द सेहो अपन-अपन दृष्टिकोण प्रस्तुत कयलनि। सर्वेक्षण मे कहल गेल अछि जे स्थानीय लोकक असहयोग आ घमंड सेहो विकासक राह मे रुकावट बनल अछि।","मिथिलाक पिछड़ापनक मुख्य कारण अशिक्षा आ अशिक्षाक मूल कारण अछि। प्रवीण नारायण चौधरी द्वारा फेसबुक पर विचार विमर्श सामाजिक संजाल केर बहुत पैघ उपयोग कयल गेल अछि, जकरा मे अनेक विज्ञजन आ विद्वान् लोकनि विचार कयलनि अछि। ओ मैथिली मंचक चर्चित उद्घोषक ‘किसलय कृष्ण’ कहलनि अछि जे मैथिलीक चर्चित साहित्यकार रमेश’ एकर उत्तर दैत छथि जे शिक्षा आ अव्यवस्थित सरकारी शिक्षा व्यवस्था पर विज्ञजनक राय लय सकैत छी। ओ कहैत छलाह जे शिक्षा व्यवस्था केँ सुधारल जा रहल अछि, मुदा शिक्षा आ स्वास्थ्य केर स्थिति पर चिंता व्यक्त कयल जायत अछि। खूब चर्चा कय रहल छथि। फ़ेसबुक पर टिप्पणी कयल जा रह अछि जे लेखक केर लेखन आ लेखन शैली केर महत्व पर जोर देल गेल अछि।",0.338,0.1327,0.2347
179,"कोरोना एक पागल बनि गेल अछि, जे धरती केँ घायल कय रहल अछि। ई समय के उपहार ल’ क’ सब केँ लकडाउन मे राखि रहल अछि। कोरोना वला लकडाउन सऽ इकोनोमी पर बेफायदा भ’ रहल अछि। लेखक आग्रह कय रहल छथि जे सब अपन घर मे रहू आ स्वास्थ्य के ध्यान राखू, कियाकि ई समय बहुत कीमती अछि।","कोरोना कोरोना – हमर विचार, अम्बिका चौधरी, बीए (जर्नलिज्म), सीएमएस, जैन युनिवर्सिटी, बंगलुरु बहुत प्रताड़ित कयलहुँ अहाँ सब हमरा अपन हड़बड़ाहट सँ आबि गेल अछि। ई दुनिया अपन स्वार्थ के भरपाई के लेल ई लकडाउन सऽ इकोनोमी भ’ रहल अछि के सऽ!! ई ब्रेकडाउन, बिना दू पैसा कमेने कतय सँ भेटत अछि। हुनकर स्वास्थ्य के ध्यान ई समय फेर, कि पता फेर काल्हि कि !! एकटा समय के उपहार ल’ क’ अपन घर मे एक संग रखय के लेलक प्रयास कयल गेल अछि, जतय ओकरा भोजन आ टकिला पर लाइम!! अछि। बढ़ि गेल समय के महत्व के बारे मे जानकारी देल गेल अछि अछि। दुनियाभर केँ जागरूक नागरिक के निम्ति रहू अपन स्वास्थ्य पर ध्यान देल जा रहल",0.4091,0.1609,0.1932
180,"अपील समस्त मैथिल जनमानस! दरभंगा मे सेमिनार राखि रहल छी जे मिथिलाक आर्थिक उपेक्षा आ लोकपलायन रोकबाक उपाय पर केन्द्रित अछि। १० गो विद्वान् केर आवश्यकता अछि, जिम्हर ८ गो हिन्दू आ २ गो मुसलमान होएत। कार्यपत्र आ विमर्शक भाषा मैथिली रहत। सेमिनार मार्च या अप्रैल २०१८ मे आयोजित करबाक योजना अछि, जे आर्थिक पिछड़ापन दूर करय लेल विशेष आर्थिक पैकेज आ डेवलपमेन्ट काउन्सिल बनाबय पर ध्यान केन्द्रित करत। विद्वानक नाम, परिचय, नंबर आ ईमेल सहित सुझाव देबाक लेल आग्रह कयल गेल अछि।","मैथिल जनमानस! मिथिलाक समग्र विकास आ समाजक प्रगतिक संग एहि अत्यन्त प्राचीन सभ्यताक दूरगामी संरक्षण लेल कार्यरत जाग्रत मैथिल अभियानी लोकनिक अगुवाई मे दरभंगा मे सेमिनार राखि रहल छी। विद्वान् चाही १० गो केँ आर्थिक उपेक्षा आ लोकपलायन रोकबाक उपाय पर कार्यपत्र राखि विमर्श केँ आरम्भ करैथ। १० गो विद्वान् मे ८ गो हिन्दू, २ गो मुसलमान विद्वान् केर आवश्यकता अछि। कार्यपत्र मे आर्थिक पिछड़ापन केँ दूर करय लेल विशेष आर्थिक पैकेज आ एकटा डेवलपमेन्ट काउन्सिल बनाबय, ताहि दिशा मे डेग बढेबा सँ पहिने किछु तथ्यपूर्ण आँकड़ा सहितक आलेख संकलन केर उद्देश्य अछि। मैथिली भाषा आ संस्कृति केँ बचाबय आ विकास केँ बढ़ावा देल जा सकैत अछि। खूब चर्चा कयल गेल अछि। मैथिल समाज केँ जागरूक करबाक प्रयास कयल जा रहल",0.4804,0.2772,0.3824
181,"कथा पंचतंत्र मे एकटा राजा आ बानरक प्रेमक वर्णन अछि। बानर राजा केँ गर्मी सँ बचाबय लेल पंखा डोलाबैत छल, मुदा एकटा माछी बार-बार राजाक छाती पर बैसि जाइत छल। बानर माछी केँ उड़ा देलनि, मुदा अंततः तलवार चला देलनि, जकरा कारण राजा केँ चोट लागल। दोसर कथा मे एक विद्वान् पंडित चोरी कय केँ जीवनयापन करैत छलाह, ओ चारि ब्राह्मण पुत्र केँ ठगय के प्रयास कयलनि, मुदा अंततः डाकू सभ ओहि पंडित केँ मारि देलनि आ ब्राह्मण केँ छोड़ि देलनि। एही सँ कहल गेल अछि जे विद्वान् शत्रु नीक होइत छैक।","कथा पंचतंत्र सँ अनुवादः प्रियशील नारायण चौधरी द्वारा लिखल गेल अछि जे एकटा बानर केँ गर्मी सँ बचेबाक लेल बानर पंखा डोला रहल छल। एकटा माछी बेर बेर राजाक छाती पर आबिकय बैसि जाइत छलैक। ओ एक विद्वान् मित्र रहैत छथि, जे माछी उड़ि जाइत छल आर फेर ओ देवाल पर टांगल तलवार उतारिकय। राजा सुतल माछी पर भरपूर ताकत सँ तलवार चला देलक। माछी त उड़ि गेल लेकिन राजाक शरीर दू टुकड़ी भऽ गेलैक। विद्वान् शत्रुक कथा सुनू, मुदा परिस्थितिवश ओ चोरी आर ठगी आदि जेहेँ जीवनयापन करय लगैत छल। अंततः, राजा केँ मूर्ख मित्र केँ बचाबय के उपाय सुनू।॔ खूब पढ़ेल लेख लेख सँ विद्वान् विद्वान् आ विद्वान् लोक सब",0.3922,0.1188,0.2549
182,"मिथिला युवा शक्ति द्वारा दिल्ली केन्द्र सँ 'मिथिला चिन्तन' नामक गृह उद्योग संचालन कयल जा रहल अछि, जे मैथिलक विशेष खाद्य परिकार उत्पादन आ वितरण करैत अछि। वर्तमान युगक युवा शक्ति अन्य राज्यक प्रगति मे 'श्रमदानी' बनि खपि रहल अछि, जखन कि ८० प्रतिशत युवा साधारण पढल लिखल छथि। प्रवासी मैथिल अपन मातृभाषा आ संस्कृति केर संरक्षण हेतु जागरूकता बढ़ा रहल छथि, संगहि विभिन्न समारोह द्वारा अपन अस्मिता प्रति जागृति सेहो देखाइत अछि। 'मिथिला गृह उद्योग' सँ संचालित 'मर्यादा' ब्रान्ड द्वारा पारंपरिक भोजन परिकार भारतक विभिन्न शहर मे उपलब्ध करायल जा रहल अछि, जे घरेलू महिला केँ स्वरोजगारक अवसर प्रदान करैत अछि। एहन प्रयास सँ मिथिलाक पहचान आ संस्कृति पुनर्जीवित होयबाक आशा जगाइत अछि।","मिथिला युवा शक्ति द्वारा दिल्ली केन्द्र सँ मर्यादा ब्रान्ड अन्तर्गत मैथिलक विशेष खाद्य परिकार उत्पादन, बिक्री एवं वितरण लेल मिथिला गृह उद्योग संचालन सर्वविदित अछि। वर्तमान युगक सर्वथा युवा शक्ति अन्य राज्यक प्रगति मे ‘श्रमदानी’ बनि खपि रहल अछि। ८० प्रतिशत युवा साधारण पढल लिखल, बस अक्षर ज्ञान सँ भिज्ञ बनैत मजदूरी या फोर्थ ग्रेड केर पहिचान बनलाक कार्य करैत अछि। मैथिल युवा शक्ति केँ रोजगार सँ वंचित रखैत अछि, जकरा कारण मिथिलाक विकास मे बाधा उत्पन्न भऽ रहल छथि।॔ खूब पढ़ेल लेख लेख सँ मिथिला केर युवा वर्ग केँ जागरूक करबाक आवश्यकता अछि। फ़ातिमा सिन्हा द्वारा प्रस्तुत लेख मे मिथिला मैथिल भाषा आ संस्कृति केँ बचाबय लेल प्रेरित करबाक आग्रह कयल गेल अछि।",0.4386,0.2301,0.3421
183,"बेटीक जन्म पर समाज मे खुशी मनाएल जाइत अछि, मुदा दहेजक लोभ आ मानसिक प्रताड़ना सँ पीड़ित बेटीक स्थिति दुःखद अछि। परिवार अपन सम्पत्ति बेचिकय बेटीक विदाई करैत अछि आ दहेजक कारणें ओहि पर अत्याचार होइत अछि। मिथिला मे बेटीक स्वागतक परंपरा अछि, मुदा आजुक समय मे भौतिकतावाद आ लोभक कारणें स्थिति विकृत भऽ गेल अछि। गर्भपात आ भ्रुण हत्या जेकाँ गंभीर समस्यासभ सेहो समाजक मानसिकता केँ दर्शाबैत अछि। दहेज मुक्त मिथिला बनेबाक लेल सभक ध्यान आ प्रयास आवश्यक अछि।","अपन कल्याण संग समाजक कल्याण लेल किछु महत्वपूर्ण उपाय बताओल गेल अछि। एकटा बेटीक विदाई परिवार मे नव नव सुख आ सम्पत्तिक संग होएत छैक। दहेजक लोभ मे आकंठ डूबल सासूर परिवार ओहि बेटी केँ दिन राति बात कथा आ गारि मारि दैत अछि। दहेज प्रथा आ दहेज प्रथा केर प्रभाव सँ ओ अपन जीवनक रक्षा करबाक लेल जागरूक भऽ जाइत अछि, जकरा कारण समाज मे विकृति उत्पन्न भऽ जायत। दहेज आ दहेजक लालच मे आसुरिक घर परिवार केर लोग अपन बेटीक विवाह मे बाधा उत्पन्न कय रहल छथि। वैवाहिक जीवन मे सुख आ समृद्धि आ समृद्धि के महत्व पर चर्चा करबाक आवश्यकता अछि। खूब पढ़ेल लेख लेख सँ जुड़ल अछि जे समाज मे दहेजक समस्या उत्पन्न करैत अछि आ समाजक कल्याणक आवश्यकता पर जोर देल जा रहल अछि।विवादक चर्चा सँ",0.3223,0.0861,0.1517
184,"मिथिलाक प्रसिद्ध भगवती गीत ""जगदम्बा घर में दियरा बारि अयली हे"" सँ गोसाओन घरक महत्ताकेँ दर्शाओल गेल अछि। मिथिला मे नित्य दिन जगत तारिणी भगवती केर पूजा कयल जाइत छैन्ह। लेखक अपन माता जी केर पूजा आ आहारक प्रथा के बारे में वर्णन कयलनि, जखन ओ स्वर्गलोक पधारि गेलीह तखन घरक स्थिति बिगड़ि गेल। लेखक आ हुनकर भाई गाम में घरक मरम्मत आ गोसाओन घर में पूजा के व्यवस्था करैत छथि। ओ अपन इच्छा व्यक्त करैत छथि जे ओ गाम में रहि कऽ भगवती केर पूजा आ घरक देखभाल कयल जाउ।","मिथिलाक प्रसिद्ध भगवती गीत जगदम्बा घर में दियरा बारि अयली हे, जकरा में कंचन थार कपूर के बाती, मैया जी के आरती उतारि अयली आ जगदम्बा केर पूजा कयल जाइत छैन्ह। माताजी भोर में किछु अन्न ग्रहण करैत छलीह आ ओहिठाम चाह पीबाक प्रथा सेहो छल। ओ लोकनि पूर्णरूपसँ निराहार रहैत आ गोसाओन घर में पूजा कयलाक उपरान्ते किछु खाइत छलह। कतेको बेर डाँक्टर साहेब कहलखिन्ह जे माता जी भोर मे किछु आहार लऽ लिअऽ नहि किछु तऽ कम एक गिलास सत्तू पी लेल करू, मुदा हमर माताराम मानय बाली कहाँ? गोसा ओन घर गेना आ अङहूल फूल सँ चमकैत रहैता। ओहि पर अगरबत्ती केर सुगन्ध हमरा सभके रैब",0.35,0.1616,0.24
185,"पति पत्नी सम्बन्धक टूटि रहल स्थिति मैथिल ब्राह्मण समुदाय मे एकटा गंभीर विषय बनि गेल अछि। चट मंगनी पट बियाहक प्रचलन आ आधुनिक विवाहक प्रक्रिया मे बदलावक कारणें झगड़ा आ तलाकक घटनाक संख्या बढ़ि रहल अछि। विवाहक प्रारंभिक दिन मे एक दोसराक ख्याल राखब आ विश्वासक कमी, बेवफाई, आ घरक लोकक दखल जेकाँ कतेको कारण सम्बन्ध केँ कमजोर करैत अछि। एहि समस्याक समाधान लेल नेह आ विश्वासक आवश्यकता अछि, जकरा बिना सम्बन्ध केँ बचायब कठिन भऽ जाइत अछि।","कियैक टूटि रहल अछि पति पत्नी सम्बन्ध आ केस स्टडी मैथिल ब्राह्मण समुदाय मे। प्रवीण नारायण चौधरी चट मंगनी पट बियाह, झट झगड़ा फट तलाक, तलाक आ विवाहक प्रक्रिया पर चर्चा कयलनि। ओ अपन ओजस्विताक संग कहय लगथिन जे बरसातक बिना अन्न उपजय लागल, कि मनुक्ख केँ सींग निकैल गेल, आ ब्राह्मण समुदाय केर कुटमैती बड़ा कठिन मानल जा रहल छथि। ओ कहैत छथि जे समाज मे बदलावक पैघ इतिहास अछि, मुदा हुनका परिवार केर संस्कार आ संस्कार केँ स्वीकार करैत अछि।॔ खूब पढ़ेल लेख लेख सँ मैथिल समाज केँ जागरूक करबाक आवश्यकता पर जोर देल गेल अछि।า फ़ायदा अछि जे मैथिली भाषा आ संस्कृति केँ बचाबय लेल महत्वपूर्ण भूमिका निभाबय",0.328,0.0856,0.2011
186,"गोपाल मोहन मिश्रक कविता में जिंदगी के रहस्य, प्रतिस्पर्धा, माँ दुर्गा के महिमा आ पत्थर के प्रतीकात्मकता पर चर्चा कयल गेल अछि। कवि जीवन के संघर्ष आ भाग्य पर विचार करैत छथि, संगहि माँ दुर्गा के शक्ति आ सृष्टि में ओहिक महत्व के बर्णन करैत छथि। ओहिक कविता में जिद आ सफलता के बीच के संबंध पर सेहो प्रकाश डालल गेल अछि, जतय संघर्ष के माध्यम से सीख आ विकास के बात कयल गेल अछि।","कविता में माँ दुर्गा के जीवन पर चर्चा कयल गेल अछि, जकरा में माँ लक्ष्मी केर जीवन के बारे में चर्चा कएल गेल अछि। ओ अपन भाग्य पर भरोसा कएने के प्रयास कयलनि, जखनि तक जान अछि बाकी। चलू एकटा बाज़ी आर खेली चलू एक झोंका आर झेली। प्रतिस्पर्धा छोट पैघ गांव, कस्बा शहर में, पाठशाला आ महाविद्यालय में, सरस्वती माँ के चरण में, डुबकी लगाब अबैत अनेकों प्रतिभागी, थिरकैत शान सं, बजबैत ज्ञान केर बांसुरी, हेरा जाइत छथि। प्रतिभागी के बीच प्रतिस्पर्धा बढ़ैत अछि, मुदा भाग्य केर कमी रहल अछि। अंत में, माँ लक्ष्मी जी के जीवन केर महत्व पर चर्चा करबाक आवश्यकता अछि। फ़ातिमा मिश्र लेख में कहैत अछि जे माँ लक्ष्मीजी के जीवनक महत्व आ जीवन के महत्व पर प्रकाश डालल गेल",0.35,0.1313,0.25
187,"महापुरुष लोकनिक महिमा आ हुनक सङ्ग केर फल पर चर्चा कयल गेल अछि। सत्सङ्ग सँ मनुष्य केँ स्वर्ग आ मोक्ष केर प्राप्ति होइछ, जकर तुलना कियो नहि कय सकैत अछि। महात्मा लोकनिक सङ्ग दुर्लभ आ अमोघ होइछ, जकरा सँ श्रद्धा आ प्रेमक संग लाभ होइछ। उदाहरण स्वरूप, दुइ ब्राह्मणक कथा सँ बुझायल जे सकाम आ निष्काम भाव सँ अग्निहोत्र कयलासँ भिन्न-भिन्न लाभ भेटैत अछि। महात्मा लोकनिक संग रहनाय आ हुनक गुण सभक प्रभाव सँ मनुष्यक जीवन मे सकारात्मक परिवर्तन होइछ।","स्वाध्याय लेख मे प्रवीण नारायण चौधरी सत्सङ्ग आ कुसङ्ग महापुरुष लोकनिक महिमा आ हुनक सङ्ग केर वर्णन कयल गेल अछि। श्रीतुलसीदासजी महाराज कहैत छथि जे भगवानक महान आदर्श चरित्र आ गुण सभक महिमा अनिवर्वचनीय अछि। एहि श्लोक मे भगवानक जीवन आ कर्मक महिमा केँ वर्णित अछि, जकरा सँ मनुष्यक सुख आ मोक्ष केर महत्व पर प्रकाश डालल गेल अछि, मुदा महापुरुष लोकनि केर महिमा आ गुणक महिमा पर चर्चा कयल जा रहल अछि। अंत मे, ओहि लोकनिक जीवनक महत्व पर चर्चा करैत अछि।- सत्संग मे भक्ति आ भक्ति केर महत्त्व पर जोर देल गेल छथि, जतय भगवानक संग प्रेम आ श्रद्धा केर चर्चा करबाक आवश्यकता अछि। खूब पढ़ेल जा सकैत अछि आ सत्संग मे भाग लेल प्रेरित करैत रहल छथि।॔",0.35,0.1515,0.22
188,"परोपकार जीवनक एक महत्वपूर्ण पक्ष अछि, विशेष कऽ मनुष्य लेल। दहेज प्रथा पर चर्चा करैत, लेखक कहैत छथि जे असल वीर ओ छथि जे बिना कुटुम्बक मांगलाक बेटी बहिनक विदाई रीतिपूर्वक करैत छथि। दहेजलोभी लोक पापी बनि जाइत छथि, जबकि परोपकारी लोक सदैव दूसराक भलाईक लेल सोचैत छथि। लेखक सब केँ आग्रह करैत छथि जे कन्यादान मे सहयोगी बनि, जीवन मे परोपकारक छोट कार्य करथि। ई कार्य धर्म आ सुन्दर प्रारब्ध अर्जित करबाक हेतु महत्वपूर्ण अछि।","परोपकार सँ पैघ मनुष्य लेल अनमोल सेहो छैक। मनुष्य केँ प्राप्त आयु मे ओकरा बहुत किछु करबाक आधार भेटैत छैक जे आन जीव केँ शायद नहि छैक नसीब। ई तरहें मनुष्य योनि मे जन्म लेलाक बादे ‘मोक्ष’ जेहेन सर्वोच्च अभीष्ट प्राप्त होइत अछि। दहेज प्रथा सँ अपन सामर्थ्य अनुसार जमा पूँजी मे सँ टका पैसा गानि बेटी बहिनक विवाह करैत अछि, मुदा ओ अपन सर्वोत्कृष्ट भावना सँ बिना कुटुम्ब पक्ष द्वारा मंगनहिय धन केर सदुपयोग केर आधार पर थिक। विवाह मे दहेज प्रथा केर महत्व पर विचार कयल जा रहल अछि, जकरा कारण समाज मे अपन अपन सम्मान केर कमी भेल अछि। फ़ौरन दहेज प्रथा पर विचार करबाक आवश्यकता पर जोर देल गेल अछि, ताकि समाज मे जागरूकता आ जागरूकता उत्पन्न होइत।॔",0.2121,0.0306,0.101
189,"अंजना झा मिथिलाक एक प्रमुख व्यक्तित्व छथि, जे फरीदाबाद मे रहैत छथि। हुनकर स्कूली शिक्षा बेगूसराय के ओमर बालिका उच्च विद्यालय स भेल आ ग्रेजुएशन एम डी डी एम मुजफ्फरपुर स कयलनि। अंजना झा एक कवियित्री, लघु कथा रचनाकार आ कुशल वक्ता छथि, जिनकर रचना समसामयिक विषय पर आधारित अछि। हुनकर रचना ""पालनहार"" स्त्री के विविध रूप के चित्रण करैत अछि आ मिथिला टीवी पर हुनकर वक्तव्य हमेशा महत्वपूर्ण रहैत अछि। अंजना झा मिथिला के नारी शक्ति छथि, जिनका पर गर्व होइत अछि।","अंजना झा मिथिला के नैहर हाबीभौआर सासुर छथि, जे मिथिलाक ओ मिथिलानी छथि जे हमरा सबके हिनक व्यक्तित्व पर हर क्षण गर्वक अनुभूति रहल छथि। अंजना के स्कूली शिक्षा बेगूसराय के ओमर बालिका उच्च विद्यालय स, ग्रेजुएशन एम डी डी एम मुजफ्फरपुर स, मास्टर मनोविज्ञान मे टापर मिथिला युनिवर्सिटी स संपन्न भेल, जे वर्तमान मे बी एस एफ के उच्च पदाधिकारी छथि आ संप्रति एक कंपनी में उच्च पदाधिकारी रहैत अछि। हिनक रचना हिन्दी भाषा आ संस्कृति के संरक्षण मे महत्वपूर्ण भूमिका निभा रहल अछि। मिथिला टीवी के लगभग हर डिबेट मे हिनक वक्तव्य गागर मे छल छल, मुदा हिनक कविता आ कविता के महत्व पर चर्चा कयल जा रहल। खूब चर्चा स सकैत अछि आ मिथिला समाचार पत्र के प्रति आभार व्यक्त करैत रहल छल। खूब पढ़ेल",0.4265,0.1914,0.2749
190,"गहोलीक पर्व भारतवर्ष में विशेष स्थान रखैत अछि। ई पर्व प्रह्लाद आ होलिका के कथा सँ जुड़ल अछि, जतय होलिका प्रह्लाद के अग्नि में जलाबै के प्रयास कयलनि, मुदा भगवानक कृपा सँ प्रह्लाद बचि गेलाह आ होलिका जलि गेली। फाल्गुन पूर्णिमा के राति होलिका दहन होइत अछि आ चैत मासक प्रतिपदा के होली उत्सव मनाओल जाइत अछि। मिथिलांचल में होली मनेबाक तरीका अलग-अलग होइत अछि, जतय भगवान राम आ माता सीताक गीत गाओल जाइत अछि। हालाँकि, होली के अवसर पर किछु लोक मदिरा आ माँस के सेवन करैत छथि, जे कि उचित नै अछि।","गहोलीक नाम सुनितहि त मोन में एकटा अलगे तरंग संचारित भ जाइत अछि, मुदा होलीक स्थान बुझु सर्वोपरि। ओना त सभ त्यौहार मनेबाक पाछाँ त किछु लोक कथा होइत अछि। हिरणकश्यप आ होलीका ईनिर्णय लेलक जे भगवान विष्णु के ल क अग्निस्नान क लेत जाहि में प्रह्लाद जरि क भस्म भ जैत। प्रह्लाद आ होलिका प्रह्लाद के लक बैसि गेल, जखन हिरण्यकश्यप भगवानक महिमा सँ चिता में अग्नि प्रज्वलित कैल गेल। अंत में प्रह्लाद भगवानक नाम जाप करैत रहलाह, जकरा बाद होलिका अग्निस्नान करैत। अंततः प्रह्लाद आ प्रह्लाद के बीच मित्रता बढ़ल। खूब चर्चा कयल गेल अछि। खूब खूब पढ़ेल जा रहल छथि जे होलीक पर्व पर भगवान के महिमा के महत्व के बारे में जानकारी देल गेल",0.3491,0.0476,0.1792
191,"सर्वे, 21, 2015. भारतीय प्रधानमंत्री नरेन्द्र मोदी आ हुनकर नेतृत्व मे चलि रहल भारत सरकार सँ सन्तुष्टि आ असन्तुष्टि पर आधारित प्रश्नोत्तरी प्रस्तुत कयल गेल अछि। सर्वे मे प्रश्न अछि जे मोदी केर लोकप्रियता, राहुल गांधी केर टक्कर, विपक्षक एकजुटता, आ 2019 केर लोकसभा चुनाव मे मोदीक पुनः सरकार बनेबाक संभावना पर। संगहि, मोदी सरकार केर उपलब्धि आ विफलता पर सेहो विचार कयल गेल अछि। पाठक सँ अपन उत्तर कमेन्ट बक्स मे पोस्ट करबाक अनुरोध कयल गेल अछि।","सर्वे मे भारतीय प्रधानमंत्री नरेन्द्र मोदी आ हुनकर नेतृत्व मे चलि रहल भारत सरकार सँ अहाँ कतेक सन्तुष्ट असन्तुष्ट छी। मोदी केँ चुनौती देल गेल अछि, जकरा कारण गरीबक समस्या बढ़ल अछि। मोदी पिछला चुनाव केर मुकाबला नहि भऽ पाओत। विपक्ष एकजुट भैयो जायत तऽ मोदी सरकार बनेता। मोदी 2014 केर लोकसभा चुनाव मे जीत सकैत छथि, लेकिन विपक्ष एकजुट भऽ कय हारैत अछि। सर्वे मे मोदी केर लोकप्रियता केँ देखल जा रहल अछि, मुदा मोदी सरकार केँ हराने मे सफल भऽ रहल छथि। युवा पीढ़ी मोदी के समर्थन मे एकजुट अछि। उन्निगामिता केँ दूर करबाक लेल प्रयास करबाक आवश्यकता अछि। फ़ायदा लेल युवा पीढ़ी एकजुट अछि आ मोदी सरकार बनबय केर शुभकामना देलनि।॔ फ़ौरन",0.3523,0.199,0.2694
192,"जनकपुर, १५ सितम्बर २०१९. भोर संस्थाक अध्यक्ष राजकुमार महतो द्वारा जारी प्रेस विज्ञप्ति अनुसार नेपालक १७२ गोटे एसईई २०७५ तथा ४८ गोटे १२वीं कक्षा मे उत्तीर्ण मुसहर विद्यार्थी केँ सम्मान कयल गेल अछि। समारोह मे प्रदेश २ केर आन्तरिक मामिला मंत्री ज्ञानेन्द्र कुमार यादव, मुसहर समुदाय सँ पहिल पीएचडी डा. संतोष माझी आ नीति आयोगक उपाध्यक्ष प्रा. डा. भोगेन्द्र झा द्वारा सम्मान प्रदान कयल गेल। कार्यक्रम मे ३०० सँ बेसी मुसहर विधार्थी आ अभिभावक सहभागी रहलथि। भोर द्वारा मुसहर समुदायक बालबालिका केँ शिक्षाक मुलधार मे अनबाक काज विगत १० वर्ष सँ कयल जा रहल अछि।","भोर संस्थाक अध्यक्ष राजकुमार महतो द्वारा नेपालक देश भरि सँ १७२ गोटे एसईई २०७५ तथा ४८ गोटे १२वीं कक्षा मे उत्तीर्ण मुसहर विद्यार्थी केँ सम्मान कयल गेल अछि। भोर संस्था द्वारा मुसहर समुदाय मे साक्षरता केँ बढेबाक आर शिक्षाक महत्व सँ एहि वंचित समुदाय केँ जोड़ि मुख्यधारा मे शामिल करबाक मुहिम पिछला किछु वर्ष सँ निरन्तरता मे अछि। एहि समारोह मे प्रदेश २ केर सांसद राम आशीष यादव आ फुलिया देवी सदा अतिथीक रूप मे सहभागी भेलथि। एहि कार्यक्रम मे नेपाल २ सरकारक नीति आयोगक उपाध्यक्ष प्रा. डा. भोगेन्द्र झाक विशिष्ट आतिथ्यमे संचालन भेल। कार्यक्रमक उद्घोषण भोरक कोषाध्यक्ष पंचूलाल माझी मुसहर कयलनि। तहिना कार्यक्रम मे प्रदेश ३ केर विधायक राम आशीष सिंह आ अन्य लोकनि उपस्थित रहल छथि, जतय प्रदेश २ सरकार द्वारा शिक्षा आ स्वास्थ्यक महत्व पर जोर देल गेल।",0.5133,0.3125,0.3628
193,"मधुबनी मे १६ अक्टूबर २०२१ केँ दहेज मुक्त मिथिला पूजा मिलन समारोह आयोजित भेल, जेकर अध्यक्षता वन्दना चौधरी कयलीह। कार्यक्रम मे दहेज मुक्त मिथिला समूह केर उद्देश्य आ कार्यक्रम पर चर्चा भेल आ रंजना मिश्रा दीदी द्वारा संस्थाक दीर्घकालीन संचालन लेल अनुभव साझा कयल गेल। कोर कमिटी केर गठन आ निर्धन कन्या सहायता अक्षय कोष केर व्यवस्थापन पर निर्णय लेल गेल। समारोह मे विभिन्न स्थान सँ अभियानी लोकनिक उपस्थिति रहल आ सामुहिक विवाह आ दहेज युक्त विवाह केँ बहिष्कार करबाक संकल्प लेल गेल। कार्यक्रमक समापन स्वरुचि भोज सँ भेल।","मधुबनी मे मिलन समारोह १६ अक्टूबर २०२१ केँ तय समय आ तय स्थान पर सम्पन्न भेल। कार्यक्रमक अध्यक्षता समूह संचालिका वन्दना चौधरी कयलीह आ कार्यक्रम संचालन नीरज कुमार झा कयने रही। मंचस्थ विशिष्टजन मे बुजुर्ग अभिभावक, अबला असहाय संग महिला उत्थानक हर प्रयास मे सहयोग करबाक वचन देनिहार तरुण कुमार झा, नवारम्भ प्रकाशनक संचालक सह दहेज मुक्त मिथिला अभियानक आरम्भकाल सँ सदिखन महत्वपूर्ण मार्गदर्शन करौनिहार मैथिली साहित्यक पुरोधा व्यक्तित्व अजित आजाद आ अन्य अतिथिगण उपस्थित रहैत। कार्यक्रम मे महिला सशक्तिकरण आ महिला सशक्तिकरण लेल विभिन्न विषय पर चर्चा कयल गेल। कार्यक्रमक सफलता पर चर्चा करबाक आशा व्यक्त कयल जा रहल अछि। फ़ेसबुक, फेसबुक, ट्विटर आ अन्य माध्यम सँ जानकारी देल गेल अछि। मिथिला परिवार केर सहयोग आ सहयोग केर महत्व पर जोर देल",0.3962,0.1238,0.2264
194,"मनीष कर्ण, जनकपुरधाम। 12 मार्च, 2022। मैथिली जिन्दाबाद!! मिथिलामें रंगोत्सव धूमधाम सँग मनायल जा रहल अछि। काठमांडू आ जनकपुरमे ""बसन्त काव्योत्सव"" आ ""फागु राग तथा गीत"" कार्यक्रम सम्पन्न भेल। काठमांडूमे विभा झा जीक सभापतित्वमें बबिता मिश्र प्रमुख अतिथि रहल छलीह, जखनकि जनकपुरमे होरी महोत्सव भव्यताक संग मनाएल गेल। सखी सबहक उपस्थिति आह्लादकारी रहल।","मनीष कर्ण,जनकपुरधाम।12 मार्च,2022.मैथिली जिन्दाबाद!! मिथिलामें अखनि रंगोत्सव रंगमे रँगायल लागल अछि। ठाम ठाममे विभिन्न संघ संस्था सभ होरी मिलन समारोह आ फगुआ राग,गीतनाद सहजहि सुनल जा’ सकैए। सखी बहीनपा मैथिलानी समुह काठमांडू आ तहिना जनकपुरक समुह धूमधाम सँग “बसन्त काव्याेत्सव” एवं “फागु राग तथा गीत” विषयक कार्यक्रम सम्पन्न भेल। कार्यक्रमक प्रमुख अतिथि बबिता मिश्र आ पठीत कविता गीतक समिक्षा रूपा झा कएलनि। कवि लाेकनिमे चंदन झा आ गायनमे मीनू कर्णकेँ प्राेत्साहन पुरस्कार प्रदान कएल गेल। आओर जनकपुरमें केन्द्रीय कार्य समितिक स्थापना दिवस संगहि होरी महोत्सव कार्यक्रम भव्यताक संग सेहो मनाएल गेल आ सखी सबहक उपस्थिति आह्लादकारी आ एक रुपता दर्शा रहल छल।",0.4,0.1699,0.2968
195,"कर्नाटक विधानसभा चुनाव मे भारतीय जनता पार्टी सर्वाधिक १०४ सीट पर जीत हासिल कयलाक बादो बहुमत जुटेबा मे असमर्थ रहल। येदियुरप्पा मुख्यमंत्री बनलाह, मुदा सरकार गठन लेल समर्थनक प्रयास मे कांग्रेस आ जेडीएस मिल कय कुमारास्वामी केँ मुख्यमंत्री बनाबय लेल समर्थन देलनि। भाजपा केँ राज्यपाल द्वारा सरकार गठनक आमंत्रण देल गेल, मुदा कांग्रेस एहि निर्णय केँ सुप्रीम कोर्ट मे चुनौती देलक। अंततः सुप्रीम कोर्ट द्वारा फ्लोर टेस्ट कराबय लेल २४ घंटाक समय देल गेल आ सदनक कार्रबाई आरम्भ भेल।","भारतीय राज्य कर्नाटक मे संपन्न विधानसभा चुनाव मे भारतीय जनता पार्टी राज्यक जनता द्वारा सर्वाधिक सीट पर विजयी बनेलाक बादो सरकार बनेबाक लेल वांछित जादूइ संख्या यानि ‘बहुमत’ जुटेबा सँ असमर्थ रहलाक बाद बड़ा नाटकीय ढंग सँ आखिरकार सत्ता सँ बहिर्गमन कयलनि। येदियुरप्पाक मुख्यमंत्रीत्व मे गठित नव कर्नाटक सरकार वगैर कोनो बेसी राजनीतिक जोड़ तोड़ कएने, सिर्फ औपचारिकता लेल शपथग्रहण आ कुर्सी सम्हारलाक बाद पुनः फ्लोर टेस्ट यानि सदन मे बहुमत साबित करबाक घड़ी सँ पहिनहि राज्यपाल केँ त्यागपत्र सौंपि एकजुट विपक्षक सोझाँ ठेहुनियाँ रोपि देलक। प्रधानमंत्री मोदीजी एहि बातक अग्रिम भविष्यवाणी तक कय देने छलाह जे १५ मई केँ कांग्रेस मुक्त भारत बनबाक सपना देखल जा रहल अछि। चुनावक परिणाम केँ लेल जनताक मत सँ काँग्रेस मुक्त भारत के सपना पूरा करैत मोदीजी, अमित शाहजी आ अन्य राष्ट्रीय",0.3365,0.068,0.2115
196,"जनेऊ केर महत्व आ उपनयन संस्कार पर ई लेख चर्चा करैत अछि। जनेऊ धारण करबाक परंपरा प्राचीन अछि आ एकर अर्थ ब्रह्मचर्य आश्रम मे प्रवेश करब थिक। उपनयन संस्कार मे विभिन्न कर्मकांडीय विधि आ यज्ञक आयोजन होइत अछि, जकरा संग शुद्धता आ संस्कारक पालन जरूरी अछि। आजुक समय मे मशीनक धागा सँ जनेऊ बनायब आ शुद्धता केँ छोड़ि देब एकटा चिंता के विषय बनि गेल अछि। लेखक उद्देश्य भविष्यक पीढ़ी केँ एहि संस्कारक महत्व बुझाबय आ शुद्धता आ आचार-विचार केँ बनाए रखबाक प्रेरणा देब अछि।","जनेऊ केर महत्व पर चर्चा कयल गेल अछि। उपनयन मे चरखा कटबाक सूत काटि जनेऊ बनेबाक उपक्रम केर दृश्य देखा रहल अछि, जतय आ शुद्धताक संस्कार हम सब छोड़ि रहल छथि। वेद आ वेद पढबाक अधिकारी बनि ओहि दिशा मे विभिन्न स्थान पर यज्ञ कय पूजा कयलनि आ यज्ञक विधि कहैत छथि, जकरा मे यज्ञ आ यज्ञ केर विधि कयल जाइत अछि। वैदिक यज्ञारम्भ लेल आचार्य आ ब्रह्मा आदिक संग बरुआ सहित मड़बा पर हवनादि करैत मंत्र ग्रहण करब आर पुनः भिक्षा आदिक मांग करैत सविध मुण्डन आ पवित्र जल सँ स्नान कय नव वस्त्र आदि धारण कय चुमाउन करैत दुर्वाक्षत सँ जेठजनक आशीर्वाद लैत ब्रह्मचर्याश्रम मे प्रवेश कयल जा रहल छैक। हिन्दू धर्म मे जनेऊ संस्कारक महत्व बहुत अधिक अछि, मुदा वेद पढ",0.3445,0.0676,0.1914
197,१५ दिसम्बर २०२१ केँ समाजवादी विद्यार्थी यूनियन द्वारा चारिम अधिवेशन आ स्वागत कार्यक्रम आयोजित कयल गेल। एहि कार्यक्रम मे प्रदेश नं. १ केर सामाजिक विकास मन्त्री जयराम यादवक प्रमुख आतिथ्य मे ४४ सदस्यक कार्यकारिणी समिति गठन कयल गेल। कार्यक्रमक उद्घाटन नेपालक झण्डा उत्तोलन सँ भेल आ विभिन्न सांस्कृतिक कार्यक्रम प्रस्तुत कयल गेल। मंत्री यादव विद्यार्थीक अनुशासन आ मातृभूमिप्रति चिन्तन पर जोर देलनि आ मैथिली भाषा केर महत्व पर चर्चा कयलनि। सम्पूर्ण कार्यक्रमक संचालन उपाध्यक्ष विद्यानन्द यादव आ सचिव अभिषेक कर्ण द्वारा कयल गेल।,"१५ दिसम्बर २०२१ केँ चारिम अधिवेशन 'चारिम अधिवेशन' पूर्वाञ्चल इंजीनियरिंग कैम्पस, धरान (तेसर कमिटी) द्वारा आयोजित भेल। एहि अधिवेशन मे नव आ ऐतिहासिक कार्यकारिणीक गठन कयल गेल अछि, जतय राष्ट्रीय अध्यक्ष जयराम यादवक अध्यक्षता आ सन्तोष राउत केर संयोजकत्व मे तिथि मिति २०७८ ०८ २५ गते कैम्प केर उद्घाटन कयल जा रहल छल। कार्यक्रम मे जनता समाजवादी पार्टी नेपाल (जसपा) केर केन्द्रीय सदस्य आ सुज अभियान प्रदेश नं. १ के संयोजक दीपक म्यानेङ्गबो, जसपा केन्द्रीय सदस्य भीम राई आ जसपा केर अध्यक्ष केदार प्रसाद यादव उपस्थित रहल छथि। एहि सत्र मे विभिन्न सांस्कृतिक कार्यक्रम आ सांस्कृतिक कार्यक्रम आयोजित कयल जायत। फ़ौरन एहि अवसर पर मैथिली भाषा आ संस्कृति केर संरक्षण आ संवर्धन पर जोर देल गेल अछि। हिन्दुस्तान टाइम्स, हिन्दुस्तान टाइम्स आ हिन्दुस्तान टाइम्स केर प्रतिनिधि सभ सभ केँ शुभकामना दे",0.3738,0.1415,0.2336
198,"गामक दलान मोन पडैया बचपन के दिनक याद दिलबैत अछि। ई दलान बाबा काका पीसा सबहक पसंदीदा स्थान छल, जतय ताश आ हास परिहास होइत छल। नाश्ता आ चाय समोसा बच्चा द्वारा भेजल जाइत छल। दलान घरक मान सम्मानक प्रतीक छल आ अभ्यागत अतिथि के स्वागत करै में सेहो महत्वपूर्ण छल। अनाचारक प्रतिकार आ पंचायती न्यायक लेल ई दलान सर्वोत्तम छल।","गामक दलान मोन पडैया बचपन के दिन आ बचपन के दिनों के याद दिलाबैत छल। गाम में दलान के महत्व पर चर्चा कयल जा रहल छल, जतय ओ अपन घर आ आंगन में निर्धोष रहै छल। घर के मान सम्मान छल।। अभ्यागत अतिथि सेवाहित छल, मुदा दलानक प्रतिकार करै लेल। सर्वोत्तम बड़का दलान छल, आ पंचैती स न्याय दियाबै छल। ओ गाम के सम्मान करैत छथि। अंततः, ओ सबका स्वागत कयल जायत। अंत में, गाम के मान-सम्मान बढ़ैत अछि।– समाजक बहिष्कार आ अन्य कार्यक्रम में शामिल नहि होइत, जकरा कारण घर में तनाव बढ़ रहल अछि।––॔ अछि अछि अछि, जखन कि समारोह में अतिथि अतिथि आ साहित्यकार सब उपस्थित रहैत छलाह।विवादक दौर",0.3121,0.0819,0.2197
199,प्रवीण नारायण चौधरी धर्मनाथ जी केँ उद्धृत कयलनि अछि जे लोकक दृष्टि विचार सँ अपन चरित्रक चित्रण करैत अछि। मोहन नामक बच्चा चाह पिबय के आदति सँ चोरी करय लगल। जखन ओकर चोरी पकड़ा गेल त ओ अपन दुर्गुण केँ सुधारबाक निर्णय कयलनि। धीरे-धीरे ओ सफल आ महान व्यक्तित्व बनि गेल आ समाज मे परोपकारक काज करैत आदर्श उदाहरण बनल। मोहनक ई कथा आत्मचिन्तन आ मनन केर महत्व केँ दर्शाबैत अछि।,"धर्मनाथ जी लोक अहाँक बारे मे नीक सुनैत अछि, जतय मोहन अपन कर्मठता सँ अपन संसार केँ बर्बादीक दिशा मे कथमपि नहि लय जाउ। लोक कि करैत छथि ताहि सँ बहुत ऊपर होइत अछि। मोहन बच्चा छल आ ओकरा सम्बन्ध मे अपन दृष्टि विचार अनुरूप किछु कहता, एकरा हम बिल्कुल नहि रोकि सकैत छी, लेकिन लोकक दृष्टि विचार मे हमरा प्रति हेय दृष्टि (खराब विचार) केँ देखैत आ ओहि पर विश्वास कय लेल प्रेरित करबाक प्रयास कयलनि। अंततः, मोहन बच्चा केँ चोरीक दिशा मे लेल सतर्क रहल छथि, जकरा लेल ओ अपन मन केँ बचाबय के प्रयास करबाक आवश्यकता अछि।॔ खूब खूब पढ़ेलनि अछि।॔प्रमोद नारायण चौधरी जी कहलनि जे लोक अपन",0.2747,0.0778,0.1429
200,"हरिहर काका आ आशीर्वादक महत्व पर चर्चा कयल गेल अछि। हरिहर काका एक सच्चा, सरल आ ईमानदार व्यक्ति छलाह, जे गामक लोकक लेल मार्गदर्शक बनल रहथि। हुनकर संग मित्रता आ आशीर्वादक महत्ता पर जोर देल गेल अछि, विशेष रूप सँ माता-पिता आ वरिष्ठ लोक सँ आशीर्वाद ग्रहण करबाक परंपरा। हरिहर काका अपन जीवन मे शिक्षा आ सहयोगक माध्यम सँ बहुत लोकक मदद कयलनि। हुनकर निधनक बाद सेहो ओ अपन आशीर्वाद आ प्रेरणा सँ जीवित रहैत छथि।","हरिहर काका आ आशीर्वादक महत्व पर चर्चा कयल गेल अछि। ओ अपन पिताक जन्मदिन पर किछु विशेष बात कयलनि, जे प्रेरणा लेल प्रेरणा दय सकत। हरिहर काका केर बहाने हुनकर फोटो रखैत किछु बात कथ्य मे दम हेबाक चाही। हरिहर कामत कहैत छथि जे हिनकर पिता अपन बेटी केँ शिक्षा देलनि, मुदा हुनका शिक्षा आ संस्कार मे कमी रहल अछि। हुनकरा पिताक सेवा आ संस्कारक महत्व के बारे मे जानकारी देल गेल अछि, जकरा सँ ओ समाज केँ जागरूक करबाक प्रयास कय रहल छथि। खूब पढ़ेल लेख पढ़ेल जा सकैत अछि आ समाज मे जागरूकता बढ़ाबय के आवश्यकता अछि। फ़ौरन जरूरी अछि जे हुनकेँ सम्मानित करबाक लेल शुभकामना देल जाइत अछि। लेख मे लेख मे लिखल गेल लेख",0.3402,0.1458,0.2165
